5260 5083 4774 5514 5187 5108 5309 4925 4492 5135 5369 5239 4934 5462 5191 5380 5214 4769 5255 4916 5242 4975 5295 5280 5193 5389 5073 4891 5328 5407 5107 4922 5044 4758 4994 5122 5246 5210 5056 4997 5395 5121 5275 5459 5009 5347 5137 5152 5315 4849 4944 5109 5146 5074 4895 5038 5196 5460 5114 5533 5538 4654 4749 5268 5238 5262 5341 5136 4994 5346 5145 5127 4669 4967 4975 5156 5191 4862 5080 5358 4875 5166 5326 4793 4649 4986 5249 4907 5345 5404 5746 5002 4987 5152 5017 5240 5011 4862 4938 5173 5656 5038 5240 5263 5236 4759 5506 5573 5213 4882 5436 5014 4979 5654 5276 5146 5339 5113 5405 5427 5270 5016 4887 5015 5239 5420 5194 5280 4967 5041 5145 4865 5125 4726 5008 5103 5720 4683 5028 5123 5068 5036 5242 5373 4891 5449 4906 4733 5016 4595 4742 5324 5254 4656 5328 5092 5381 5050 4747 5197 4979 5094 5160 5202 4957 5283 5214 5167 5181 4441 4873 5440 4938 5343 5254 5325 5261 5086 4955 5252 5059 5377 5296 5699 5141 5069 5608 5326 5043 5281 5324 5623 4785 5334 5160 4843 4785 5505 5600 5396 5375 5242 5718 4998 5630 5135 5282 5143 4721 5311 4959 5253 5328 5439 4939 4948 4851 5284 5244 5085 5186 5219 4884 4879 5077 5279 4963 5218 4758 4815 5411 5642 5229 5514 5822 5084 5001 4932 5060 5314 5001 4755 5055 4906 5432 5292 5337 5237 5403 5428 4856 5202 5108 4803 5096 4928 
5579 5364 4929 5599 5624 4982 5317 4815 4699 5323 5343 5086 5099 5337 5358 5417 5084 5124 5400 5073 5502 4909 5127 5310 5125 5657 5442 5225 5526 5316 5044 5087 5362 4927 5113 5277 5682 5554 4916 5032 5392 5188 5312 5479 5182 5408 5109 4923 5378 5034 4895 5253 5278 5003 5184 5130 5285 5440 5210 5385 5715 4932 4793 5214 5325 4974 5102 4996 5085 5141 5488 5262 5165 5375 5118 5202 5283 4908 5126 5358 5105 5199 5412 5001 5044 5233 5234 4958 5532 5388 5941 5250 5303 5112 5516 5549 5135 4839 5002 5293 5357 5179 5227 5484 5340 4901 5439 5541 5256 5207 5261 5138 5045 5443 5496 5135 5339 5242 5464 5694 5068 5371 5120 4769 5513 5589 5233 5105 5037 5330 5106 5147 5112 4899 5233 5394 5454 4903 5228 5116 4858 5184 5147 5209 4966 5678 5187 4809 5159 4909 4780 5536 5078 4609 5269 5459 5732 5197 4997 5332 5312 5298 5408 5288 5202 5466 5538 5385 5058 4344 5255 5622 4945 5256 5252 5284 5272 4967 5273 4933 5159 5307 5503 5597 5425 5056 5245 5530 5309 5609 5217 5670 5129 5353 5142 5179 5030 5575 5943 5519 5632 5735 5436 5187 5604 4990 5397 5219 4870 5567 5072 5337 5409 5407 5184 5104 4964 5412 5543 5269 5165 5121 5367 5294 5307 5544 5392 5346 4736 4945 5592 5628 5285 5594 5642 5283 4860 5271 5224 5448 5255 5017 5318 4994 5648 5567 5431 5165 5210 5388 4942 5070 5282 5100 5329 4965 
5443 5668 4854 5594 5660 5175 5161 5124 4671 5318 5647 5659 5458 5441 5552 5582 5270 5411 5428 5027 5687 5014 5471 5589 5663 5322 5580 5297 5341 5389 5049 5146 5429 5057 5213 5519 5486 5652 5075 5138 5357 5207 5404 5527 5294 5616 5533 5397 5732 5211 5042 5272 5385 5184 5216 5282 5444 5377 5362 5600 5541 4945 4878 5817 5657 5318 5693 5197 4950 5235 5633 5611 5186 5549 5231 5514 5215 5124 5546 5608 5171 5605 5454 5137 5113 5312 5533 5144 5650 5417 5877 5102 5586 5257 5389 5789 5351 5052 5357 5249 5737 5406 5583 5618 5382 5020 5714 5648 5346 5239 5448 5302 5245 6010 5356 5219 5362 5487 5638 5745 5488 5553 5276 5197 5505 5647 5601 5220 5222 5361 5316 4985 5051 5264 5167 5616 5582 4850 5141 5398 5168 5374 5274 5638 4894 5822 5106 5163 5384 5021 4939 5727 5373 4965 5557 5670 5891 5385 5003 5646 5317 5392 5422 5225 5058 5230 5252 5429 5505 4518 5353 5351 5127 5254 5498 5521 5467 5122 5288 5501 5418 5462 5257 6002 5410 5073 5398 5648 5423 5766 5479 5637 5305 5790 5516 5200 5002 5486 5667 5511 5471 5337 5444 5363 5815 5125 5468 5512 5109 5800 5452 5731 5554 5594 5185 5090 5012 5555 5430 5409 5499 5642 5379 5499 5413 5530 5168 5709 5165 4973 5670 5901 5415 5730 5759 5642 5006 5288 4987 5504 5293 5322 5088 5215 5549 5522 5466 5582 5697 5617 5270 5174 5135 5310 5225 5145 
5354 5356 4583 5029 5559 4692 5214 4601 4419 5099 5148 4991 5162 5082 5122 5105 4962 4860 5393 4695 5190 4764 5067 5222 5218 5085 5044 4862 5272 4913 4732 4816 5400 4485 4952 4788 5264 5174 4807 5055 5099 4770 5243 5267 5124 5122 5399 4916 5110 4864 4847 4995 5009 4787 4812 4964 5234 5184 4872 5141 5385 4499 4377 5031 5197 4933 5366 4962 4902 5271 5449 5192 4893 4792 4802 5218 5221 4792 5074 5151 4867 5242 5112 4968 4824 5242 5300 5151 5256 5178 5574 4873 5126 5043 5161 5318 5051 4849 5038 4847 5362 5158 4947 5295 5180 4577 5389 5369 5076 5028 5051 5148 4836 5498 5008 5194 5052 5130 5054 5454 5085 4849 4882 4883 5101 5303 5168 5301 4996 5367 5036 4964 5182 4918 5280 5341 5283 4550 4974 4894 4870 5232 5011 5289 4893 5343 4664 5073 4969 4522 4725 5480 5018 4627 5092 5149 5407 5043 4670 5151 5171 4700 5021 5169 4908 4872 5201 5091 4998 4392 5358 5157 4793 5219 5059 4999 4972 4849 4829 5157 4990 5120 5063 5428 5097 5090 5330 5313 5244 5300 5328 5232 5151 5448 5177 4991 4700 5275 5438 5252 5277 5140 5196 4838 5426 4837 5196 5111 4760 5267 5161 5411 5023 4863 5159 4780 5055 5222 5101 4875 5224 5069 5164 4977 5067 5357 5055 5097 4710 4684 5366 5234 4942 5413 5660 5075 4912 4709 4966 5243 5137 4893 5066 5133 5434 5455 5152 5101 5331 5274 5139 4962 4914 4938 4852 5232 
5225 5272 4682 5268 5569 5201 5240 5032 4654 5128 5329 5099 5009 5500 5221 5339 5119 4873 5513 4839 5201 4991 5068 5143 5308 5195 5465 4987 5188 5095 4804 4913 5151 4654 5124 4975 5050 5209 4790 5020 5031 5055 5070 5437 5206 5108 5151 4783 5202 4730 4630 5204 4889 4733 4773 4918 5232 5297 5150 5286 5466 4793 4739 5364 5238 4752 5272 5073 5122 5175 5347 5285 4925 5114 4874 5200 5214 4643 4867 5273 4934 5123 5247 4934 4837 4774 5098 4636 5294 4815 5489 5037 5279 4917 4881 5228 4944 4754 5158 5028 5307 5218 5132 5171 5201 4457 5259 5109 4940 5128 5167 4895 5111 5528 4890 5043 5044 5173 5386 5403 5159 5261 4764 4810 5197 5211 5081 5076 4905 5398 5206 4692 4944 4770 5036 5019 5276 4658 5220 4847 4883 5145 4917 5184 4817 5245 4842 4984 5006 4636 4646 5251 5024 4780 5311 4937 5408 4863 4789 5040 4814 4898 5273 4959 5070 5021 5145 5209 5290 4330 4984 5085 4922 5322 4945 5339 5305 5057 5109 5281 5046 5118 5404 5491 5177 4979 5216 5578 5094 5304 5260 5130 4847 5265 4924 5009 4852 5166 5448 5106 5631 4847 5333 5024 5647 5012 5150 5182 4841 5236 4770 5153 5190 5237 5089 5114 4997 5322 5452 4970 5056 5071 5163 5197 5030 4875 4948 5236 4994 4638 5459 5371 5152 5461 5459 5048 4946 5136 5127 5260 5145 4768 5112 5169 5648 5612 5095 5101 5507 5371 5008 4857 4944 4833 5130 4947 
5662 5555 5033 5471 5750 5331 5486 5364 4792 5447 5366 5268 5395 5537 5479 5609 5353 5151 5614 5161 5467 5331 5274 5557 5495 5551 5604 5230 5703 5255 5057 5280 5284 4991 5391 5316 5456 5380 5326 5234 5302 5158 5496 5632 5412 5554 5561 5450 5623 5266 5138 5433 5285 5020 5204 5147 5394 5596 5244 5787 5610 4871 5050 5591 5624 5370 5684 5363 5355 5348 5612 5511 5284 5343 5138 5577 5411 5224 5325 5643 5278 5490 5507 5053 4915 5360 5458 5262 5665 5666 5698 5177 5306 5467 5231 5350 5499 5156 4996 5618 5418 5371 5261 5405 5502 5020 5739 5846 5504 5560 5523 5513 5565 5800 5187 5223 5304 5551 5480 5686 5289 5124 5128 5188 5494 5520 5443 5558 5211 5443 5483 5155 5378 5094 5176 5636 5944 4962 5325 5428 5164 5366 5392 5547 5263 5754 5145 5210 5582 4795 5010 5452 5518 4970 5430 5284 5794 5166 5001 5244 5345 4850 5572 5876 5284 5331 5611 5672 5469 4740 5355 5435 5136 5496 5431 5475 5478 5244 5269 5555 5210 5445 5561 5707 5275 5309 5539 5473 5376 5763 5382 5525 5354 5240 5289 5350 5059 5545 5704 5431 5695 5366 5647 5316 5764 5396 5405 5183 5282 5608 5387 5606 5539 5530 5397 5216 5221 5545 5671 5234 5651 5485 5394 5064 5467 5269 5400 5421 5288 5259 5590 6084 5282 5619 5884 5315 5216 5188 5201 5441 5276 5246 5230 5554 5806 5778 5380 5298 5836 5678 5418 5268 5321 5253 5306 5226 
5506 5426 4927 5457 5429 5212 5306 5195 4733 5332 5113 5199 5261 5296 5145 5565 5361 5016 5238 4979 5456 5154 5365 5119 5329 5514 5509 5059 5511 5291 5148 5148 5103 4892 5098 5286 5356 5269 5056 5222 5773 5361 5366 5524 5172 5385 5406 5294 5410 5010 5140 5264 5326 5013 5036 5255 5309 5304 4960 5621 5441 4922 4848 5326 5324 5271 5418 5050 5014 5265 5310 5188 5135 5288 4984 5060 5385 5065 5134 5659 5362 5476 5303 5219 4795 5272 5281 5057 5622 5206 5710 5191 5660 5422 5118 5255 5212 4961 4988 5031 5504 5571 5080 5343 5175 5079 5032 5684 5081 5191 5394 5200 5226 5691 5494 5244 5331 5400 5281 5561 5116 5149 5162 4860 5171 5459 5389 5124 5183 5294 5111 5022 4983 4858 4913 5484 5778 4885 5157 5055 5106 5016 5070 5284 4803 5539 5116 4836 5339 4794 5181 5288 5300 4734 5315 5217 5548 5272 4886 5258 5118 5054 5364 5587 5299 5214 5300 5337 5239 4521 5296 5559 5096 5038 5251 5144 5260 5039 4933 5152 5078 5188 5650 5717 5291 5107 5202 5569 5334 5271 5502 5677 5159 5519 5292 5098 4990 5646 5494 5205 5410 5174 5549 5097 5446 5203 5339 5264 4862 5678 4987 5464 5473 5615 5458 5141 5232 5429 5543 5197 5534 5208 5231 5125 5425 5493 5117 5199 4886 4936 5577 5714 5239 5547 5642 5225 4928 5131 5191 5319 5157 4901 4840 5485 5828 5668 5482 5401 5408 5445 5233 5028 5109 4895 5188 5279 
5407 5511 4617 5484 5620 5157 5354 4967 4768 5412 5249 5119 5011 5344 5491 5496 5282 5120 5452 4858 5318 4979 5326 5093 5206 5325 5174 4763 5423 5278 5281 5069 5302 4636 5128 5199 5568 5214 4686 4979 5169 4962 5336 5569 5229 5345 5179 5249 5497 5202 4863 5322 4986 5211 5061 5314 5335 5435 4941 5459 5791 4902 4513 5545 5207 5111 5383 4877 4890 5264 5269 5436 4935 4972 4862 5141 5129 5019 5503 5512 4907 5131 5187 5245 4574 5277 5210 5204 5337 5210 5492 4984 5134 5181 5267 5200 5291 4676 5043 5136 5407 5129 5182 5349 5023 4706 5409 5621 5061 5048 5159 5053 5033 5617 5471 5160 5373 5214 5461 5549 5114 5320 5051 4825 5348 5302 5189 5161 5170 5388 4881 4948 5126 5053 5173 5382 5473 4818 5318 5285 5125 4988 5226 5636 5000 5300 4829 4538 5103 4502 4825 5592 5101 4639 5378 5133 5635 5052 4818 5347 5133 4995 5025 5360 5198 5214 5422 5335 5076 4575 5159 5471 5097 5279 5157 5592 5226 5158 4990 5480 5340 5474 5381 5619 5246 4699 5186 5369 5399 5411 5275 5367 4823 5563 5153 4943 5086 5405 5701 5385 5392 5220 5313 5157 5471 5076 5155 5179 4666 5546 4908 5537 5485 5421 5260 5046 4890 5443 5271 5132 5369 5241 5089 5133 5057 4846 4954 5315 4883 4791 5288 5742 5353 5499 5584 5337 5001 4970 4965 5361 5196 4767 5071 4934 5367 5407 5478 5140 5357 5745 4992 4976 5252 4930 5044 4746 
5128 5034 4628 5226 5275 4883 5062 4794 4535 5118 5210 4932 4900 5193 4863 5201 5033 4760 5152 4766 5217 4760 5222 5156 5204 5245 5158 4780 5198 4740 4660 4981 4942 4781 5111 4878 5286 5263 4789 5025 4961 4933 5055 5423 4936 5298 5253 4707 5271 4815 4775 5012 4844 4955 4996 4958 5131 5261 4852 5485 5304 4684 4657 5216 5013 4822 5302 4983 4704 5066 5221 4947 4747 4733 4744 4681 5010 4821 5142 5089 4793 5221 4961 4642 4529 4955 5278 4974 5311 5137 5304 4987 5002 4963 4799 5112 4838 4677 4960 4866 5320 5009 4944 5269 5065 4834 5243 5263 4811 4953 5284 4890 4854 5344 5179 4887 4889 4989 5233 5293 5170 4885 4979 4762 5273 5245 5053 5133 5061 4930 5039 4576 4770 4847 4916 5117 5278 4541 5007 5070 4699 4863 5109 5236 4827 5505 4862 4641 5089 4506 4403 5084 4682 4382 5328 5041 5252 4807 4742 5213 5162 4668 4917 4998 5104 4902 5086 5221 4901 4201 4771 5186 4921 4983 5120 5214 5068 4802 4891 5005 4927 5202 4861 5520 5072 4868 5066 5106 5182 5217 5048 5321 4839 5227 4835 4414 4629 5080 5862 5225 5200 5222 5240 4944 5539 4914 5170 5065 4749 5061 4997 5212 5207 5038 5105 4875 4600 4957 5099 4760 5102 4859 5072 4904 5014 5064 5158 5084 4624 4504 5321 5586 5123 5385 5697 5262 4632 4940 4797 5330 4892 4779 4912 4964 5390 5137 5031 4846 5309 5387 4947 4695 4838 4978 4905 4868 
5315 5360 4738 5293 5293 4722 5279 4800 4561 5227 5071 4888 5153 4981 5206 5306 4950 5010 5303 4694 5221 4818 5101 5552 5079 5231 5077 5025 5241 5148 5082 4949 5179 4728 4840 5238 5265 5199 4766 5304 5339 4948 5261 5033 5089 4885 5398 4864 5061 4963 4856 5015 4873 4979 4861 4812 5153 5355 5167 5353 5531 4822 4893 5413 5363 5231 5355 4965 5063 5193 5411 5390 5055 5129 4629 5150 5184 4686 4991 5082 5107 5050 5372 5034 4666 4958 5333 5029 5351 5252 5545 4960 5099 5162 4923 4958 5222 4780 4811 4691 5332 5247 5196 5436 5103 5030 4996 5484 4993 4883 5190 4999 4881 5065 5001 5090 4985 5231 5600 5590 5007 5189 4855 4913 5222 5389 4961 5167 4666 5466 5071 4901 5091 4828 4995 5010 5484 4825 5162 5295 4979 5123 5002 5187 4937 5625 4684 4869 5053 4401 4747 5496 5057 4727 5063 5169 5497 5152 4850 5315 4988 5015 5150 4894 4952 5075 5341 5513 5082 4485 5102 5492 5125 5386 5202 5296 5182 4899 5158 4986 5090 5300 5414 5520 5374 4952 5229 5177 5170 5176 5067 5298 5104 5355 4942 4744 4783 5222 5628 5190 5534 5103 5207 5205 5314 4824 5359 5106 4789 5268 5180 5369 5366 5423 4897 5236 4906 5226 5482 4804 4976 5116 5090 4841 5107 5165 5259 5084 4870 4621 5231 5574 5081 5367 5611 5200 4796 4737 5059 5406 5085 5048 5013 5061 5337 5512 5156 4894 5004 5218 5091 4960 4769 5049 5148 4755 
5954 5657 4882 5509 5974 5489 5884 5250 4860 5682 5565 5494 5588 5963 5561 5743 5635 5291 5654 5187 5640 5312 5695 5571 5285 5841 5826 5492 5806 5381 5284 5355 5549 5241 5504 5420 5651 5623 5416 5431 5922 5370 5850 5877 5621 5796 5595 5312 5682 5682 5205 5550 5629 5245 5231 5380 5549 5727 5471 5606 6005 5059 4901 5798 5918 5383 5789 5444 5176 5716 5701 5506 5284 5582 5242 5798 5756 5323 5524 5901 5529 5442 5579 5400 5105 5593 5767 5622 6009 5717 5917 5167 5390 5831 5511 5902 5418 5225 5643 5380 5855 5610 5590 5694 5477 5111 5973 5790 5287 5630 5870 5505 5456 6053 5590 5418 5454 5513 5546 6127 5463 5516 5201 5377 5699 5874 5600 5522 5449 5589 5708 5171 5404 5534 5519 5704 5926 5113 5764 5622 5200 5644 5478 5532 5242 5842 5215 5375 5496 5038 5061 5742 5249 5170 5853 5651 5962 5506 5219 5552 5387 5431 5529 5680 5485 5528 5821 5488 5566 4827 5506 5820 5231 5488 5759 5954 5496 5471 5535 5607 5608 5771 5708 6148 5487 5519 5685 5707 5747 6051 5654 5863 5437 5820 5298 5465 5169 5783 6016 5537 5828 5814 5951 5528 5980 5577 5801 5639 4978 5938 5419 5812 5665 5661 5551 5234 5241 5679 5659 5489 5744 5528 5860 5456 5852 5387 5732 5761 5410 5261 5753 6014 5571 6053 5929 5608 5283 5252 5221 5726 5644 5163 5404 5774 6033 5828 5488 5408 5661 5652 5520 5317 5281 5231 5579 5413 
5357 5266 4519 5357 5732 4969 5181 5000 4384 5367 5296 5069 5185 5508 5057 5379 5168 5055 5292 5156 5404 5103 5263 5192 5218 5201 5223 5248 5528 5323 4904 4996 5086 4646 4987 5000 5450 5532 4953 5038 5282 4827 5652 5287 5166 5302 5110 4835 5534 4987 4940 5322 5004 4844 5061 4958 5218 5052 5206 5570 5385 4935 4634 5382 5250 5065 5503 5086 4997 5326 5383 5378 5229 5158 4885 5096 5515 5007 5098 5294 5187 5260 5286 5205 4883 5208 5143 4876 5483 5487 5510 4911 5299 5145 5157 5154 5009 5068 5232 5156 5386 5374 5076 5631 5190 4807 5241 5865 5250 4931 5414 5298 5153 5442 5162 4951 5109 5437 5415 5364 5135 5082 4997 4832 5417 5176 5389 5412 4984 5140 5313 4998 5068 4933 5088 5332 5665 4618 5282 5091 5026 5147 5119 5120 4950 5495 4931 4842 5277 4585 4706 5356 5260 4793 5214 5637 5314 5349 4735 5294 5414 5161 5276 5231 4945 5128 5145 5330 5187 4479 5039 5500 5152 5310 5417 5262 5293 5091 4785 4978 5165 5293 5641 5712 5352 5083 5704 5483 5188 5552 5403 5397 5047 5462 5355 5067 4825 5481 5446 5364 5341 5251 5358 5185 5428 5166 5431 5196 4805 5381 5252 5652 5333 5111 5257 5044 5017 5178 5496 5072 5365 5287 5203 5038 5413 5271 5189 5058 4811 4790 5568 5709 5234 5407 5766 4936 4933 5025 5049 5147 5344 5101 5165 5334 5430 5681 5138 5240 5307 5346 5151 5104 5139 4923 5093 5150 
5326 5500 4752 5571 5435 5249 5375 5089 4515 5320 5430 4997 4938 5189 5286 5438 5244 5290 5446 5029 5608 4865 5301 5334 5251 5388 5231 5076 5366 5240 5191 4881 5411 4793 5053 5319 5178 5299 5023 5059 5408 5206 5178 5393 5171 5373 5242 4866 5301 5003 5130 5169 5070 5152 5266 4954 5309 5445 5021 5391 5532 4730 5049 5580 5134 5188 5506 4858 5036 5157 5494 5287 5056 5206 5024 5134 5353 5044 5167 5328 5114 5276 5303 5150 4795 5163 5404 5188 5397 5381 5466 5173 5189 5227 5089 4955 5106 4977 5265 5215 5389 5158 5112 5678 5260 5107 5012 5698 5113 5126 5310 5276 5175 5430 5154 5021 5113 5257 5554 5481 5222 5242 5144 5099 5291 5491 5215 5222 5309 5349 5141 5332 5221 4866 5214 5482 5456 4722 5274 5075 5031 4891 5182 5475 5033 5729 4968 4774 5146 4639 5107 5541 5050 4686 5371 5189 5422 5044 4792 5438 5373 5097 5556 5097 5197 5005 5202 5532 5310 4553 5353 5505 5253 5332 5197 5203 5266 5050 5118 5311 5040 5451 5280 5784 5212 5164 5163 5221 5342 5403 5109 5666 5274 5656 5385 4968 4831 5203 5702 5478 5520 5053 5239 5186 5612 5079 5422 5354 4998 5387 5116 5536 5259 5397 5215 5176 4933 5129 5501 5350 5320 5212 5276 4943 5186 5242 5211 5117 4628 4842 5426 5743 5198 5508 5709 5204 4840 4936 5040 5613 5332 4925 5073 5264 5801 5465 5323 5316 5458 5601 5228 5139 5166 5111 5235 5137 
4989 4787 4246 4863 4990 4781 4782 4583 4067 4775 4940 4643 4535 4840 5082 4743 4884 4686 4720 4497 4715 4661 4643 4823 4878 4827 4944 4972 4763 4942 4643 4278 4655 4267 4555 4819 4747 4756 4453 4552 5101 4539 4941 5075 4452 4722 4634 4482 5124 4276 4494 4810 4620 4767 4476 4521 4773 4965 4668 5079 4882 4389 4326 4944 4838 4901 5125 4529 4619 4771 4855 4962 4723 4574 4513 4758 4862 4498 4648 4688 4503 4554 4722 4494 4107 4793 5067 4599 4857 4937 5141 4600 4691 4826 4416 4773 4461 4556 4876 4508 5073 4684 4954 4798 4738 4274 4623 5040 4672 4526 4803 4736 4815 5011 4777 4727 4910 4798 4950 5003 4634 4870 4544 4331 4735 4802 4717 4522 4408 4644 4685 4795 4734 4625 4481 4781 4915 4337 4712 4414 4350 4833 4586 4881 4248 4936 4700 4393 4722 4217 4531 5009 4721 4401 4867 4871 4861 4605 4237 4963 4550 4540 4820 4874 4443 4655 4751 5049 4649 4160 4665 5013 4462 4909 5102 4918 4775 4687 4691 4746 4707 4933 4696 5205 4794 4701 4870 5103 4724 5313 5060 5085 4620 5019 4439 4570 4351 4870 4796 4758 4916 4991 5070 4508 4857 4840 5038 4873 4463 5094 4474 5253 4777 4851 4626 4733 4584 4839 4802 4674 4993 4864 4750 4354 4714 4961 4752 4741 4267 4487 5033 5331 4805 5144 5317 5142 4455 4442 4550 5035 4503 4465 4631 4660 5009 5272 4938 4726 4913 4804 4524 4464 4628 4499 4743 4425 
5298 5187 4674 5253 5413 5174 5541 4777 4538 5156 5227 5036 5118 5485 5198 5157 5341 4997 5193 5026 5281 5122 5191 5072 5424 5202 5299 4995 5432 5014 5039 4698 5135 4940 4917 5235 5347 5354 4941 5099 5439 4868 5412 5374 4954 5278 5248 4612 5487 5127 4847 5184 5059 4932 5110 5098 5214 5200 5165 5519 5436 4643 4749 5315 5500 4945 5221 4846 5041 5082 5180 5381 5131 5380 4739 5209 5131 4961 5116 5269 5131 5253 5198 5052 4622 5113 5089 5077 5366 5493 5642 4819 5123 5119 5301 5220 5122 4843 5257 5189 5287 5393 5312 5565 5150 5016 5479 5528 5133 5127 5235 5180 4848 5309 4899 4862 4938 5329 5516 5411 5225 5245 4872 4882 5250 5061 5196 5144 5220 5250 5123 5237 4877 4885 5209 5516 5669 4677 5217 5382 4939 4785 5037 5037 4889 5440 4984 4511 5230 4601 4772 5232 4910 4640 5334 5280 5553 5104 4599 5255 4711 4824 5203 5397 5189 5404 5272 5052 5203 4336 5091 5226 4943 5115 5362 5265 5224 5246 5061 5126 5254 5303 5550 5382 5315 5093 5237 5532 5287 5447 5137 5482 4991 5273 5216 5270 4864 5265 5686 5299 5254 5358 5575 5108 5291 5094 5102 5395 4742 5510 5006 5487 5200 5433 5079 5238 4927 5015 5304 4977 5139 5139 5305 4995 5212 5192 5314 5271 5016 4740 5442 5754 5212 5551 5481 5219 4712 4944 5098 5314 5104 4965 5156 5271 5505 5465 5377 4965 5209 5362 4950 5164 4900 5037 5090 5012 
5671 5688 4873 5645 5911 5368 5449 5301 4970 5394 5524 5492 5319 5592 5494 5692 5487 5139 5569 5351 5641 5373 5707 5473 5590 5602 5532 5357 5753 5695 5336 5228 5388 5148 5230 5510 5735 5594 5249 5426 5533 5515 5806 5834 5508 5810 5632 5411 5662 5237 5436 5799 5180 5260 5229 5276 5605 5587 5370 5887 5848 5104 5132 5898 5670 5489 5892 5360 5216 5581 5499 5554 5219 5614 5226 5375 5672 5144 5517 5728 5470 5571 5666 5491 4849 5338 5390 5350 6040 5438 5815 5308 5443 5345 5234 5482 5475 5154 5279 5385 5774 5707 5600 5902 5421 5087 5511 5986 5358 5357 5505 5315 5270 5759 5562 5512 5353 5655 5639 6004 5498 5650 5519 4966 5790 5844 5467 5508 5219 5498 5455 5127 5170 5232 5137 5598 5882 5010 5539 5498 5272 5453 5605 5662 5066 5735 5365 5081 5599 4959 4958 5656 5634 4897 5508 5442 5677 5455 5142 5779 5176 5016 5438 5754 5564 5284 5650 5575 5584 4616 5412 5565 5559 5659 5648 5891 5695 5472 5303 5538 5355 5776 5556 5975 5406 5451 5499 5751 5685 6049 5583 5726 5362 5588 5164 5285 5211 5680 5805 5752 5769 5443 5958 5454 5796 5567 5677 5580 5106 5674 5365 5820 5433 5546 5592 5351 5330 5606 5436 5067 5741 5731 5425 5537 5546 5495 5577 5541 5128 5231 5605 6073 5479 5822 5780 5687 5326 5292 5350 5696 5568 5238 5275 5346 5908 5710 5472 5444 5801 5977 5384 5224 5208 5112 5368 5042 
5267 4823 4265 4997 5246 4756 4886 4827 4320 5035 4916 5121 4676 5216 4775 4956 4902 4437 5109 4675 5013 4826 4990 4956 4836 4859 4931 4694 5264 4953 4635 4653 5003 4516 4825 4648 5071 4801 4622 4945 5054 4679 5238 4946 4727 4834 4941 4747 5126 5047 4632 5043 4955 4790 4849 4629 4975 5040 4991 5111 5324 4386 4512 5052 5329 4895 5197 4589 4582 5001 5172 5091 4703 4827 4768 5044 4970 4676 4917 5104 4737 4840 5057 4825 4502 4844 4774 4932 5248 4954 5361 4668 4926 4879 4847 5100 4932 4773 4624 4725 5243 5092 4860 5274 5006 4681 4955 5424 4755 4951 4897 4521 4959 5362 5077 4909 5004 5052 4924 5377 4957 4867 4775 4836 5162 5035 4993 5128 4844 4896 5030 4659 4666 4513 5014 5051 5177 4453 4657 4719 4777 4851 4894 4773 4872 5163 4720 4592 4925 4338 4633 5073 4795 4664 4848 4966 5274 4913 4583 4846 4608 4670 4915 5203 4943 4962 5104 4852 4756 3922 5115 4929 4801 4969 5109 5046 4918 4814 4570 4916 4795 5012 5155 4989 5073 4750 5316 5242 4989 5122 5067 4901 4613 5271 5061 4627 4691 5048 5401 5195 5290 4927 5234 5062 5348 4783 5144 4950 4618 5135 4771 5124 5168 5206 4737 4624 4938 4848 5169 4781 5197 4618 5183 4920 5150 4726 5050 4973 4688 4355 5130 5332 4684 5114 5400 4834 4785 4801 4540 4969 4790 4709 4972 4985 5261 5096 5073 4861 5002 5042 4823 4992 4808 4653 4688 4757 
5386 5318 4525 5430 5576 4763 5113 5000 4375 5231 4904 5124 5111 5404 5153 5299 4968 5067 5204 4927 5200 4712 5320 5178 5231 5406 5358 4962 5230 5223 4628 4924 5182 4480 4949 5086 5083 5312 4911 4887 5033 5305 5339 5400 5053 5278 5150 4775 5425 4841 4651 5175 4903 4943 5037 5104 5065 5326 4863 5261 5320 4883 4534 5405 5343 5125 5134 4780 4862 5256 5489 5237 4625 5135 4840 5094 5098 4933 5373 5314 5015 5372 5260 4984 4684 5095 5051 5000 5387 5224 5496 4781 5288 5219 4952 5381 4865 4991 5149 4991 5439 5201 5157 5417 5198 4675 5197 5621 4972 5083 5269 4780 5005 5411 5100 5051 5215 5282 5218 5539 5140 5021 4833 4606 5110 5239 5238 5138 5036 5264 5116 4846 4860 4767 4910 5191 5423 4661 4821 5004 5021 4970 5068 5281 4530 5123 4916 4739 5079 4469 4727 5274 5027 4722 5176 5305 5343 5191 4852 5344 5026 5020 4994 5057 4938 5055 5260 4971 5116 4353 5205 5324 4900 5267 5173 5448 5053 4905 4748 5195 5081 5164 5026 5604 4853 4948 5270 5328 5255 5383 5294 5369 5138 5436 5118 4779 4710 5418 5205 5315 5224 5068 5286 5028 5500 4748 5257 5001 4777 5341 5123 5297 5521 5233 5124 4873 4833 5293 5442 5045 5105 4994 5158 5102 5225 4967 4773 5286 4871 4830 5473 5491 5009 5414 5618 4956 4618 4781 5052 5569 5221 4951 4775 5057 5306 5334 5158 5007 5449 5436 4922 4997 4701 4982 5073 5206 
5508 5765 5073 5744 5920 5236 5553 5333 4876 5413 5639 5060 5401 5512 5453 5795 5419 5264 5583 5179 5503 5328 5504 5718 5596 5658 5561 5277 5358 5486 5450 5311 5449 4868 5138 5511 5613 5427 5027 5456 5618 5395 5663 6013 5401 5489 5640 5119 5429 5343 5375 5669 5357 5368 5370 5430 5516 5601 5214 5716 5624 5152 4835 5704 5682 5374 5808 5182 5234 5396 5632 5925 5136 5574 5062 5583 5462 5378 5266 5738 5146 5510 5702 5444 4878 5305 5482 5056 5633 5350 5892 5012 5444 5627 5057 5794 5177 5114 5243 5476 5599 5353 5506 5657 5457 5236 5576 5715 5546 5396 5595 5318 5347 5549 5387 5356 5152 5368 5543 5590 5331 5532 5106 4989 5399 5581 5387 5451 5319 5470 5425 5397 5167 5344 5482 5375 5832 5112 5304 5367 5111 5257 5239 5405 5098 5678 5203 5091 5444 4594 5006 5636 5228 4616 5645 5499 5911 5504 4878 5327 5435 5256 5253 5673 5239 5532 5306 5803 5284 4932 5198 5521 5226 5476 5564 5432 5352 5258 5393 5680 5347 5702 5813 5781 5488 5070 5547 5788 5589 5788 5519 5772 5223 5878 5272 5188 5099 5775 5585 5580 5900 5468 5791 5580 5701 5505 5668 5163 4808 5575 5018 5843 5410 5493 5414 5448 5051 5523 5654 5304 5656 5420 5489 5338 5639 5268 5570 5574 4984 5164 5820 5939 5614 5779 5935 5571 5049 5065 5124 5602 5460 4944 5152 5562 5864 5870 5358 5256 5527 5898 5042 5212 5249 4959 5573 4863 
5689 5630 5044 5619 5895 5213 5458 5275 4703 5296 5667 5533 5225 5619 5695 5577 5131 5303 5563 5233 5646 5045 5561 5623 5612 5615 5427 5310 5806 5588 5378 5440 5549 5203 5157 5710 5566 5691 5257 5307 5694 5323 5425 5812 5349 5545 5687 5242 5291 5241 5370 5337 5151 5258 5469 5351 5852 5527 5502 5734 5882 4893 5106 5794 5645 5226 5406 5398 5206 5330 5544 5608 5293 5527 5319 5494 5529 4977 5343 5516 5258 5729 5808 5377 5001 5471 5493 5491 5830 5467 5812 5535 5339 5258 5448 5643 5174 5196 5137 5650 5720 5379 5428 5695 5702 4988 5681 5759 5250 5251 5743 5376 5405 5699 5548 5246 5180 5664 5608 5875 5517 5705 5408 5103 5790 5460 5292 5442 5177 5548 5320 5261 5266 5261 5058 5686 5656 5027 5427 5455 5029 5326 5441 5550 5000 5635 5128 5197 5526 4982 4999 5496 5252 4931 5405 5602 5783 5416 4852 5654 5303 5336 5666 5417 5564 5396 5320 5654 5261 4698 5150 5616 5458 5625 5561 5593 5474 5223 5255 5414 5229 5480 5636 5928 5654 5233 5522 5764 5496 5659 5485 5680 5384 5665 5562 5438 5124 5422 5898 5620 5497 5506 5971 5198 5787 5212 5857 5565 5134 5665 5257 5551 5565 5455 5512 5144 5300 5748 5735 5092 5623 5372 5493 5256 5653 5329 5431 5573 5088 5080 5684 5950 5285 5692 5895 5462 5120 5055 5313 5772 5414 5382 5365 5278 5773 5820 5499 5114 5960 5800 5428 5287 5255 5233 5286 5171 
5376 5341 4584 5446 5373 4960 5340 4851 4754 5214 5265 5042 4977 5426 5153 5477 4995 5017 5149 4954 5454 4777 5220 5396 5172 5432 5185 4774 5330 5314 4897 4960 5329 4683 4836 5145 5276 5304 4927 4927 5178 4906 5369 5244 5274 5317 5189 5054 5255 5181 4811 5167 5019 5111 4993 4895 5333 5279 5130 5417 5287 4698 4554 5182 5218 4976 5270 5056 5067 5143 5205 5051 4878 5348 4761 5273 5223 4780 4985 5422 4998 5036 5101 4913 4740 5145 5011 5230 5384 5404 5567 5250 5173 4928 5015 5384 5022 4785 5067 5241 4970 5145 5260 5287 5059 4838 5569 5225 5095 5331 5422 5044 5089 5504 5241 4993 5077 5213 5095 5411 4809 5099 5164 4772 5039 5355 5191 4936 4968 4812 4940 5104 4678 4872 5281 5147 5498 4759 5107 5021 4704 4931 5017 4946 4973 5348 4968 4718 5010 4710 4681 5371 4937 4552 5325 5298 5401 5055 4391 5110 4736 5154 5150 5230 4896 5195 5178 5388 5217 4332 5111 5254 4844 4918 5183 5321 5032 5055 4934 5296 4868 5459 5195 5360 5022 5031 5041 5235 5325 5275 5259 5209 4720 5263 5085 5074 4969 5297 5773 5202 5315 5421 5444 5265 5453 5145 5139 5301 4768 5496 4884 5292 5357 5218 5201 4944 4874 5142 5219 5072 5028 5040 5104 5092 5490 4925 5312 5144 4646 4760 5392 5482 4992 5677 5646 5053 5072 4970 4927 5282 4956 4752 4894 5022 5466 5369 5033 4977 5144 5446 4951 4997 5097 4840 5068 4613 
5101 5200 4257 5075 5122 4689 4980 4702 4600 5079 5020 4848 4944 5241 5113 5152 5050 4691 5209 4667 5163 4548 4930 4924 4988 5068 5239 5008 5122 5006 4955 4757 4842 4839 5032 4735 5255 5101 4715 4949 5284 4971 5125 5274 5083 5234 5097 4811 5279 4797 4823 5061 4764 4932 4845 4849 5056 5204 4793 5307 5184 4665 4536 5120 5285 4986 5307 4959 4761 5087 5445 4905 4781 5027 4645 4873 5135 4827 5201 5082 4870 5089 5021 4995 4751 5011 4940 4781 5259 4954 5200 4849 5035 5036 5081 4979 4766 5004 4849 4972 5433 5112 5025 5160 5057 4541 4988 5678 4770 5127 5066 4865 5194 5495 4944 5034 5182 5185 5109 5543 4963 5095 4716 4514 5340 5174 5036 5074 4993 5049 4709 4873 4922 4762 4882 5200 5243 4622 4920 4954 4773 5133 5063 5227 4618 5201 4854 4473 4842 4378 4749 5077 5160 4682 5140 4849 5282 5071 4747 5111 4872 4793 5137 5302 4897 4976 5294 5133 5285 4367 5277 5047 4886 5154 5180 5229 5103 4730 4754 5038 5148 5124 5070 5310 5050 4905 5044 5310 5214 5242 5182 5004 4616 5349 4745 4606 4813 5147 5425 5309 5336 5350 5472 5079 5314 4857 5260 5142 4502 5328 4830 5146 5103 5125 4790 4713 4914 5191 5086 4720 5068 4957 5264 4964 4957 5252 5046 5393 4473 4796 5299 5434 5147 5147 5593 5305 4549 4734 4717 5453 5171 4759 4863 4993 5353 5402 4925 5168 4993 5007 4906 4920 4814 4699 4911 5024 
5382 5385 5016 5258 5659 5154 5310 5148 4754 5362 5450 5085 5260 5355 5267 5449 5218 5079 5462 5086 5197 4980 5148 5198 5366 5370 5519 5157 5320 5410 4957 4955 5183 4894 5024 5343 5460 5504 4981 5028 5396 5008 5187 5558 5023 5076 5365 5023 5224 4860 4862 5266 5051 5267 5087 4833 5375 5340 5255 5722 5226 4814 5016 5305 5277 5113 5595 5022 5209 5394 5481 5244 4914 5463 5167 4948 5369 5150 5007 5225 5021 5241 5284 4942 4480 5134 5143 5413 5740 5135 5674 5195 5421 5152 4977 5247 5053 5026 5214 5206 5709 5526 5456 5511 5327 4897 5274 5464 5176 4896 5342 5263 5286 5572 5256 5370 5185 5359 5596 5545 5349 5423 5090 4886 5168 5697 5178 5152 4893 5161 5173 4870 5219 5017 4997 5397 5569 4799 5177 5097 5180 5374 5108 5270 4846 5687 5245 4902 5268 4750 4908 5313 5181 4361 5208 5535 5469 5381 4484 5309 5133 4926 5391 5244 5335 5123 5390 5466 5334 4450 5145 5276 5074 5241 5399 5415 5365 5218 4997 5133 4989 5398 5443 5591 5086 5027 5296 5637 5520 5525 5438 5422 5139 5458 5154 4956 5081 5480 5335 5384 5498 5339 5568 5209 5439 5141 5480 5187 4845 5473 5037 5723 5271 5289 5156 5406 5202 5343 5642 5031 5391 5487 5222 5124 5394 5229 5010 5137 4927 4867 5481 5481 5516 5652 5660 5215 5204 4914 5161 5529 5268 5022 5310 5253 5569 5792 5202 5315 5514 5586 5018 4866 5202 4968 5045 5125 
5320 5441 4560 5287 5562 4762 5139 4862 4579 5382 5309 4889 5163 5299 5255 5157 5063 5063 5302 4737 5461 4848 5022 5273 5035 5449 5135 4974 5111 5250 4967 4795 5270 4600 4867 5095 5414 5361 4808 5012 5122 5030 5039 5276 4999 5207 5140 4948 5299 5093 4934 5386 4838 4836 4921 4739 5345 5207 4939 5351 5400 4534 4650 5332 5249 4937 5356 4857 5081 5181 5308 5094 5072 4929 4990 5009 5457 4782 5234 5138 5231 5004 5322 4983 4817 4956 5222 5113 5210 5278 5426 4779 5161 5227 5029 5260 5189 4766 4984 5143 5444 5452 5185 5292 4965 4992 5234 5413 5057 4991 5140 5058 5131 5501 4895 5011 5077 5185 5219 5270 5253 5299 4930 4941 5185 5544 5180 5023 4889 5215 4824 4716 5067 4973 5071 5356 5190 4718 5057 5124 5059 5275 5022 5236 4552 5281 4702 4847 5026 4710 4702 5510 4930 4396 5203 5067 5229 5166 4664 5385 5185 5012 5170 5008 5094 4881 5364 5409 5106 4469 4888 5444 5030 5200 5205 5247 5119 5004 5025 4929 5173 5308 5268 5592 5009 4884 5343 5272 5417 5202 5067 5423 4958 5483 5165 4843 4974 5391 5428 5348 5153 5134 5574 5022 5790 4903 5275 5039 4780 5288 5059 5236 5318 5134 5149 4866 4790 5298 5396 5096 5154 5315 5169 5011 5135 5182 5011 5361 4770 4592 5425 5403 4921 5371 5552 5117 4936 4892 4832 5279 5230 4645 5052 5197 5589 5437 4794 5363 5306 5356 5021 5178 5369 4836 4997 4919 
5406 5420 4649 5270 5507 5171 5095 4878 4458 5215 5272 5438 5180 5099 5211 5188 5304 4991 5408 5125 5242 5058 5242 5132 5465 5195 5176 4986 5422 5015 4871 5033 5385 4802 4931 5059 5352 5438 4748 5070 5247 4659 5378 5297 5305 5035 5330 4830 5159 4777 4739 5250 5018 4992 4964 4932 5190 5333 5176 5464 5554 4632 4826 5339 5314 5229 5396 4772 4997 5046 5509 5336 5028 5211 4818 5075 5309 4863 4908 5326 4901 5258 4968 4854 4651 5061 5472 5074 5665 5036 5637 4952 5443 4863 4798 5378 5035 4795 4941 4894 5577 5150 4995 5134 5242 4859 5166 5515 4705 5147 5141 5075 5151 5514 5352 5048 4892 5239 5339 5501 5262 5304 5128 4873 5384 5548 5111 5055 4784 5257 5076 4993 5075 4712 5231 5372 5197 4895 4717 5086 4977 5000 5090 5218 4821 5358 4965 4907 5155 4601 4805 5160 4800 4749 5078 5191 5354 5144 4925 5289 4829 4998 5409 5085 5062 5139 5213 5048 5156 4494 5239 5329 5032 5088 5314 5285 5238 5067 5152 5133 5149 5109 5277 5538 4917 4778 5194 5350 5020 5457 5404 5456 5060 5252 5120 4821 4782 5312 5678 5208 5629 5203 5512 5241 5461 4944 5435 5088 4591 5134 4873 5344 5369 5255 5318 5008 5035 5400 5442 4916 5380 5213 5253 5048 5303 5191 5143 5204 4782 4545 5613 5508 4979 5677 5559 5315 4959 4972 5178 5337 5148 4610 4933 5280 5642 5379 5162 5136 5359 5519 5107 5125 4955 4926 5150 4945 
5403 5646 5048 5631 6084 5297 5645 5366 4719 5674 5647 5394 5604 5723 5619 5833 5576 5283 5772 5392 5852 5163 5617 5640 5446 5755 5692 5624 5683 5566 5427 5311 5604 5066 5488 5511 5737 5832 5339 5322 5801 5291 5649 6196 5438 5648 5726 5629 5752 5518 5161 5903 5234 5501 5232 5386 5641 5649 5469 5713 5832 5385 5141 5784 5935 5411 5895 5513 5338 5626 5729 5757 5277 5667 5327 5446 5560 5344 5545 5762 5583 5538 5954 5441 5223 5350 5531 5546 5706 5449 5958 5448 5732 5575 5364 5587 5460 5365 5501 5319 6100 5564 5634 5818 5411 5261 5750 5968 5356 5546 5691 5484 5496 6292 5775 5507 5615 5579 5895 6202 5683 5686 5350 5366 5644 5848 5524 5465 5382 5442 5474 5282 5340 5279 5343 5343 5716 4998 5573 5597 5425 5681 5600 5534 5163 5868 5442 5161 5354 4881 4968 5600 5399 5042 5511 5850 5821 5646 5493 5319 5490 5329 5454 5772 5410 5577 5419 5639 5320 4628 5662 6064 5245 5573 5474 5671 5637 5204 5238 5756 5406 6016 5809 6147 5491 5316 5638 5912 5822 5826 5447 5814 5070 5727 5242 5269 5266 5674 5874 5940 5778 5761 5840 5553 5804 5303 5720 5696 5281 5692 5503 5662 5602 5566 5433 5178 5327 5795 5635 5340 5704 5580 5463 5539 5549 5468 5597 6030 5086 5062 6047 5903 5624 5865 5998 5588 5278 5474 5342 5872 5354 5248 5337 5181 5904 6086 5570 5568 5640 5728 5302 5113 5590 5243 5663 5228 
5467 5120 4602 5267 5298 4769 5224 4889 4410 5179 5157 5049 5296 5329 5108 5164 5043 4877 5569 4968 5363 4745 5112 5068 5277 5235 5143 4890 5123 4976 4981 4793 5036 4546 4936 4979 5440 5258 4770 4940 5045 4748 5212 5428 5146 5046 5395 4760 5155 5092 5100 5176 4985 4573 4784 4812 5171 5231 4950 5408 5228 4587 4422 5013 5169 5202 5365 4887 4808 5305 5293 5266 4817 5069 4845 4842 5092 4774 4870 5095 5011 5041 5222 5067 4493 5001 5176 4822 5374 5176 5378 4836 5302 5121 4911 5313 5231 4644 5149 4813 5448 5118 5223 5164 5077 4993 5006 5319 5038 5083 5058 4929 5048 5371 4961 4956 5151 4945 5259 5474 4925 5439 4849 4963 5118 5497 5211 5196 4695 5339 4918 4709 4969 4730 4798 4939 5200 4643 4892 5341 4968 5015 4847 5272 4754 5165 4961 4692 5056 4588 4714 5183 4909 4422 5358 4913 5315 5032 4651 5244 5056 4938 4824 5177 5226 5153 5166 5194 5142 4289 4842 5409 4829 5286 5012 5367 5018 5227 5027 5200 4858 5112 5365 5433 5114 4984 5161 5041 5264 5259 5088 5182 5194 5278 4796 4551 4796 5277 5734 5158 5233 5118 5232 5179 5520 4970 5230 5037 4790 5357 5048 5273 5208 5354 5022 4912 4818 5217 5171 4923 5224 4965 5147 4935 5184 5304 5183 5287 4927 4527 5334 5569 5225 5432 5521 5245 4700 4991 4860 5242 5006 4675 4805 5101 5417 5512 5097 5144 5405 5273 4954 4818 5017 4864 5098 4749 
5290 5126 4575 4992 5513 4881 5011 4912 4401 5062 5167 4961 4802 4966 5220 4985 4990 4795 5107 4922 5197 4956 5221 4976 5039 5048 4925 4800 5019 4974 4716 4743 5233 4506 4800 5081 5231 5236 4825 4960 5190 4675 5293 5197 4834 5035 5120 5007 4965 4759 4998 5001 4829 4672 4677 4689 5244 5251 4847 5377 5298 4680 4574 5040 5193 4999 5354 4928 4694 4780 5072 5025 4633 4765 4722 4944 4915 4964 4948 5153 4752 4997 4852 4810 4750 4723 5124 4925 5114 5116 5477 4550 4948 4852 4852 5106 4945 4798 4757 4666 5169 5296 5085 4884 5030 4623 5129 5401 4852 4845 4991 4922 4772 5484 4965 5028 4652 4992 4956 5404 5144 4974 5188 4902 5082 5258 5191 4939 4729 4726 4946 4910 4679 4785 5057 5185 5066 4402 4913 4967 4833 4768 4918 5064 4620 5266 4845 4802 5110 4318 4558 4764 4952 4595 5197 5116 5047 4974 4555 5159 4679 4845 4910 4971 4904 5217 4889 5259 4919 4315 4637 5041 4953 5067 5139 4965 5171 4857 4767 5016 4872 5176 5042 5314 5045 4655 5001 5230 4866 5061 5141 5180 4856 5194 4938 4903 4695 5052 5276 4819 5188 5033 5304 4665 5346 4906 5088 4878 4436 5277 4893 5273 5019 5256 4821 4967 4699 5031 5221 4771 5176 5102 4810 4843 4790 5174 4857 5000 4508 4542 5500 5314 4738 5046 5421 5112 4605 4936 4670 5223 4678 4490 4825 5287 5308 5428 5088 4863 5064 5227 4950 4876 4800 4730 4881 4715 
5339 5610 4848 5517 5470 5014 5419 5281 4432 5454 5441 5094 5297 5380 5344 5572 5303 5162 5467 5027 5413 4896 5331 5364 5220 5186 5440 5154 5376 5343 4985 4852 5035 4880 4805 5442 5312 5452 5027 4997 5519 5242 5461 5399 5343 5567 5267 5182 5470 5079 5224 5256 5244 4985 4843 4918 5578 5600 5096 5373 5507 5056 4776 5600 5097 5161 5296 5258 4850 5233 5710 5215 5131 5394 4837 5242 5245 4939 5073 5616 5050 5077 5165 5365 4908 5184 5275 5051 5500 5357 5884 5026 5237 5237 5186 5141 5281 5308 5140 5274 5367 5172 5387 5454 5076 4856 5298 5726 5356 5239 5407 5318 5097 5524 5393 5272 5331 5387 5347 5460 5095 5318 5393 4699 5254 5419 5275 5170 5030 5433 5136 5188 5048 5202 5216 5363 5561 4787 5278 5078 4839 5011 5088 5361 4951 5679 5109 4825 5060 4653 4895 5770 5186 5096 5083 5206 5463 5214 4843 5387 5100 5228 5345 5399 5116 5392 5350 5269 5516 4572 5258 5648 5319 5356 5244 5329 5392 5044 5081 5331 5226 5509 5428 5670 5178 5071 5256 5253 5179 5618 5404 5731 5169 5466 5091 5141 5058 5547 5584 5329 5461 5361 5539 5455 5386 5084 5495 5311 4877 5552 5091 5386 5266 5399 5096 5263 4879 5355 5649 5363 5286 5310 5231 5192 5289 5306 5134 5271 4640 4885 5601 5905 5376 5584 5593 5251 5124 4959 5143 5633 5147 4943 5089 5256 5593 5607 5298 5147 5164 5297 5013 5051 4868 4874 5295 5090 
5489 5533 4727 5676 5829 5299 5262 5294 4768 5266 5377 5222 5161 5563 5420 5526 5396 5152 5655 5326 5610 5082 5352 5345 5459 5512 5238 5205 5399 5496 5350 5432 5532 4940 4987 5253 5690 5541 5035 5144 5346 5311 5684 5941 5482 5182 5164 4994 5524 5184 5154 5743 5129 5173 5229 5002 5550 5445 5405 5538 5621 4823 4983 5648 5575 5341 5771 5187 5127 5520 5501 5497 5150 5351 5195 5469 5593 5112 5136 5737 5183 5458 5537 5147 4975 5224 5656 5262 5634 5295 5689 5242 5478 5174 5132 5483 5196 5104 5253 5241 5573 5433 5418 5603 5518 4890 5524 5805 5412 5300 5637 5202 5391 5838 5441 5248 5131 5701 5665 5948 5511 5495 5222 4998 5348 5618 5366 5345 5224 5400 5254 5411 5318 5097 5250 5502 5450 4811 5381 5220 5152 5391 5456 5557 4986 5656 4987 4856 5607 4663 4694 5536 5173 4958 5876 5679 5749 5412 5069 5534 5216 5115 5307 5441 5350 5461 5402 5523 5454 4680 5179 5728 5173 5489 5314 5473 5335 5188 5245 5461 5272 5537 5554 5583 5357 4938 5401 5674 5522 5821 5514 5613 5199 5544 5101 5286 5207 5203 5711 5526 5692 5153 5579 5332 5944 5294 5815 5215 4890 5749 5145 5627 5427 5578 5240 5105 5062 5365 5497 5323 5605 5441 5413 5399 5593 5234 5271 5569 4889 5062 5816 5808 5259 5730 5739 5247 4901 5074 5352 5704 5333 5020 5190 5357 5643 5721 5642 5238 5761 5778 4958 5246 5400 5112 5484 4731 
5509 5475 4705 5518 5552 4996 5236 5096 4488 5389 5333 5138 5306 5364 5290 5353 5279 5117 5589 4974 5328 4850 5205 5427 5581 5507 4990 5096 5323 5175 5159 5003 5095 4799 5012 5225 5641 5487 4959 5001 5238 5138 5399 5643 5346 5307 5277 5157 5432 4980 4932 5387 5253 5218 5082 5055 5434 5646 5121 5520 5374 4946 4802 5491 5063 5211 5407 5044 5053 5400 5365 5321 5134 4980 4873 5193 5182 4800 5101 5438 5036 5576 5152 5273 4845 5227 5462 4999 5221 5197 5655 5076 5347 5395 4888 5099 4993 5100 5071 5119 5670 5308 5333 5593 5173 5078 5393 5668 5154 5212 5226 5347 5343 5483 5260 5224 5203 5495 5386 5663 5205 5440 5245 4928 5313 5449 5378 5291 4941 5344 4785 5004 5378 4968 5249 5430 5576 5106 5240 5231 4991 5298 5069 5429 4723 5531 4931 5038 5276 4438 4654 5552 5136 4895 5291 5421 5283 5073 4982 5554 5249 5120 5291 5116 4916 5060 5180 5354 5177 4713 5144 5516 4833 5483 5270 5505 5544 4856 4900 5146 5180 5258 5307 5849 5239 5120 5593 5578 5360 5551 5361 5502 4930 5368 5210 5139 5024 5386 5479 5302 5425 5358 5245 5406 5669 5132 5068 5244 4804 5454 5131 5550 5474 5361 5323 5013 4875 5483 5408 5346 5258 5588 5293 5134 5084 5551 5034 5324 4933 5025 5658 5874 5288 5525 5577 5265 4983 4877 4933 5329 5284 5070 5099 5081 5615 5711 5184 5423 5388 5698 5202 5195 5194 5014 5097 5033 
5672 5735 5191 5823 5924 5542 5614 5078 4791 5770 5563 5583 5522 5730 5463 5824 5392 5501 5826 5344 5732 5240 5469 5502 5394 5476 5627 5379 5731 5637 5323 5231 5264 4950 5232 5380 5535 5673 5324 5549 5570 5253 5722 5909 5387 5626 5538 5501 5616 5138 5004 5474 5405 5073 5170 5056 5592 5733 5372 5936 5740 5083 5080 5669 5643 5693 5620 5284 5214 5357 5776 5488 5260 5531 5285 5531 5309 5207 5454 5586 5044 5442 5572 5348 4945 5532 5581 5510 6062 5570 5874 5198 5836 4972 5181 5421 5308 5260 5204 5519 5642 5733 5656 5843 5518 5260 5532 5945 5371 5511 5564 5507 5401 5787 5576 5386 5551 5626 5819 6072 5417 5624 5410 5091 5647 5871 5446 5506 5131 5719 5483 5473 5378 5146 5531 5354 5812 4928 5264 5456 5157 5271 5505 5416 5142 5708 5311 5185 5583 4817 5149 5702 5397 4988 5445 5529 5842 5400 5090 5575 5370 5207 5541 5482 5371 5466 5419 5727 5435 4674 5464 5759 5596 5657 5717 5668 5667 5289 5480 5545 5331 5767 5513 6024 5638 5508 5613 5706 5577 5869 5567 5728 5630 5762 5436 5280 5207 5558 5828 5760 5829 5618 5570 5466 5682 5229 5673 5360 5243 5857 5403 6016 5757 5625 5547 5315 5562 5329 5466 5075 5596 5524 5372 5323 5853 5566 5263 5543 5038 5174 5774 5753 5770 5777 6010 5574 5068 5268 5552 5616 5392 5204 5424 5387 5747 5855 5640 5404 5890 5725 5306 5426 5382 5275 5397 5215 
5500 5482 4748 5554 5520 5175 5316 5223 4563 5332 5562 5419 5403 5051 5510 5486 5110 5184 5657 5136 5712 4871 5273 5634 5238 5357 5235 5108 5338 5164 5013 5255 5243 4976 5058 5315 5315 5243 5062 5119 5510 5190 5527 5767 5197 5397 5375 5158 5516 5248 5075 5283 5502 5027 5145 5050 5691 5513 5357 5458 5513 4841 4773 5462 5571 5419 5405 5052 5260 5039 5480 5374 5268 5376 4895 5105 5140 5225 5354 5657 5096 5470 5329 5133 4926 5444 5334 5047 5485 5627 5712 5155 5376 5267 5015 5352 5310 4988 5079 5204 5640 5299 5448 5529 5403 4952 5292 5843 5099 5035 5437 5319 5341 5839 5483 5241 5123 5422 5630 5624 5556 5302 5280 5048 5591 5629 5526 5321 5165 5411 5055 5059 5643 5229 4921 5448 5652 4715 5058 5228 5184 5316 5463 5566 5169 5581 4961 5227 5420 4728 4785 5614 5229 5219 5585 5513 5703 5320 4899 5373 5357 5406 5366 5178 5202 5226 5432 5234 5550 4649 5412 5628 5095 5280 5240 5627 5424 5105 5109 5426 5159 5302 5319 5739 5448 5244 5120 5411 5403 5382 5469 5687 5270 5801 5425 5230 5106 5378 5579 5314 5636 5281 5444 5289 5749 5114 5529 5162 5126 5536 5277 5869 5383 5241 5298 5098 5172 5568 5564 5219 5346 5292 5218 5288 5408 5345 5084 5627 4983 4937 5545 5863 5210 5729 6044 5381 5220 4892 4947 5761 5312 5325 5164 5370 5549 5472 5399 5329 5535 5659 5444 5177 4996 5283 5035 5284 
5600 5523 4874 5571 5531 5355 5363 5110 4629 5602 5603 5286 5282 5490 5489 5445 5219 5558 5319 4986 5481 5197 5285 5563 5136 5430 5209 5075 5384 5418 5018 5072 5118 4686 5263 5579 5504 5521 5062 4998 5669 5111 5428 5681 5258 5674 5436 5093 5341 5075 5102 5293 5165 5078 5001 5066 5307 5480 5356 5708 5699 4718 4710 5398 5393 5328 5350 5209 5105 5163 5476 5449 5064 5589 5251 5074 5327 5110 5098 5542 5097 5333 5469 5314 4858 5219 5421 5252 5633 5359 5608 5174 5282 5350 5261 5462 5111 5108 5408 5454 5762 5423 5240 5525 5399 5106 5394 5811 5273 5139 5546 5350 5301 5656 5375 5469 5413 5179 5235 5469 5412 5526 5407 5147 5576 5492 5458 5220 5063 5628 5256 4923 5141 5058 5118 5645 5729 4915 5477 5162 5024 5272 5400 5427 4894 5413 5338 5116 5269 4896 4878 5539 5077 4809 5457 5605 5712 5346 4888 5554 5050 5109 5284 5333 5326 5177 5258 5407 5142 4688 5263 5718 5362 5235 5418 5594 5379 5158 4916 5403 5358 5512 5430 5886 5427 5100 5372 5678 5438 5592 5432 5573 5311 5619 5295 5109 5037 5608 5587 5443 5661 5395 5627 5137 5486 5247 5673 5293 4911 5631 5289 5823 5374 5316 5294 5135 5151 5401 5549 5173 5736 5365 5282 5276 5443 5357 5037 5432 4967 4944 5559 5754 5502 5505 5719 5396 5315 5098 4805 5761 5324 5048 5147 5296 5583 5770 5339 5590 5639 5566 5310 5199 5077 4927 5236 5160 
5547 5502 4586 5416 5660 4936 5283 4937 4501 5234 5449 5287 5430 5508 5327 5539 5260 5208 5430 4927 5350 4986 5327 5284 5500 5479 5207 5258 5440 5352 5027 4900 5026 4669 5049 4961 5506 5565 4850 4935 5231 5171 5394 5573 5238 5129 5383 4947 5138 5289 5027 5040 5334 4920 4948 4916 5399 5477 5334 5352 5904 5001 4807 5487 5478 5386 5385 4896 5084 5409 5356 5490 5184 5185 4838 5204 5288 5050 5250 5463 5111 5350 5412 5226 4706 5001 5144 5171 5465 5446 5657 5155 5353 5162 5137 5396 5390 4789 5413 4993 5613 5138 5327 5355 5394 4863 5169 5508 5111 5097 5198 4913 5050 5421 5111 5245 5221 5327 5704 5757 5354 5673 4939 5045 5324 5433 5316 5019 4733 5563 5217 5065 5100 5009 5130 5398 5473 4911 5222 5270 5071 5376 5180 5473 4968 5359 5200 5100 5487 4767 4862 5383 5251 4516 5368 5276 5340 5508 4978 5530 5315 5032 5315 5287 5195 5260 5035 5421 5273 4217 5361 5476 5169 5239 5165 5399 5590 4988 5270 5141 5102 5407 5580 5477 5345 5151 5231 5208 5307 5647 5186 5535 5224 5401 5107 4892 4966 5413 5539 5541 5492 5150 5385 5321 5771 5247 5095 5305 5061 5438 5090 5178 5431 5235 5200 5210 4769 5618 5532 5028 5375 5311 5385 5153 5277 5091 5212 5221 5062 4745 5393 5549 5358 5737 5424 5412 5037 4933 5238 5491 5092 4899 4983 5170 5419 5788 5138 5117 5706 5561 4837 5018 5100 5040 4969 5006 
5445 5120 4706 5197 5391 4759 5041 4831 4599 5105 5221 5072 5109 5304 5135 5404 5251 5043 5260 4930 5332 4875 5023 5133 5109 5254 5355 5152 5340 5016 5001 4988 5080 4585 4936 5096 5432 5288 5057 5254 5335 4876 5294 5186 4937 5191 5124 4815 5364 4803 4882 5043 4976 4937 4933 5089 5227 5157 4899 5359 5494 4862 4772 5153 5116 5262 5291 4722 5019 5160 5464 5274 5006 5203 4850 5209 5299 4935 4764 5131 5205 5329 5277 5009 4708 5161 5113 5050 5428 5054 5600 4758 5446 5254 5022 5113 5126 4868 5020 5038 5565 5378 5251 5354 5130 4846 5162 5834 5132 5197 5178 5168 4875 5362 4897 5001 5165 5399 5287 5585 5153 5131 5044 4542 5361 5349 5043 5095 5030 5333 5190 4848 5159 4967 5336 5432 5484 4670 5061 5015 5034 5171 4750 5243 4689 5214 4738 4832 5187 4338 4715 5379 5249 4732 5263 5163 5469 5259 4871 4992 4873 4572 5129 5103 4956 4990 5433 5217 5188 4444 5059 5271 4825 5309 5276 5365 4956 5039 4841 5025 5198 5310 5153 5716 5223 5157 5295 5390 5285 5329 5361 4884 4946 5268 5196 5264 4744 5354 5372 5241 5356 5266 5419 4882 5408 5265 5338 5268 4764 5432 5077 5522 5335 5210 5270 4916 5039 5212 5173 4872 5076 5045 5148 5199 5154 5371 5319 5300 4945 4817 5540 5710 5055 5565 5442 5023 4789 5032 4940 5512 5038 5073 4872 5432 5307 5443 5110 5125 5220 5258 4945 5193 4836 4849 5136 4833 
5367 5331 4562 5247 5418 4921 5098 5082 4460 5221 5356 5014 5044 5232 5185 5237 5283 5009 5470 4767 5273 5026 5080 5139 5124 5367 5220 5158 5502 5106 5134 4965 5193 4654 4919 5073 5194 5487 5063 4833 5232 4810 5072 5396 5169 5148 5221 4848 5144 5144 4905 5154 5032 4843 4870 4728 5289 5454 4925 5197 5480 4707 4814 5150 5345 5058 5416 4830 4904 5174 5256 5324 5111 4980 4891 5219 5223 4878 5067 5381 4933 5293 5356 4969 4784 5186 5215 5128 5492 5193 5553 4931 5096 5450 5144 5362 4938 4849 5134 5079 5700 5068 5126 5299 5102 4820 5252 5635 5015 4970 5159 5020 5419 5433 5279 4804 5188 5367 5238 5520 5210 5320 5156 4911 5412 5534 5209 5113 5130 5370 4960 5023 5229 4901 5191 5016 5513 4770 5175 5102 4948 5297 5088 5173 4843 5441 4935 5140 5276 4745 4745 5466 5102 4616 5215 5204 5421 5319 4762 5600 5141 4948 5318 5188 5058 5223 5360 5281 4958 4304 4993 5362 4833 5056 5096 5159 5123 4950 5298 5240 5093 5234 5160 5443 5037 5118 5212 5302 5085 5336 4933 5390 5306 5416 5265 5061 4830 5399 5515 5200 5232 4973 5242 5039 5659 5127 4951 5218 4698 5553 5024 5280 5469 5327 5091 5098 4784 5266 5467 5110 5292 5218 5209 5101 5119 5521 5112 4976 5013 4602 5375 5406 5072 5508 5758 5165 4819 5050 4857 5151 5126 4887 4981 5295 5496 5677 5292 5019 5563 5274 5075 5107 4873 4898 5032 4899 
5429 5174 4739 5291 5619 4951 5192 5079 4568 5169 5406 5159 5242 5210 5223 5268 5129 4975 5312 4809 5579 4717 4940 5133 5191 5245 5138 5172 5150 5149 5016 5169 5276 4781 5175 5157 5353 5371 5024 5148 5301 4853 5012 5134 4964 5267 5121 4983 5144 4904 5021 5296 5070 4839 5063 4909 5206 5305 5122 5431 5473 4469 4598 5557 5306 5042 5512 4770 4750 5278 5585 5264 5091 5186 4707 5288 5236 5031 4901 5269 5101 5412 5392 5022 4689 5018 5477 5115 5398 5307 5478 5148 5155 5552 5053 5435 5474 4750 5073 5222 5227 5245 5146 5381 5340 4817 5112 5567 5030 5213 5079 5320 5163 5509 4897 5117 5194 5222 4985 5597 5202 5323 5156 5054 5468 5312 5141 4884 4952 5161 5062 4936 4781 4603 5160 5506 5450 4811 5299 5157 5116 4963 4794 5469 4767 5624 5012 5009 5266 4626 4949 5477 4988 4605 5153 5144 5557 5011 5009 5224 4788 4787 5222 5076 5031 5309 5162 5302 5112 4343 5099 5362 4876 5177 5340 5139 5127 4971 5275 5039 4842 5321 5467 5450 5218 5109 4997 5177 5225 5403 4948 5391 5322 5069 4944 5053 4884 5182 5778 5156 5561 5082 5313 5173 5265 5155 5446 5462 5061 5537 5205 5237 5231 4998 5353 4778 4695 5266 5280 5196 5292 5128 5220 5227 5270 5298 5199 5207 5026 4715 5444 5562 4797 5489 5504 5243 4622 5114 5034 5221 5086 4947 5017 5183 5520 5287 5300 5211 5539 5288 4884 5011 4942 5093 5054 5027 
5445 5237 4850 5554 5420 4900 5332 4798 4870 5271 5301 5048 5177 5562 5341 5520 5089 5137 5223 4980 5368 4774 5365 5260 5461 5415 5296 5178 5452 5333 4930 4943 5241 4881 5004 5221 5344 5398 5159 5175 5331 5250 5251 5483 5164 5272 5110 4897 5354 4826 5061 5115 5007 5089 4903 5018 5398 5567 5251 5727 5697 4926 4947 5248 5407 5142 5384 4891 4896 5132 5509 5380 5205 5295 4848 5379 5294 4857 5430 5433 4895 5333 5267 4946 4850 5053 5221 4926 5441 5198 5511 4971 5356 5236 5034 5324 5395 4770 5273 5188 5531 5028 5290 5403 5405 4866 5328 5660 4974 5265 5392 5304 5092 5508 4982 4994 5112 5307 5448 5566 5326 5260 5060 4828 5312 5634 5168 4995 5026 5164 5223 4851 5204 4955 5081 5325 5408 4634 5060 5015 5086 5289 5162 5444 4858 5459 5031 4851 5249 4604 4818 5394 5187 4738 5343 5271 5340 5127 4871 5027 5222 4812 5419 5374 5039 5482 5275 5364 5216 4436 5206 5449 4917 5391 5231 5355 5130 4855 5191 5188 5374 5423 5272 5855 5334 5009 5358 5387 5194 5459 5068 5614 5224 5553 5030 5121 4868 5185 5815 5355 5521 5287 5308 5173 5565 5257 5316 5406 4724 5712 5115 5152 5484 5386 5015 5024 5046 5530 5427 5093 5192 5221 5114 5149 5174 5211 5211 5470 4910 5040 5618 5611 5112 5537 5715 5376 4686 4902 5081 5253 5062 4857 5072 5275 5556 5522 5149 5286 5276 5389 5160 5190 5032 4994 5269 5046 
5382 5475 4609 5383 5362 5141 5162 4862 4585 5187 5502 4903 5187 5212 5347 5352 5269 5088 5352 5185 5338 4806 4908 5452 5093 5305 5412 5007 5331 5099 5110 5018 5296 4940 5093 5140 5379 5216 5175 4881 5002 4976 5209 5395 5003 5182 5111 4904 5429 4671 5028 5207 5076 4866 5064 5018 5224 5537 4952 5490 5307 4619 4721 5246 5219 5041 5316 5123 5362 4811 5385 5338 5186 5376 4828 5024 4961 5189 5098 5364 4915 5203 5205 5309 4723 5365 5154 5235 5539 5519 5635 4872 5203 4928 4880 5224 4985 5157 5018 5273 5519 5025 5408 5379 5413 4740 5316 5591 5068 5072 5101 5062 4893 5602 5100 5262 5103 5459 5374 5282 5243 5229 4878 4698 5378 5364 5324 4921 5063 5201 5047 5216 5229 5005 5232 5327 5666 4652 4936 5140 5069 5183 5391 5373 5010 5475 5043 4786 4982 4696 4619 5372 4782 4690 5395 5274 5505 5063 4718 5512 4949 5209 5171 5262 5146 4982 5319 5331 5301 4479 5303 5645 5113 5171 5364 5281 5341 4998 4848 5284 4915 5420 5231 5555 5040 5245 5126 5431 5146 5415 5657 5428 4887 5560 5167 5070 4891 5561 5522 5391 5341 5251 5545 4895 5504 4979 5405 5217 4836 5507 4874 5659 5210 5208 5015 5081 4963 5284 5129 4917 5199 5083 5277 5108 5100 5230 4951 5356 4630 4867 5669 5647 5259 5539 5617 5224 4920 5052 5007 5533 5152 5004 4871 5077 5370 5329 5167 5283 5302 5547 5028 5114 5020 4977 5114 4980 
5228 5117 4629 5146 5176 5139 5065 4835 4584 5120 5316 4956 4947 4980 4899 5105 5039 4298 5018 4806 5129 4891 5158 4890 5000 5140 4937 5051 5158 5058 4808 4833 5101 4463 4835 4993 5411 5016 4691 4960 5380 4922 5346 5325 4994 5420 5155 4863 5115 4986 4627 5251 4864 4780 4857 4895 4957 4991 4945 5106 5242 4721 4475 4978 5152 5274 5327 4813 4706 5104 5090 5044 4943 4813 4706 4797 5137 4667 4751 5394 4891 4890 4978 5044 4644 4881 5183 4684 5198 5075 5476 4656 5118 4926 4782 4937 4770 4635 5014 4874 5061 5129 4933 5090 5111 4853 4913 5397 4869 5018 5070 4800 4939 5394 5057 4996 4798 4805 5138 5550 4800 5040 4883 4812 5126 5304 5095 4982 4807 5018 4862 4822 4665 4593 4704 5053 5280 4509 4944 5051 4632 4820 4781 4936 4652 5403 5131 4847 4981 4403 4741 5153 4857 4491 5165 5127 5072 5207 4428 5150 4875 4734 4989 5016 4872 5282 4980 5397 4759 4292 4918 5072 4689 4870 5091 4905 4868 4691 5000 4911 4842 5212 5025 5284 5008 4901 5022 5227 5324 5262 4867 5382 4957 4968 4967 4878 4713 5031 5412 5235 5407 5186 5180 5078 4992 4833 5003 5063 4579 5318 4941 5263 5198 4946 5060 5025 4826 5049 5047 4735 4951 5105 5002 4793 5063 4990 5129 4885 4519 4623 5522 5407 4988 5420 5318 5032 4726 4806 4685 5401 5070 4747 4842 4971 5215 5239 4930 5057 5185 5488 5018 4509 5100 4992 5037 4707 
5125 5659 4504 5273 5596 4968 5162 5055 4568 5313 5206 4837 5203 5223 5331 5245 5329 4961 5381 5137 5254 4737 5240 5193 5240 5347 5174 4924 5193 5194 5033 4795 5140 4672 5041 5131 5509 5202 4970 4985 5224 4855 5464 5317 5235 5468 5230 4944 5108 4955 4819 5293 4770 4905 4901 4976 5158 5357 4935 5549 5437 4865 4777 5241 5331 5124 5249 4997 4969 5043 4981 4933 5172 4879 4768 4986 5593 4768 5210 5280 5019 5274 4982 5208 4396 5057 5150 5102 5559 5268 5546 4729 5153 4927 4667 5248 4916 4542 5082 5223 5754 5151 5166 5391 5224 4790 5031 5547 4988 5006 5439 5123 5090 5412 5286 5059 5241 5476 5431 5300 4902 5455 5183 4869 5274 5471 5031 5157 4897 5158 5031 4719 5122 4961 5031 5303 5289 4865 5227 5216 4990 5189 5179 5329 4645 5391 4902 4757 5167 4733 4908 5298 4721 4737 5365 5223 5395 5076 4763 5526 5063 4771 5118 5002 5027 4924 5180 5328 5033 4781 5173 5350 5042 5069 5266 5333 5256 5199 5152 5324 5033 5308 5029 5697 5199 5098 5135 5289 5146 5337 5320 5426 4941 5451 5166 4980 5035 5313 5611 5400 5344 5204 5544 5151 5648 4936 5346 5095 4671 5460 5090 5425 5378 5259 4921 4992 5182 5375 5192 4830 5272 5094 5208 4900 5323 5239 4991 5172 4746 4665 5536 5665 5250 5606 5735 5144 4999 4818 4938 5317 5378 4986 4843 5325 5370 5487 5175 5042 5543 5495 5090 5027 5029 4936 4916 4905 
5537 5501 4657 5677 5837 5060 5388 4995 4671 5311 5537 5298 5230 5337 5068 5476 5248 5077 5522 5221 5399 4986 5518 5301 5313 5446 5495 5117 5420 5483 5117 5016 5472 4797 5292 5163 5505 5426 5129 5004 5505 5452 5617 5740 5103 5127 5332 5356 5398 4997 4987 5549 5275 5140 5136 5208 5132 5661 5084 5556 5652 5159 5117 5704 5669 5240 5716 4974 5430 5458 5695 5484 5206 5359 5086 5357 5219 4988 5483 5687 5235 5371 5579 5344 4808 5405 5239 5235 5304 5378 5781 5304 5550 5378 5044 5567 5207 5016 5053 5161 5745 5516 5180 5718 5242 5269 5545 5721 5266 5302 5158 5021 5056 5788 5358 5410 5561 5488 5543 5736 5319 5712 5192 5031 5501 5448 5405 5194 4969 5446 5153 5436 5294 5219 5174 5349 5770 4602 5321 5256 5299 5329 5474 5510 5159 5810 5208 5122 5343 4866 5028 5556 5570 4966 5181 5424 5532 5426 4847 5409 5379 5154 5457 5372 4941 5308 5366 5495 5107 4436 5419 5527 5382 5438 5492 5176 5383 4924 5104 5326 5267 5594 5410 5789 5237 5169 5267 5539 5547 5648 5471 5660 5117 5628 5072 5085 5149 5665 5600 5586 5310 5338 5424 5264 5703 5053 5472 5480 4881 5451 5288 5598 5576 5595 5404 5243 5270 5393 5297 5112 5536 5174 5639 5350 5388 5419 5426 5293 5132 5264 5427 5664 5367 5796 5759 5429 5277 5233 5401 5575 5273 4944 5478 5069 5567 6027 5425 5434 5632 5654 5269 4853 4932 5244 4883 5024 
5396 5490 4691 5477 5558 4804 5260 4893 4520 5394 5416 5144 5344 5409 5186 5407 5306 5109 5399 4923 5378 4874 5451 5164 5106 5535 5263 5378 5238 5299 4957 5151 5346 4825 5010 5179 5449 5618 5040 4909 5347 5144 5437 5642 5291 5508 5406 4871 5275 5239 4897 5307 4990 5274 4912 5086 5281 5415 5129 5386 5417 4724 4606 5462 5433 5183 5453 5233 5017 5563 5537 5204 5228 5221 4910 4995 5354 5106 5207 5437 4901 5217 5526 5080 4728 5262 5283 5359 5467 5206 5836 5187 5402 5331 4917 5444 5065 4878 5319 5240 5547 5464 5301 5435 5136 4926 5264 5695 5396 5113 5352 5397 5494 5442 5261 5255 5446 5551 5166 5684 5192 5522 5087 5037 5315 5423 5183 5077 4952 5322 5242 5159 5037 4917 5267 5321 5386 4717 5369 5202 5076 5052 5144 5286 4744 5579 5364 4702 5162 4616 4709 5462 4863 4732 5246 5500 5294 5070 4855 5361 5095 4730 5245 5132 5069 5080 5494 5350 5210 4389 5138 5669 5083 5310 5261 5473 5290 4956 4974 5284 5003 5499 5320 5809 5094 5250 5154 5400 5331 5451 5159 5471 5175 5291 5024 4952 4959 5671 5538 5759 5368 5485 5584 5254 5457 5105 5576 5202 4848 5438 5124 5336 5330 5375 5366 5039 5024 5152 5261 5238 5491 5200 5081 5388 5429 5358 5223 5199 4704 4850 5603 5608 5064 5564 5618 5328 4903 5198 5036 5600 5038 4835 5120 5086 5554 5429 5173 5131 5318 5531 4914 4845 4981 5085 5381 4856 
5350 5564 4794 5713 5655 5145 5055 4853 4824 5533 5380 5293 5123 5283 5269 5392 5093 4946 5442 5084 5692 5244 5406 5357 5377 5366 5203 5033 5459 5279 5097 5214 5282 4668 5174 5057 5467 5421 5239 5284 5082 5203 5507 5335 5346 5329 5275 5023 5406 4989 4796 5333 4877 4955 5135 5182 5381 5470 5069 5461 5493 4990 4815 5522 5487 5191 5373 5083 4956 5328 5334 5392 5114 5197 4900 5257 5249 5076 5376 5399 4972 5058 5332 5117 4784 5226 5335 4967 5614 5365 5705 4899 5294 5131 5274 5248 4927 4825 5137 4927 5308 5409 5260 5185 5255 4991 5416 5824 5070 5088 5278 5144 5106 5379 5351 4848 4877 5544 5588 5842 5312 5327 5370 5006 5451 5442 5102 5156 5062 5031 5258 5075 5063 4955 5178 5704 5429 4681 5324 5115 4950 5126 5206 5152 4993 5690 5073 4970 5268 4759 4861 5445 5273 5017 5301 5118 5701 5009 4906 5528 5092 5227 5439 5375 5269 5216 5085 5310 5295 4613 5323 5596 4835 5273 5383 5353 5496 5134 4993 5377 5121 5425 5353 5507 5432 5100 5200 5413 5350 5574 5365 5284 5305 5216 5124 5059 4878 5202 5557 5328 5557 5206 5483 5357 5535 5022 5572 5312 4994 5580 4806 5390 5564 5580 5195 4927 5042 5392 5620 4619 5381 5290 5252 5065 5221 5331 5265 5223 5028 4684 5444 5519 5257 5496 5760 5146 4967 4952 5010 5498 5293 4980 4984 5327 5724 5563 5131 5192 5305 5485 5087 5277 5069 5039 5290 4889 
5223 5190 4640 5230 5647 4809 4929 4831 4389 5183 5170 5002 4939 5077 5144 5264 5024 4807 5274 4659 5270 4856 5166 4903 5136 5073 5021 4861 5335 4843 5021 5059 4735 4437 4838 4907 5217 5134 4547 4829 5236 4756 4950 5273 4954 4982 5226 4621 5105 4570 4888 5023 4865 4874 4942 4814 5182 5392 4737 5356 4989 4560 4493 5087 5226 4744 5235 4718 4780 5244 5091 5150 4686 4725 4878 4782 5009 4720 4927 5113 4799 5208 5050 4684 4554 5067 5079 5082 5433 5074 5059 4811 5079 4881 4796 4987 4789 4821 4547 4805 5092 5254 5148 5319 5192 4778 5000 5389 5006 4814 5315 4989 5006 4898 5233 4854 4920 4851 5092 5248 4929 4845 4830 4756 4985 5082 4844 5000 4960 5278 4976 4885 4988 4442 4932 5128 5238 4837 4964 4911 4927 4649 4858 5087 4817 5276 4888 4746 5037 4429 4760 4983 4869 4390 4956 5094 5430 4948 4506 5394 5003 4737 4882 5046 4973 4918 4980 5138 4742 4323 4800 5171 5047 5201 4981 4946 5042 4791 4739 4966 4958 5006 5432 5136 5322 4886 5121 4959 5075 5217 4956 5125 5074 5048 4865 4798 4558 5116 5357 5208 5273 5052 5492 5066 4963 4902 5524 5020 4718 5056 4698 5052 5316 4924 5051 4910 4976 4960 5119 4790 5125 5003 5129 4590 5099 5233 5005 4962 4654 4535 5427 5350 5326 5289 5592 5007 4598 4655 5020 5271 5046 4655 4793 5004 5287 5384 5030 4885 5232 5360 4494 4763 4972 4663 5053 5034 
5254 5245 4923 5583 5683 5149 4976 4873 4500 5022 5188 5165 5299 5652 5083 5254 5048 4795 5435 5144 5324 4783 5071 5161 5318 5460 5524 5090 5400 5137 4654 5168 5201 4682 4849 5145 5553 5331 4986 4755 5256 5029 5419 5565 5029 5249 5468 4929 5373 4922 4834 5377 5184 4605 4554 4769 5063 5491 5064 5387 5524 4761 4998 5289 5263 4858 5519 4838 5132 5078 5378 5241 5129 5245 4775 5051 5212 4804 5050 5274 5010 5182 5165 5007 4853 5001 5433 4996 5517 5205 5641 4941 5073 5073 4849 5064 4923 4933 5119 4982 5303 5091 5120 5313 5089 4748 5052 5611 5117 5139 5099 4978 5192 5482 5323 5034 5135 5315 5373 5344 4953 5326 4943 5056 5141 5576 5014 5157 4907 5211 4983 4991 4850 4950 5156 5354 5218 4751 5099 5107 4653 5210 5000 5135 4806 5557 5034 4872 5462 4620 4910 5353 4982 4793 5238 5267 5546 4973 4657 5159 5036 4632 5085 5251 5089 4912 5413 5353 4999 4188 5214 5199 4943 5158 5135 5301 5067 4924 5041 5200 5064 5127 5134 5663 4923 4964 5082 5290 5205 5236 5159 5357 5081 5344 4967 4972 4912 5188 5572 5310 5347 5316 5366 5046 5578 4993 5457 5033 4781 5370 4968 5088 5463 5215 5274 5080 5010 5313 5331 4933 5247 4925 5108 5106 5289 5225 5094 5250 4747 4598 5548 5428 5286 5634 5353 5183 4911 4801 5037 5633 5172 4930 5079 5249 5600 5540 5099 4951 5469 5503 4898 4986 4972 4861 5053 4834 
4967 4866 4351 5012 4895 4511 4749 4522 4318 4630 4607 4670 4518 4843 4751 4740 4651 4766 5066 4732 4938 4538 4843 4630 4395 4829 4905 4526 5000 4565 4936 4635 4723 4416 4818 4674 5035 4902 4400 4483 4650 4522 4888 5036 4713 4725 4904 4583 4800 4587 4612 4741 4653 4363 4680 4476 4722 4827 4712 5029 4868 4229 4292 4782 4910 4941 4935 4482 4542 4808 4835 4791 4574 4765 4342 4386 4743 4450 4433 4861 4544 4590 4957 4611 4450 4768 4770 4549 5171 4688 5040 4390 4789 4577 4572 4861 4692 4436 4316 4626 4859 4703 4744 5006 4610 4589 5097 4881 4611 4607 4810 4552 4698 5228 4768 4512 4836 4662 4738 4877 4770 4784 4615 4443 4812 5148 4637 4646 4517 5028 4578 4632 4680 4446 4713 4553 4827 4414 4545 4712 4536 4699 4841 4826 4542 4938 4523 4499 4715 4108 4618 4886 4667 4288 4792 4631 4957 4650 4099 5069 4947 4638 4748 4902 4447 4497 5279 4831 4818 4224 4700 4763 4664 4925 4675 4526 4745 4796 4505 4716 4499 4723 4711 5041 4650 4495 4966 4798 4805 5147 4852 4935 4522 4968 4762 4530 4404 5048 5212 4586 5049 4853 5108 4474 4943 4411 5025 4601 4437 4996 4384 4963 4695 4669 4729 4796 4647 4782 4915 4542 4929 4548 4944 4626 4865 4668 4561 4664 4480 4394 4890 5184 4682 4947 5269 4719 4650 4383 4514 4809 4625 4254 4796 4766 5046 5188 4740 4718 4873 4832 4677 4506 4594 4558 4465 4580 
5071 5010 4628 5013 5315 5012 4824 4727 4557 5103 4883 4700 4864 5005 4791 4884 5015 4819 5193 4769 5038 4678 4922 4934 5000 4642 4906 4806 5181 4920 4822 4717 4905 4507 4886 4981 4958 5213 4691 4803 5058 4678 5182 5073 4682 4927 4951 4639 5095 4684 4619 4931 4594 4363 4731 4556 5048 4940 4937 5274 5182 4639 4400 4880 4690 4884 5237 4649 4594 4876 5051 4992 4756 4817 4786 4743 5028 4627 4846 5077 4952 4889 4906 4823 4564 4902 5039 4735 5113 4995 5369 5033 5041 4816 4927 4912 4851 4577 4856 4844 5100 4972 4992 5090 5079 4527 4897 5199 4565 4919 5200 5124 5090 5104 4723 4736 4895 4817 4880 5020 4900 4830 4991 4803 5015 4925 4629 4855 4571 4900 4788 4640 4801 4606 4903 4974 5293 4544 4742 4798 4711 4753 4820 4883 4706 5229 4773 4687 5170 4404 4660 5138 4647 4449 4917 4883 4947 4795 4552 4878 4809 4876 4885 5085 4764 4725 4692 5076 4804 4037 4976 5071 4860 4861 4906 5110 4890 4617 4765 4789 4938 4932 4769 5553 5035 4856 4872 5210 4766 5410 5199 4933 4830 4999 4981 4640 4901 5170 5310 4842 5065 4782 4886 4797 4990 4791 5289 4769 4491 5266 4942 5281 5072 5105 5059 4760 4799 5034 5226 4912 5015 4922 4970 4742 4994 4915 4807 4882 4397 4518 5291 5105 4976 5281 5215 5065 4727 4662 4712 5100 4850 4823 4958 5132 5477 5424 4869 4980 5111 5040 5165 4717 4601 4631 4765 4678 
5406 5633 4786 5506 5643 5024 5257 5145 4967 5479 5044 5370 5369 5472 5475 5604 5284 4898 5638 5039 5215 4954 5208 5201 5459 5316 5423 5431 5428 5358 4887 5222 5290 4830 5008 5174 5553 5490 4934 4922 5399 5088 5619 5555 5353 5309 5327 4999 5750 4872 5174 5311 5168 5053 5121 4963 5367 5448 5017 5657 5410 5160 4966 5440 5443 4993 5448 5231 5243 5589 5479 5386 5205 5023 5217 5399 5184 4952 5157 5352 5116 5259 5252 5129 4601 5215 5326 5309 5518 5202 5939 4986 5273 5093 5208 5344 5052 4864 4956 5329 5575 5271 5279 5577 5280 5054 5403 5657 5244 5332 5391 5260 5159 5653 5421 5299 5305 5560 5590 5453 5243 5294 5139 5022 5476 5329 5278 5259 5387 5153 5227 5147 5129 5027 4927 5470 5616 4752 5162 5425 5111 5208 5379 5581 4794 5611 4920 5159 5376 4771 4750 5390 5186 4839 5384 5502 5529 5235 4644 5393 5372 4756 5235 5393 5093 5140 5310 5135 5448 4415 5086 5658 5167 5285 5361 5358 5190 5153 5141 5354 5187 5290 5349 5610 5350 5093 5196 5752 5486 5530 5411 5404 5249 5302 5207 5242 5008 5249 5423 5667 5269 5294 5379 5203 5678 5096 5505 5397 4856 5479 5217 5192 5338 5614 5580 5016 5105 5452 5514 5139 5215 5310 5282 5044 5183 5387 5189 5323 5007 4635 5742 5555 5211 5797 5739 5269 5205 5246 5325 5389 5354 5193 5022 5247 5739 5558 5463 5321 5615 5605 5007 5039 5077 5283 5085 4920 
4861 4972 4293 5083 5222 4543 4620 4390 4252 4751 4666 4742 4807 4571 4850 4969 4722 4734 5086 4677 4874 4560 4728 4683 4671 4879 5000 4627 4868 4910 4550 4866 4801 4369 4484 4822 4799 4722 4517 4570 4851 4439 4775 4976 4679 4972 4831 4638 4953 4628 4563 4627 4636 4513 4415 4723 4790 4776 4590 5008 5066 4462 4405 4889 4979 4534 4951 4563 4480 4769 5173 4930 4707 4777 4577 4649 4952 4494 4882 4776 4650 4750 4633 4570 4297 4581 4656 4766 4887 4850 5345 4588 5228 4758 4520 5068 4797 4626 4587 4696 5301 4956 4927 4930 4546 4367 4826 4880 4702 4639 4669 4435 4660 5162 5059 4585 4740 4779 5042 5074 5090 4799 4786 4424 4758 5130 5099 4595 4712 4758 4450 4395 4550 4317 4512 4725 5004 4400 4705 4666 4565 4755 4958 4818 4450 5362 4585 4361 4737 4399 4489 4919 4671 4258 4980 4940 5243 4784 4560 4792 4647 4646 4723 4802 4731 4663 4944 4802 4532 4050 4594 5040 4430 4876 4687 4823 4646 4700 4675 4781 4508 4713 4967 5128 4634 4878 4734 4990 4636 4642 4768 5201 4639 5136 4855 4579 4390 4807 4999 4979 4701 4688 5041 4622 5107 4588 4974 4670 4581 5282 4707 5041 4904 5029 4559 4789 4656 5028 4748 4669 5113 4890 4824 4733 4683 5006 4571 4872 4412 4550 4818 4728 4966 4954 5266 4834 4529 4661 4803 4873 5020 4526 4407 4626 4944 5059 4763 4669 4772 4993 4689 4466 4409 4652 4581 4443 
5484 5151 5028 5373 5575 4970 5149 4764 4644 5256 5419 5154 4980 5375 5278 5256 5144 5139 5384 4909 5413 5139 5267 5250 5399 5023 5181 4755 5383 5129 5015 5079 5064 5095 5093 4962 5563 5392 4974 5125 5135 5041 5350 5188 5275 5142 5220 5190 5440 4805 4888 5239 5103 4913 5146 4847 5352 5502 5158 5272 5421 4763 4752 5376 5281 5085 5422 5086 5150 5206 5274 5336 5069 5212 5052 5055 5090 4941 5084 5084 4936 5292 5211 4885 4770 5102 5097 5146 5535 5219 5392 5174 5175 5129 5091 5172 5320 4845 5066 5088 5503 5172 5199 5585 5314 4961 5168 5554 5199 5005 5321 5217 5267 5573 5123 5103 5281 5355 5212 5755 5051 5558 5469 4862 5273 5372 5287 4980 4897 5156 4989 5186 4988 4998 5413 5321 5593 4470 5202 5174 4945 4921 5019 5087 4681 5427 5363 5025 5446 4748 4877 5399 5327 4555 5349 5171 5362 5017 4892 5433 5036 4993 5348 5290 5205 5114 5470 5519 5428 4455 4867 5494 5087 5312 5368 5035 5387 4891 4921 5164 5010 5404 5314 5519 5514 5109 5217 5582 5144 5285 5212 5266 5113 5492 5190 4958 4738 5603 5643 5293 5386 5364 5347 5364 5506 5003 5501 5166 4773 5780 5166 5284 5462 5321 5135 4949 4930 5200 5192 5257 5345 4926 5331 4980 5235 5256 5343 5206 5093 4828 5483 5493 5321 5552 5524 5385 4813 4826 5267 5243 5125 4750 5412 5113 5519 5506 5119 5370 5588 5541 5223 5013 4957 4953 4987 4961 
5227 5308 5025 5668 5622 5062 5258 5025 4676 5222 5243 5164 5040 5430 5445 5479 5067 5184 5411 5227 5577 4888 5230 5093 5197 5403 5580 5175 5375 5035 4939 4872 5042 4937 5095 5224 5609 5601 4834 5275 5355 5202 5392 5534 4897 5166 5168 4926 5593 4946 5120 5599 4920 5020 5210 4961 5369 5289 5024 5678 5636 5092 4850 5493 5404 4975 5280 4728 5101 5102 5421 5249 4932 5298 4948 5085 5323 5142 5183 5072 5078 5542 5250 5074 4893 5092 5214 5098 5525 5286 5513 4919 5148 5248 5232 5438 5165 5152 5037 5091 5356 5403 5488 5336 5114 4905 5313 5601 5291 5047 5210 5175 5130 5621 5473 5089 5101 5404 5433 5630 5191 5357 5106 4701 5187 5278 5007 5128 5176 5265 5259 4983 5064 5076 5045 5254 5351 4604 5389 5187 5033 4952 5179 5086 4754 5471 5059 4588 5319 4606 4644 5250 4952 4820 5613 5483 5860 5351 4791 5490 5124 4939 5198 5165 5318 5220 5057 5289 5200 4104 5257 5474 5052 5059 5456 5311 5345 4874 5049 5238 5191 5312 5399 5649 5446 4895 5068 5545 5345 5504 5155 5286 4982 5642 5250 5082 4757 5459 5570 5559 5451 5283 5210 4832 5495 5086 5503 5261 4750 5567 5040 5601 5298 5249 5383 4967 4970 5151 5469 5075 5447 5245 5387 5148 5395 5223 5198 5430 4829 5068 5216 5592 5437 5582 5730 5173 4995 4914 5079 5476 5149 4966 5325 5213 5663 5449 5335 5063 5420 5402 4918 5124 4710 5129 4633 5062 
5103 5428 4539 5314 5558 4914 5184 4931 4660 5442 5094 4990 5123 5479 5245 5324 5042 4850 5356 5271 5685 5046 5142 5236 5181 5269 5212 4834 5243 5113 4705 5031 5036 4640 4919 5113 5306 5101 4863 5152 5283 4720 5332 5442 5134 5181 5240 5070 5546 5019 4646 5493 4827 4842 4881 4720 4985 5170 4955 5438 5474 4886 4496 5311 5249 4968 5324 4960 4762 5179 5399 5234 4968 5001 4936 5102 5226 4938 5257 5129 5160 5096 4960 4891 4639 5103 5414 5290 5282 5255 5606 4833 5194 5333 5087 5223 5174 4640 5106 4910 5505 5539 5241 5432 4951 4922 5103 5525 4957 5116 5109 4959 5073 5471 5221 5075 5126 5211 5362 5386 5134 4885 5046 5056 4990 5294 5071 5247 4896 5200 5091 5075 4893 4967 5201 5022 5568 4705 5110 5214 5208 5017 5186 5339 5077 5698 4819 4680 5012 4468 4443 5351 4951 4762 5266 5229 5738 4987 4779 5139 5284 5077 5188 5281 5035 5047 5207 5282 5134 4388 5257 5462 5022 4861 5207 5340 5349 4880 5033 5251 5155 5310 5156 5299 5047 4803 4970 5190 5360 5243 5459 5439 5013 5244 5009 4983 4796 5163 5331 5345 5443 5100 5449 5416 5310 5096 5291 5120 5040 5223 5021 5357 5373 5277 5172 4920 4866 5363 5379 5053 5021 5245 5412 5206 5362 5339 5119 5226 4721 4444 5379 5834 5599 5629 5536 5243 4746 4998 5120 5424 5040 4841 4878 4986 5365 5427 5178 5193 5003 5467 5123 4922 5086 4841 5077 4877 
4931 4939 4478 4978 4932 4720 4988 4430 4393 4616 4817 4662 4736 4841 5100 4970 4755 4665 4799 4460 4807 4339 4912 4658 4737 4719 4982 4461 4923 4792 4633 4428 4654 4463 4702 4695 4927 4828 4500 4725 4758 4802 4875 5089 4781 4806 4885 4662 5044 4425 4495 4783 4761 4646 4712 4532 5065 4848 4562 5223 5177 4226 4143 5148 4960 4934 4927 4572 4695 4660 4872 4826 4600 4762 4413 4823 4840 4778 5126 4977 4501 4993 4774 4580 4299 4552 4965 4683 4859 4680 5301 4379 4730 4895 4657 4770 4607 4497 4623 4736 4983 4827 4849 5274 4679 4404 5228 5125 4836 4576 5052 4703 4659 5145 4700 4401 4895 4721 4752 4831 5090 4780 4467 4303 4875 4933 4635 4777 4624 4785 4585 4629 4589 4752 4758 4918 5077 4241 4506 4851 4599 4737 4744 5122 4523 5037 4601 4445 4728 4126 4399 5108 4675 4328 4851 4598 5152 4804 4244 5085 4555 4411 4748 4825 4493 4771 4983 4876 4796 4246 4648 4957 4636 4796 4845 5025 4557 4597 4650 4786 4684 4979 4766 5093 4428 4632 4641 5050 5154 5166 4818 5091 4580 5192 4855 4627 4452 4958 5026 4866 4767 4629 4998 4902 5103 4888 5022 4969 4283 5189 4647 4976 5060 4937 4844 4835 4742 4983 4803 4417 4820 4848 4755 4889 5000 5039 4668 5037 4520 4381 4965 5160 4888 5091 5283 4926 4477 4550 4771 5120 4783 4513 4714 4641 4951 4988 4791 4685 5195 4988 4626 4564 4441 4503 4758 4450 
4704 4809 4273 4738 4990 4463 4845 4478 4006 4752 4596 4482 4795 4805 4825 4828 4614 4559 4866 4653 4944 4288 4807 4853 4537 4705 4928 4549 4888 4793 4474 4350 4548 4394 4533 4603 4574 5014 4229 4432 4550 4445 4784 4875 4467 4778 4654 4431 4713 4624 4307 4577 4423 4461 4297 4146 4543 4782 4444 4962 4862 4348 4396 4734 4859 4770 5085 4274 4444 4573 4869 4831 4559 4697 4260 4717 4607 4479 4653 4965 4537 4592 4762 4633 4111 4503 4427 4498 4983 4688 4974 4557 4675 4263 4500 4822 4242 4601 4561 4584 5122 4783 4781 4815 4779 4256 4889 5095 4550 4642 4735 4640 4452 4875 4409 4410 4696 4759 4915 4840 4588 4877 4379 4407 4733 4932 4595 4616 4437 4674 4553 4324 4664 4477 4476 4625 4951 4323 4550 4566 4602 4577 4732 4859 4395 4861 4454 4240 4766 4209 4276 4633 4733 4096 4701 4788 4916 4941 4253 4554 4459 4554 4825 4670 4699 4370 4533 4627 4608 3984 4595 4850 4369 4567 4667 4784 4590 4433 4475 4675 4500 4817 4755 5133 4737 4404 4781 4827 4767 4943 4940 4933 4472 4959 4730 4307 4443 4819 4863 4683 4780 4738 4890 4485 5032 4473 4778 4679 3906 4941 4543 5046 4952 4654 4725 4570 4504 4667 4936 4544 4848 4891 4805 4594 4859 4741 4583 4996 4472 4212 4928 4872 4790 5209 4869 4580 4382 4844 4508 4775 4545 4308 4656 4912 4851 4920 4648 4778 5094 4819 4428 4629 4443 4609 4614 4220 
5489 5367 4898 5475 5922 4806 5301 5022 4683 5278 5429 5108 5260 5375 5472 5276 5241 5047 5589 5144 5428 5151 5467 5298 5448 5481 5219 5019 5676 5255 5080 5073 5264 4940 4993 5159 5578 5781 4981 5116 5296 5226 5461 5627 5558 5365 5382 5145 5322 4986 5043 5409 5133 4964 5252 5061 5308 5553 5085 5744 5576 4846 4697 5488 5475 5259 5426 5246 5341 5420 5461 5182 5288 5130 5097 4761 5456 5175 5255 5362 5232 5329 5233 5127 4845 5374 5325 5351 5642 5640 5550 5231 5434 5358 5264 5591 5480 4966 5065 5241 5517 5209 5369 5497 5191 5131 5236 5448 5154 5038 5240 5158 5277 5535 5278 5235 5341 5409 5426 5791 5285 5277 5246 5185 5366 5300 5305 5239 4976 5367 5223 5193 5230 5095 5142 5244 5452 4662 5359 5227 5003 5183 5056 5248 4926 5432 5067 5124 5342 4723 4842 5346 5344 4666 5363 5293 5546 5247 4735 5531 5149 5277 5531 5427 5300 5099 5351 5165 5228 4522 5078 5570 5061 5539 5244 5364 5254 5230 5123 5390 5074 5431 5484 5835 5466 5339 5482 5330 5371 5646 5440 5573 5299 5250 5229 4986 5056 5710 5611 5277 5454 5238 5664 4901 5552 5039 5457 5488 5216 5768 5312 5707 5422 5309 5452 5239 5076 5406 5530 4943 5556 5268 5371 5254 5297 5536 5075 5471 5266 4853 5440 5689 5277 5508 5941 5448 4814 5116 5295 5504 5351 4675 5189 5305 5659 5732 5366 5310 5509 5589 5235 5171 5176 5288 5142 5014 
5333 5254 4750 5265 5228 5019 5116 5053 4467 5091 5138 5220 5133 5306 5274 5197 4959 4920 5477 5054 5397 4832 5205 5210 5001 5370 5621 5220 5202 5174 4753 4896 5065 4857 4950 5118 5267 5183 4939 4844 5252 4982 5247 5380 5013 5204 5400 4782 5248 5049 4783 5119 4958 5024 4689 4902 4952 5087 5154 5299 5505 4761 4803 5349 5578 5197 5531 5258 5009 5219 5110 5113 5092 5174 4782 4983 5275 5020 4908 5160 4980 5469 5292 5122 4671 5200 5261 4735 5345 5123 5327 4917 5313 5063 4869 5234 5106 4724 5119 5032 5162 5083 5270 5434 5426 4756 5364 5339 5258 4997 5210 5215 4978 5730 5064 5218 4886 5237 5270 5424 5078 5275 4989 4899 5174 5303 5168 5109 4850 5249 5015 4617 5157 4963 5083 5033 5426 4723 5170 5092 5096 5099 4931 5375 4538 5304 4976 4881 5271 4577 4902 5199 5181 4826 5144 5039 5255 5138 4875 5092 4779 4630 5101 5010 4801 5062 5180 5268 5101 4110 5068 5447 4935 4955 4919 5370 5280 4880 5034 5191 5022 5364 5196 5840 5261 4967 4994 5686 5276 5279 5124 5353 5056 5301 5183 4857 4826 5432 5291 5269 5485 5049 5322 4975 5614 4937 5501 5174 4893 5494 5057 5388 5417 5228 5188 4796 4967 5245 5227 5073 5172 5159 4825 4818 5290 5272 5110 5439 4827 4616 5443 5368 5096 5421 5623 5097 4906 4894 4953 5428 5150 5161 5035 4966 5493 5376 5126 5460 5578 5588 4941 5260 4857 4944 5111 4964 
5789 5563 5191 5757 5911 5274 5368 5167 4551 5412 5351 5507 5345 5592 5402 5544 5417 5100 5647 5007 5460 5137 5446 5425 5428 5553 5469 5142 5889 5333 5034 5277 5376 4972 5172 5541 5384 5642 5055 5169 5603 5428 5495 5524 5271 5359 5503 5325 5528 4933 4974 5259 5367 4844 5103 5087 5478 5761 5446 5772 5569 5061 5145 5705 5471 5311 5625 5004 5197 5344 5435 5503 5265 5512 5010 5333 5436 4982 5562 5668 5520 5392 5387 5066 4989 5268 5473 5386 5754 5617 5955 5292 5586 5401 5147 5465 5322 5224 5040 5310 5683 5379 5439 5773 5454 5239 5446 5702 5184 5129 5509 5314 5286 5744 5269 5202 5564 5682 5494 5876 5377 5463 5348 5128 5495 5889 5275 4989 5182 5457 5337 5148 5222 4998 5236 5399 5775 5039 5245 5509 5253 5158 5318 5700 4976 5862 5155 5152 5578 4748 5332 5669 5292 4795 5248 5439 5543 5215 5055 5632 5288 5296 5531 5400 5051 5413 5361 5569 5322 4612 5236 5621 5219 5492 5504 5511 5607 5145 5452 5202 5333 5239 5455 5946 5280 5402 5395 5826 5405 5648 5428 5559 5595 5509 5478 5230 4962 5589 5705 5547 5647 5313 5392 5424 5662 4972 5767 5352 5013 5838 5213 5637 5559 5468 5378 5481 5416 5630 5660 5248 5517 5550 5338 5414 5586 5765 5112 5402 4885 5142 5559 5812 5442 5765 5903 5459 5173 5369 5514 5499 5347 5212 5148 5454 5894 5898 5540 5438 5752 5480 5476 5414 5043 5357 5242 5097 
5374 5296 4993 5541 5832 5345 5257 4675 4582 5360 5374 5261 5346 5437 5363 5272 5334 4981 5403 4843 5517 5259 5229 5118 5214 5407 5451 5157 5436 5129 5077 5011 5499 4833 5239 5250 5531 5435 4915 4925 5622 5036 5549 5546 5113 5096 5076 5177 5653 4924 4840 5451 5262 5138 5182 5204 5295 5384 5346 5380 5699 4724 4875 5562 5506 5183 5503 4887 5069 5354 5438 5582 5263 5217 5090 5286 5302 5113 5272 5249 4966 5256 5303 4984 4782 5321 5225 5088 5737 5230 5674 5039 5456 5150 5130 5242 5175 4901 5023 5215 5585 5303 5426 5533 5154 5131 5425 5766 5170 5145 5497 5021 5108 5678 5377 5144 5546 5350 5691 5907 5111 5559 4995 5085 5545 5561 5073 5156 5211 5505 5097 5225 5241 4945 5029 5611 5344 4640 5050 5183 4995 5011 5116 5389 4764 5317 5073 4905 5329 4645 4786 5331 5072 4901 5438 5461 5714 5380 4789 5272 5109 4953 5297 5435 5060 5026 5642 5383 5103 4425 5180 5447 5304 5374 5503 5548 5251 5094 4993 5321 5383 5249 5361 5589 5325 5036 5601 5495 5307 5519 5403 5245 5029 5493 5160 4995 5079 5393 5668 5477 5658 5494 5359 5276 5408 5040 5531 5548 4841 5326 5147 5607 5666 5419 5345 5048 5038 5441 5292 4986 5298 5295 5443 5269 5413 5381 5177 5372 5041 5061 5678 5835 5095 5836 5879 5463 4910 5174 5227 5536 5367 5041 5194 5277 5616 5514 5561 5212 5434 5473 5171 5119 5013 5165 5018 5138 
5614 5429 4796 5499 5622 5062 5594 5151 4946 5276 5307 5198 5468 5351 5259 5389 5276 4968 5363 4915 5412 4967 5390 5330 5357 5621 5595 5234 5197 5137 5088 5188 5547 5220 5079 5624 5591 5579 5158 5228 5451 5294 5353 5426 5546 5380 5342 5097 5429 5197 4995 5382 5249 5091 5087 5207 5369 5730 5144 5631 5502 4953 4980 5694 5756 5409 5608 5322 5096 5392 5624 5422 5251 5269 4916 5188 5474 5348 5426 5540 5194 5553 5493 5281 4776 5337 5470 5254 5600 5309 5941 5241 5368 5523 4982 5547 5219 5034 5285 5193 5670 5176 5564 5614 5291 5085 5478 5547 5122 5089 5577 5279 5163 5793 5244 5361 5295 5410 5375 5758 5246 5339 5067 5207 5491 5618 5387 5268 4976 5362 5319 5229 5134 5210 5043 5297 5750 4952 5252 5276 5241 5154 5124 5427 4989 5826 5190 5013 5158 4759 5073 5583 4878 4803 5212 5283 5744 5272 5052 5334 5092 5160 5480 5349 5155 5451 5557 5533 5275 4788 5461 5646 5135 5284 5362 5613 5219 5056 5309 5516 5091 5538 5479 5755 5435 5365 5280 5331 5634 5544 5447 5627 5393 5641 5148 5047 5153 5494 5678 5659 5575 5715 5621 5236 5428 5310 5828 5794 4929 5598 5254 5366 5581 5223 5348 5349 5243 5550 5703 5131 5533 5385 5501 5050 5528 5517 5244 5401 5213 4959 5467 5744 5375 5673 5761 5461 4968 5276 5035 5691 5342 5011 5283 5264 5649 5670 5240 5405 5554 5730 5272 4989 5072 5205 5306 5250 
5395 5428 4719 5521 5348 4988 5363 5109 4598 5485 5377 4981 5422 5311 5176 5283 5475 5186 5561 5062 5394 4995 5373 5153 5330 5492 5154 5117 5420 5095 5082 5007 5192 4815 4808 5177 5360 5356 5325 5039 5078 4836 5435 5367 5085 5265 5518 5256 5213 5149 4985 5279 5120 5059 4996 4960 5148 5372 5200 5459 5616 4810 4658 5366 5424 4998 5490 4979 5014 5118 5433 5399 5330 5148 4880 5109 5124 4847 4952 5424 5144 5429 5291 4825 4856 5361 5311 5309 5507 5223 5658 4840 5276 5052 4688 5308 4963 5239 5162 5113 5638 5235 5275 5496 5149 5004 5337 5795 5135 5289 5232 5236 5141 5589 5083 5026 5313 5503 5390 5645 5109 5171 5342 5213 5151 5628 5404 5320 4874 5237 4938 5082 5092 4882 5360 5215 5623 4851 5407 5430 5100 5212 5289 4984 4750 5477 4943 4782 5364 4573 4655 5238 5144 4875 5241 5551 5431 5120 4789 5193 5160 5079 5360 5254 5104 5041 5200 5548 5168 4577 5151 5374 5177 5326 5517 5344 5157 4900 4960 5340 5268 5406 5118 5636 5027 5085 5207 5481 5318 5584 5151 5551 5163 5578 5155 5173 4875 5441 5437 5346 5432 5224 5219 5059 5518 4806 5342 5135 4950 5613 5053 5408 5387 5409 5023 4929 4955 5128 5095 4935 5163 5340 5223 5050 5162 5158 5027 5384 5028 4729 5581 5597 5089 5766 5575 5338 4892 4890 5246 5449 5257 5036 5273 5182 5345 5592 5049 5130 5413 5589 5199 5163 4975 4985 5126 4965 
5144 5202 4570 5070 5007 4838 4954 4884 4510 5273 4941 4935 4948 5155 5074 4961 5201 4948 5020 4602 5080 4903 4906 5101 4972 5238 5073 4888 5153 4906 4665 4723 4979 4796 5182 4642 5276 5423 4481 4798 5274 5040 5064 5527 5208 4978 5034 4638 4805 4598 4515 4745 5031 4657 5195 4894 5118 5413 4936 5293 5192 4533 4630 5429 5065 4759 5176 4977 4696 5142 5298 5059 4871 4770 4903 4808 4872 4766 5055 5144 5007 5145 5172 4894 4551 5051 4890 4882 5221 5105 5376 4972 5039 5083 5308 4889 5000 4548 4823 4709 5198 5144 5146 5238 5003 4680 4818 5374 5028 4851 5209 4904 5227 5262 4767 4765 5138 5197 5469 5663 4881 5130 4849 4915 5392 4957 5165 4958 5046 5162 4922 4918 5165 4645 4915 5137 5281 4599 5065 5041 4889 4892 5082 5176 4610 5408 4832 4726 5005 4419 4656 5319 4772 4480 5160 5064 5062 4717 4692 5254 4842 4782 4904 5066 4967 5127 4944 5247 5027 4125 5102 5266 4957 5132 4965 5500 5336 4834 4917 5026 5033 5030 5120 5449 5093 4883 5140 5336 5372 5295 4942 5097 4802 5143 4924 4857 4647 5201 5546 5055 5254 5150 5145 5097 5203 4820 5279 4825 4707 5256 4746 5260 5186 5136 4921 4529 4851 5179 5327 4785 5139 4902 5239 5092 5150 5247 5219 5327 4915 4715 5249 5536 5211 5215 5563 5158 4603 5180 5133 5340 4916 4911 5053 5025 5635 5411 5025 5126 5145 5200 4884 4868 4578 4955 5072 4940 
5259 5476 4705 5710 5709 4956 5359 5074 4552 5347 5631 5386 5477 5212 5362 5609 5336 5416 5601 5244 5721 5008 5315 5310 5434 5379 5521 5492 5545 5480 5182 5070 5357 4776 5262 5569 5757 5584 5019 5235 5370 5285 5440 5648 5494 5510 5404 5002 5344 5208 5314 5623 5265 5243 5319 4983 5316 5565 5170 5545 5743 5105 5120 5558 5840 5298 5447 5147 5281 5533 5499 5640 5254 5327 4761 5423 5456 4951 5071 5411 5256 5513 5697 5302 5018 5385 5285 5368 5715 5495 5814 5234 5372 5287 5253 5565 5333 5373 5468 5318 5825 5424 5503 5502 5180 5331 5491 5887 5351 5192 5199 5116 5440 5753 5590 5299 5400 5733 5527 5694 5447 5348 5227 5126 5279 5729 5356 5300 5317 5568 5391 5334 5237 4982 5214 5372 5761 4968 5354 5536 5041 5412 5479 5247 4833 5822 5087 4988 5299 4914 4704 5679 5356 5011 5330 5602 5804 5480 5205 5570 5318 5104 5585 5455 5492 5324 5575 5357 5349 4580 5416 5616 5121 5621 5378 5528 5385 5366 5253 5571 5205 5604 5482 5690 5430 5055 5259 5626 5353 5570 5291 5866 5123 5394 5312 5022 5104 5352 5717 5595 5534 5221 5696 5184 5692 5090 5556 5330 4801 5455 5270 5651 5493 5453 5314 5376 4979 5565 5706 5423 5482 5534 5668 5156 5468 5361 5141 5548 4987 5069 5481 5851 5164 5947 5801 5574 5166 5388 4975 5654 5326 4975 5343 5274 5774 5481 5212 5646 5584 5708 5302 5054 5283 5199 5142 4995 
5139 5465 4686 5268 5335 4945 5143 4974 4740 5400 5373 5087 5250 5352 5133 5236 5266 5008 5400 5123 5249 5020 5331 5408 5541 5410 5425 4931 4969 4920 4948 5125 5249 4959 4648 5169 5558 5316 4928 4916 5270 4912 5480 5509 5103 5373 5294 4954 5373 5202 4938 5314 5067 4872 5122 5428 5392 5344 4938 5380 5535 4888 4813 5328 5277 5131 5464 4978 5169 5127 5230 5182 5174 5325 4984 5004 5438 4837 5123 5392 4924 5287 5100 5110 4560 5504 5345 5081 5433 5408 5591 4929 5082 5250 4932 5247 5326 4763 5123 5092 5533 5188 5165 5404 5005 4638 5371 5571 5213 5019 5358 5253 5032 5442 5266 5133 5138 5445 5212 5696 5107 5361 5223 4996 5314 5339 5347 5187 5237 5254 4680 4770 4925 5077 4932 5463 5536 4516 5169 5260 4823 5023 5094 5391 4766 5389 4946 4944 5354 4654 4844 5468 5055 4770 5239 5042 5434 5275 4578 5120 5027 4865 5267 5348 5021 5300 5599 5365 5125 4482 5316 5307 5013 5195 5336 5145 5089 4884 4990 5153 4997 5202 5121 5744 5222 5239 5394 5381 4937 5417 5224 5467 5185 5436 4903 4833 5015 5457 5668 5467 5493 5526 5480 4989 5508 4822 5490 5301 5071 5598 4982 5389 5235 5329 5017 4956 4783 5271 5388 5088 5370 5259 5081 5139 5356 5008 5256 5220 4966 4693 5726 5545 5170 5609 5566 5297 5014 4891 5078 5493 4873 4586 4915 5100 5518 5331 5218 5151 5235 5586 5182 4975 5137 5282 5255 4911 
5621 5644 4847 5332 5840 5347 5431 5174 4747 5467 5444 5271 5418 5595 5684 5721 5556 5482 5827 5094 5724 5193 5456 5293 5578 5473 5546 5305 5559 5500 5284 4893 5079 4978 5018 5668 5462 5652 5005 5380 5681 5192 5326 5604 5385 5555 5537 5056 5705 5157 5222 5456 5377 5402 5161 5160 5701 5470 5143 5646 5742 5033 4725 5724 5377 5224 5649 5235 5384 5318 5815 5586 5439 5367 5053 5319 5562 5289 5243 5603 5148 5533 5456 5137 5121 5576 5600 5296 5596 5409 5557 5290 5400 5650 5283 5559 5350 4954 5296 5338 5518 5512 5544 5667 5509 5058 5294 5572 5409 5543 5525 5433 5335 5669 5255 5429 5483 5516 5570 5800 5648 5515 5461 4864 5510 5531 5343 5263 5307 5619 5286 5346 5483 5096 5526 5777 5529 4954 5332 5161 5046 5328 5328 5764 4987 5656 5287 4940 5549 4672 5116 5750 5095 4908 5607 5462 5863 5064 4975 5534 5278 5325 5533 5537 5365 5533 5474 5369 5469 4591 5269 5792 5340 5441 5565 5471 5535 5362 5363 5609 5391 5645 5455 6063 5396 5279 5427 5573 5337 5516 5580 5848 5318 5643 5251 5071 4922 5493 5583 5428 5725 5414 5777 5397 5673 5214 5658 5252 5069 5792 5339 5493 5502 5003 5399 5304 5083 5565 5612 5258 5285 5320 5508 5424 5574 5609 5382 5433 5176 5114 5743 5881 5536 5751 5837 5651 5039 5111 5428 5756 5374 5187 5270 5309 5717 5711 5435 5480 5769 5570 5211 5193 5194 5144 5555 5340 
5485 5601 5007 5790 5663 5075 5502 5089 4733 5716 5373 5280 5322 5450 5166 5521 5405 5079 5544 5204 5431 5375 5200 5413 5633 5529 5330 5462 5575 5428 5180 5591 5486 4768 5297 5427 5637 5665 5252 5406 5592 4939 5430 5620 5298 5301 5140 5244 5449 5104 4929 5462 5312 5056 4851 5223 5476 5423 5284 5243 5783 5139 5040 5202 5283 5181 5626 5118 5418 5175 5536 5564 5325 5146 5068 5421 5194 4954 5360 5512 5512 5273 5355 4904 5042 5290 5521 5440 5703 5231 5801 5245 5504 5491 5365 5586 5440 4838 5193 5123 5804 5729 5395 5435 5410 5145 5453 5678 5176 5428 5438 5223 5159 5730 5610 5371 5254 5339 5590 5966 5217 5339 5423 4967 5592 5783 5432 5220 5302 5398 5198 5227 5166 5290 5090 5523 5658 4972 5470 5497 5348 5417 5369 5492 4858 5803 5040 5354 5375 5032 4923 5596 5181 5028 5673 5571 5740 5285 5188 5489 5284 5373 5610 5487 5403 5444 5318 5451 5216 4658 5324 5869 4975 5592 5568 5560 5369 5097 5186 5317 5186 5431 5669 5773 5263 5128 5275 5781 5634 5615 5332 5801 5319 5354 5305 5306 5035 5407 5786 5649 5611 5370 5347 5151 5849 4958 5386 5413 4964 5826 5422 5630 5392 5699 5522 5167 5225 5372 5705 5430 5407 5383 5556 5236 5303 5238 5320 5365 5004 5069 5594 5786 5216 5713 5741 5282 5000 5007 5234 5391 5178 5165 5302 5294 5790 5843 5517 5416 5519 5464 5335 5140 5349 5064 5242 5055 
5264 5026 4547 5499 5416 4794 5157 4849 4408 5216 5043 4901 4968 5243 5347 5136 4898 4938 5233 5188 5248 4821 5255 5084 5181 5393 5286 5012 5253 4949 4757 4993 5137 4621 4910 5202 5343 5364 4811 4679 5151 4754 5109 5405 4814 5026 5129 4893 5102 4917 4815 5222 4896 4828 4804 5110 4986 5469 4668 5494 5379 4710 4817 5412 5457 5138 5124 4662 5065 4861 5247 5205 5062 5244 4774 4879 4947 5215 5020 5422 5038 5154 5006 4794 4583 5261 5130 4973 5450 4963 5399 4757 5050 5086 5038 5207 5213 4797 4740 4966 5475 5191 5173 5298 4940 4913 5069 5360 5058 5075 5217 5019 5042 5368 5279 4941 5198 5341 5429 5325 5287 5038 5107 4814 5224 5304 5300 4956 5239 5152 4976 5063 4927 4820 5230 5380 5622 4765 5104 4917 5080 5000 4878 5333 4932 5368 4768 4694 4999 4522 4669 5203 4982 4623 5097 5034 5326 4911 4739 5107 4861 4639 5362 5169 5013 4937 5489 5172 4996 4231 4895 5289 5016 5166 5005 5421 5137 4854 4910 5139 4963 5209 5352 5343 5164 5150 5218 5359 5227 5375 5096 5448 4808 5562 4946 4720 4908 5604 5296 5185 5524 5251 5295 4959 5453 4802 5216 5182 4756 5207 4862 5533 5074 4951 5079 5141 5068 5189 5494 4981 5254 5052 5254 4941 4958 5217 4965 5299 4620 4610 5408 5738 5312 5291 5687 5066 4869 5039 4956 5446 5013 4743 4912 5121 5319 5509 5243 5084 5115 5322 4959 5026 4905 5132 4992 4937 
5536 5572 4633 5405 5363 5061 5462 4958 4762 5334 5245 5255 5650 5413 5279 5706 5293 4922 5243 5155 5492 4866 5126 5247 5356 5414 5288 5100 5583 5080 4993 4954 5183 5162 5118 5181 5452 5479 5182 4922 5318 4997 5394 5250 5074 5169 5268 4963 5255 5193 5128 5334 5191 4982 5099 4948 5367 5546 5391 5522 5691 4975 4771 5621 5418 5323 5519 4960 5268 5219 5313 5233 5158 5330 4906 5321 5436 5041 5309 5713 5223 5436 5297 5308 4997 5230 5645 5296 5510 5510 5653 5255 4987 5282 5123 5488 5248 4706 5095 4870 5345 5292 5258 5571 5279 5142 5301 5427 4699 5103 5283 5270 5218 5510 5360 5290 5214 5319 5340 5690 5288 5608 5052 4994 5667 5581 5151 5149 5232 5222 5016 5232 5235 5152 5051 5441 5473 4839 5142 5183 4836 5181 5203 5568 4996 5785 4846 5103 5183 4747 4847 5332 5104 4911 5451 5326 5447 5068 4691 5400 5320 5181 5101 5445 5123 5368 5326 5435 5331 4616 5315 5191 5001 5210 5299 5417 5434 5077 5114 5354 5223 5344 5190 5565 5003 5086 5388 5544 5354 5481 5285 5646 5053 5336 5151 4957 5208 5483 5570 5524 5451 5210 5284 5155 5638 4872 5376 5535 4834 5412 5149 5591 5142 5296 5314 5164 4979 5444 5341 5056 5152 5287 5431 4979 5407 5290 5493 5465 4805 4956 5368 5671 5187 5707 5781 5358 5073 5043 4970 5529 5080 4897 5157 5230 5670 5613 5343 5446 5421 5493 5626 5197 5103 5137 4901 4826 
4895 4814 4249 4948 4881 4515 4797 4569 4352 4878 4934 4585 4840 4815 5137 4845 4914 4471 4991 4541 4966 4400 4832 4918 4927 4773 4734 4820 4788 4888 4561 4495 4766 4166 4597 4756 4984 4988 4673 4534 4830 4701 5093 4938 4599 4869 4673 4588 5084 4295 4823 4675 4815 4313 4600 4654 5090 4868 4734 4997 5167 4296 4367 5244 5149 4765 4954 4659 4720 4611 4963 4914 4931 4768 4657 4657 4982 4771 4797 5021 4646 4954 4887 4801 4441 4627 4956 4625 5012 5021 5472 4605 4838 4868 4952 4775 4619 4543 4678 4703 5174 4761 4925 5029 4687 4620 4759 5117 4778 4595 4830 4584 4768 5138 4793 4548 4715 5197 5092 5005 4730 4669 4737 4453 5034 4775 4844 4738 4522 4845 4828 4763 4536 4841 4617 4987 5214 4254 4696 4579 4446 4735 4593 4956 4330 5138 4460 4660 4826 4216 4317 5064 4755 4441 4902 5082 4973 4764 4528 5068 4847 4735 4815 4736 4661 4738 4882 4708 4917 4252 4624 5000 4735 5037 4674 4949 4780 4455 4865 4716 4607 5062 4978 5315 4965 4867 4666 5012 4926 4986 4979 5099 4832 4877 4906 4657 4399 4901 4937 4947 4862 4788 5017 4629 4964 4814 4891 4909 4428 5170 4844 5024 4901 4858 4804 4533 4425 5147 5126 4611 4699 4974 4933 4839 4952 5019 4526 4904 4611 4311 5081 5028 4753 4975 5373 4895 4415 4882 4684 4985 4871 4417 4548 4808 5137 5059 4733 4884 4906 4929 4780 4646 4591 4753 4864 4367 
5639 5414 4843 5455 5464 5094 5284 5016 4721 5306 5499 5230 5225 5213 5269 5591 5230 5010 5243 5116 5421 5031 5265 5416 5299 5260 5090 5249 5344 5197 4918 4875 5270 4705 4955 5248 5158 5334 5032 5091 5262 5174 5383 5348 5184 5175 5072 4927 5578 4872 5140 5123 5276 5151 5210 5160 5273 5412 5223 5498 5775 4682 4852 5687 5507 5423 5450 5053 5069 5418 5377 5512 5155 5167 5102 5244 5442 4927 5177 5357 4974 5419 5426 4946 4730 5258 5308 5092 5516 5018 5592 5032 5221 5115 5095 5198 5147 4778 5018 5269 5233 5229 5080 5443 5201 4904 5424 5602 5073 5134 5355 5222 5295 5535 5160 5245 5030 5437 5385 5668 5399 5325 5102 4886 5443 5438 5140 5068 4981 5404 5353 4977 5191 4864 4987 5523 5498 4690 5313 5151 4770 4930 5262 5332 4868 5484 4954 5015 5020 4623 4748 5537 5015 4709 5220 5259 5345 5115 4851 5313 5293 4755 5454 5278 5079 5226 5249 5359 5137 4435 5089 5403 5020 5235 5157 5223 5432 5169 5016 5363 5149 5279 5337 5607 5300 4942 5302 5516 5416 5385 5090 5626 5176 5419 5199 5077 4761 5261 5656 5389 5444 5119 5441 5203 5595 5279 5273 5327 4740 5368 5102 5610 5038 5199 5455 5296 4843 5232 5443 5275 5418 5492 5200 5184 5255 5393 5193 5144 4927 4947 5455 5757 5032 5559 5784 5484 5131 5057 5046 5716 5333 5007 5306 5072 5508 5527 5144 5098 5463 5536 5238 5156 4963 5170 5141 5088 
5402 5301 4742 5378 5426 5013 5075 5111 4490 5416 5308 5299 5192 5315 5314 5344 5149 4993 5495 4976 5202 4698 5102 4999 5213 5383 5184 5083 5364 4824 4909 4827 5357 4500 4857 5102 5197 5361 5012 5048 5128 4917 5471 5535 5131 5160 5273 4806 4895 4876 4807 5156 5067 5004 4820 5008 5152 5299 5059 5453 5486 4917 4583 5379 5300 4953 5396 4967 4788 5167 5442 5188 4902 5363 4882 5171 5186 4848 4962 5760 4937 5048 5032 5104 4609 5224 5235 5178 5465 5038 5483 4960 5159 5058 5104 5275 5095 4727 5025 4983 5458 5337 5342 5198 4943 4587 5371 5589 5050 5030 5324 5185 5170 5536 4770 5125 4863 5467 5444 5563 4977 5258 4962 5111 5347 5406 5191 5074 4721 4993 5072 5093 5193 4872 4923 5008 5400 4680 4846 5234 4814 5161 5116 5261 4938 5592 4819 5120 5215 4527 4733 5481 4938 4629 5242 5110 5317 5119 4598 5046 4728 4958 5315 5137 4854 5131 5142 5371 4900 4369 5180 5228 4980 5014 5053 5179 5203 5039 5198 5051 4993 5313 5208 5627 5076 4832 5005 5620 5068 5420 5140 5159 5030 5277 5122 5026 5024 5230 5445 5290 5287 5118 5270 5090 5541 4919 5296 5120 4724 5332 4646 5487 5118 5425 5331 5061 5213 5232 5163 4993 5063 4939 5033 5173 5409 5126 5169 5345 4877 4751 5326 5498 4954 5599 5471 5109 5070 5131 5108 5355 5075 4899 5101 5237 5517 5629 5260 4886 5471 5513 4949 5078 4939 5149 5031 4735 
5055 4697 4253 5055 4999 4468 4562 4390 4222 4883 4721 4716 4672 4810 5185 4572 4832 4733 4789 4458 4975 4444 4725 4854 4662 4759 4671 4464 4980 4529 4667 4436 4733 4312 4693 4802 4755 5033 4311 4526 4778 4554 4701 5064 4776 4900 4862 4506 5010 4378 4370 4813 4690 4464 4611 4355 4832 4881 4507 4866 4861 4198 4049 4709 4860 4501 4707 4464 4433 4774 4608 4786 4364 4617 4538 4606 4601 4592 4695 4690 4692 4807 4726 4788 4075 4550 4761 4838 5029 4914 4990 4584 4528 4511 4736 4962 4460 4240 4564 4688 4654 4624 4672 4914 4718 4544 4794 4996 4558 4500 5053 4543 4557 4841 4717 4351 4676 4809 4595 5080 4591 4683 4479 4339 4817 4791 4651 4613 4535 4891 4712 4453 4702 4389 4639 4703 4764 4534 4599 4519 4181 4486 4519 4644 4362 4951 4522 4177 4662 4159 4444 5091 4567 4014 4732 4659 5009 4764 4383 5048 4716 4542 4640 4646 4515 4514 4675 4891 4524 3905 4642 4614 4389 4566 4763 4591 4705 4278 4655 4599 4740 4592 4833 5038 4945 4603 4787 4907 4901 4981 4569 4684 4680 4774 4699 4507 4348 4854 5019 4655 5001 4822 4626 4649 4654 4567 4985 4659 4409 4990 4637 4703 4779 4773 4549 4548 4493 4756 5006 4648 4720 4638 4757 4621 4759 4802 4891 4841 4392 4401 4886 5003 4686 4970 5002 4750 4386 4292 4368 5039 4589 4453 4542 4796 5187 5025 4912 4564 4790 4852 4678 4464 4329 4387 4570 4558 
5428 5369 4740 5627 5431 4968 5172 5003 4893 5335 5566 5351 5159 5285 5384 5374 5101 5195 5425 5046 5435 4920 5334 5473 5238 5664 5489 5207 5033 5398 4897 5111 5590 4832 4872 5366 5424 5410 5238 4943 5367 5192 5187 5373 5369 5224 5462 5133 5257 4782 5186 5164 5186 4787 5126 5178 5530 5358 5053 5583 5526 4900 4774 5467 5450 5361 5319 5315 5117 5396 5362 5552 5286 5526 4903 5379 5766 4915 5297 5579 4844 5464 5389 5003 4617 5276 5475 5263 5575 5324 5709 5471 5403 5190 5233 5331 5252 4807 5119 5399 5611 5258 5434 5507 5225 4965 5337 5609 5215 5132 5509 5458 5502 5584 5166 5157 5081 5680 5312 5755 5400 5404 5312 4962 5795 5647 5350 4953 4915 5131 5030 5212 4906 5003 4959 5535 5628 4939 5323 5099 5175 5400 5212 5513 4897 5513 4993 4950 5374 4703 4582 5512 5195 4668 5337 5101 5434 5335 4690 5421 5098 4935 5525 5380 5227 5237 5404 5695 5564 4580 5137 5658 5072 5408 5248 5474 5107 5020 5022 5255 5073 5297 5506 5868 5228 5102 4971 5621 5200 5463 5488 5530 5347 5705 5376 5041 4934 5520 5743 5627 5409 5095 5394 5299 5659 5184 5412 5373 4973 5483 5051 5424 5239 5498 5171 5103 5057 5278 5381 5182 5612 5522 5235 5330 5646 5331 5320 5239 4849 5082 5583 5456 5051 5415 5768 5246 4862 4893 5222 5584 5338 4942 5115 5204 5605 5521 5380 5334 5582 5348 5103 5023 4970 5202 5334 5224 
5199 4912 4632 4925 5362 4804 5077 4862 4038 5032 4943 4716 4927 4878 4996 4823 5132 4852 5165 4518 5057 4503 4950 4769 5051 5114 4932 4636 5095 4780 4981 4538 4907 4587 4607 4956 5011 5114 4717 4763 5021 4879 4832 5247 5054 5237 5148 4842 5362 4729 4486 5214 4980 4557 4590 4631 5008 5006 4712 5012 5271 4507 4567 5095 5076 5015 5240 4804 4715 4990 5184 4602 4895 4580 4620 4625 4962 4580 4796 4924 5137 4951 4747 4964 4516 4900 5169 4886 5183 5075 5373 4772 4986 4765 4613 5032 4809 4529 4794 4916 5182 5210 4870 5370 4852 4578 5042 5368 5015 5042 4973 4497 4897 5232 4877 5097 5307 4865 5239 5354 4865 4991 5015 4711 5026 5211 4809 4883 4484 5117 4558 4905 4794 4496 4830 4988 5293 4425 4869 4943 4555 4865 4879 5197 4430 5349 4730 4623 4999 4315 4592 5292 4867 4701 5175 5010 5033 5116 4810 5285 4670 4648 4771 4873 4830 4619 5101 4926 4985 4146 5100 5192 4765 5040 4997 5168 5081 4671 4684 4983 4599 4974 5145 5196 4790 5022 5065 5218 5083 5143 5192 5278 4589 5281 4822 4721 4675 5128 5072 5008 5139 4967 4888 4949 5009 4811 4920 5017 4813 5231 5087 5365 4937 5118 4958 4907 4943 5075 4887 4897 4987 4939 5152 4970 5035 4805 4970 4949 4600 4770 4878 5445 4876 5336 5356 5042 4797 4851 4958 5376 4977 4566 4933 4984 5250 5150 5261 4887 5279 5273 5054 4705 4622 4738 4852 4807 
5336 5626 4702 5355 5357 5240 5180 4899 4818 5340 5419 5239 5183 5458 5325 5388 5086 4978 5174 5039 5345 4961 5153 5474 5185 5135 5238 5052 5167 5254 4848 5311 5069 4690 5280 5076 5495 5214 4585 4965 5416 4689 5462 5484 5138 5247 5274 4953 5258 5010 5019 5325 5196 4934 5228 5081 5440 5371 5130 5553 5508 4695 4552 5580 5323 5041 5217 5105 5066 5223 5299 5274 4972 4984 5005 4987 5402 4719 5078 5250 4972 5385 5451 5027 4731 5193 5247 5251 5404 5319 5820 4813 5252 5144 5034 5320 5062 4903 5028 5326 5732 5369 5099 5522 5206 4974 5176 5527 5092 4960 5268 5186 5293 5352 5165 5192 5177 5343 5382 5577 5051 5394 5043 5117 5348 5304 5155 5143 4949 5248 5164 4935 5063 4857 4892 5421 5644 4772 5358 5440 5042 5167 5190 5213 4934 5744 5065 4988 5101 4694 4834 5379 4901 4560 5189 5128 5552 4943 4985 5314 5093 4982 5375 5301 5327 5173 5033 5409 5134 4484 5184 5518 5119 5231 5590 5218 5420 5285 5178 5201 4968 5213 5390 5654 5501 4934 5244 5486 5171 5291 5233 5447 5152 5267 5087 5175 4729 5471 5758 5551 5488 5371 5462 5092 5571 5315 5280 5217 5040 5335 5015 5558 5568 5276 5406 5102 4833 5487 5436 5070 5342 5358 5306 4940 5496 5328 5225 4967 4950 4759 5609 5706 5019 5622 5753 5258 5008 5294 5030 5271 5132 5095 5089 5310 5653 5517 5171 5241 5410 5574 5035 5198 5091 5114 5110 5064 
5459 5427 4716 5391 5631 4866 5086 4979 4538 5404 5283 5185 4908 5395 5291 5360 5029 5080 5160 4822 5400 4848 4987 5219 5282 5575 5169 5184 5066 5203 4850 5126 5017 4742 4966 4877 5467 5324 4915 5043 5021 5462 5413 5311 5155 5196 5169 4983 5394 5046 5039 5277 4836 4773 4980 4974 5175 5480 5173 5414 5636 4901 4737 5376 5533 5312 5210 5081 4907 5207 5340 5360 5050 5195 4928 5130 5421 4932 5330 5435 5038 5098 5196 5211 4619 5220 5378 4998 5396 5218 5701 4786 5283 5316 5111 5285 5059 5098 5292 5038 5420 5231 5374 5175 5142 4905 5114 5771 4828 4910 5054 4712 5181 5757 5224 5075 5071 5488 5315 5770 5200 5355 4981 5157 5465 5242 5126 5247 4790 5449 5068 5045 4997 5013 5029 5222 5531 4679 5316 5087 5028 5076 5068 5270 4653 5532 5018 5085 5291 4594 4735 5372 4920 4863 5283 5453 5289 5126 4802 5366 5177 5119 5318 5035 5248 5264 5335 5262 5254 4460 5116 5552 5034 5166 5498 5370 5459 4929 5088 5261 5011 5278 5343 5530 5205 5033 5420 5563 5266 5526 5129 5596 5264 5441 4916 4909 4650 5129 5565 5513 5356 5260 5608 5069 5271 4934 5491 5264 4932 5182 5080 5149 5321 5247 5257 4963 4848 5323 5619 5179 5540 5432 5109 5297 5374 5171 5010 5248 4929 4868 5597 5594 5095 5475 5513 5387 4830 5195 4936 5619 5085 4904 5148 5044 5515 5483 5416 4912 5434 5448 5048 4968 5248 5088 5004 4842 
5520 5729 4970 5841 5982 5257 5738 5151 4889 5385 5587 5255 5602 5853 5269 5684 5335 5289 5711 5371 5871 5109 5631 5379 5377 5695 5634 5470 5502 5609 5265 5392 5592 5014 5317 5455 5756 5775 5180 5444 5638 5390 5663 5796 5440 5582 5472 5590 5574 5504 5083 5488 5195 5287 5225 5206 5493 5517 5314 5695 5715 5294 5163 5630 5782 5489 5927 5260 5206 5579 5690 5400 5370 5555 4965 5658 5611 5375 5508 5703 5533 5384 5549 5361 5043 5342 5649 5392 5793 5617 5934 5367 5762 5297 5386 5619 5340 5019 5107 5318 5812 5575 5468 5634 5330 5427 5669 5714 5168 5420 5513 5791 5359 6077 5624 5379 5377 5523 5566 5893 5575 5648 5328 5360 5647 5864 5666 5478 5454 5508 5325 5405 5339 5202 5500 5544 5798 4941 5319 5341 5318 5377 5308 5608 5208 5704 5540 5113 5598 4871 5116 5719 5431 4970 5579 5421 5843 5538 4965 5456 5324 5229 5713 5664 5253 5380 5681 5734 5410 4791 5504 5584 5285 5498 5585 5514 5362 5105 5340 5376 5426 5902 5606 5996 5487 5342 5300 5832 6027 6049 5436 5713 5336 5645 5149 5193 5262 5562 6023 5617 5704 5421 5558 5482 5693 5423 5643 5716 5044 5836 5255 5644 5734 5760 5511 5412 5332 5432 5485 5236 5566 5596 5740 5525 5662 5659 5568 5503 5073 5027 5808 5649 5329 5903 6090 5440 5141 5363 5355 5718 5424 4955 5485 5587 5915 5966 5572 5611 5679 5463 5458 5401 5437 5351 5436 5177 
5062 5093 4531 4976 5472 4900 5081 4687 4245 5038 5081 4820 5025 5187 4770 5268 5060 4744 5364 4827 5277 4698 4946 4943 4874 5193 5292 4846 5138 4697 4744 4526 5204 4556 4970 4808 5262 5282 4734 4717 4990 4770 4972 5375 4817 4833 5176 4715 5028 4828 4563 4727 4781 4805 4947 4828 4909 4920 4868 5152 5119 4478 4366 5406 5194 5045 5210 4499 4908 5108 5239 5318 4680 4954 4664 4753 4948 4726 5005 5130 4800 4700 5142 4787 4726 4973 4924 4843 5046 4951 5432 4789 4984 5136 5114 4983 5010 4520 4905 4629 5182 5005 5154 5181 4706 4815 5233 5291 4797 4720 4887 5174 4947 5303 5023 4668 5037 4963 5447 5432 5132 4846 4660 4444 5174 5109 4837 4898 4789 5059 4818 4770 4932 4425 5131 5074 5251 4523 4828 5022 4758 4992 5034 5081 4730 5001 4601 4704 5099 4316 4602 4951 4995 4498 5094 5014 5107 5120 4678 5189 4840 4724 4860 5157 4885 5041 5256 5057 5018 4121 5035 5366 4831 5139 4895 5254 5284 4948 4779 4973 5056 4980 5212 5506 4779 4711 5286 5179 4996 5306 4971 5192 4566 5091 4974 4714 4625 5243 5223 5223 5093 4970 5363 4875 5376 4906 5212 4949 4418 4994 4809 5286 5221 5117 5012 4771 4828 5191 5345 4858 4992 4813 5069 4933 5147 5050 5107 5115 4679 4694 5254 5409 5075 5284 5435 4994 4899 4808 5056 5156 4968 4853 4970 4867 5367 5284 5098 5021 4849 5113 4805 4935 4855 4750 5038 4857 
5605 5348 4838 5544 5509 5162 5157 5114 4744 5277 5408 5439 5104 5576 5476 5370 5225 5131 5453 5162 5557 4782 5383 5414 5138 5526 5437 5308 5341 5321 4948 5106 5168 5075 5192 5162 5670 5345 5048 5288 5767 5110 5703 5541 5331 5530 5499 5168 5446 4933 5061 5285 5096 5272 4812 5067 5440 5354 5207 5639 5672 4948 4778 5475 5259 5430 5647 5029 5077 5293 5621 5278 5098 5252 4871 5147 5328 4727 5244 5514 4949 5396 5404 5139 4883 5051 5372 5058 5468 5340 5828 5209 5333 5330 5104 5226 4980 5112 5270 5034 5418 5394 5480 5368 5450 5020 5417 5725 5209 5299 5375 5316 5297 5544 5238 5177 5127 5302 5533 5717 5273 5400 5227 4811 5482 5579 5280 5073 4848 5076 5157 5102 5258 4782 5121 5437 5451 4950 5165 5414 5033 5233 5119 5405 4902 5679 5102 4896 5187 4464 4860 5375 5370 5137 5467 5365 5636 5281 4987 5535 5266 5064 5526 5517 5063 5249 5442 5497 5486 4411 5147 5593 5021 5225 5229 5428 5519 5118 5052 5280 5331 5402 5470 5922 5359 5028 5110 5430 5476 5569 5484 5620 5108 5575 5112 5171 4910 5493 5648 5578 5462 5348 5553 5326 5626 5343 5501 5219 4711 5442 5158 5621 5446 5513 5251 5147 4998 5294 5464 5113 5563 5352 5549 5092 5471 5205 5372 5430 4835 5081 5555 5793 5320 5685 5857 5302 5055 4937 5012 5805 5389 5199 5283 5289 5767 5643 5308 5317 5365 5590 5030 5278 5075 5280 5169 5151 
5324 5065 4719 5217 5379 5061 5042 4760 4584 5250 4927 4962 4935 5374 5267 5095 4957 4799 5319 5026 5142 4889 5220 4963 4972 5031 4875 4912 5230 5101 4967 4939 5135 4579 4967 5001 5278 5133 4723 4784 5084 5035 5333 5366 5120 4896 5353 4796 5128 4826 4622 5047 4756 5018 5085 4860 5137 5189 5131 5239 5226 4685 4389 5252 5058 5037 5058 4912 4776 5255 5206 5187 4959 4978 4860 4878 5027 4805 4862 5517 4829 4999 5255 4906 4473 4872 4693 5127 5420 4893 5513 4857 5244 4759 5072 4810 5021 4497 4850 4974 5185 4985 4987 5299 4909 4775 5188 5477 5011 4962 5148 4854 5119 5228 5287 4967 4980 5207 5454 5551 5100 5343 4992 4790 5058 5250 5176 4986 4807 5090 5043 4911 4838 4912 5109 4938 5246 4671 5183 5226 4648 5010 5105 5072 4908 5208 4632 4739 5036 4477 4609 5242 5272 4656 4947 5040 5123 5165 4760 5064 4816 4683 5183 5327 4959 5004 4971 5155 5003 3996 4981 5082 5211 5228 5068 5174 5013 4822 4639 5128 4944 5274 5237 5272 5085 4876 5209 5452 5302 5356 5084 5118 4702 5210 5059 4941 4861 5062 5322 5323 5358 5110 5207 5126 5306 5025 5113 5133 4527 5352 4808 5428 5152 5107 5126 4844 4944 5187 5216 4965 5373 4906 4924 5074 5106 5104 4998 5143 4431 4453 5117 5308 5159 5419 5361 5125 4816 4542 5058 5125 4934 4927 4960 4827 5152 5677 5157 5015 5125 5442 4906 4737 4695 4706 4934 4765 
5890 5385 4868 5403 5418 5079 5117 4873 4651 5418 5347 5034 5108 5308 5695 5251 5247 4874 5404 5014 5381 4787 5186 5221 5037 5407 5303 5109 5409 5123 5173 4803 5281 4776 5010 4899 5451 5426 4779 4658 5363 4947 5367 5523 4978 5487 5403 4715 5625 4992 4999 5143 5002 5230 5169 4870 5132 5697 4972 5629 5439 4942 4616 5297 5431 5119 5265 4981 5043 5192 5561 5149 5044 5012 5057 4982 5485 5269 5126 5554 4963 5160 5161 5230 4729 5230 5187 5255 5420 5327 5737 5247 5223 5190 5158 5363 4981 5077 4946 5192 5496 5119 5156 5408 5319 4915 5410 5597 5266 5218 5421 5075 5211 5617 5306 4907 5204 5162 5208 5517 5344 5229 5073 4860 5200 5369 5284 4865 5186 5255 5156 5033 5310 4880 5317 5442 5625 4842 5240 5118 4690 5060 5121 5544 5008 5306 4756 4774 5108 4580 4644 5268 5140 4723 5348 5242 5785 5229 5190 5473 5061 5041 5288 5298 5164 5111 5234 5073 5023 4586 5237 5440 4903 5102 5266 5541 5181 4901 4932 5183 5019 5321 5393 5527 5320 5067 5343 5392 5507 5328 5210 5361 5040 5584 5365 5056 5059 5429 5623 5370 5526 5395 5506 5088 5472 5049 5428 5217 4685 5177 4998 5507 5224 5400 5480 5041 5064 5494 5681 5251 5226 5096 5140 5119 5337 5283 5217 5358 4729 4576 5598 5735 5169 5607 6076 5128 5029 5072 5084 5600 5232 5111 4927 5037 5407 5543 5431 5493 5399 5324 5116 5275 4951 5187 5075 5176 
4975 5082 4578 5255 5394 4646 5070 4806 4410 4980 5213 4705 5128 5174 5363 5225 5130 4974 5259 5076 5521 4649 5070 5393 5162 5273 5232 4880 5056 4880 4742 4773 5214 4712 4708 5129 5150 5005 4800 4894 5207 5132 4856 5384 5021 5137 5235 4682 5160 4847 4866 4901 4997 4770 4888 4787 5064 5063 4855 5365 5443 4629 4764 5273 5081 5079 5274 4773 4909 5076 5291 4877 4833 5254 4725 4800 5282 4869 4830 4956 4842 5165 5068 4766 4519 4772 4940 5181 5181 5180 5597 4883 5106 4888 4714 4975 4905 4625 4702 4868 5324 5083 5101 5374 5070 4905 4844 5322 4710 4898 5028 5054 4853 5431 4844 5069 4747 5170 5546 5140 5181 4977 5028 4570 5050 5281 5191 4808 4921 5057 4891 4863 4897 4747 4881 5540 5409 4390 5063 5231 4786 4762 4907 5231 4507 5312 4934 4869 5348 4037 4527 5230 4996 4848 5193 5032 5287 5089 4542 5151 4938 4583 5215 5282 4993 4977 5221 5083 5288 4411 5097 5115 4992 5000 4983 5314 5058 4885 4841 5002 4971 5203 4940 5558 4868 5090 4755 5355 5202 5026 5152 5330 4856 5223 5210 5004 4687 5315 5346 5318 5409 4886 5211 4895 5291 4959 5175 5383 4887 5410 4827 5135 4931 5336 5063 5223 4923 5254 5347 4820 4964 5272 4989 4893 5219 5332 5218 5347 4863 4521 5328 5480 5025 5365 5515 5066 4938 4633 5113 5645 5130 4677 4526 5180 5658 5152 5100 4898 5216 5330 4985 5075 4713 4873 5012 4788 
5439 5541 4951 5568 5914 4999 5780 5238 4713 5154 5319 5117 5480 5501 5292 5676 5235 5054 5717 5111 5723 5014 5563 5439 5647 5566 5410 5262 5583 5610 5042 4888 5491 4944 5340 5413 5469 5440 5245 5207 5460 5252 5633 5686 5317 5651 5494 5187 5684 5234 5001 5567 5210 4924 5126 4880 5266 5339 5270 5602 5797 4808 5109 5796 5433 5361 5586 5245 5123 5324 5550 5358 5425 5393 5172 5457 5602 5210 5658 5518 5181 5449 5173 5400 5063 5231 5674 5323 5737 5456 5860 5114 5336 5341 4981 5451 5627 4960 5404 5278 5652 5611 5497 5672 5242 5108 5483 5734 5294 5176 5313 5539 5268 5713 5466 5526 5375 5621 5663 5623 5388 5418 5439 5224 5406 5650 5400 5299 5065 5709 5238 5161 5055 5001 5369 5648 5700 4688 5383 5354 5195 5218 5394 5502 5246 5817 5362 5054 5313 4791 4819 5705 5107 5025 5482 5349 5601 5246 4904 5497 5434 5170 5419 5324 5262 5329 5616 5383 5289 4402 5482 5640 5153 5425 5373 5411 5267 5148 5116 5416 5379 5583 5480 5784 5525 5213 5380 5499 5384 5707 5372 5755 5347 5598 5434 5317 5177 5671 5891 5449 5731 5437 5507 5376 5645 5250 5271 5598 4996 5689 5290 5516 5309 5494 5444 5016 5166 5326 5726 5180 5722 5351 5540 5281 5426 5392 5405 5389 5199 4917 5696 5936 5376 6036 5998 5498 5138 4895 5185 5450 5381 4951 5423 5417 5820 5692 5281 5289 5403 5737 5209 5290 5283 5229 5104 5176 
5333 5166 4866 5517 5711 5110 5186 4982 4713 5594 5263 5124 5213 5551 5298 5503 5340 4782 5533 4795 5444 4888 5389 5177 5106 5364 5361 5177 5324 5110 4868 5208 5494 4934 5402 5386 5360 5246 4944 5371 5453 5123 5443 5317 4894 5373 5471 5090 5278 5216 4645 5185 4855 4842 4998 4998 5222 5284 5148 5480 5550 4683 4767 5250 5370 5132 5238 4820 4968 5085 5470 5381 4831 5116 5052 5128 5267 5087 5011 5226 5192 5273 5104 4885 4550 4816 4822 4968 5208 5345 5820 5119 5449 5021 5019 5409 5023 4710 5272 5216 5436 5460 5185 5331 5127 4898 5156 5303 4958 5551 5354 5073 5306 5407 5172 5089 5150 5187 5392 5416 5185 5291 5109 4929 5273 5558 5365 5020 5077 5188 5313 5132 5026 4989 5224 5565 5458 4897 5090 5386 4961 4774 4940 5353 4770 5356 5078 4687 5347 4769 4677 5118 4979 4741 5225 5249 5511 5081 4865 5247 5106 4920 5265 5194 5234 5353 5422 5321 5314 4392 5208 5480 5024 5002 5192 5338 5048 5103 5109 4917 5348 5483 5378 5636 5369 5026 4917 5553 5416 5351 5207 5323 5176 5292 5371 5244 4885 5289 5545 5300 5574 5268 5250 5180 5504 5194 5407 5273 4739 5512 5032 5417 5467 5483 5257 5023 4932 5444 5662 5049 5175 5128 5413 5205 5399 5265 5300 5494 4895 4729 5473 5552 5453 5749 5624 5379 4843 5240 4932 5498 5100 4957 4839 5336 5468 5729 5266 5336 5355 5375 5186 5005 5049 5131 5110 5055 
5447 5544 4652 5527 5555 5096 5160 4734 4691 5366 5339 5341 5365 5568 5612 5596 5114 5239 5473 5215 5700 5019 5431 5233 5297 5517 5329 5225 5793 5455 5203 5144 5307 4801 5233 5211 5884 5412 5108 5104 5221 5111 5534 5669 5122 5483 5299 5269 5548 5408 5159 5486 5160 5198 5088 5202 5148 5470 5399 5663 5483 5083 4918 5678 5397 5289 5452 5020 4979 5366 5513 5254 5234 5298 4813 5200 5582 4942 5318 5406 5061 5451 5488 5215 4870 5302 5462 5246 5711 5454 5569 4751 5522 5232 5312 5320 5156 4767 5191 5182 5552 5263 5456 5627 5304 5025 5571 5974 5105 5406 5407 5108 5320 5654 5422 5260 5174 5434 5548 5805 5415 5573 5248 4784 5588 5534 5296 5105 5180 5262 4956 4951 5144 5034 5157 5568 5492 5058 5201 5501 5249 5301 5304 5308 5282 5588 5023 4745 5498 4677 4643 5402 5231 4937 5711 5320 5698 5441 5133 5502 5341 5183 5392 5218 5129 5379 5442 5389 5287 4423 5328 5485 4962 5558 5452 5665 5485 5100 5124 5424 5255 5654 5543 5634 5167 5349 5351 5316 5367 5549 5328 5548 5102 5518 5241 5099 5193 5388 5736 5777 5554 5325 5526 5060 5632 5094 5384 5458 4826 5476 5439 5430 5397 5503 5389 4905 4996 5572 5412 5090 5707 5311 5444 5402 5205 5298 5383 5443 4967 5009 5449 5726 5226 5532 5725 5420 4840 4985 4921 5429 5211 5301 4947 5149 5517 5563 5310 5473 5447 5713 5111 5018 5131 4969 5183 5181 
5135 5250 4587 5252 5424 4736 5099 4897 4531 5099 5329 5015 5160 5362 5089 5350 4790 4759 5251 4995 5351 4675 4956 5140 5030 5227 5176 4948 5339 5019 4907 5034 5127 4544 4648 5160 5489 5381 4777 4640 4998 5014 5112 5360 5059 4983 4979 4724 5100 4718 4704 5113 5088 4595 4748 4867 4966 5181 5012 5269 5415 4556 4569 5398 4956 5134 5418 4662 5070 4804 5204 5190 4896 5292 4956 4757 5100 4861 5075 5231 4729 5156 5110 4920 4675 4911 5232 4940 5332 5183 5531 4815 5361 4884 5117 5259 5166 4797 4902 4826 5224 4831 5180 5474 4996 4767 4902 5377 5011 5054 5062 4970 5201 5181 4964 4780 5012 5391 5212 5520 4888 5184 4917 4650 5085 5225 5153 4867 4915 5193 4772 4684 4769 4690 5132 5106 5134 4464 4836 5070 4912 4840 5036 4910 4875 5245 4690 4855 5031 4300 4663 5242 5083 4533 5042 4979 5120 5003 4605 5171 5017 4901 5044 5219 4799 4997 5102 5034 4925 4163 4889 5169 4794 4978 5112 5146 4916 4743 4850 5173 5007 5048 5212 5625 4907 4876 5073 5182 4958 5252 5032 5146 4894 5181 5296 5009 4746 5249 5409 5206 5244 4911 5015 4940 5369 4894 5247 5044 4972 5598 4794 5235 5330 5283 5074 4941 4722 5144 5300 5112 4974 4957 5176 4999 5226 5084 4901 5142 4705 4585 5428 5309 5062 5262 5410 4960 4677 4889 4966 5131 5023 4622 4870 5068 5434 5296 5140 5083 5174 5371 4928 4806 5060 5082 5146 4886 
5313 5499 4884 5367 5515 5127 5397 5004 4897 5198 5280 4923 5231 5220 5096 5383 5350 4951 5200 5120 5502 4794 5390 5144 5008 5246 5400 5111 5135 5367 5130 4719 5227 4881 4903 5128 5346 5408 4944 4755 5234 5169 5273 5299 5106 5252 4941 5058 5398 5031 4847 5190 5117 4962 4647 4854 5261 5446 5018 5617 5629 4887 4910 5559 5375 5156 5445 4987 4959 5190 5409 5082 5269 5321 4789 5069 5272 4964 5087 5526 5030 5147 5226 5291 4848 4947 5136 5152 5471 5278 5779 5016 5380 5136 5099 5129 5041 4797 5066 4976 5210 5402 5268 5412 5312 4892 5154 5514 4968 5179 5015 5166 4908 5633 5165 5050 5077 5224 5476 5717 5043 5311 4925 4962 5352 5232 4990 4918 5018 5253 5077 4981 4919 5033 5011 5441 5409 4693 5127 5006 4994 5018 5270 5122 4953 5589 4904 4771 5051 4698 4973 5273 4990 4785 5186 5374 5425 5312 4713 5366 5047 5059 5278 5336 5056 5044 5330 5257 5106 4351 5211 5345 5092 5294 5115 5513 5209 5077 4891 5169 4911 5210 5401 5697 5231 4927 5328 5567 5418 5361 5104 5569 4960 5530 4974 4896 5143 5423 5566 5254 5319 5197 5264 5114 5326 5017 5206 5397 4798 5194 4928 5345 5278 5557 5400 5197 5080 5303 5448 4896 5314 5164 5227 5007 5274 5162 4972 5128 4920 4666 5464 5437 5061 5655 5558 5060 5006 4917 4859 5606 5273 4818 5163 5169 5754 5208 5224 5197 5392 5491 5121 4911 4796 4897 5047 5025 
4981 4698 4521 4959 5105 4614 4720 4509 4188 4756 4727 4483 4829 4798 4863 5057 4739 4390 5011 4259 4770 4388 4852 4847 4724 5002 4701 4444 4872 4546 4335 4644 4745 4363 4446 4804 4971 4860 4377 4645 5117 4474 4889 4898 4934 4734 4553 4360 4632 4344 4702 4619 4946 4401 4282 4553 4791 5028 4529 4837 5039 4298 4073 4862 4681 4361 4961 4593 4587 4670 5085 4596 4467 4470 4289 4562 4671 4373 4768 4677 4772 4777 4661 4681 4431 4547 4876 4685 4846 4862 5151 4630 4583 4658 4693 4816 4901 4589 4379 4480 4659 4914 4757 5044 4588 4402 4714 5065 4557 4592 5004 4616 4787 4935 4685 4627 4587 4858 4834 5119 4801 4675 4462 4154 4764 4971 4695 4587 4787 4642 4479 4654 4473 4499 4612 4876 5044 4355 4684 4693 4556 4508 4679 5067 4110 5344 4411 4467 4460 4100 4246 4918 4671 4144 4896 4863 5081 4656 4527 4748 4696 4457 4689 4870 4693 4797 4704 4781 4845 4027 4521 4938 4628 4773 4767 4755 4904 4435 4697 4827 4734 4589 4927 5087 4818 4493 4522 4811 4745 4954 4840 4915 4755 4693 4673 4533 4248 4913 4997 4956 4836 4669 4800 4588 5417 4559 5177 4653 4317 5072 4524 4842 4836 4942 4760 4666 4576 4853 4905 4830 4648 4806 4800 4533 4722 4698 4527 4958 4377 4282 5035 4857 4573 5090 5115 4878 4309 4652 4766 4866 4765 4540 4678 4770 5237 5030 4760 4684 4817 4934 4560 4621 4608 4459 4683 4615 
5347 5069 4788 5354 5648 5001 5419 5027 4585 5399 5188 5094 5273 5489 5178 5274 5434 4895 5721 5007 5487 4924 5312 5080 5296 5071 5138 5330 5516 5140 5240 4955 5278 4882 5094 5491 5328 5490 5026 5354 5319 4789 4948 5559 5092 5189 5396 4885 5171 5275 4947 5328 4768 5012 5106 4867 5323 5217 5057 5448 5507 4677 4633 5422 5314 5321 5560 4993 4812 5191 5417 5276 5073 4897 4979 5217 5207 4811 5086 5122 4947 5157 5353 4952 4761 5205 5263 5207 5343 5142 5866 4969 5140 5039 4935 5387 5048 4847 5176 5260 5677 5268 5271 5392 5357 4776 5313 5790 5064 5204 4980 5309 5224 5482 5347 5169 5340 5112 5401 5712 5448 5169 5092 4919 5488 5430 4869 5007 4759 5329 5113 4943 5225 4884 5092 5028 5322 4803 5107 5421 4974 5284 5223 5372 4580 5488 5041 4967 5366 4583 4846 5247 5022 4947 5072 5277 5479 5153 4913 5330 5130 4989 5162 5355 5354 5178 5222 5333 5183 4549 5178 5745 4932 5414 5265 5276 5286 5183 4991 5236 5461 5298 5141 5671 5305 4942 5172 5660 5316 5495 5418 5388 5086 5426 5268 5013 4962 5264 5368 5463 5371 5045 5434 5318 5374 5053 5286 5235 4692 5572 5027 5483 5488 5438 5115 5061 5049 5298 5393 5023 5168 5246 5266 5308 5485 5284 5159 5424 5015 4773 5371 5806 5384 5378 5402 5350 4807 4820 5087 5349 5049 4886 5176 5250 5350 5497 5223 5175 5703 5547 5121 5000 5004 4819 5316 5070 
5976 5494 5147 5711 6021 5253 5695 5295 5003 5461 5749 5684 5702 5674 5631 5870 5785 5429 5771 5468 6112 5458 5619 5832 5850 6005 5756 5622 5823 5580 5556 5544 5691 5294 5785 5574 6037 5966 5347 5399 5733 5488 5736 5834 5599 5708 5728 5347 5860 5285 5533 5635 5875 5236 5607 5564 5774 5863 5617 6028 5887 5148 5225 5824 5789 5623 6094 5256 5412 5848 5831 5803 5503 5761 5355 5717 5876 5687 5608 5877 5617 5781 5889 5307 5185 5670 5815 5535 5984 5823 6275 5389 5701 5812 5690 5786 5556 5421 5455 5537 5701 5604 5713 5914 5770 5251 5911 6224 5498 5594 5832 5565 5739 6317 6019 5622 5595 5626 5779 6311 5845 5645 5483 5522 6000 5842 5975 5628 5465 5586 5637 5702 5497 5435 5520 5603 6151 5097 5699 5549 5394 5534 5704 5676 5277 6078 5357 5394 5770 4895 5242 5801 5603 5373 5841 5869 5918 5639 5389 5802 5510 5713 5583 5661 5496 5786 5637 5804 5603 4708 5484 5900 5584 5568 5873 5665 5674 5554 5531 5627 5545 5869 5910 5994 5555 5707 5928 5802 6076 6051 5858 5959 5644 5876 5674 5276 5205 5736 6324 6056 6031 5877 6015 5847 6184 5538 5813 5789 5273 5993 5578 5903 5844 5705 5623 5253 5582 5603 5668 5728 5928 5672 5896 5657 5924 5823 5809 5978 5244 5292 6132 6078 5644 5900 6233 5991 5356 5595 5411 5919 5424 5274 5467 5716 6103 5905 5567 5605 5901 5824 5528 5496 5637 5362 5653 5430 
5605 5934 4979 5549 5919 5289 5253 5133 4885 5410 5573 5278 5550 5503 5429 5615 5309 5267 5502 5226 5772 5080 5213 5494 5160 5505 5348 5198 5349 5453 5102 4971 5257 4898 5532 5300 5552 5497 5117 5248 5557 5200 5487 5658 5165 5503 5408 5274 5793 5138 5140 5558 5178 5090 5170 4941 5447 5834 5236 5629 5538 4992 5173 5545 5598 5399 5499 5209 5174 5222 5542 5476 5150 5244 4968 5181 5429 5235 5474 5634 5390 5431 5590 5417 4909 5325 5480 5361 5822 5431 5827 5273 5342 5387 5387 5452 5260 4934 5199 5334 5565 5536 5476 5538 5365 5015 5390 5746 5231 5344 5621 5376 5560 5708 5295 5092 5385 5384 5261 5813 5462 5637 5405 4933 5812 5752 5105 5262 5209 5559 5146 5248 5392 5191 5148 5515 5849 4987 5383 5421 4987 5211 5204 5629 5072 5696 5058 5152 5249 4657 5038 5396 5272 4798 5610 5316 5659 5413 4871 5600 5448 5176 5540 5630 5336 5290 5475 5672 5301 4664 5446 5431 5145 5265 5436 5604 5420 5427 5089 5648 5275 5352 5552 6014 5419 5163 5515 5412 5644 5565 5333 5594 5177 5544 5635 5249 5175 5569 5921 5467 5538 5469 5703 5376 5561 4955 5703 5488 4773 5671 5268 5607 5475 5368 5419 5262 5177 5401 5511 5232 5531 5398 5334 5277 5308 5483 5388 5306 4953 5101 5769 6002 5341 5774 6081 5380 5151 5053 5119 5925 5458 5225 5496 5383 5764 5769 5431 5369 5613 5610 5444 5223 5073 5211 4808 5303 
5717 5679 5095 5672 5695 5449 5422 5270 4955 5565 5655 5421 5043 5461 5504 5583 5321 5165 5647 5194 5433 5323 5269 5318 5422 5600 5196 5397 5422 5595 5358 5279 5550 4912 5153 5480 5839 5534 5364 5335 5608 5355 5583 5672 5257 5519 5440 5290 5712 5077 5123 5377 5447 5263 5471 5144 5694 5629 5469 5877 5793 5158 5054 5531 5613 5533 5518 5421 5426 5340 5541 5547 5457 5627 4907 5443 5558 5192 5348 5640 5290 5224 5455 5242 4773 5479 5629 5422 5779 5511 5954 5014 5633 5360 5152 5412 5390 4843 5158 5461 5782 5343 5518 5727 5552 5240 5624 5868 5429 5211 5489 5349 5426 5710 5393 5217 5351 5610 5634 5718 5282 5764 5241 5106 5833 5655 5380 5319 4994 5350 5247 5411 5408 5386 5384 5521 5709 5041 5215 5480 5358 5573 5280 5695 5107 5732 5189 5033 5438 4794 4979 5624 5328 4856 5608 5431 5909 5437 5079 5428 5353 5227 5536 5444 5382 5469 5680 5658 5440 4881 5128 5534 5012 5578 5599 5756 5691 5191 5155 5329 5250 5457 5752 5877 5218 5240 5361 5789 5445 5738 5401 5656 5254 5558 5441 5191 5128 5608 5682 5767 5719 5340 5881 5391 5674 5207 5505 5449 4903 5823 5186 5836 5439 5543 5317 5556 5281 5549 5621 5019 5531 5507 5455 5477 5487 5290 5235 5538 4807 5077 5637 6221 5382 5555 5812 5356 4916 5187 5108 5642 5387 5138 5352 5315 5565 5736 5588 5451 5530 5821 5313 5145 5179 5272 5194 4980 
5334 5784 5068 5837 5697 5072 5385 5047 4660 5354 5536 5357 5179 5365 5589 5617 5126 5309 5575 5179 5495 4862 5569 5461 5436 5607 5590 5192 5589 5430 5246 5155 5402 5074 5282 5408 5512 5571 4953 4968 5463 4985 5642 5678 5349 5532 5462 4932 5505 5132 4995 5301 5199 5152 5144 5132 5546 5719 5261 5474 5296 4851 4801 5641 5367 5087 5595 5137 5373 5421 5525 5656 4873 5479 5167 4972 5228 5178 5253 5593 4943 5401 5347 5442 5078 5135 5406 5278 5471 5289 5639 5195 5463 5485 5141 5396 5338 5055 5043 5318 5521 5234 5557 5614 5289 5123 5485 5492 5109 5187 5581 5403 5206 5664 5536 5145 5129 5683 5361 5426 5415 5822 5147 4851 5342 5463 5697 5115 5203 5375 5008 5263 4963 5185 5236 5593 5564 4863 5306 5256 5173 5363 5248 5541 4987 5600 5220 5156 5442 4987 4724 5403 5389 4707 5330 5555 5703 5323 4772 5590 5434 5329 5478 5324 5211 5290 5446 5602 5265 4595 5242 5466 5273 5359 5471 5340 5291 5119 5127 5299 5161 5375 5479 5790 5348 5178 5362 5562 5650 5460 5451 5528 5459 5571 5525 5343 4989 5656 5765 5412 5505 5558 5509 5295 6065 5138 5548 5361 5005 5534 5032 5415 5464 5579 5364 5266 5206 5546 5858 5068 5563 5292 5371 4989 5424 5270 5313 5550 5198 5012 5785 5702 5305 5644 5886 5425 5096 5036 5175 5534 5191 5376 5391 5198 5670 5760 5341 5365 5687 5537 5213 5387 5198 5240 5007 5107 
5592 5310 4676 5643 5790 5381 5520 5196 4729 5311 5411 5221 5398 5516 5494 5543 5580 5187 5489 5214 5602 5082 5271 5473 5497 5445 5493 5291 5442 5359 5222 5182 5438 4943 5085 5364 5719 5307 5269 4979 5460 5095 5701 5541 5371 5572 5359 5032 5564 4962 4920 5482 5180 5158 5102 5267 5415 5785 5063 5619 5726 4766 4883 5547 5553 5058 5515 5019 5346 5502 5519 5525 5296 5270 5066 5050 5549 5095 5314 5450 5298 5338 5439 5137 4920 5470 5219 5218 5471 5399 5829 4906 5561 5252 5261 5449 5432 4739 5122 5129 5744 5513 5365 5617 5184 4931 5557 5768 5208 5504 5431 4956 5211 5720 5106 5211 5407 5623 5566 5550 5542 5461 5320 4943 5532 5541 5524 5389 5202 5456 5222 5320 5129 4993 5446 5648 5662 4935 5061 5405 5089 5282 5272 5414 4922 5577 4910 4997 5209 4796 4990 5447 5389 4990 5385 5186 5962 5325 5134 5436 5242 4964 5165 5486 5371 5177 5618 5533 5299 4678 5266 5335 5186 5292 5467 5257 5490 5300 5117 5439 5416 5600 5702 5667 5524 5247 5418 5679 5468 5541 5609 5419 5347 5476 5165 5164 5118 5447 5705 5401 5588 5404 5727 5179 5754 5340 5466 5411 4932 5633 5330 5601 5398 5665 5134 5223 5077 5625 5422 5189 5429 5449 5360 5385 5086 5273 5190 5481 5031 4882 5728 6112 5464 5743 5902 5402 4708 4846 5026 5680 5160 5134 5316 5459 5707 5903 5491 5236 5446 5707 5278 5217 5098 5057 5392 5252 
5360 5254 4874 5405 5570 5087 5179 4723 4468 4903 5246 5232 5164 5273 5369 5117 5128 5151 5512 5007 5419 4816 5081 5115 4978 5197 5458 5125 5135 5394 4900 4847 5211 4800 4930 5230 5105 5161 4670 4892 5239 4764 5300 5359 5155 5305 5248 5098 5277 4992 4767 5328 4933 4910 4688 5175 5479 5305 4948 5571 5353 4625 4858 5342 5108 5027 5065 4913 5035 5179 5276 5242 5002 5158 4988 4953 5015 4696 5060 5077 4908 4904 5202 5034 4760 5210 5166 4983 5529 5159 5703 5063 5056 5098 4813 5290 4990 5035 5253 5304 5517 5025 5268 5430 5132 4870 5371 5364 5239 5003 5072 5030 4979 5425 5163 5104 5217 5134 5148 5678 5123 5139 4973 5001 5245 5673 4920 5070 5056 5475 5074 4813 4692 4963 5118 5291 5486 4481 5127 5191 4785 4704 5088 5006 5041 5312 4925 4825 4833 4447 4518 5388 4935 4467 5278 5252 5503 5107 4608 5236 5081 4890 5295 5254 5135 5112 5406 5455 4892 4446 4862 5383 4982 5308 5168 5259 5323 5051 5000 5495 4894 5203 4967 5443 5081 5145 5267 5277 5387 5187 5166 5302 5092 5382 5110 4788 4995 5217 5853 5288 5598 5113 5569 5192 5419 4853 5158 5066 4840 5436 4909 5426 5405 5269 5049 4931 4865 5208 5240 4906 5156 5070 5154 4911 5075 5152 4929 5103 4834 5045 5477 5660 5089 5543 5799 5295 4849 5100 4960 5440 4975 4790 5125 4840 5300 5288 5189 5165 5393 5391 5018 4737 5001 5006 4827 4893 
5116 5125 4854 5411 5278 4878 5095 4643 4176 5305 4951 4967 5108 5074 5113 5178 5020 4846 5444 4817 4937 4831 5021 4975 5069 5145 5168 5026 5282 5005 4621 4603 4917 4567 4655 5135 5018 5272 4916 5004 5140 4730 5229 5307 4881 5135 4904 4776 4945 4772 4621 4992 4845 4808 4641 4896 5069 5092 4913 5451 5304 4802 4581 5302 5031 4743 5131 4857 4984 5032 4895 4844 4973 4979 4607 5100 4952 4732 4945 5045 5083 4862 4926 5034 4604 5272 5063 4711 5363 4793 5170 4821 4946 5084 4693 5098 4846 4858 4872 4934 5215 5315 4971 5434 5049 4825 5011 5348 4917 4869 5010 5107 4903 5197 4928 4981 5039 5387 5096 5236 4708 5212 5019 4742 5087 5222 4779 5023 4902 5151 4715 4905 4804 4771 4918 5166 5227 4717 4722 4822 4725 4737 4826 5098 4433 5391 5067 4625 5043 4551 4637 5196 4702 4362 4749 5027 5265 4582 4573 5006 4640 4762 5257 5061 5209 4966 5062 5253 4892 4493 4911 5557 4731 5109 4901 5329 5179 4711 4784 5056 4834 5285 4984 5642 5079 4802 5030 5384 5122 5275 5104 5164 4753 5145 4677 4858 4906 5401 5135 5072 5207 4998 5294 4993 5244 4651 5205 5090 4677 5181 4787 5433 5058 5307 5323 4786 4844 5106 5260 4977 5040 4904 4779 4748 5122 5105 4971 4836 4563 4393 5250 5495 4846 5282 5328 4881 4837 4804 4900 5183 5013 4805 5035 5066 5380 5535 4855 4878 5241 5167 4771 4988 4806 4856 4907 4847 
5466 5437 4793 5671 5626 5337 5214 4992 4669 5279 5426 5272 5126 5408 5332 5410 5321 5169 5365 5068 5351 5130 5369 5447 5285 5307 5357 4969 5240 5150 4827 5092 5602 5065 5138 5244 5439 5430 4906 4879 5618 5047 5472 5551 5191 5203 5221 4918 5480 5142 4948 5370 5335 5135 5023 5086 5170 5662 5009 5669 5617 4845 4790 5323 5463 5130 5278 5083 5241 5279 5523 5407 5056 5265 4950 5195 5646 4835 5237 5360 5163 4985 5352 5213 4819 5247 5150 5277 5644 5492 5677 5235 5456 5275 5128 5524 5185 4654 4930 5097 5612 5188 5196 5333 5065 5092 5236 5553 4901 5083 5364 5212 5070 5640 5577 5287 5085 5363 5551 5742 5146 5501 5287 4913 5480 5754 5346 5222 5341 5411 5067 5095 5205 4986 5134 5556 5485 4843 5108 5166 4894 5002 5085 5246 4940 5709 5120 5016 5200 4702 4871 5329 5163 4871 5196 5339 5659 5413 4841 5211 5202 5036 5521 5466 5568 5145 5483 5289 5188 4617 5315 5497 5178 5079 5533 5388 5176 5219 4917 5190 5459 5114 5495 5628 5296 5132 5414 5598 5342 5246 5486 5473 5095 5636 5216 4901 5105 5373 5911 5451 5389 5398 5447 5179 5646 4978 5561 5304 4696 5329 5235 5493 5332 5334 5109 5226 4970 5415 5660 5148 5185 5152 5315 5129 5242 5507 5344 5538 4857 4871 5667 5925 5204 5706 5749 5449 4969 5005 4990 5569 5364 5061 5360 5276 5829 5562 5298 5223 5501 5323 5363 5192 4966 5179 5076 5247 
5066 5301 4516 4987 5463 4910 4803 4726 4342 4878 4934 4831 4918 4931 5391 4927 4782 4805 4955 4725 5103 4828 5223 4936 5278 5039 5107 4660 5160 4642 5054 4969 4884 4404 4728 4900 5099 4953 4668 4851 5124 4869 5081 5216 4903 4991 5065 4741 4967 4760 4769 4954 4833 4813 4802 4710 5041 5281 4819 5220 5206 4723 4660 5137 5151 4889 5167 4673 4585 5001 5232 4876 4859 4822 4895 4749 4978 4667 4621 5042 4870 5189 4918 4731 4428 4772 4910 5031 5220 4805 5381 4717 5087 4706 4864 4723 4677 4782 4724 4728 5226 4949 4988 5130 4837 4747 5060 5402 4469 4752 4999 4942 4835 4933 5044 4865 4874 5222 5247 5343 4890 5134 5006 4744 4931 5320 4889 4874 4724 4985 4867 4785 4888 4802 4671 5203 5047 4381 4975 4761 4950 4795 5003 5021 4735 5315 4599 4566 5272 4409 4541 5098 4920 4638 4952 5090 5049 5026 4456 5051 4991 4694 5021 4732 4928 4935 4974 5268 5041 4297 4877 4930 5015 5038 4886 4966 4788 4616 4578 4765 5024 5156 5182 5084 5128 4943 5000 5053 4838 5010 5176 5187 5017 5109 4838 4853 4622 4875 5026 5039 5390 5038 5408 4657 5178 4916 5267 5157 4520 5134 4902 5120 5328 5094 4878 5003 4927 5027 5155 4796 5123 4871 5236 4500 5018 4944 4846 5142 4816 4553 5187 5292 5181 5359 5189 5194 4831 4709 4842 5272 4846 4566 4625 5045 5191 5496 4942 4840 5088 5424 4573 4724 4818 4691 4660 4520 
5241 4977 4764 5219 5401 4901 5293 4780 4401 5126 5058 5106 4891 4918 4988 5031 5070 4900 5112 4883 5096 4674 5241 4904 5224 4984 5195 4716 5355 4920 4753 4742 5244 4538 5282 5223 5081 5170 4779 5176 5459 4921 5256 5316 5172 4997 5035 4652 5169 4562 4688 5065 5106 4816 4894 5012 5327 5241 4839 5296 5167 4674 4598 5179 5288 5094 5290 4841 5034 5058 5433 5092 4873 5027 4829 5057 5139 4919 4708 5124 5063 5110 5046 4883 4501 4906 5211 4892 5454 5084 5705 5145 5076 5084 5363 5177 4931 4746 5203 4944 5176 5173 4972 5229 4957 4804 5220 5132 5021 5090 4977 5083 5187 5401 5093 4932 5126 5212 5189 5549 4742 4996 4934 4989 4947 5185 5027 5029 4821 5073 5052 4854 4898 4859 4803 5097 5277 4529 5120 5200 4755 4784 4697 5312 4434 5328 4760 4826 5349 4521 5074 5393 4854 4576 5127 5143 5253 4909 4633 5302 4709 4699 5054 5192 4856 5023 5141 4964 4894 4449 4892 5405 4859 5067 4977 5003 5051 5061 5010 5150 4888 4984 5365 5460 5087 4904 5037 5320 5157 5445 5363 5366 4999 5053 4734 4931 4798 5147 5330 4950 5348 5069 5307 5020 5069 4868 5425 5180 4577 5266 4868 5490 5225 5380 4995 5134 5097 5277 5320 5070 4944 4894 5355 4759 5270 5202 4934 5013 4702 4762 5340 5433 4912 5612 5660 5223 4898 4817 4790 5158 5072 4855 4957 5415 5452 5345 5315 5079 5172 5384 4822 4843 4627 5005 4941 4660 
5588 5709 4961 5672 5957 5097 5683 5297 4718 5431 5612 5348 5503 5463 5425 5570 5438 5219 5484 5535 5584 5152 5431 5386 5541 5509 5651 5284 5433 5316 5085 5306 5287 5074 5390 5468 5506 5467 5292 5201 5507 5363 5537 5538 5535 5362 5274 5061 5425 4930 5187 5176 5345 5172 5182 5217 5657 5637 5179 5620 5488 4746 4992 5542 5368 5084 5365 5267 5207 5459 5530 5663 5093 5048 5095 5235 5414 5176 5646 5742 5144 5492 5481 5074 4926 5427 5594 5249 5621 5445 5887 5191 5592 5794 5224 5374 5503 4887 5234 5199 5402 5518 5410 5476 5137 5268 5203 5667 5199 5455 5450 5474 5271 5680 5430 5362 5241 5419 5500 5792 5458 5380 5400 4907 5515 5633 5537 5020 5226 5529 5380 5276 5070 5346 5337 5588 5825 4820 5358 5328 5129 5208 5317 5303 5003 5965 5168 5113 5206 5073 5074 5587 5184 4908 5195 5413 5853 5047 4844 5323 5326 5328 5690 5449 5286 5442 5419 5407 5288 4600 5406 5454 5240 5695 5233 5463 5588 5289 5198 5504 5194 5335 5626 5665 5437 5481 5406 5570 5483 5662 5428 5689 5476 5597 5179 5119 5240 5653 5988 5474 5502 5497 5644 5280 5716 5264 5594 5630 5157 5695 5207 5595 5472 5438 5481 5401 5290 5365 5649 5557 5415 5401 5425 5295 5359 5638 5237 5443 4762 5111 5778 5774 5494 5580 5970 5441 5093 5204 5051 5570 5403 4920 5313 5355 6003 5815 5357 5340 5519 5468 5373 5191 5403 5136 5297 5342 
5252 5405 4718 5486 5552 4988 5195 4641 4568 5164 5506 5057 5113 5516 5254 5609 4882 4862 5232 5120 5395 4804 5000 5205 5045 5352 5473 4866 5191 5175 4859 5088 5125 4522 4773 5147 5345 5284 4805 4975 5342 4889 5538 5613 5186 5158 5166 5108 5153 4823 4917 5161 5086 4922 5014 4860 5293 5289 4975 5239 5604 4883 4735 5294 5255 5037 5224 4812 5168 5135 5205 5063 5074 5387 4782 5096 5275 4727 5169 5121 5044 5112 4955 4765 4616 5068 5202 5072 5526 5445 5681 5003 5376 5062 5041 5219 5102 4986 4984 5252 5243 5139 5187 5630 4827 4976 5251 5399 4967 5023 5354 4969 5031 5321 5379 5257 5201 5182 5262 5535 5188 5225 5037 4822 5166 5342 5263 4941 5239 5289 5110 4985 5006 4866 4791 5142 5213 4588 5099 4888 4767 4911 5107 5059 4982 5349 4849 4752 4924 4542 4483 5468 4935 4765 5250 5065 5502 5222 4567 5179 4746 4952 5411 5288 5054 5118 5257 5379 5322 4471 5330 5203 4850 5370 5071 5254 5034 5043 5091 5032 5074 5053 5179 5341 5071 4946 5129 5419 5165 5212 5408 5416 5086 5461 5132 5088 4691 5097 5493 5473 5323 5065 5382 5161 5474 5177 5245 5041 4897 5541 4916 5525 5103 5388 5238 5149 5227 5040 5381 4905 5239 5152 5405 5095 5251 5187 5002 5344 4586 4854 5301 5545 5195 5438 5517 5088 4881 5029 4974 5608 5189 4786 4926 5081 5640 5449 5045 5209 5265 5227 5116 4937 5091 5081 5093 4782 
5104 5113 4520 5198 5328 4770 4962 4868 4566 5112 4961 4838 5159 5183 5036 5333 5224 4739 5071 4827 5121 4847 5048 5036 5226 5157 5223 4929 5174 5017 4989 4913 4839 4548 4760 4972 5525 5353 4875 4786 5125 4795 5204 5219 5403 5005 4927 4675 5247 4733 4721 5049 5003 4887 4806 4913 4972 5207 4863 5313 5225 4684 4545 5147 4934 4919 5631 4777 4865 5175 5114 4995 4955 4834 4936 4760 4985 4849 4936 5022 5042 5416 4851 5056 4618 4918 5108 4992 5199 5383 5620 5011 4948 5125 4778 5050 4898 4659 5021 4717 5171 5114 5136 5369 5019 4862 5100 5339 4919 4825 5313 4803 5040 5413 5163 4832 5023 5418 5350 5614 5080 5168 4737 4550 5082 4992 5094 4824 4896 4825 5018 4865 4645 4945 4912 4916 5278 4525 5136 5056 4908 4911 4946 5279 4459 5543 4740 4901 5096 4351 4583 5294 4997 4615 5236 5164 5235 5055 4556 5346 5072 4982 4957 5208 4942 5041 4907 5137 4931 4245 4760 5213 4855 5175 5153 5004 5285 4829 4920 5170 5214 5028 5294 5497 5051 4953 5023 5432 5290 5444 5161 5373 5007 4905 4723 4768 4724 5050 5204 4980 5439 4986 5026 4903 5194 5141 5166 5232 4580 5292 4866 5076 5047 5157 4813 4925 4619 5136 5074 4864 4985 5177 5348 5018 5170 5259 5021 4952 4734 4683 5464 5317 5294 5426 5360 5191 4832 4887 4985 5348 4887 4918 4716 4878 5410 5377 5153 5030 5182 5340 4711 4843 4958 4613 5209 4505 
5675 5757 4921 5950 6029 5187 5681 4974 4754 5544 5769 5444 5343 5637 5493 5792 5355 5244 5660 5183 5953 5382 5639 5544 5785 5758 5743 5383 5769 5719 5206 5232 5301 4909 5421 5562 5936 5749 5297 5253 5555 5331 5797 5696 5507 5808 5545 5176 6021 5097 5146 5696 5398 5404 5347 5185 5691 5581 5320 5620 6175 5060 5061 5882 5814 5252 5537 5353 5532 5503 5560 5476 5357 5309 5312 5636 5722 5518 5490 5801 5345 5826 5534 5505 5036 5503 5524 5555 5924 5517 6037 5317 5595 5354 5374 5732 5525 5336 5459 5642 5898 5800 5437 5757 5714 5420 5500 6069 5444 5392 5531 5463 5138 6048 5570 5386 5550 5613 5414 5748 5385 5533 5515 5092 5522 5684 5506 5722 5342 5846 5295 5379 5216 5345 5468 5791 5842 4689 5467 5528 5354 5442 5303 5640 5167 5799 5457 5248 5640 4879 4805 5611 5543 5065 5572 5585 5887 5445 5079 5502 5682 5068 5530 5639 5317 5390 5762 5418 5517 4587 5578 5697 5429 5576 5743 5615 5643 5207 4829 5613 5234 5480 5587 5958 5683 5394 5636 5865 5730 5846 5598 5702 5617 5751 5425 5240 5178 5803 5943 5853 5957 5807 5583 5428 5657 5339 5564 5613 5410 5599 5358 5600 5325 5589 5596 5422 5432 5742 5925 5212 5596 5498 5620 5277 5692 5628 5373 5430 5178 4961 5919 6019 5487 6061 5925 5534 5524 5479 5571 5744 5688 5067 5704 5271 5776 5850 5584 5520 5843 6003 5493 5483 5213 5427 5103 5282 
5547 5434 4994 5805 5748 5178 5302 5309 4542 5414 5337 5380 5334 5472 5469 5480 5475 5215 5648 4879 5572 4982 5193 5235 5689 5408 5427 5111 5652 5500 5138 5297 5216 4860 5206 5245 5761 5641 5069 5247 5504 5259 5388 5388 5320 5336 5379 5168 5609 5011 5128 5215 5333 5133 4995 5174 5622 5259 5169 5534 5602 5100 5013 5542 5449 5443 5441 5053 5011 5206 5550 5504 5330 5093 5119 5263 5485 5061 5365 5459 5252 5380 5317 5150 4911 5109 5491 5146 5632 5234 5614 5090 5409 5257 5394 5387 4987 5066 5066 5245 5598 5477 5592 5548 5321 5086 5312 5699 5270 5249 5227 5090 5312 5713 5618 5160 5307 5369 5690 5695 5216 5396 5432 5048 5786 5627 5381 5165 4966 5373 5374 5138 5039 5041 4991 5476 5488 4978 5194 5244 5094 5285 5169 5615 4890 5785 4966 5143 5246 4659 5028 5602 5204 5008 5423 5175 5736 5098 5142 5643 5071 5267 5471 5340 5519 5194 5415 5413 5387 4491 5180 5521 4927 5589 5309 5379 5328 5119 5275 5442 5232 5209 5608 5668 5282 5221 5236 5812 5367 5577 5256 5766 5380 5743 5109 5010 4878 5387 5534 5505 5717 5367 5441 5034 5392 5037 5376 5485 4947 5617 5352 5474 5169 5435 5199 5275 5213 5300 5462 4895 5551 5202 5290 5277 5349 5618 5148 5363 4950 4816 5641 5554 5346 5788 5814 5327 4912 5111 4840 5921 5398 5270 5097 5425 5896 5727 5494 5046 5477 5523 5303 5104 5001 5213 5204 5092 
5918 5906 5418 5872 6107 5416 5689 5442 4923 5905 5633 5599 5825 5896 5840 5875 5708 5853 6024 5670 5950 5561 5642 5859 5863 6014 5801 5650 5712 5693 5427 5665 5608 5180 5318 5690 5736 5939 5539 5597 6063 5521 5726 6056 5503 5749 5806 5446 5921 5292 5419 5811 5602 5445 5629 5460 5871 6054 5425 6090 5883 5434 5416 5982 5860 5608 5910 5533 5584 5464 6009 5762 5620 5770 5246 5439 5974 5413 5730 5980 5626 5935 5781 5453 4854 5623 5844 5796 6091 5688 6165 5438 5855 5849 5517 5705 5455 5362 5482 5541 6207 5869 6010 6062 5684 5218 5748 6277 5628 5785 5786 5782 5885 5908 5750 5527 5762 6173 5945 6226 5674 6057 5794 5306 6055 5857 5694 5551 5616 5714 5320 5585 5554 5284 5656 5720 5910 5494 5769 5609 5511 5427 5731 5932 5352 6227 5328 5146 5831 5048 5483 5935 5576 5135 6118 5648 6012 5701 5098 5581 5519 5287 5730 5838 5324 5437 5870 5991 5592 4841 5578 5938 5487 5602 5766 5831 5674 5423 5554 5918 5428 5810 5942 6196 5683 5773 5656 5990 5839 5945 5674 5946 5564 5902 5632 5665 5342 6035 6016 5990 5907 5882 5881 5787 6016 5455 5998 5634 5360 6165 5435 5887 5686 5865 5783 5669 5565 5686 5989 5593 6062 5757 5783 5771 5732 5806 5704 5861 5205 5237 6035 6063 5803 5936 6036 5746 5361 5359 5858 6112 5753 5428 5373 5897 6177 6251 5801 5641 5738 5928 5646 5519 5291 5360 5748 5370 
5388 5287 4809 5385 5589 5100 5235 4821 4459 5316 5314 5035 5319 5370 5051 5234 5088 5035 5462 4766 5457 4685 5291 5023 5418 5516 5584 5048 5204 5048 5055 4796 5469 4659 5114 5348 5435 5404 4732 5112 5185 4957 5021 5625 5102 5329 5252 4956 5308 5131 4845 5008 5266 4836 5161 5053 5427 5284 5137 5433 5220 4646 4728 5463 5269 5399 5532 4966 4600 5116 5312 5412 4920 5002 5019 5122 5201 5008 5110 5284 4814 5113 5043 5132 4908 5180 5205 4837 5357 5216 5506 5037 5307 5200 5056 5387 5202 4987 5066 5126 5650 5233 5127 5398 5319 4811 4996 5648 4877 5295 5233 5050 5193 5592 5292 4913 5116 5289 5596 5499 5137 5120 4884 4842 5133 5384 5229 4957 5134 5239 4723 4818 4932 4601 4920 5413 5465 4616 4958 5141 4900 5071 5001 5062 4745 5503 4926 4764 5303 4630 4699 5273 4952 4595 4995 5355 5589 5075 4667 5205 5070 5100 5060 5263 5048 5013 5449 5406 5304 4623 5175 5467 4835 5206 5159 5367 5005 5050 5001 5156 5061 5073 5403 5612 5072 5153 5334 5192 5185 5201 5209 5318 5337 5362 5239 4820 4978 5539 5667 5481 5531 5300 5308 5070 5661 5149 4990 5297 4940 5383 4965 5374 5460 5658 5155 4986 4994 5377 5461 4986 5120 5109 5361 5221 5384 5372 5271 5205 4962 4738 5320 5570 5228 5223 5658 5144 4934 4935 5049 5586 5317 4904 4987 5086 5492 5420 5370 5004 5401 5367 5132 4923 5220 5162 5155 4874 
5484 5400 5119 5447 5614 5189 5454 5160 4906 5449 5319 5410 5277 5512 5388 5668 5067 4835 5355 5046 5438 5156 5376 5264 5452 5529 5460 5250 5411 5180 4878 5269 5261 4804 5399 5305 5479 5491 5057 5339 5502 5197 5476 5623 5357 5551 5293 5172 5433 5112 5090 5424 5498 4872 5042 5116 5616 5582 5277 5818 5559 5067 4993 5375 5293 5265 5393 5024 5093 5372 5403 5428 5046 5420 5091 5457 5296 5025 5307 5523 5079 5305 5421 5012 4912 5236 5408 5180 5616 5459 5856 5550 5185 5391 5383 5507 5443 4757 5304 5153 5383 5493 5380 5627 5200 5070 5344 5678 4985 5206 5456 5224 5409 5505 5418 5138 5284 5349 5487 5641 5229 5442 5188 5209 5345 5792 5288 5242 5030 5132 5550 4882 5122 5126 4993 5516 5735 4778 5406 5204 5020 5448 4944 5289 4906 5818 5123 5079 5492 4931 4869 5467 5336 4843 5502 5354 5674 5040 4913 5323 5442 4982 5473 5446 5310 5395 5397 5271 5305 4456 5318 5468 5075 5517 5496 5424 5207 5221 5098 5208 5316 5275 5563 5822 5564 5214 5212 5305 5211 5685 5240 5717 5214 5198 5100 5006 5050 5542 5810 5357 5775 5484 5342 5352 5801 5309 5552 5548 5023 5606 5097 5551 5848 5459 5324 5284 5156 5402 5557 5095 5361 5668 5530 5137 5616 5381 5323 5429 5172 4910 5561 5678 5416 5584 5815 5510 5068 5391 5082 5356 5339 4948 5192 5614 5974 5644 5606 5448 5518 5641 5137 4960 5227 5397 5158 5065 
5257 5212 4556 5316 5316 4776 5150 5024 4673 5286 5234 4911 5124 5053 5313 5094 4971 5033 5463 4884 5680 4754 5035 5257 5064 5196 4901 4962 5202 5231 5078 5110 5048 4941 5003 5160 5244 5310 4871 5099 5286 4880 4905 5270 4948 5209 5538 4794 5023 4964 4967 5127 4975 4867 4706 4921 5158 5189 5198 5286 5459 4669 4766 5139 5373 4802 5440 5005 4849 5052 5146 4990 4983 5183 4756 5066 4996 4727 4827 5366 4906 5365 5230 5013 4465 5101 5422 5095 5453 5353 5466 5001 5004 4786 4965 5429 4934 4780 4991 5408 5322 5100 5047 5348 5295 4749 5151 5447 4736 4983 5103 5312 5142 5429 5213 5005 5021 5063 5250 5720 5251 5206 4916 4895 5386 5422 5000 5047 4914 5165 4848 4721 5029 5063 4943 5131 5495 4669 5187 5097 4786 5186 5051 5223 4695 5610 4880 4990 5122 4803 4617 5443 5087 4528 5152 5323 5187 5181 4955 5274 5122 5003 5220 4841 4977 4964 5028 5354 5225 4133 5106 5229 4883 5123 5054 5086 5130 4985 5098 5196 5014 5298 5082 5676 5120 4955 5057 5427 5346 5225 5193 5434 5135 5235 5009 4769 4849 5073 5668 5353 5465 4961 5209 5003 5598 4804 5093 5115 4791 5322 5052 5345 5210 5115 4960 4957 4936 5230 5155 5001 5382 5288 5241 4949 5246 5202 4967 5389 4527 4754 5182 5306 5106 5427 5416 5322 4799 4853 4711 5193 5046 4902 5095 5013 5462 5193 5102 5100 5432 5417 5079 5062 5176 4929 5006 4894 
5303 5521 4937 5380 5517 4978 5137 4796 4688 5157 5243 5185 5086 5332 5447 5309 5092 5257 5250 5097 5516 5083 5404 5160 5197 5540 5442 5273 5317 5199 5163 4800 5122 4936 5062 5033 5725 5480 4970 5010 5231 5214 5368 5636 4940 5238 5226 5103 5362 5024 4997 4979 5290 4939 4956 4838 5318 5317 5162 5442 5482 4908 4677 5464 5359 5174 5441 5181 5191 4987 5454 5283 5026 5156 4654 5141 5235 5173 5087 5353 5089 5553 5375 5065 4949 5012 5241 5144 5447 5171 5605 4745 5251 5239 5161 5350 5114 4673 5143 5350 5257 5203 5196 5539 5308 4932 5179 5554 5099 5321 5343 5108 5171 5720 5213 5229 5137 5146 5405 5635 5570 5434 5101 4785 5331 5407 5018 4971 5072 5280 4750 5201 5010 5055 5348 5334 5539 4755 5051 5328 4960 5239 5062 5412 4683 5486 5189 4865 5275 4506 5042 5203 5146 4518 5323 5049 5433 5235 4747 5364 5248 4884 5388 5340 5142 5170 5398 5356 5329 4429 5057 5520 4979 5480 5452 5173 5338 5001 4908 4967 4940 5307 5455 5781 5179 5122 5228 5502 5508 5467 5047 5452 5037 5478 5170 5000 4997 5419 5479 5328 5369 5201 5444 5256 5519 5210 5498 5456 4956 5379 5238 5339 5377 5367 5178 5201 4876 5356 5406 5021 5203 5152 5358 5313 5253 5260 5379 5376 5166 4866 5356 5629 5268 5472 5784 5476 5215 4861 5265 5664 4922 4833 5196 4922 5555 5812 5363 5236 5528 5385 5013 5134 4991 4982 4869 5099 
5091 5090 4706 5118 5211 4808 4918 4766 4594 4905 4777 4707 4662 5264 5069 4932 5096 4905 5237 4527 5169 4692 5186 4875 4929 4986 5059 4598 4988 4988 4920 4300 4941 4556 4714 5092 5150 5058 4585 5120 4822 4947 4846 4960 5031 5059 5146 4638 5107 4700 4967 4726 4686 4401 4840 4510 5248 5368 4974 5235 5103 4657 4480 5170 4952 5051 5027 4854 4736 4897 5356 4982 4560 4782 4678 5069 5175 4558 4752 5191 4769 4727 4989 5021 4605 4681 5094 4742 5121 5072 5484 4873 4870 4948 4961 5026 5121 4546 4880 4879 5280 4992 4988 5256 4845 4746 5163 5056 4877 4951 4986 4778 4818 4989 4950 4940 4968 4902 5138 5231 4809 4756 4666 4646 4825 5055 4831 4871 4831 5083 4744 4694 4844 4834 4915 4989 5392 4461 4918 4860 4643 5116 4838 4979 4514 5117 4893 4345 5006 4240 4638 5121 4862 4476 5029 4881 5297 4875 4471 5203 4904 5057 4753 5030 4781 4834 5075 4923 5284 4367 4621 5211 4819 5093 4817 5053 4886 4820 4689 4787 4923 5234 5065 5336 5095 4952 5248 5051 4973 5133 5072 4980 4724 4825 5029 4612 4591 4998 5345 5051 5096 4793 5425 4969 5509 4909 5043 4822 4406 5438 4943 5131 5072 4956 4731 4721 4524 5035 5082 5022 4824 5029 5095 4979 4997 5081 4894 4985 4797 4800 5194 5368 4927 5028 5249 4803 4603 4789 4849 5185 4846 4550 4712 4910 5162 5261 4779 4932 5187 5344 4717 4884 4752 4687 4892 4627 
5315 5275 4678 5317 5857 4942 5100 4817 4473 5371 5215 5153 5279 5517 5495 5233 5194 4887 5448 5148 5275 4802 5138 5388 5225 5478 5280 5294 5379 5242 4966 4806 5270 4698 5019 4963 5505 5485 5158 4815 5533 4963 5576 5566 5043 5566 5215 4932 5300 4874 4993 5064 5176 4916 4981 4934 5278 5670 4967 5477 5422 5067 4787 5510 5392 5173 5388 4864 5044 5283 5475 5159 5171 5191 4847 5076 5071 4987 5490 5426 4991 5258 5002 5093 4612 5206 5067 5330 5219 5332 5709 4905 5239 4958 5216 5208 5110 5077 5131 5224 5623 5174 5452 5436 5377 4979 5342 5645 5141 4868 5383 5170 4945 5561 5073 5237 5269 5346 5466 5541 5367 5520 5271 4774 5459 5414 5333 4961 5052 4982 5098 5057 5050 4922 5106 5554 5629 4702 5160 5152 5005 5199 5312 5641 4798 5598 5034 4899 5069 4559 4790 5201 5283 4858 5412 5251 5396 5261 5006 5558 5262 4836 5333 5228 4998 5206 5277 5282 5272 4191 5416 5314 4777 5281 5214 5393 5496 4854 5172 5165 5206 5364 5370 5560 5236 5096 5230 5419 5404 5757 5150 5519 4916 5613 5036 5099 5068 5281 5534 5541 5499 5501 5303 5224 5666 5086 5403 5286 4812 5517 5113 5504 5250 5470 5265 5276 5174 5289 5487 5076 5611 5217 5283 5265 5147 5166 5240 5307 4734 4894 5484 5727 5217 5561 5801 5447 4995 5081 5242 5572 5248 4990 5082 5167 5714 5584 5240 4921 5273 5412 5214 5059 5111 5283 5058 5069 
5283 5228 4499 5235 5456 4741 5159 5117 4537 5376 5131 4994 5222 5221 5169 5233 5257 4817 5312 5063 5323 4752 5153 5221 5347 5230 5237 5299 5127 4708 4837 4839 5209 4949 4783 5034 5157 5358 5033 4679 5153 4702 5186 5196 5167 4978 5229 5065 5154 4748 4841 5173 4834 5082 4864 4949 5053 5468 4934 5103 5110 4710 4925 5197 5429 4839 5521 5006 5080 5198 5458 5475 5112 5157 4788 5036 5009 4824 5096 5244 5064 5061 5411 4802 4684 5300 5112 5092 5284 5136 5530 5255 5178 5000 4854 5254 4892 4938 5025 4746 5318 5252 5198 5074 5134 4925 5274 5441 4884 4897 4999 5113 4861 5410 5237 5089 5138 5417 5275 5692 5000 5208 4903 5046 5154 5333 5301 5221 4825 5125 4961 4933 5090 4785 4932 5124 5434 4889 5146 5128 5009 5145 5082 5167 4495 5560 4726 4844 5026 4711 4860 5086 5029 4613 4947 5187 5319 4893 4679 5181 5100 5074 5566 5168 5097 5014 5293 5295 5141 4507 5350 5329 4781 5181 5063 4923 5185 4723 4877 5136 4863 5223 5569 5453 5010 4861 5094 5323 5352 5380 5219 5249 5085 5210 5034 4968 4827 5302 5391 5316 5294 5412 5444 5358 5286 4874 5387 5174 4700 5307 4809 5150 5109 5154 5164 4955 4688 5157 5227 5165 5141 5085 5396 5068 5057 5360 5115 5118 4844 4449 5326 5495 5002 5431 5560 5295 4817 4950 5126 5327 5080 4678 5125 4997 5641 5509 5044 5097 5204 5186 5031 5015 5114 5107 4866 5121 
5001 4710 4332 5084 4839 4627 4753 4311 4426 4951 4953 4751 4728 5128 5108 4840 4843 4790 4898 4555 4954 4558 4992 4744 4854 4955 5008 4486 4978 4675 4509 4678 4821 4343 4569 5010 4983 4931 4488 4708 4803 4500 4956 4945 4749 4949 4766 4469 4713 4492 4443 4696 4657 4842 4462 4622 4710 5068 4648 5173 4871 4506 4581 4991 5081 4628 5022 4492 4766 4707 4721 4884 4575 4578 4549 4576 4650 4628 4744 5051 4534 4850 4769 4621 4301 4718 4592 4908 5026 4667 5310 4705 4796 4784 4545 4724 4695 4503 4895 4713 5130 4841 5111 5013 5088 4414 4722 5038 4904 4831 4968 4712 4687 4807 4917 4369 4965 4757 4940 4753 4716 4818 4717 4566 4888 4900 4999 4596 4654 4865 4694 4664 4727 4507 4898 4781 5176 4303 4757 4830 4774 4545 4706 5019 4327 4823 4453 4609 4794 4355 4470 5035 4701 4585 4676 4718 5036 4650 4502 4874 4568 4563 4719 4790 4736 4504 4955 5024 4667 4102 4771 5071 4656 4768 4754 5066 4964 4499 4463 4858 4823 5023 4661 5181 4980 4792 4770 4927 4887 4726 4755 5123 4682 5047 4688 4764 4626 4795 4898 4846 5020 4918 5068 4658 5000 4526 4841 4866 4440 4868 4279 4801 5007 4855 4656 4685 4677 5021 5134 4686 4823 4744 4863 4438 4658 4744 4484 4791 4650 4363 5183 5112 4819 5136 5309 4868 4559 4593 4692 5088 4714 4706 4645 4937 5155 4998 4817 4923 5040 5359 4737 4710 4399 4661 4687 4574 
5333 5490 4537 5472 5217 4964 5314 4940 4498 5406 4944 5142 5017 5188 5253 5246 5452 4851 5180 4593 5157 4677 5047 4984 5184 5132 5159 4921 5021 4947 4912 4918 5077 4734 5050 4821 5325 5093 4903 4922 5183 4906 5219 5170 5145 5218 5181 4828 5579 4886 4874 5274 4850 4784 5026 5066 5256 5270 4835 5546 5330 4509 4739 5243 5196 5129 5335 4672 4633 5370 5436 5082 4869 4775 5001 4997 5206 4902 5199 5258 5046 5102 4822 4861 4476 5008 5204 5211 5388 5284 5484 4953 5201 5194 4873 5005 4882 4848 5123 5096 5297 5109 4978 5320 5166 4877 5246 5561 4913 5330 5173 4848 5107 5349 5184 5025 5175 5199 5448 5352 4846 5032 5098 4784 5259 5041 5027 4969 4795 5229 5109 5034 4966 4726 5075 5367 5464 4598 4932 5032 4901 5112 5121 5256 4769 5680 4998 4596 5012 4443 4906 5327 4869 4556 5038 5177 5383 4953 4949 5314 5154 4756 5228 5291 4942 5285 5265 5231 5166 4404 5005 5490 4915 5078 5223 5292 5238 4843 5050 5205 5068 5215 5433 5160 5033 5065 5049 5261 5304 5073 5130 5302 5008 5258 5191 4974 4667 4936 5705 5487 5433 5263 5231 5230 5257 4943 5223 5064 4800 5248 4871 5110 5142 5343 5371 4939 4820 5418 5257 5149 4891 5059 5234 5030 5367 5238 5215 5223 4687 4786 5341 5514 5033 5564 5703 5022 4918 4962 5005 5339 5236 4925 4639 5350 5262 5414 5302 4973 5496 5409 4841 4948 5053 5015 4813 5060 
5469 5130 4661 5532 5300 5088 5459 5183 4658 5220 5326 5027 5151 5279 5399 5242 5335 4986 5430 5033 5157 5058 5344 5174 5088 5567 5362 4943 5339 5178 5058 4940 5134 4822 5026 5368 5310 5064 5048 5174 5283 5277 5299 5339 5204 5166 5386 4918 5258 5158 4987 5500 5274 4918 5203 4779 5265 5332 5018 5478 5746 4834 4745 5492 5255 5120 5218 5003 4976 5201 5400 5305 4967 5306 4820 5118 5309 4994 4938 5366 5275 5210 5219 5096 4600 5268 5312 5342 5433 5355 5497 5081 5334 5248 5233 5086 5007 4838 5126 5110 5607 5443 5322 5512 5029 4940 5328 5483 5071 5141 5235 4845 5239 5409 5052 5129 5099 5444 5624 5448 5164 5238 5000 4955 5282 5771 5164 5380 4921 5285 5347 5103 5082 4986 5171 5422 5610 4664 5163 5235 4976 5130 4912 5252 5002 5685 4778 4725 5054 4827 4789 5436 5021 4531 5236 5253 5660 5300 4791 5323 5149 4908 5203 5206 5274 5298 5433 5495 5271 4646 5230 5437 5189 5327 5362 5330 5428 5126 5087 5192 4717 5128 5514 5438 5097 4986 5278 5439 5319 5238 5371 5505 5184 5587 5077 5085 4880 5590 5350 5228 5510 5309 5527 5109 5742 4967 5414 5336 4784 5599 4868 5502 5233 5223 5138 5157 4894 5518 5743 4895 5290 5126 5429 5047 5476 5083 5269 5255 5129 4785 5279 5670 5453 5743 5471 5013 4969 4820 5138 5548 5291 4746 5304 5292 5535 5667 5366 5223 5241 5464 4982 4993 5024 4935 5042 4863 
5302 5465 4642 5233 5914 5012 5307 4922 4394 5443 5429 5254 5408 5470 5130 5489 5183 4787 5358 5105 5706 4958 5426 5275 5569 5355 5407 5120 5211 5124 5011 5124 5384 4805 5161 5090 5568 5590 4979 5156 5501 4900 5142 5352 5115 5431 5454 5144 5421 5006 4878 5365 5099 4862 5293 4856 5416 5466 5037 5558 5254 4789 4923 5425 5438 4890 5588 5137 5150 5253 5584 5354 5104 5319 4970 5173 5326 5095 5218 5192 5050 5150 5186 4934 4948 5314 5321 5138 5670 5353 5672 4999 5405 5294 5163 5415 5072 4767 5328 5196 5446 5251 5414 5484 5212 4910 5287 5714 4998 5147 5305 5249 5060 5302 5039 5135 5012 5282 5465 5612 5143 5263 5188 4946 5272 5415 5111 5254 4902 5305 5048 4955 5047 4799 5303 5508 5442 4839 5254 4988 5020 4803 4940 5053 4812 5437 5097 4973 5339 4741 4645 5209 5264 4874 5230 5198 5556 5304 4843 5334 5133 5247 5367 5157 5268 5234 5433 5311 5375 4309 5304 5251 5021 5123 5415 5093 5402 5038 5060 5035 5219 5284 5536 5683 5343 5228 5399 5323 5185 5581 5298 5383 5251 5324 5444 4981 5154 5271 5771 5151 5413 5624 5545 5204 5618 5039 5439 5288 4918 5621 5269 5442 5446 5413 5274 4884 5283 5306 5298 5011 5286 5411 5430 5259 5267 5402 5215 5308 4966 4706 5903 5666 5211 5569 5712 5320 4676 5085 5138 5613 5550 5043 5235 5457 5783 5459 5061 5092 5295 5493 5177 5182 5157 5105 5166 4929 
5257 5100 4806 5069 5219 4980 4871 4717 4548 5077 5239 4954 4989 5167 5186 5081 4905 4851 5084 4648 5105 4730 5069 5155 4995 5302 5232 4631 5016 4858 4861 5013 4790 4654 4752 5031 5351 5254 4608 4714 4955 4802 4959 5210 4867 4846 5070 4716 4908 4551 4669 5235 4873 4760 4720 4723 4924 5224 4946 5261 5020 4524 4641 5315 4917 4777 5264 4783 5029 4988 5108 5205 4975 5071 4743 4677 4932 4695 4879 5047 4870 5043 4807 4743 4541 4982 5135 4752 5410 5000 5393 4942 5364 4996 4972 4987 4699 4780 4787 4977 5255 4889 4993 5312 4862 4604 5188 5448 4778 5028 5199 4899 4941 5189 4999 5006 4862 5169 5196 5271 5064 5178 4827 4656 5087 5154 5010 4897 4830 5001 4726 4643 4753 4865 4708 5159 5314 4551 4926 4806 4521 5037 4760 5080 4559 5437 4997 4858 5012 4532 4489 5145 4901 4434 4970 5041 5322 5053 4810 5137 4967 4810 5272 4885 4975 4976 5003 5021 5113 4417 4929 5208 4652 4952 5046 4987 5130 4601 4758 4900 4893 5014 5388 5312 4840 4767 5116 5103 5174 5440 5021 5279 4877 5089 4759 4825 4659 4908 5156 5066 5393 5105 5258 5091 5109 4879 4984 5091 4767 5056 4861 5171 4991 5037 4974 4819 4737 5078 5173 4938 5002 5082 5238 5038 4981 5106 4798 5312 4641 4602 5388 5359 5036 5246 5394 5088 4823 4742 4811 5277 4955 4855 4866 4979 5304 5507 4991 5139 5256 5232 4863 4720 5124 4818 4991 4793 
5414 5359 5067 5377 5732 4935 5123 4876 4707 5403 5392 5316 5274 5395 5314 5276 5133 5196 5469 5213 5477 4931 5134 5138 5046 5468 5594 5350 5318 5136 4877 4843 5149 4887 5062 5388 5350 5342 5314 5032 5428 5060 5520 5561 5036 5158 5263 5060 5579 4924 5035 5201 5243 5093 5225 4871 5542 5515 5147 5474 5422 4919 4699 5459 5660 5090 5156 5231 5340 5247 5332 5527 5056 5310 5024 5394 5329 4934 5303 5301 5040 5228 5442 5168 4891 5311 5387 5131 5428 5197 5810 4842 5317 5424 5155 5282 5437 5164 5299 4985 5390 5134 5281 5473 5350 5324 5531 5590 5179 5258 5438 5271 4947 5627 5197 5223 5391 5167 5399 5767 5123 5252 4914 5210 5177 5247 4988 5146 5045 5371 5273 5077 5052 5210 5091 5510 5387 4574 5299 5161 4951 5126 5046 5274 4910 5602 5029 4915 5334 4729 4918 5197 5141 4914 5353 5635 5716 5406 4680 5286 5131 5168 5182 5383 4949 5252 5271 5570 5205 4465 5047 5605 4897 5382 5238 5310 5214 4856 4875 5287 5010 5276 5506 5625 5324 5319 5447 5685 5476 5409 5160 5365 5344 5540 5186 5158 4935 5373 5469 5460 5431 5468 5326 5006 5691 5233 5565 5144 5159 5613 5364 5512 5161 5404 5243 5036 5145 5437 5505 5227 5372 5203 5401 4965 5347 5501 5303 5408 4843 5017 5700 5780 5212 5640 5460 5127 4871 5262 5150 5535 5147 5183 5325 5324 5702 5647 5436 5047 5368 5264 5084 5062 4886 5198 5128 4815 
5315 5384 4537 5003 5459 4565 5238 4574 4635 5245 5110 5037 5170 5174 5176 5265 4908 4847 5306 5024 5270 4807 5058 5310 5267 5360 5121 5159 5109 4799 4685 5015 5063 4723 4939 4950 5319 5025 4911 4834 4850 4803 5296 5344 5006 4987 5228 5035 5236 4916 4787 5198 4951 4779 5135 4811 5014 5329 4761 5203 5295 4766 4697 5282 5357 4943 5156 4917 4958 5058 5193 5301 4995 5004 4879 5065 4972 4796 5107 5284 4854 4855 5240 5029 4545 5180 4828 5137 5350 5210 5434 4919 5020 5178 5126 5361 4952 4490 4976 4805 5361 4990 5001 5065 5073 4989 5095 5461 5099 5016 5036 5004 5179 5297 4963 5138 5313 5223 5075 5364 5032 5281 4887 4970 5003 5225 5042 4985 4805 5164 5119 4815 5061 4884 5193 5158 5402 4584 5115 5011 4841 5214 4900 5078 4923 5295 4959 4817 5293 4610 4653 5332 5004 4551 5183 5127 5448 5094 4994 5001 5140 4778 5219 5001 4991 4937 5213 5140 4984 4263 5295 5343 4750 5002 5238 5264 5216 4905 4833 5141 4980 5115 5139 5530 5201 4987 5120 5313 5127 5279 5146 5284 5023 5049 4787 4914 4886 5361 5390 5357 5200 5122 5215 5302 5617 4886 5411 4916 4730 5167 5053 5364 5412 5073 5020 4851 4839 5009 5233 5128 5224 5058 5342 4917 5069 5095 5332 5091 4854 4598 5446 5519 4978 5409 5660 4996 4923 4821 4951 5224 5043 4692 5021 4979 5428 5194 5148 5303 5263 5252 5044 4733 4908 5000 4925 4866 
5767 5706 5079 5503 6017 5620 5907 5166 4922 5828 5505 5504 5588 5878 5536 5899 5481 5323 5948 5412 5739 5460 5544 5413 5765 5826 5798 5474 5848 5654 5343 5308 5516 5006 5194 5477 5995 5806 5328 5572 5751 5348 5629 5791 5511 5562 5582 5206 5776 5327 5322 5599 5371 5259 5329 5231 5512 5673 5376 5690 6022 5253 5143 5827 5823 5498 5668 5213 5511 5407 5725 5711 5435 5719 5254 5506 5649 5370 5707 6095 5406 5764 5623 5307 5046 5456 5371 5560 6023 5512 6187 5218 5552 5429 5596 5945 5733 5164 5662 5376 5888 5785 5599 5717 5833 5151 5618 6158 5420 5554 5529 5203 5339 6074 5687 5761 5706 5513 5828 5994 5601 5632 5285 5308 5631 5721 5397 5417 5384 5740 5521 5247 5337 5419 5759 5640 6078 4928 5788 5907 5470 5489 5352 5740 5055 5827 5467 5282 5616 4848 5259 5961 5439 5312 5959 5764 6018 5683 5256 5442 5484 5152 5590 5621 5686 5869 6031 5448 5765 4507 5601 5816 5213 5506 5628 5720 5827 5488 5340 5666 5442 5887 5826 6111 5721 5358 5686 5779 5423 5658 5469 5809 5264 5772 5518 5334 5290 5597 6167 5981 5914 5613 5947 5546 5737 5545 5599 5624 5014 5941 5452 5830 5780 5488 5556 5264 5432 5542 5790 5399 5636 5709 5531 5476 5652 5493 5400 5591 5477 5306 5730 6075 5762 5904 6027 5505 5350 5500 5730 5744 5446 4906 5445 5512 5795 5939 5542 5614 5761 5913 5263 5376 5434 5228 5304 5333 
5496 5491 4787 5459 5479 5010 5149 4836 4551 5324 5281 5351 5148 5164 5319 5347 5325 5215 5410 4876 5376 5100 5282 5213 5332 5213 5260 5208 5151 5035 4891 5070 5143 4660 5345 5166 5433 5210 4829 5144 5127 5341 5280 5352 5096 5220 5567 4924 5357 4992 5091 5317 4967 4899 5064 4885 5242 5357 5137 5499 5630 5001 4648 5249 5410 5201 5400 5071 5157 5023 5528 5526 5106 5314 4969 5122 5359 4903 5348 5394 5369 5019 5107 5207 5046 4903 5435 5257 5460 5325 5622 4895 5412 5317 5202 5205 5322 4961 5323 5097 5540 5159 5088 5462 4933 5108 5350 5632 5247 4800 5108 5193 5259 5532 5501 5252 5124 5321 5591 5485 5234 5437 5193 5061 5147 5761 5182 5231 5137 5573 5267 4681 5400 5184 5114 5375 5565 4582 5223 5162 4960 5160 5353 5458 4935 5679 5044 4947 5430 4787 4869 5439 5142 4755 5389 5373 5359 5511 4999 5522 5381 4965 5550 5285 5351 5144 5293 5121 5069 4376 5221 5498 5126 5323 5459 5282 5192 4935 5096 5207 5232 5341 5581 5552 5361 4952 5194 5503 5348 5686 5126 5786 5183 5599 5241 4980 4915 5361 5637 5397 5664 5149 5310 5217 5383 5183 5667 5522 4809 5505 5493 5443 5609 5236 5333 5285 4965 5354 5514 5153 5194 5394 5301 5193 5184 5397 5295 5374 4830 4674 5551 5775 5194 5824 5567 5299 5108 4997 4899 5641 5176 5241 5061 5143 5561 5692 5304 5394 5683 5425 5242 5101 4954 5049 5109 5102 
5475 5300 4780 5414 5646 4780 5189 5044 4707 5197 5053 5306 5361 5405 5204 5313 5312 4855 5414 4990 5407 4891 5288 5078 5287 5385 5146 5088 5227 5053 5038 5006 5098 4962 5103 5318 5324 5504 5074 5071 5449 5027 5604 5392 5257 5405 5431 5103 5564 5202 4890 5530 5385 4822 4775 5093 5287 5355 5078 5520 5479 4935 4820 5264 5406 5316 5423 5147 4933 5398 5421 5444 5174 5144 4760 5216 5346 4808 5276 5329 5061 5391 5203 5284 4855 5130 5468 5143 5442 5254 5778 4797 5309 5280 4855 5153 5216 4938 5138 5241 5411 5213 5425 5763 5192 5190 5356 5490 5033 5268 5282 5157 5305 5612 5399 5128 5308 5474 5247 5824 5352 5370 5110 4944 5401 5609 5211 5023 5096 5254 4907 5071 4943 4899 4894 5373 5610 4785 4972 5362 5036 5276 5112 5352 4741 5781 5086 4713 5149 4773 4919 5272 5119 4639 5083 5251 5647 5285 4888 5368 5226 4951 5229 5434 4958 5268 5430 5388 5186 4672 5171 5703 4818 5603 5273 5104 5156 4695 4895 5270 5024 5260 5472 5672 5033 5284 5236 5314 5730 5381 5237 5605 5331 5266 5142 4804 5020 5592 5590 5612 5462 5105 5260 5289 5525 5116 5451 5304 4987 5574 5434 5408 5395 5361 5196 5129 4853 5392 5536 5293 5393 5258 5677 5231 5423 5272 5355 5406 4975 5061 5548 5820 4973 5665 5512 5331 4825 5086 4979 5470 5217 5162 5027 5200 5594 5814 5411 5113 5450 5337 5164 4900 4827 5337 5024 5096 
5546 5567 4813 5595 5763 5017 5561 4869 4773 5491 5415 5196 5394 5514 5550 5410 5307 5247 5385 4983 5798 5236 5518 5524 5357 5432 5600 5127 5537 5388 5201 5214 5098 4638 5245 5403 5552 5597 5003 5229 5330 5116 5603 5594 5466 5384 5287 5314 5690 5181 5090 5523 5269 5236 5026 5002 5413 5653 4997 5574 5908 5071 4840 5626 5520 5253 5471 5165 5111 5346 5567 5233 5450 5007 4937 5356 5577 5310 5670 5449 5141 5633 5275 5238 4841 5229 5275 5419 5768 5494 5779 5119 5260 5362 5195 5026 5280 5091 5147 5361 5672 5285 5435 5685 5520 5020 5438 5807 5328 5532 5559 5325 5148 5617 5412 4882 5427 5601 5418 5624 5411 5233 5098 4831 5528 5554 5322 5407 5118 5414 5306 4850 5541 5295 5226 5373 5712 4868 5261 5172 5124 5162 5166 5613 5101 5627 5191 4940 5512 4543 4816 5497 5511 5166 5371 5362 5834 5254 5041 5490 5373 5097 5278 5335 5304 5224 5608 5583 5274 4679 5528 5651 5088 5454 5446 5760 5475 5143 5082 5461 5301 5484 5422 6082 5412 5335 5332 5384 5459 5995 5531 5334 5378 5504 5216 4999 5188 5635 5672 5547 5658 5429 5408 5346 5848 5246 5612 5188 4998 5648 5306 5384 5629 5411 5297 5196 5059 5586 5623 5045 5183 5230 5290 5441 5354 5330 5264 5376 4983 4959 5658 5794 5335 5980 5902 5389 5209 5170 5495 5492 5565 5144 5333 5338 5748 5828 5392 5278 5519 5648 5215 5140 4900 5194 5122 4903 
5002 5188 4426 4881 5372 5022 5138 4590 4313 4818 4921 4931 5054 5101 4996 4962 5118 4728 5108 4684 5176 4609 4744 4914 4997 5050 5091 4878 4986 4728 4863 4727 5050 4523 4663 4839 4960 4732 4712 4622 4950 4913 4999 5244 4745 4932 4934 4708 5023 4512 4594 5102 4756 4633 4879 4790 4941 5039 4871 4979 5157 4376 4533 5358 5202 5012 5366 4620 4799 5027 4959 5307 4810 5024 4734 4842 5126 4574 4820 5180 4668 5195 4914 4612 4432 4742 5067 4810 4910 4613 5129 4732 5243 4978 4499 4924 4839 4657 4674 4838 5146 4887 5083 5323 5064 4742 5077 5368 4922 5014 4970 4729 4714 5295 4907 4803 4911 5028 5107 5314 4903 4987 4708 4648 5063 4920 4819 5013 4806 5057 4910 4783 4881 4390 4856 5409 5124 4625 4992 4888 4637 4707 4755 5053 4522 5125 4792 4515 4967 4362 4834 4946 4596 4729 4968 4739 5102 4986 4530 4952 4957 4419 5038 5213 4848 4743 5040 5156 4805 4228 4961 5168 4990 4949 4835 4847 5046 4696 4805 5031 4892 5048 5057 5429 4975 4796 5089 5431 4923 5039 4881 5107 4771 5077 4759 4672 4781 4949 5120 5052 5277 4886 5125 5090 5036 4950 4858 4938 4832 5066 4763 4913 5236 5252 5044 4820 5035 5059 4990 4794 4939 5001 4926 4683 5113 4929 4958 5013 4605 4630 5265 5277 4828 5112 5226 4948 4784 4629 4945 5277 4936 4801 4619 4793 5243 5394 4921 4873 5231 5234 4732 4760 4686 4870 4876 4858 
5586 5375 4739 5224 5235 5204 5367 4941 4684 5207 5568 5064 5286 5303 5180 5537 5319 5048 5375 4961 5455 4960 5349 5389 5382 5383 5172 4920 5134 5117 4851 4995 5205 4803 5026 5300 5534 5356 5087 4940 5284 4906 5200 5433 5207 5212 5332 4866 5274 5023 5032 5216 5142 4894 5054 4982 5478 5533 5146 5488 5689 4741 4797 5558 5307 5138 5392 4941 5134 4904 5211 5172 5211 5420 4810 5098 5442 4974 5145 5394 4830 5239 5316 4941 4833 5143 5273 5107 5457 5498 5717 5235 5262 5178 5218 5555 5173 4659 5191 4870 5263 5268 5269 5431 5348 4893 5328 5428 4908 5165 5243 5207 5170 5500 4946 5278 4840 5300 5361 5669 5131 5220 5385 4867 5389 5303 5084 5149 5056 5435 5228 5236 5073 5005 5207 5227 5545 4884 5416 5120 4797 5199 4921 5363 4760 5676 5199 5106 5476 4526 4666 5284 5029 4692 5838 5176 5408 4921 4889 5237 5128 4872 5161 5119 5179 5145 5498 5192 5371 4605 5123 5416 5024 5202 5215 5197 5309 5142 4925 5582 4970 5530 5275 5804 5390 5274 5110 5272 5170 5463 5155 5406 5098 5310 4850 5133 4773 5185 5725 5387 5663 5163 5376 5179 5400 5134 5279 5227 4912 5289 4925 5406 5192 5325 5230 5162 4882 5305 5360 4879 5251 5272 5268 5253 5447 5479 5178 5174 4989 4871 5792 5592 5328 5397 5806 5330 4807 5070 5158 5639 5197 5001 4993 5337 5643 5462 5238 5372 5363 5648 5025 5322 4905 5198 5175 5125 
5457 5495 4963 5717 5422 5128 5218 4988 4725 5257 5158 5133 5163 5363 5426 5461 5404 5211 5410 5158 5238 4814 5253 5008 5366 5747 5310 5046 5550 5436 5101 5156 5410 4807 5220 5157 5493 5291 5023 4989 5469 5192 5770 5542 5141 5347 5385 5078 5381 4813 5193 5316 5121 4988 5195 5053 5483 5583 5139 5550 5631 4833 4568 5310 5192 5074 5237 5043 5135 5435 5413 5608 5144 5308 5006 5113 5578 4926 5246 5370 5179 5283 5305 4998 4651 5479 5561 5219 5474 5338 5520 5200 5330 5326 5270 5439 5166 4941 5133 5054 5731 5188 5162 5466 5248 5123 5338 5567 5068 5303 5193 5084 5335 5463 5502 5060 5486 5400 5343 5831 5290 5408 5117 5037 5743 5463 4947 5145 5140 5456 5133 5089 5279 4995 5012 5451 5492 4831 5407 5261 5060 5105 5389 5325 5147 5582 5113 4655 5436 4699 4901 5339 5010 4719 5244 5569 5541 5191 4705 5399 5281 5253 5210 5240 5337 5493 5367 5388 5235 4540 5147 5574 4945 5271 5260 5196 5203 5158 5213 5352 5242 5411 5243 5720 5141 5190 5232 5542 5357 5324 5324 5564 5218 5516 5004 5019 4897 5366 5624 5385 5360 5352 5574 5207 5502 4903 5397 5063 4678 5575 5154 5351 5450 5323 5601 5187 5017 5455 5507 5015 5282 4946 5400 5365 5321 5077 5234 5271 4982 5293 5620 5744 5279 5614 5700 5525 4923 4892 5116 5684 5148 5102 5194 5145 5379 5801 5297 5164 5432 5600 5098 4850 4945 5060 4992 5055 
5361 5590 5032 5654 5770 5000 5468 4944 4841 5456 5548 5126 5372 5279 5662 5465 5399 5263 5460 5181 5644 5010 5353 5287 5624 5408 5255 5359 5711 5203 5460 5046 5335 5009 5219 5506 5662 5381 5190 4993 5421 5091 5337 5444 5314 5395 5395 5086 5422 5169 5032 5252 5035 5486 5005 5092 5295 5419 5140 5902 5555 4870 4981 5721 5600 5187 5740 5300 5351 5605 5215 5278 5188 5344 5053 5162 5568 5062 5411 5516 5027 5468 5412 5031 4952 5331 5636 5199 5649 5412 5656 5261 5337 5354 5187 5580 5203 4932 5142 5313 5518 5293 5383 5200 5337 5188 5481 5640 5204 5375 5325 5462 5224 5838 5303 5435 5297 5575 5619 5678 5385 5735 5378 5083 5570 5515 5366 5055 5382 5777 5478 5289 5119 5053 5320 5423 5687 5045 5454 5197 5082 5067 5425 5381 4975 5530 5171 5025 5470 5016 5066 5335 5314 4753 5306 5488 5568 5323 5103 5462 5370 5172 5651 5362 5219 5568 5626 5413 5153 4557 5332 5619 5361 5285 5490 5499 5571 5563 5282 5547 5393 5615 5331 5652 5569 5138 5460 5597 5227 5577 5418 5514 5472 5381 5210 5490 5217 5678 5745 5583 5336 5465 5654 5086 5750 5034 5424 5735 4965 5385 5236 5396 5158 5492 5315 5391 5321 5458 5805 5187 5739 5562 5248 4948 5337 5511 5270 5262 5142 4924 5427 5637 5355 5917 6097 5692 5203 5115 5108 5440 5164 4965 5293 5343 5818 5520 5509 5351 5632 5485 5448 5259 5434 5147 5127 5045 
5063 4976 4445 5062 5297 4839 4938 4760 4355 5020 5153 4911 5096 5043 4807 5079 5040 4584 5093 4688 4639 4652 4961 4883 4974 4760 4829 4807 4953 5181 4333 4793 4697 4410 5032 4921 5046 5180 4555 4670 5204 4684 5070 5066 4890 4933 4985 4809 5151 4956 4741 4883 4968 4570 4864 4718 4985 5344 4756 5265 5160 4582 4558 5127 5115 4970 5164 5109 4681 4866 5104 5070 4571 4883 4749 4877 4967 4594 5094 4914 4869 4920 5124 4978 4341 4886 4716 4601 5079 5047 5374 4954 5057 4950 4791 5047 4836 4779 4818 4862 5141 5008 4806 5318 5026 4764 5115 5337 4894 4599 5052 4759 4862 5161 4979 4942 4976 4788 4867 5284 4848 4843 4673 4733 5195 4869 5030 5116 4825 4962 4971 4707 4717 4665 4649 5083 5366 4618 4802 4884 4676 4923 4828 5051 4702 5342 4964 4834 4815 4547 4935 4959 4874 4470 4871 4915 5238 4903 4493 4867 4941 4855 4956 5149 4790 4668 4849 5092 4842 4333 4746 5095 4780 5296 4981 4994 4989 4753 4681 5119 4590 4741 5096 5473 5142 4784 5227 5220 5050 5220 4914 4858 4927 5098 5000 4454 4658 5213 5286 5095 5138 4889 5139 5044 5170 4864 5163 4927 4758 5198 4658 5154 4922 5116 4978 5000 4636 5138 5117 4940 5151 5063 4874 4789 4950 5099 4981 4885 4584 4675 5418 5524 4954 4879 5379 4975 4452 4944 4778 5168 5148 4809 4733 4978 5287 5316 5038 4961 5133 5103 4943 4539 4631 4888 4868 4979 
5492 5345 4697 5357 5583 5015 5471 4947 4636 5097 5311 5138 5175 5204 5309 5385 5194 5051 5204 5200 5419 4987 5361 5222 5470 5465 5308 5005 5509 5265 5070 5100 5275 4815 5142 5030 5656 5311 5053 5148 5330 5093 5419 5504 5264 5208 5328 4889 5453 5073 5138 5364 5265 4788 5020 5016 5384 5238 5014 5331 5571 4853 4743 5623 5345 5118 5582 4888 5001 5318 5598 5320 5448 5305 5096 5209 5604 4990 5333 5338 5143 5390 5361 5336 4813 5113 5527 4808 5564 5333 5758 5057 5291 5361 5168 5165 5344 4664 5373 5088 5184 5318 5220 5783 5029 4952 5179 5628 5151 5116 5167 5205 5282 5639 5206 5240 5139 5367 5368 5730 5261 5278 5178 4819 5371 5501 5359 5137 5011 5376 5100 5124 5049 5094 5136 5263 5345 4720 5170 5006 5005 5112 5218 5442 5124 5611 5175 4989 5400 4427 4865 5589 5127 4766 5623 5360 5384 5143 4860 5276 5297 4913 5273 5256 4993 5334 5481 5421 5303 4331 5075 5412 5165 5459 5050 5266 5130 5051 5209 5234 4975 5455 5321 5735 5197 5197 5338 5352 5433 5677 5364 5707 5192 5626 5375 5325 4905 5373 5768 5465 5589 5101 5545 5353 5505 5304 5619 5309 4936 5529 5298 5602 5156 5315 5457 4986 5074 5091 5391 5395 5499 5271 5351 5272 5468 5326 5468 5134 4717 5020 5676 5558 5134 5585 5855 5268 4956 4976 5019 5378 5207 4783 5249 5294 5720 5652 5245 5360 5354 5686 5191 5046 5178 5200 5265 5130 
5286 5372 4890 5294 5635 5285 5374 4899 4734 5368 5261 5197 5198 5479 5374 5546 5224 5152 5390 5226 5308 4978 5171 5514 5584 5452 5250 4900 5527 5224 5276 5140 5306 5063 5204 5251 5464 5527 5046 5166 5274 5138 5546 5514 5300 5360 5364 5259 5786 4835 5036 5299 5095 5012 5269 5221 5429 5177 5166 5609 5537 4712 4841 5850 5289 5096 5281 4938 5120 5274 5417 5272 5128 5265 5277 5055 5331 5078 5360 5332 5036 5426 5250 5277 4547 5050 5139 5275 5419 5447 5794 4962 5525 5197 5189 5143 5400 5143 5328 5241 5492 5298 5381 5643 5056 4868 5181 5573 5146 5098 5270 5197 5254 5432 5347 5218 5321 5381 5450 5801 5113 5419 5328 4988 5194 5610 5140 5298 5052 5308 5026 4890 5162 5003 5357 5554 5756 4844 5413 5543 4937 4910 5242 5284 4953 5730 5089 4795 5235 4547 4909 5744 5242 4825 5467 5145 5417 5123 4795 5612 5267 4877 5487 5344 5338 5049 5431 5296 5446 4265 5439 5437 5369 5297 5290 5346 5386 5071 5312 5419 5176 5383 5491 5584 5219 5338 5231 5536 5201 5811 5241 5560 5053 5606 5153 5121 4742 5245 5740 5510 5542 5304 5416 5175 5439 5276 5670 5497 5311 5725 5199 5589 5634 5379 5464 5252 5186 5300 5336 5233 5583 5188 5505 5171 5284 5162 5391 5210 4855 4816 5630 5620 5334 5527 5646 5506 5202 5118 5176 5408 5350 4842 5068 5064 5585 5491 5098 5363 5361 5490 5243 5040 5327 5200 5251 4858 
5798 5981 5214 5915 6122 5356 5850 5410 5073 5660 5587 5499 5682 5970 5718 5515 5637 5427 5921 5552 6009 5521 5570 5753 5749 6243 5896 5594 5960 5612 5548 5495 5773 5343 5708 5709 6110 6134 5393 5556 5825 5607 5872 6119 5487 5852 5968 5588 5683 5508 5454 5632 5450 5284 5593 5406 5693 5892 5658 6202 5930 5235 5529 5857 6068 5756 5928 5433 5277 5780 5800 5702 5642 5840 5363 5631 5769 5597 5727 5941 5579 5841 5752 5353 5273 5390 5767 5701 6172 5871 6220 5543 5776 5655 5757 5953 5581 5319 5314 5552 6052 5891 5701 5752 5528 5589 5805 5987 5479 5413 5587 5515 5610 6042 5921 5630 5632 5844 6078 6088 5785 5502 5591 5727 5790 5985 5813 5670 5682 5785 5905 5549 5624 5163 5488 5802 6145 5196 5717 5676 5616 5583 5754 5635 5529 6164 5667 5294 5900 5172 5080 5769 5460 5244 5721 5863 6051 5721 5191 6128 5752 5489 5708 5522 5870 5931 5980 5839 5665 4771 5644 5923 5733 5680 5636 5825 5921 5427 5807 5453 5533 5977 5955 5973 5795 5804 5837 5965 5977 5789 5632 6057 5811 6051 5646 5452 5409 5846 6189 5895 6090 5791 6201 5558 6184 5541 5749 5598 5409 5954 5717 5684 5754 5758 5608 5623 5582 5791 6064 5443 5864 5666 6000 5696 6117 5957 5787 5546 5599 5358 6002 5917 5874 6029 6395 5577 5424 5782 5782 6030 5772 5163 5658 5797 6358 6140 5709 5466 5789 5901 5501 5431 5492 5697 5504 5392 
5169 4944 4524 5182 5268 4724 4842 4604 4230 5034 4977 4903 4991 5158 4842 4858 4970 4769 5055 4457 5297 4649 4786 5114 5041 5163 4977 4609 5130 4974 4781 4802 4868 4273 4787 4951 5256 5300 4751 4629 4923 4731 5100 4963 4849 4877 4706 4404 4980 4627 4516 4891 4531 4758 4733 4677 4739 4892 4653 5085 5218 4536 4598 5067 5163 4931 4994 4545 4743 4702 5152 4935 4893 4807 4538 4809 5070 4818 4929 5230 4695 4802 5023 5013 4600 4925 4703 4559 5371 4909 5101 4535 4845 4908 4732 4681 4661 4320 4685 4745 5190 5058 4913 5246 4940 4678 4954 5328 4842 4945 5003 4732 5072 5137 4760 4764 4829 5052 5199 5339 5033 5233 4777 4436 5127 5056 4681 4711 4798 4874 4818 4618 4762 4769 5147 5038 5221 4630 4955 4844 4454 4755 4693 5039 4538 5073 4738 4889 5052 4443 4626 4975 4854 4349 5059 4734 5058 5006 4607 4950 4728 4668 4900 4923 4955 4741 5160 4937 4853 4152 5000 4996 4569 4715 4872 4993 4896 4653 4705 4949 4651 4890 5049 5223 4904 4776 5091 5110 5027 5161 4931 5062 4838 5165 4998 4339 4831 4993 4993 5171 5287 4835 5215 4859 5194 4834 4799 4965 4253 5032 4780 5087 4948 4783 4825 4787 4601 4857 5245 4697 5020 5037 4780 5083 4902 5070 4963 5112 4641 4422 5288 5312 4914 5297 5113 4798 4688 4548 4702 5218 5091 4768 4675 4918 5192 5376 4703 5060 5026 5060 4896 4832 4526 4622 4772 4611 
5762 5601 5060 5473 5928 5359 5935 5203 4908 5576 5569 5564 5477 5628 5641 5517 5476 5144 5759 5207 5754 5038 5484 5345 5624 5739 5608 5328 5704 5449 5025 5185 5445 5032 5526 5522 5714 5548 5308 5362 5478 5333 5651 5711 5336 5610 5693 5199 5629 5337 5204 5472 5386 4987 5221 5012 5571 5641 5405 5724 5793 5009 4945 5828 5624 5381 5695 5366 5286 5282 5533 5379 5427 5419 5267 5359 5636 5200 5710 5657 5205 5460 5547 5523 5101 5394 5541 5240 5701 5776 5914 5354 5425 5323 5432 5366 5535 5190 5445 5517 5571 5524 5384 5737 5578 5295 5373 5450 4974 5540 5315 5380 5494 5972 5311 5612 5390 5435 5517 5738 5418 5534 5287 5317 5312 5766 5339 5414 5395 5467 5512 5253 5353 5249 5342 5620 5820 5310 5435 5743 5263 5248 5229 5587 5088 5886 5556 5205 5547 5044 5041 5519 5297 4927 5552 5391 5496 5195 5067 5495 5511 5325 5467 5572 5318 5414 5551 5629 5379 4722 5724 5961 5289 5533 5295 5447 5447 5242 5234 5558 5292 5771 5458 6051 5462 5228 5530 5900 5817 5759 5635 5714 5529 5396 5083 5437 5357 5538 6078 5676 5767 5244 5776 5578 5915 5048 5882 5311 5215 5567 5432 5713 5468 5680 5732 5167 5357 5541 5679 5373 5575 5523 5610 5289 5833 5349 5570 5565 5097 4945 5863 5703 5517 6002 6048 5510 5276 5367 5347 5635 5422 5015 5405 5462 5898 5946 5459 5545 5737 5820 5460 5467 5465 5480 5474 5265 
5309 5693 4768 5516 5610 5067 5349 5264 4611 5467 5497 5087 5109 5274 5402 5523 5412 5112 5628 5336 5563 5044 5234 5400 5207 5364 5442 5497 5390 5365 4957 4846 5199 4993 4947 5250 5369 5410 5141 5078 5732 5235 5519 5738 5313 5477 5544 5285 5514 5213 4919 5396 5074 5220 5012 5107 5523 5270 5193 5549 5832 5065 4788 5478 5477 5471 5611 5189 5223 5358 5262 5642 5131 5458 5027 5206 5471 5077 5235 5654 5406 5374 5317 5183 4959 5358 5322 5304 5642 5522 5700 5232 5218 5321 5235 5281 5043 5036 5202 5223 5673 5486 5455 5275 5332 5136 5218 5737 5290 5281 5456 5302 5302 5753 5490 5024 5133 5615 5493 5806 5369 5520 5020 5146 5383 5410 5207 5492 5219 5279 5242 5107 5281 5214 5347 5385 5683 4904 5270 5295 5084 5315 5052 5407 4791 5526 5035 4776 5342 4766 4919 5484 5186 5004 5463 5554 5618 5588 4813 5405 5251 5154 5546 5231 5268 5265 5454 5544 5091 4681 5256 5749 5053 5270 5498 5473 5421 5074 4857 5195 5272 5395 5541 5742 5414 5165 5368 5881 5544 5735 5085 5651 5123 5464 5158 4971 5013 5615 5496 5338 5550 5506 5528 5304 5704 5234 5421 5281 4868 5590 5208 5761 5412 5678 5304 5295 4910 5495 5658 4968 5356 5424 5202 5200 5364 5316 5244 5427 4751 4965 5850 5992 5165 5904 5755 5351 5018 5038 5178 5706 5408 5049 5254 5312 5666 5746 5494 5397 5363 5759 5117 5090 5147 5189 5163 5108 
5390 5499 4872 5444 6031 5329 5396 5171 4385 5375 5668 5136 5260 5517 5459 5713 5281 5078 5644 5419 5549 4796 5509 5175 5358 5410 5583 5076 5475 5350 5084 4985 5437 4710 5164 5460 5604 5480 5111 5082 5435 5076 5471 5401 5146 5564 5270 5012 5423 5057 5135 5503 5441 5046 5223 5040 5501 5678 5171 5532 5583 5006 5015 5763 5484 5202 5490 5153 5381 5263 5720 5254 5184 5205 5014 5297 5357 5279 5246 5559 5134 5410 5258 5264 4875 5240 5402 5397 5705 5453 5816 5222 5399 5489 5157 5424 5470 4940 5409 5239 5569 5221 5503 5658 5491 5023 5240 5775 5276 5278 5297 5196 5346 5657 5166 5431 5215 5658 5575 5441 5297 5450 5418 5181 5448 5672 5389 5338 5056 5397 5084 5203 5097 4848 5376 5436 5852 4720 5474 5244 5076 5076 5075 5509 5099 5839 5283 5032 5598 4458 4855 5695 5366 4935 5333 5352 5671 5260 4992 5411 5385 5014 5384 5286 5123 5529 5612 5532 5325 4548 5550 5589 5312 5284 5504 5349 5355 5251 5321 5466 5309 5468 5528 5654 5360 5286 5230 5459 5015 5801 5309 5573 5185 5177 5438 5304 4916 5422 5795 5472 5567 5384 5544 5162 5767 5224 5656 5395 5074 5498 5134 5502 5661 5645 5477 5237 5368 5517 5473 5259 5275 5352 5563 5151 5456 5147 5337 5221 5036 4690 5559 5852 5625 5731 5850 5669 5237 5484 5316 5612 5535 5057 5518 5257 5719 5570 5208 5239 5772 5894 5130 4974 5442 5303 5127 5101 
5158 5084 4215 5209 5342 4820 5290 4521 4581 4899 5411 4907 4717 5015 5111 5256 5070 4737 5145 4871 5181 4962 5229 4946 5209 5210 5022 4857 5178 4899 4782 5065 5009 4571 4992 5021 5314 5226 4741 5187 5147 4985 5202 5438 4821 5190 5011 4502 5092 4725 5092 5209 5086 4967 4909 4950 5265 5397 4812 5099 5517 4700 4472 5156 5336 5043 5095 4946 4776 4972 5514 5422 4853 4834 4743 4816 5276 5074 5056 5233 5026 5313 5156 4749 4557 4966 4915 5095 5261 5235 5486 4986 5180 5006 5027 5264 5238 4690 4865 5173 5369 5197 5039 5185 5126 4937 5030 5589 4770 4980 5027 4768 4742 5384 5069 4882 4773 5047 5431 5571 5213 4928 4912 4848 5029 5200 5211 4934 4879 4999 4885 4851 4889 4775 4733 5050 5221 4620 5204 4943 4956 4966 4697 5230 4893 5527 4955 4488 5042 4408 4677 5360 4976 4706 5073 5048 5272 4966 5011 5045 4810 4412 5081 4904 5186 4974 4966 5334 5168 4377 4977 5361 4698 5008 5145 4845 5154 4797 5036 5181 4954 5063 5311 5285 5288 4869 4869 5029 5151 5178 4985 5325 5082 5346 4908 4902 4826 5125 5574 5038 5387 5076 5204 4924 5819 5023 4956 5130 4759 5352 4965 5425 5007 5224 5139 4751 4875 5218 5291 4673 5102 4948 5239 5095 5096 5061 4983 5094 4668 4508 5429 5483 5203 5460 5393 5091 4729 4895 4968 5264 4888 4874 5003 5222 5169 5300 5112 4928 5296 5374 4842 4890 4654 5053 4823 4638 
5152 5339 4701 5403 5504 4870 5239 4901 4565 5202 5099 5051 5363 5093 5531 5176 5089 5079 5489 5258 5284 4828 5131 5290 5513 5179 5222 5077 5305 4992 5016 4869 4992 4892 5005 5096 5187 5443 5114 4880 5093 4814 5353 5276 5051 5206 5567 4621 5537 4883 4819 5103 4809 5048 5039 4898 5108 5296 4921 5572 5255 4804 4741 5493 5567 5202 5327 5135 5065 5180 5284 5012 4959 5085 4939 5088 5126 4970 5174 5275 5001 5332 5445 5104 4602 4884 5328 5069 5419 5072 5899 4984 5014 5056 5049 5236 5060 4680 5182 5089 5264 5188 5376 5494 5178 4910 5426 5439 5101 5169 5254 5093 5216 5237 5110 4973 5104 5284 5318 5399 5013 5281 4920 4838 5116 5087 5015 5305 4821 5410 5031 5009 4856 5051 5039 5398 5286 4791 5150 5289 5021 5121 5202 5327 4618 5484 5014 4744 5142 4667 4976 5349 5103 4783 5304 4969 5466 5066 4691 5341 4838 4964 5154 5355 5253 4916 5442 5081 5068 4353 5063 5517 4922 5189 4982 5311 5166 4928 4929 5215 4933 5054 5076 5818 5320 5063 5295 5285 5313 5428 5259 5097 5137 5346 4930 4760 4820 5362 5365 5340 5183 5364 5339 5005 5561 4945 5456 5074 5054 5336 5068 5331 5179 5205 5152 4775 4956 5198 5564 5184 5257 5023 5105 4669 5111 5091 5144 5056 5011 4659 5563 5457 5202 5495 5560 5238 4920 4820 5173 5607 5353 4990 4975 5143 5400 5572 5095 5215 5365 5511 5059 4945 4848 5283 4827 5018 
5440 5287 4686 5191 5417 5061 5241 4845 4460 5357 5390 5232 5300 5168 5009 5327 5124 4981 5200 5056 5359 4819 5275 5415 5412 5424 5264 5266 5377 5217 5171 5046 5066 4662 5010 5630 5270 5415 5101 5241 5265 5027 5276 5537 5138 5412 5418 4975 5417 4949 4968 5385 5130 4783 5001 5031 5132 5450 5074 5424 5494 4888 4859 5292 5539 5317 5489 4935 5028 5231 5481 5328 4943 5341 4767 5216 5140 5059 4941 5362 5147 5248 5193 5279 4698 5118 5382 5116 5544 5372 5447 4961 5438 5098 5090 5210 5175 5058 5084 4869 5311 5152 5094 5529 5466 4987 5072 5568 4790 5275 5088 4985 4984 5589 5289 5395 5237 5307 5463 5746 4929 5236 4881 4888 5127 5399 5181 5103 4833 5420 5199 5134 5000 4846 5029 5282 5431 4734 5098 5077 5161 5116 5103 5420 4890 5484 4921 4797 5404 4735 5129 5296 5199 4672 5212 5352 5342 5096 4923 5503 4950 4998 5000 5333 5272 5172 5078 5440 5304 4423 5305 5518 5048 5374 5271 5349 5506 5090 5005 5171 4856 5531 5369 5595 5163 4960 5272 5329 5288 5373 5332 5447 5139 5412 4918 5035 4920 5317 5495 5470 5547 5201 5562 5046 5450 4896 5394 5366 4877 5613 5130 5572 5494 5399 5187 5016 5093 5437 5466 5055 5292 5168 5284 4948 5397 5421 5245 5184 4980 4718 5579 5429 5150 5415 5341 5111 4860 5020 5194 5429 4914 5112 4786 5171 5527 5526 5218 5193 5364 5356 4949 4983 5220 4906 5149 4910 
5282 5569 4740 5247 5493 5154 5438 4947 4832 4909 5192 5166 5235 5473 5351 5469 4984 4808 5386 4968 5313 4878 5337 5011 5166 5548 5369 5040 5104 5193 4817 5078 5220 4908 5075 4997 5647 5286 5076 4808 5363 5076 5294 5356 5027 5360 5439 5089 5446 5141 5181 5605 4979 5013 4961 5038 5306 5475 4949 5477 5483 4821 4818 5457 5361 5108 5334 5155 5169 5381 5320 5239 5189 5055 4908 5161 5364 4994 5191 5525 4784 5271 5342 5144 4871 5267 5513 4994 5606 5309 5804 4933 5222 5277 5025 5276 4982 4764 4990 5033 5317 5130 5157 5333 5188 5122 5492 5541 5042 5231 5294 5327 5115 5558 5271 5058 5285 5199 5165 5534 5107 5371 5107 4963 5474 5432 4974 5159 5200 5287 4950 5004 5049 5017 5077 5309 5369 4772 5209 5466 4958 5248 5241 5063 4941 5463 5354 4750 5175 4769 4789 5053 5012 4780 5421 5249 5482 5097 4561 5196 5322 4862 5263 5486 4998 5238 5422 5475 5148 4498 5253 5600 5126 5210 5350 5255 5062 4988 4976 5145 5111 5501 5181 5716 5249 5081 5326 5360 5407 5391 5084 5321 5040 5204 5245 4840 5013 5413 5679 5441 5224 5371 5513 5249 5634 4856 5326 5415 4712 5428 5084 5395 5551 5482 5386 4747 5159 5306 5302 4999 5324 5213 5220 5003 5415 5037 5250 5149 5042 4933 5642 5550 5148 5310 5587 5263 4955 4952 5011 5438 5145 4895 5136 5062 5508 5809 4988 5397 5457 5490 4971 4942 4836 5073 5094 5272 
5186 4991 4446 4955 5194 4732 4787 4468 4469 4826 4938 4765 4643 5014 5078 4893 4956 4696 4914 4579 4891 4377 4912 4952 4813 4989 5143 4517 5041 5029 4653 4625 4793 4422 4845 5015 5203 5003 4328 4960 4905 4628 5257 5081 5058 5123 4850 4432 5076 4707 4541 4990 4613 4521 4509 4645 4986 4970 4649 5224 5186 4633 4329 4902 4711 4616 5153 4452 5096 4875 5152 4968 4425 4980 4357 4691 4786 4706 4655 4972 4856 4993 4777 4735 4598 4593 4927 4777 5068 4868 5424 4773 5043 5124 4708 4950 4810 4496 4635 4723 5117 4943 4939 5236 4784 4657 5018 5169 4861 4859 4924 4517 4664 4953 4714 4889 4723 4973 5095 5000 4927 4902 4791 4469 4950 5108 4932 4727 4872 4807 4716 4789 4411 4620 5006 5298 5219 4478 4669 4870 4687 4853 4802 5034 4665 5148 4719 4322 4705 4194 4641 4898 4905 4237 5054 4847 5310 4835 4427 5061 4876 4711 4747 4881 4763 4749 5244 5109 5037 4139 4792 5056 4668 4940 4909 4935 4900 4982 4551 4800 4693 4923 4940 5149 4796 4669 4698 5071 4782 4887 5082 5011 4545 5007 4701 4763 4612 5066 5502 5006 5167 5071 5241 4648 5024 5002 4899 4921 4342 5150 4641 4949 4751 5038 4693 4752 4688 4878 5176 4556 5056 4672 5175 4592 4711 5061 5054 4997 4644 4372 5237 5194 4872 5346 5310 4966 4607 4766 4594 5275 4645 4690 4434 5010 5129 5170 4835 4828 4797 5022 4534 4781 4612 4617 4707 4347 
5612 5633 4771 5572 5791 5332 5155 5073 4760 5147 5547 5246 5277 5236 5206 5529 5342 5130 5422 4974 5188 5040 5512 5148 5296 5273 5641 5220 5125 5469 5181 5151 5341 4759 4919 5302 5673 5410 5209 4862 5201 5226 5454 5528 5219 5378 5165 5400 5787 5190 5109 5598 5351 4925 5097 5008 5470 5631 5168 5373 5795 4928 5124 5477 5803 5488 5746 5033 5098 5443 5415 5363 5297 5222 5116 5258 5566 5305 5504 5493 5159 5451 5578 5053 5118 5517 5350 5348 5669 5538 5776 5315 5582 5389 5028 5342 5080 5056 5117 5176 5710 5146 5449 5583 5104 5054 5258 5756 5267 5243 5643 5072 5098 5753 5560 5300 5341 5716 5501 5667 5507 5405 5335 5098 5663 5597 5307 5309 5029 5367 5294 5360 5223 5102 5222 5450 5773 4738 5184 5061 5158 5436 5194 5408 4819 5692 5341 4901 5147 4661 4993 5509 5409 4930 5109 5298 5560 5450 4970 5316 5410 4959 5330 5519 5295 5249 5396 5654 5167 4805 5210 5639 5345 5379 5395 5437 5357 5062 5103 5293 5212 5638 5497 5569 5288 5493 5410 5875 5676 5566 5450 5617 5187 5464 5054 4949 5123 5471 5569 5513 5440 5363 5472 5233 5631 5307 5472 5368 5004 5551 5263 5368 5431 5378 5211 5261 5126 5516 5332 5226 5360 5412 5296 5142 5577 5285 5192 5156 5045 4864 5711 5652 5273 5672 5721 5376 5260 5295 5180 6033 5105 4981 5279 5294 5605 5867 5293 5289 5735 5787 4909 5052 5308 5163 5254 4943 
5608 5413 4997 5541 5734 5415 5409 5139 4663 5248 5453 5224 5213 5350 5526 5345 5241 5266 5376 4927 5718 5286 5425 5324 5696 5514 5370 5164 5449 5223 5215 5116 5350 5132 5284 5429 5767 5556 5053 5362 5756 5211 5360 5557 5464 5545 5444 5106 5601 5040 5139 5646 5372 5190 5058 5177 5426 5772 5179 5877 5677 5001 5032 5734 5793 5565 5354 5256 5099 5270 5503 5291 5351 5155 5222 5353 5726 5172 5406 5458 5324 5641 5486 5426 4870 5385 5520 5081 5968 5448 5777 5149 5248 5471 5578 5371 5171 5004 5208 5310 5526 5616 5583 5621 5414 5168 5409 5878 5277 5309 5461 5326 5512 5636 5444 5314 5342 5542 5496 5857 5263 5477 5160 5013 5443 5638 5215 5430 5198 5494 5062 5158 5423 4921 5027 5254 5665 5119 5506 5307 5138 5367 5115 5513 4943 5792 5334 4880 5378 4800 5027 5783 5131 5014 5458 5376 5689 5324 4841 5524 5147 5130 5456 5321 5431 5159 5239 5754 5281 4703 5354 5802 5415 5328 5528 5542 5148 5298 5181 5445 5461 5692 5673 5878 5662 5152 5550 5579 5554 5617 5296 5730 5335 5635 5329 5489 5233 5597 5847 5560 5718 5386 5823 5377 5655 5192 5645 5650 4856 5739 5396 5964 5376 5534 5353 5324 5343 5410 5618 5269 5423 5404 5569 5165 5530 5491 5405 5632 4971 5073 5710 5868 5202 5635 5728 5581 5234 5274 5168 5794 5442 5291 5425 5398 5729 5702 5523 5264 5546 5890 5502 5350 5105 5320 5338 5188 
5258 5180 4556 5114 5442 4932 5096 4618 4557 5426 5245 5020 5313 5432 5040 5176 4975 4961 5370 4979 5264 4595 5106 5183 5178 5606 5149 4856 5054 4896 4549 5077 5285 4664 4819 4993 5167 5347 4943 5298 5190 5148 5251 5531 5012 5144 5183 4846 5109 4824 4821 5275 4940 4619 4990 4920 5314 5368 4905 5359 5364 4713 4809 5263 5400 5090 5124 4875 4781 4885 5233 5152 4919 4918 4883 5082 5193 4994 5155 5141 4992 5274 5147 4867 4593 5186 5169 5069 5381 5479 5713 4971 5146 5036 5056 5012 4962 4788 5063 4813 5441 5373 5042 5272 5196 4815 5052 5526 4874 4832 5049 5251 5029 5280 5160 4868 4809 5466 5286 5689 5120 4857 4892 4823 5169 5212 4983 5100 4831 5222 4971 4894 5037 5065 4990 5247 5223 4673 5223 5360 5015 4934 5284 5047 4592 5726 4711 4712 5149 4719 4500 5292 4863 4644 5122 5398 5359 4849 4801 5239 5115 4879 5159 4960 4930 5116 5233 5231 5095 4344 5018 5369 4963 5095 5106 5325 5199 4780 5055 5107 4862 5065 5263 5415 5211 5131 5076 5273 5451 5354 5252 5465 5271 5367 4967 4830 4615 5139 5671 5363 5426 5397 5265 5135 5633 4741 5384 5068 4960 5308 4876 5192 5206 5277 5092 5024 5087 5345 5369 4881 5165 5169 5214 5048 5295 5344 5071 5206 4963 4520 5407 5416 5284 5420 5471 5066 4681 4859 5180 5464 5195 4857 5024 5001 5526 5522 4986 5075 5340 5462 5164 4966 4923 5026 5060 4900 
5702 5550 4629 5467 5637 5026 5312 4997 4622 5291 5456 4976 5220 5262 5149 5463 5255 5114 5449 5076 5270 4895 5243 5337 5303 5468 5284 5105 5311 4970 5239 5039 5222 4760 4911 5093 5420 5420 5214 4996 5182 4972 5301 5401 5084 5234 5303 4828 5506 4666 5003 5431 4979 5025 5238 5165 5352 5321 5119 5473 5674 4873 4880 5235 5587 5043 5353 4942 5203 5113 5471 5572 4906 5269 5178 5136 5278 5028 5158 5421 5115 5215 5188 5019 4832 5194 5436 5141 5525 5380 5725 5031 5287 5189 4710 5379 5118 4930 5093 5063 5382 5076 5157 5300 5291 5108 5382 5566 5060 5135 5315 5165 5218 5720 5297 5102 5162 5383 5185 5355 5023 4995 5076 4891 5347 5425 5061 5047 5130 5234 5137 4857 5196 5152 5114 5350 5484 4793 5236 5038 4777 5134 5059 5130 4948 5492 5054 4736 5306 4716 4863 5474 5042 4642 5427 5335 5412 5120 4868 5344 5175 4959 5342 5215 5044 5118 5350 5202 5139 4374 5178 5729 5083 5167 5293 5296 5158 4961 5113 5346 5259 5220 5130 5862 5381 5056 5408 5538 5336 5590 5188 5227 5090 5627 5377 4845 4903 5464 5672 5562 5482 5234 5343 4946 5525 5006 5490 5087 4933 5320 5288 5407 5508 5152 5272 4922 5216 5417 5465 5322 5271 5210 4953 5022 5332 5233 5189 5242 4892 4766 5624 5271 5262 5717 5659 5156 4986 5018 5106 5474 5364 4904 4942 5020 5425 5297 5155 5317 5358 5223 4960 5116 5135 5028 5131 4942 
5593 5644 5043 5614 5877 5064 5400 5142 4863 5552 5321 5338 5456 5466 5492 5466 5513 5164 5637 5250 5531 5134 5499 5457 5740 5225 5396 5424 5473 5134 5299 5138 5335 5213 5331 5419 5802 5843 5244 5448 5447 5290 5565 5561 5361 5472 5455 5170 5788 5268 5076 5681 5186 5057 5067 5119 5653 5599 5373 5748 5764 5019 4868 5698 5571 5261 5648 5032 5292 5413 5726 5603 5564 5468 5100 5421 5422 5219 5479 5510 5412 5698 5581 5411 5024 5542 5512 5531 5600 5491 5919 5277 5408 5447 5423 5727 5378 5116 5504 5552 5857 5622 5557 5513 5385 5245 5551 6185 5261 5320 5462 5533 5071 5583 5226 5392 5440 5602 5663 5845 5439 5591 5350 5006 5557 5516 5393 5519 5202 5482 5347 5415 5048 5317 5373 5656 5835 5163 5585 5522 5360 5479 5452 5665 4904 5835 5269 5203 5542 4827 4945 5568 5375 5084 5515 5520 5778 5483 5173 5585 5424 5151 5578 5500 5496 5506 5452 5313 5409 4665 5371 5701 5540 5603 5825 5669 5434 5144 5143 5262 5429 5692 5755 5846 5498 5435 5603 5794 5634 5915 5541 5857 5488 5519 5253 5313 5193 5630 5602 5673 5822 5655 5503 5495 5597 5288 5503 5561 5097 5614 5514 5660 5643 5538 5334 5213 5292 5518 5735 5434 5533 5535 5546 5241 5628 5460 5219 5568 5283 5067 5711 6021 5384 5902 5823 5501 5168 4870 5244 5500 5408 5221 5483 5318 5732 5718 5573 5537 5460 5710 5325 5310 5163 5280 5141 5315 
5721 5549 5038 5445 5815 5226 5418 5118 4714 5476 5209 5385 5189 5340 5371 5549 5355 4928 5617 5076 5431 5288 5130 5290 5265 5710 5431 5349 5625 5301 5152 5343 5088 4850 4940 5321 5526 5551 5124 5024 5527 5022 5502 5606 5207 5446 5329 5068 5573 5080 5297 5519 5203 5032 4880 5047 5341 5512 5364 5648 5504 5003 4970 5583 5332 5267 5611 5189 5055 5347 5538 5612 5239 5451 5070 5137 5464 5016 5368 5477 5243 5138 5460 5304 4908 5306 5483 5060 5837 5412 5782 5169 5403 5558 5148 5373 5243 5275 5203 5136 5549 5543 5408 5437 5268 5126 5201 5818 5237 5127 5294 5180 5499 5621 5242 5327 5435 5394 5407 5627 5350 5569 5301 5221 5324 5610 5314 5306 5114 5420 5191 4894 5091 5072 5039 5422 5374 4978 5166 5182 5037 5105 5136 5303 5172 5763 5092 4974 5264 4646 5012 5350 4992 4806 5436 5342 5671 4922 4972 5491 5173 5285 5347 5388 5510 5428 5545 5292 5256 4502 5331 5633 4884 5400 5546 5427 5353 5277 5249 5409 5270 5276 5525 5715 5224 5108 5532 5624 5174 5454 5358 5383 5347 5621 5222 5062 5318 5418 5651 5411 5569 5699 5853 5358 5746 5125 5751 5424 4943 5522 5207 5686 5538 5294 5484 5395 5074 5229 5508 5044 5713 5256 5207 5218 5332 5374 5144 5232 5009 4830 5655 5830 5499 5819 5961 5426 5081 5171 4994 5565 5378 4902 5264 5287 5804 5571 5375 5282 5394 5565 5353 4996 5198 5270 5125 5083 
5034 5166 4497 5055 5387 5041 4976 4627 4315 4970 5009 4955 4842 5205 5267 4951 5053 5244 5300 4708 5260 4652 4940 5307 5001 5285 5300 4867 5374 5180 4720 4638 4964 4648 5161 5046 5334 5174 4608 4736 5251 4850 5160 5486 4906 5306 5197 4961 5118 4912 4719 5100 4885 4735 4688 4736 4799 5245 4869 5270 5236 4841 4690 5111 5298 4982 5217 4787 5033 4951 5190 5057 4739 5197 4686 5014 4968 4746 5086 5153 5055 4950 5245 4788 4539 4956 5008 5095 5168 5143 5297 4921 4912 5102 4872 5149 4843 4772 4622 4948 5498 5060 5139 5467 5122 5214 5481 5362 5003 4788 5096 4898 4918 5343 5185 4910 5338 4914 5295 5341 5165 5144 4878 4816 5134 5383 5004 4924 4738 5178 4819 4622 4998 4796 4910 5054 5079 4718 5038 5150 4881 5133 5003 5067 4967 5225 4706 4850 5236 4370 4765 5242 4991 4571 5037 5048 5570 5135 4714 5169 4917 4897 4878 4983 4897 4657 5164 5431 4871 4263 4870 5059 4809 5144 5083 5231 5086 4770 4969 5150 5054 5163 5148 5405 5088 4940 4984 5354 5305 5290 5128 5174 4793 5499 4889 4831 4809 5107 5322 5033 5222 5154 5325 4823 5388 4882 5182 4967 4532 5333 4787 5394 5043 5065 4874 5200 4728 5173 5166 4642 5338 4995 5222 4880 5016 5195 4938 5349 4814 4587 5365 5444 5274 5270 5139 5248 4771 5036 4922 5554 4947 4912 5017 5131 5446 5357 5048 4928 5241 5266 4963 4849 4640 4815 4792 4870 
5416 5376 4858 5365 5605 5093 5289 4823 4773 5434 5492 5036 5465 5449 5330 5363 5281 5231 5336 5140 5535 4798 5125 5460 5199 5441 5322 4984 5582 5329 5063 5157 5274 4811 4952 5288 5559 5574 5031 5041 5529 4722 5511 5345 5134 5635 5438 5203 5200 5353 5217 5160 5196 4690 4926 5106 5325 5634 5216 5566 5492 4870 4578 5244 5477 5242 5603 5050 5276 5141 5600 5232 5157 5492 5061 5284 5109 4922 5204 5360 5024 5161 5316 5267 4761 5260 5457 5326 5431 5487 5772 5005 5344 5223 5216 5585 5326 5105 5067 5265 5659 5237 5224 5555 5287 5063 5512 5611 5068 5125 5495 5397 5126 5468 5312 5318 5474 5410 5262 5761 5164 5246 5069 5104 5384 5237 5528 5036 5264 5222 4996 5064 4876 4950 5365 5826 5723 4779 5236 5215 4983 5267 5141 5168 5166 5506 5194 5069 5194 4942 5085 5438 5229 4782 5338 5599 5595 5323 4888 5283 5090 5192 5308 5516 5245 5134 5145 5270 5058 4531 5207 5437 5030 5144 5322 5345 5268 4902 5097 5446 4996 5401 5402 5678 5372 5151 5424 5392 5319 5491 5231 5474 5092 5464 5047 4999 4984 5655 5793 5437 5507 5473 5642 5084 5509 5175 5426 5537 4946 5691 5262 5363 5458 5310 5267 5138 5175 5214 5389 5205 5472 5331 5291 4943 5362 5468 5221 5442 5080 4857 5711 5462 5403 5481 5827 5288 4907 4978 5082 5564 5094 5055 4938 5205 5522 5837 5212 5345 5462 5283 5266 5088 5229 5081 5200 5191 
5305 5511 4883 5226 5592 5468 5298 5033 4753 5349 5509 5023 5130 5308 5176 5559 5203 5054 5591 4999 5425 5223 5308 5336 5433 5257 5505 4937 5250 5153 5058 5068 5362 4838 4977 5145 5372 5436 4762 5138 5197 5234 5226 5567 5208 5149 5462 5015 5449 5046 4910 5375 5103 4764 5205 4891 5373 5387 5104 5443 5620 4852 4625 5459 5263 5152 5510 4939 4897 5484 5414 5445 5105 5187 5098 5247 5413 5147 5124 5532 5070 5154 5078 5202 4797 5264 5287 5371 5642 5134 5861 5073 5347 5220 5067 5539 5223 5037 5053 5264 5721 5311 5388 5521 5165 4970 5420 5762 5206 5177 5232 5207 5196 5571 5295 5207 5281 5462 5388 5680 5389 5181 5226 4966 5431 5530 5216 5176 5115 5399 5250 5028 4991 4832 5218 5460 5791 4592 5092 4975 5201 5238 5225 5228 5126 5562 4979 5012 5224 4318 4946 5495 5326 4901 5222 5418 5686 5496 4764 5429 5268 5161 5353 5368 5104 5172 5134 5398 5381 4613 5298 5290 4991 5457 5528 5594 5265 4928 5140 5380 5171 5276 5286 5688 5293 5073 5458 5292 5274 5655 5396 5626 5157 5484 5232 4993 4818 5446 5488 5334 5330 5345 5503 5268 5564 5173 5438 5152 4977 5540 5264 5578 5607 5340 5350 5131 5158 5151 5258 5024 5130 5457 5466 4928 5295 5313 5316 5263 4908 5148 5406 5575 5430 5527 5708 5553 5025 4931 5225 5627 5258 4938 5466 5409 5826 5849 5188 5418 5297 5491 5234 5060 5074 4969 5179 5043 
5208 5391 4622 5225 5604 4817 5091 5138 4304 4942 5071 5092 5108 5235 5439 5216 5253 5151 5474 5105 5362 4942 5057 5182 5223 5461 5071 4996 5542 5231 5072 4730 5199 4727 4962 4948 5158 5222 4844 4902 5386 4803 5478 5356 5081 5093 5077 5087 5458 5064 4850 5217 5078 5002 5109 4904 5328 5338 4998 5321 5472 4997 4994 5217 5202 4976 5389 4959 4913 5292 5187 4971 5039 5142 4887 5251 5133 4915 5044 5417 5067 5370 5204 5079 4506 5049 5033 5125 5394 5066 5415 4851 5175 5167 5023 5220 5087 5113 4954 5379 5285 5165 5211 5231 5306 4626 4959 5576 5164 5083 5158 5104 4894 5608 5147 4950 5234 5337 5167 5385 5224 5198 4963 4944 5321 5422 5005 5230 4703 5266 5093 5031 5199 5136 5169 5211 5395 4768 4994 5148 5121 5010 5130 5159 4849 5544 4676 4733 5118 4513 4533 5381 4962 4712 5125 5315 5482 5137 4771 5122 5206 4826 5357 5215 4986 5221 5170 5384 4870 4233 5225 5122 4888 5145 5161 5273 5338 5009 5194 5115 5274 5255 5078 5623 5063 5076 5181 5562 5355 5434 5332 5333 5003 5308 5115 4796 4887 5491 5576 5331 5478 5275 5092 5131 5655 4887 5275 5031 5032 5165 5047 5416 5374 5197 5099 4982 5072 5097 4991 5028 5324 5374 5143 5046 5077 5054 5031 5207 4769 4611 5484 5350 5178 5418 5407 5131 4786 5196 4975 5450 5075 4725 4946 5082 5556 5325 5226 4818 5508 5455 4788 4974 5092 5015 5085 4758 
5414 5311 4638 5317 5245 4744 5046 4733 4575 5183 5054 4917 5180 5261 5284 5097 5021 4895 5224 4904 5263 4940 4957 5214 4835 5213 5398 5063 5273 5269 4775 4908 5167 4635 4910 5175 5032 5113 4858 4923 5338 4806 5418 5214 5040 5209 5189 4990 5261 4831 5014 5021 5096 4836 4959 4854 5179 5292 5055 5282 5266 4617 4684 5358 5103 5070 5248 4923 4956 5190 5253 5197 5110 5155 4952 4864 5002 5096 5103 5087 5006 5134 5192 4995 4550 5308 5102 5142 5313 5178 5339 4816 5198 4978 5052 4985 5137 5115 4948 5104 5355 5108 5123 5335 5163 4977 4982 5504 5089 5012 5148 4859 4851 5473 5257 5002 5055 5134 5184 5438 5196 4986 4912 4876 5262 5280 4895 5181 5060 5184 5161 4740 4850 4922 4956 5025 5366 4526 5163 4993 5080 4967 5028 5218 4629 5399 4771 4724 4980 4469 4576 5404 4935 4708 5308 5148 5308 5063 4476 5276 5364 4862 5219 5157 4837 4863 5433 5356 5310 4132 4778 5430 5114 5467 5015 5171 5185 5007 4823 5376 4823 5343 5344 5578 5004 4904 5139 5319 5150 5263 5189 5488 4904 5262 5010 4699 4712 5375 5545 5356 5363 4977 5357 5097 5378 5020 5432 5120 4897 5240 5292 5377 5122 5128 5110 5064 4869 5031 5261 5006 5315 5273 5272 4893 5287 5087 5154 5009 4646 4633 5428 5369 4887 5429 5574 5112 4892 5045 5016 5261 5070 4951 4889 5118 5362 5145 5176 4872 5116 5344 5196 4900 5022 4882 4926 4838 
5281 5651 4784 5520 5312 5179 5257 5123 4775 5420 5450 5228 5155 5663 5290 5449 5364 5089 5650 5109 5464 4992 5546 5293 5253 5187 5600 5325 5099 5289 4962 4976 5411 5039 5311 5318 5569 5052 5161 5150 5427 5089 5251 5491 5343 5514 5450 5015 5428 5049 5067 5477 5167 5005 4924 4878 5274 5447 5180 5458 5581 4791 4927 5513 5449 5147 5419 5523 5130 5367 5606 5382 5023 5242 5139 5225 5654 4990 5148 5500 5245 5304 5546 5283 4838 5372 5583 5163 5336 5281 5628 5130 5285 5230 5177 5504 5315 4692 5187 5229 5637 5311 5292 5645 5368 5168 5467 5509 5101 5467 5133 5159 5322 5833 5484 5193 5265 5309 5704 5696 5087 5480 5089 5049 5287 5509 5286 5346 4960 5591 5234 4908 5255 5071 5089 5244 5453 4722 5469 5277 5352 5262 5232 5343 4769 5654 5093 4882 5363 4840 4848 5497 5314 4912 5290 5154 5304 5381 5009 5324 5311 5026 5266 5257 5006 5246 5257 5383 5410 4061 5161 5527 5214 5320 5135 5369 5231 4976 5174 5516 5199 5593 5540 5922 5392 5109 5220 5524 5314 5333 5274 5532 4928 5423 5088 5090 4983 5284 5725 5697 5526 5146 5382 5264 5707 4985 5245 5181 4836 5516 5300 5400 5281 5564 5169 5304 5114 5449 5241 5260 5334 5346 5474 5231 5440 5343 5195 5432 4620 4701 5714 5598 5029 5486 5422 5310 5026 5127 4910 5365 5255 5076 5245 5204 5590 5480 5292 5332 5502 5653 5170 5128 5123 5066 5226 5044 
5064 5514 4735 5393 5525 4717 5253 4658 4501 5278 5453 4933 4932 5234 5387 5459 5250 4972 5378 4840 5522 5010 5005 5073 5325 5498 5196 5094 5342 4883 4938 5023 5107 4745 5053 5137 5769 5426 4960 4923 5024 5026 5213 5307 5195 5189 5130 4796 5244 5095 4866 5132 4861 4852 5038 4719 5316 5392 4859 5322 5430 4818 4660 5295 5169 5161 5332 5190 4880 5292 5280 5209 5041 4896 4880 4857 5457 5004 4868 5205 5265 4861 5036 4700 4741 5095 5013 5347 5314 5240 5554 4803 5296 5023 5268 5107 5303 4824 4963 5127 5477 5106 5269 5173 5150 5076 5174 5335 4957 5064 5334 5113 5192 5526 5443 4888 5058 5179 5333 5625 5200 5224 5184 4848 5126 5522 4962 5021 5025 5166 5068 5220 5160 4948 5165 5344 5479 4646 5167 5186 5098 5065 5261 5168 4680 5319 4936 4882 5097 4703 4573 5245 4888 4515 5325 4938 5421 5150 4764 5287 4936 4931 5151 5269 5042 5284 5376 5146 5281 4493 4968 5329 4907 5135 5387 5184 5335 5190 4852 5391 5015 5320 5472 5294 5231 4936 5112 5048 5261 5422 5174 5348 5197 5195 4963 4877 4884 5132 5348 5259 5500 5241 5471 4898 5545 4994 5492 5332 4899 5407 4852 5156 5196 5457 5184 5301 4897 5367 5541 4853 5382 5155 5371 5097 5273 5245 5043 5245 4845 4632 5457 5476 5152 5612 5647 5308 5026 4882 5087 5300 4996 4765 4906 5107 5512 5559 5176 5272 5471 5307 5135 5119 5078 4994 4881 4891 
5049 5046 4460 5113 5296 4860 5169 4723 4299 5080 5131 4824 5027 5152 4930 5033 5047 4845 4934 4578 5189 4698 4890 5009 4805 5035 4981 4795 5057 4949 4712 4655 4995 4674 4920 4759 5076 5060 4684 4559 5251 4866 4940 5179 4968 5115 5009 4862 5061 4542 4528 4758 4714 4784 4804 4638 4772 5263 4936 5197 5162 4425 4481 5144 5054 4799 5237 4946 4525 5221 5176 4988 4955 5053 4661 4722 5042 4786 5106 5048 4503 4891 5056 4805 4340 4912 5035 4916 5301 5367 5256 4901 4966 4786 4796 4991 4684 4518 4767 5070 5196 5139 4853 5004 5049 4520 5186 5347 4928 4683 5132 4933 5114 5191 4914 4744 5126 5089 5344 5405 4992 5070 4607 4665 5241 5206 5076 5006 4605 5046 4934 4712 4992 4311 4883 4845 5236 4620 4869 4659 4874 4761 5000 5161 4694 5130 4726 4760 4712 4414 4517 5282 4951 4451 5017 4931 4985 4998 4630 5054 4922 4823 4856 4780 4761 4944 5221 5121 4950 4298 4876 4929 4827 4955 5156 5169 5044 4698 4765 4953 4827 5227 5130 5256 4803 4781 5205 5189 5079 5348 5051 5175 4835 5016 4723 4673 4645 4977 5384 4987 5171 4987 5139 5060 5062 4881 5029 5002 4552 5100 4735 5105 4990 5060 4781 4921 4688 5127 5002 4725 5291 4965 5008 5019 4916 4862 4666 5021 4592 4753 5230 5370 4763 5233 5444 5161 4450 4600 4838 5181 5043 4652 5092 4989 5222 5089 4954 4872 5020 5154 5003 4542 4634 4526 4970 4916 
4992 5030 4628 5117 5174 4695 4742 4415 4462 4817 4703 4706 4727 5146 4768 5013 4678 4793 4953 4608 4808 4633 4905 4594 4744 5036 5224 4891 5070 4935 4696 4560 4984 4244 4563 4889 4986 4976 4686 4551 4677 4476 4850 5122 4877 4804 4751 4529 4951 4643 4709 4768 4555 4445 4371 4614 4836 4975 4497 5036 5062 4511 4614 4933 4830 4668 4907 4797 4961 4833 4830 4957 4662 4905 4364 4660 4939 4639 4625 5124 4777 4684 4875 4952 4401 4928 4877 4709 5214 4715 5254 4451 4905 4546 4780 5064 4936 4426 4705 4868 5197 4514 4762 5075 4870 4438 4938 5129 4576 4917 4791 4601 4511 5213 4933 4837 4755 5030 4989 5098 4902 4881 4572 4577 4816 5059 4852 4714 4599 4707 4900 4394 4584 4814 4768 4990 5121 4385 4959 4743 4629 5015 4858 4914 4539 4851 4592 4663 4987 4300 4478 4704 5053 3979 4791 4947 4815 4943 4549 4858 5054 4550 4788 4949 4722 4756 4776 4903 4692 4112 4649 5123 4429 4763 4937 4908 4833 4589 4613 4885 4767 4880 4952 5326 4880 4731 4896 5170 4950 5070 4905 5009 4724 5015 4674 4544 4795 4965 5024 4823 4909 4841 5000 4564 5187 4820 4811 5010 4271 4963 4579 4893 4824 4750 4748 4757 4670 4819 5015 4505 4960 4963 4776 4869 4747 4963 4745 4655 4473 4452 5094 5060 4908 5074 5145 4760 4386 4638 4711 5062 4603 4557 4638 4985 5366 5171 5068 4803 5101 5161 4519 4458 4794 4435 4970 4475 
4860 4821 4382 4997 4821 4725 4819 4616 4317 5097 4704 4681 4698 4958 4807 4851 5155 4583 5082 4279 4993 4341 4582 4969 4908 4964 4888 4695 4616 4693 4436 4635 4804 4310 4592 4939 5014 5071 4492 4497 4886 4707 4731 4899 4637 4993 4913 4361 5033 4518 4577 4755 4260 4552 4538 4480 4774 4831 4771 4953 5014 4231 4021 5058 4795 4803 5055 4464 4462 5007 5034 4872 4670 4837 4559 4592 4939 4550 4676 5027 4472 4862 4931 4707 4285 4925 4743 4731 4887 4681 5032 4593 4988 4671 4535 4842 4598 4227 4609 4695 5319 4813 4952 5055 4625 4697 4797 5234 4549 4774 4811 4590 4680 4869 4928 4653 4773 4850 5107 5049 4972 5090 4680 4320 4687 5162 4647 4627 4648 4731 4561 4361 4606 4334 4637 4877 5031 4450 4699 4782 4692 4536 4764 4866 4528 4897 4456 4294 4735 4200 4396 4661 4713 4386 4988 4751 5079 4849 4333 4895 4831 4497 4674 5016 4762 4564 4794 5244 4667 4062 4599 4890 4614 4414 4735 4850 4693 4480 4445 4879 4684 5009 4830 4989 4511 4191 4741 5163 4747 4601 4661 5204 4808 5102 4695 4450 4456 4752 5156 4840 5122 4675 4793 4617 4930 4727 4819 4810 4378 5023 4572 5032 4647 5047 4987 4526 4602 4849 4926 4591 4843 4832 4530 4577 5004 4523 4583 4909 4432 4349 5232 5186 4648 5060 5107 4756 4489 4671 4738 5039 4837 4653 4408 4909 4723 5275 4771 4950 5113 5207 4644 4473 4336 4490 4797 4745 
5359 5286 4782 5341 5599 4853 5399 5067 4632 5447 5467 5217 5268 5501 5505 5609 5181 5137 5429 5085 5497 4938 5228 5435 5202 5441 5400 5118 5402 4959 5091 5059 5198 4677 5015 5284 5501 5737 5006 5051 5405 5172 5460 5360 5217 5572 5459 4874 5484 5142 5028 5254 5011 4945 4906 5143 5267 5245 5050 5407 5544 4860 4695 5243 5263 5382 5662 5043 5097 5085 5375 5319 5222 5233 4925 5065 5204 5198 5089 5264 5014 5595 5272 5402 5125 5121 5141 5223 5390 5307 5695 5105 5156 5147 5180 5319 5088 4966 5148 5363 5606 5282 5234 5534 5468 4907 5244 5795 5265 5300 5300 5257 5292 5484 5153 5193 5110 5541 5377 5746 5146 5212 5279 5095 5320 5279 5514 5268 5120 5290 5124 4995 4724 4949 5495 5451 5620 4819 5505 5335 5147 5030 5191 5374 4755 5552 5101 4930 5246 4519 4713 5266 5333 4696 5362 5414 5354 5158 4844 5288 5268 4965 5091 5159 5398 5243 5301 5333 5240 4295 5107 5551 4950 5044 5442 5440 5142 4809 4807 5370 4908 5310 5430 5752 5460 5079 5308 5352 4980 5249 5245 5524 5245 5562 5262 5182 4582 5465 5571 5531 5398 5282 5515 4902 5568 5110 5360 5327 4928 5421 5219 5166 5456 5195 5229 4903 4904 5129 5543 5184 5311 5309 5153 5114 5450 5148 5401 5400 5194 4640 5652 5567 5525 5794 5794 5175 5074 4976 5101 5503 5236 4975 5202 5184 5487 5602 5233 5274 5302 5552 5149 5018 5368 5198 5060 4985 
5478 5286 4579 5462 5680 4974 5459 5034 4553 5364 5428 4932 5235 5477 5316 5390 5305 4997 5237 4998 5236 5046 5458 5050 5150 5165 5256 5465 5315 5202 5283 5066 5227 4866 4889 5060 5376 5417 4943 5278 5333 5032 5480 5508 5168 5211 5154 4817 5212 5137 5160 5322 5053 4974 5066 5106 5367 5624 5317 5559 5767 4730 4875 5421 5461 5087 5510 5133 4946 5320 5398 5300 5009 5149 4892 5224 5353 5106 5129 5316 5351 5072 5142 5269 4779 5253 5450 5382 5620 5534 5587 4700 5116 5407 5008 5380 5351 5037 5127 5318 5579 5368 5415 5373 5061 4856 5428 5829 5088 4897 5700 5028 4973 5453 5145 5193 5170 5366 5360 5509 5220 5210 4775 5117 5421 5412 5002 5284 5161 5467 5136 5015 5383 5235 5192 5197 5593 4844 5317 5244 5154 4999 5211 5122 5109 5554 4732 4875 5088 4625 4597 5484 4780 4728 5405 5438 5364 5510 5131 5232 5234 5125 5295 5109 5148 5157 5091 5092 5107 4529 5238 5275 5100 5334 5607 5373 5157 5095 5291 5330 5169 5453 5441 5555 5347 5081 5453 5229 5409 5757 5279 5372 5300 5695 5082 4953 5161 5383 5451 5439 5509 5477 5483 5179 5427 5081 5576 5544 4827 5542 5159 5596 5312 5347 5201 5317 4904 5381 5434 5170 5387 5250 5198 5376 4979 5167 5135 5491 4768 4753 5505 5823 5177 5631 5775 5195 4724 4820 4773 5455 5361 5124 5172 5301 5385 5459 5378 5010 5360 5224 5145 4971 5127 4822 5157 4941 
5869 5676 5087 5717 6231 5205 5483 5222 4704 5842 5383 5270 5537 5552 5661 5329 5175 5473 5915 5329 5555 5308 5550 5477 5453 5678 5621 5622 5757 5413 5569 5367 5608 4862 5218 5531 5570 5628 5338 5362 5598 5189 5560 5885 5382 5651 5778 5018 5550 5258 5239 5619 5269 5206 5334 5201 5332 5905 5181 5683 5724 5123 5161 5509 5754 5364 5640 5383 5330 5423 5879 5692 5284 5618 5247 5126 5624 5572 5493 5558 5400 5633 5730 5433 4969 5622 5905 5538 5721 5837 5759 5217 5666 5457 5497 5828 5467 5081 5235 5507 5739 5463 5356 5685 5412 5243 5668 6020 5404 5460 5567 5241 5320 5740 5325 5417 5181 5592 5630 5698 5608 5281 5407 5233 5426 5849 5656 5637 5254 5398 5533 5381 5392 5357 5610 5403 5985 5276 5639 5468 5278 5475 5304 5671 5197 5998 5359 5343 5640 4887 5247 5710 5343 4739 5510 5404 5632 5600 5229 5686 5796 5558 5643 5676 5462 5492 5685 5491 5382 4803 5511 5677 5611 5687 5541 5447 5448 5317 5715 5333 5163 5657 5884 5980 5788 5508 5783 5919 5661 5800 5561 5620 5605 5772 5522 5230 5427 5783 5901 5676 5728 5820 5878 5347 5855 5351 5726 5508 5156 5677 5377 5599 5583 5355 5482 5584 5546 5719 5976 5510 5677 5667 5385 5347 5792 5412 5661 5526 5130 4951 5961 5935 5690 5799 5930 5545 5224 5388 5411 5747 5650 5221 5508 5428 6018 5974 5809 5303 5605 5866 5383 5478 5755 5229 5496 5342 
5187 5317 4624 5312 5449 5107 5257 4776 4717 5240 5400 5245 5038 5265 5348 5643 5177 4996 5236 4893 5381 5095 5267 5332 5165 5507 5500 5030 5317 5162 4745 4790 5142 4864 5017 4688 5322 5310 4814 4805 5171 4879 5248 5449 5129 5184 5092 5028 5512 4957 4792 5185 5006 5000 4799 4937 5141 5411 5021 5453 5453 4699 4592 5388 5326 4972 5559 5153 4896 5359 5380 5261 5051 5104 4826 4988 5392 4774 5512 5473 4749 5124 5324 4922 4675 5045 4913 5233 5361 5212 5893 5087 5222 5099 5252 5025 5016 4906 4987 5109 5200 5415 5127 5333 5047 4620 5330 5525 4903 5043 5351 5250 5272 5562 5205 4997 5172 5254 5150 5529 5254 5249 4746 4660 5429 5220 5017 4973 4859 5318 4941 4880 5236 4888 4888 5402 5402 4771 5265 5166 5018 5298 5243 5313 4884 5438 5048 4580 4851 4732 4622 5370 5124 4742 5225 5182 5404 5060 4647 5251 5092 4916 5306 5454 5144 5381 5204 5330 5129 4333 5014 5454 4770 5286 5245 5462 5235 5033 4964 5312 5138 5421 5281 5690 5175 4787 5254 5387 5180 5117 5424 5387 4901 5479 5166 4731 4866 5335 5729 5406 5203 5234 5547 5261 5553 4986 5266 5076 4818 5290 4740 5296 5375 5316 5268 5090 4951 5242 5400 5000 5335 5143 5176 5073 5299 5269 5024 5363 5009 4716 5558 5476 5246 5377 5661 5269 4888 5114 5034 5407 5171 4855 5059 5168 5665 5441 5051 5452 5536 5236 4972 5019 5000 4994 5049 5115 
5105 5044 4716 4984 5383 4908 5015 4805 4485 4877 5155 4774 4733 5232 4888 4853 5140 4967 4998 4732 5095 4810 4988 4847 4845 5288 5152 4846 5269 4927 5108 4895 4962 4736 4765 5003 5092 5019 4671 4954 4879 5013 5210 5377 4941 5109 5045 4654 5063 4712 4715 5100 4641 4903 4832 4746 4932 4946 4925 5297 5151 4336 4545 5300 5074 4976 4899 4735 4716 5263 5040 5138 4818 5094 4775 4753 5082 4763 4769 5137 4734 5025 5144 4773 4334 4724 4789 4868 5217 5041 5339 4786 5136 5016 4842 4910 5185 4623 4855 5130 5159 4893 4806 5195 4977 4731 5013 5392 4933 5015 4866 4735 5095 5551 4917 4873 4902 5028 5438 5447 4971 5186 4811 4834 5021 5445 4912 4603 4800 4977 4997 4599 4956 4783 4763 5042 5135 4469 5009 5117 4729 4681 4967 5012 4757 5155 4706 4389 5089 4174 4780 5211 4887 4317 5067 5052 5188 5137 4597 4908 4874 4635 4983 5176 4721 4856 5278 5433 5018 4167 4795 5210 4999 4777 5150 4970 5078 4926 4890 5280 5007 5111 5066 5274 4847 4754 4840 5253 5110 5155 4925 5191 4823 5270 5103 4924 4796 5221 5580 5080 5190 4917 5192 4830 5381 4706 4927 4875 4522 5330 4836 5485 4958 4968 4909 4933 4806 4945 4960 4879 5222 5011 5146 5144 4897 4968 4938 5268 4439 4456 5142 5311 5065 5458 5161 5187 4593 4686 4780 5350 4931 4599 4889 4858 5405 5048 5156 4831 5218 5443 5202 4701 4846 4851 4795 4444 
5506 5439 4979 5485 5706 5373 5460 5241 4862 5433 5572 5183 5348 5561 5392 5573 5295 5092 5655 5182 5684 5025 5499 5248 5418 5578 5574 5232 5604 5222 5215 5027 5253 4896 5276 5420 5287 5490 5015 5260 5451 5213 5326 5434 5379 5416 5385 5373 5758 5415 5068 5329 5329 5175 5254 5144 5392 5725 5202 5575 5694 5091 4734 5605 5697 5326 5653 5220 5073 5495 5406 5591 5183 5215 4841 5225 5336 4927 4939 5523 5343 5498 5366 5061 4813 5508 5307 5361 5609 5280 5693 5184 5409 5509 5171 5296 4996 5044 5293 5492 5902 5470 5544 5625 5521 5000 5701 6086 5346 5363 5587 5439 5316 5581 5358 5229 5436 5238 5500 5744 5098 5540 5165 5062 5669 5596 5395 5139 5199 5488 5177 5284 5362 5066 4993 5365 6078 4890 5495 5374 5106 5079 5330 5473 5099 5617 5077 5060 5250 4945 5012 5426 5343 4998 5390 5590 5871 5589 5197 5362 5238 5048 5412 5176 5023 5307 5721 5608 5398 4710 5332 5584 5141 5358 5492 5484 5468 5292 5008 5541 5205 5435 5448 5786 5427 5207 5498 5418 5441 5329 5236 5564 5297 5595 5156 5254 4988 5570 5539 5521 5688 5575 5784 5420 5657 5160 5323 5295 4910 5651 5086 5569 5374 5653 5314 5277 5223 5449 5654 5079 5582 5374 5473 5264 5245 5252 4937 5545 5113 5066 5495 5978 5373 5691 5883 5467 5200 5056 5134 5687 5417 4995 5336 5484 5517 5709 5392 5345 5596 5767 5311 5238 5195 5116 5050 5007 
5463 5349 4856 5658 5434 5356 5390 4687 4698 5644 5528 5261 5235 5462 5451 5532 5202 5152 5600 4953 5318 5043 5387 5262 5477 5420 5431 5208 5644 5544 5322 5171 5258 4910 5281 5338 5683 5618 4885 5296 5420 5087 5131 5724 5330 5246 5350 4958 5388 5129 5226 5184 5271 5225 5111 5190 5351 5411 5305 5435 5493 4954 4784 5583 5575 5179 5470 5116 5191 5318 5617 5309 5133 5166 4976 4980 5181 5234 5101 5431 5184 5170 5533 5364 4869 5375 5406 5152 5700 5365 5685 5085 5426 5155 5289 5498 5357 5168 5134 5236 5765 5218 5358 5656 5374 4941 5302 5749 5005 5315 5271 5109 5179 5647 5312 5463 5531 5232 5534 5917 5220 5556 5147 5085 5346 5497 5382 5121 5113 5372 5145 5172 5107 5022 5288 5157 5442 4750 5326 5317 5124 5261 5220 5506 4984 5477 5127 4978 5621 4741 4999 5525 5275 4712 5334 5522 5520 5221 5203 5533 5163 5229 5214 5345 5196 5175 5185 5463 5403 4396 5233 5583 4984 5662 5320 5448 5405 4989 5234 5305 5031 5476 5643 5655 5413 5366 5375 5597 5383 5473 5561 5535 5205 5681 5338 5025 4897 5567 5667 5624 5555 5421 5540 5164 5721 5049 5591 5514 4910 5767 5062 5761 5302 5416 5255 4934 5196 5558 5342 5178 5550 5246 5545 5171 5302 5467 5312 5424 5042 4866 5582 5583 5399 5443 5663 5417 4769 5346 5288 5455 5082 4970 5250 5390 5566 5506 5362 5335 5331 5575 5163 5081 5121 4842 5477 5044 
5481 5537 4768 5274 5618 4941 5242 4896 4685 5252 5160 4958 5288 5228 5324 5333 5055 4866 5200 4911 5445 4989 5242 5016 5408 5159 5148 4887 5239 5030 4989 4967 5233 4583 4992 5236 5055 5560 4787 5070 5027 5016 5329 5352 5006 5237 5221 4776 5651 5023 4728 5346 4871 4763 4758 4898 5132 5428 5025 5430 5427 4925 4687 5232 5253 5125 5490 4799 4673 5373 5229 5073 5140 5217 4898 5050 5270 5307 5099 5462 4998 5232 5105 4893 4852 4762 5365 5150 5570 5188 5526 5088 5344 5304 5112 5355 4936 4858 5012 5188 5317 5088 5267 5294 4992 4704 5248 5412 4960 5181 5290 5293 5049 5284 5111 4922 4881 5407 4996 5773 5238 5248 5310 5026 5355 5480 5210 5239 5033 5188 5009 4831 4830 4885 5108 5208 5389 4698 4973 5114 5119 5017 5072 5086 4679 5443 4919 4732 5129 4547 4733 5346 4824 4616 5274 4768 5404 4980 4590 5335 4940 4964 5186 5150 4900 5360 5029 5336 5039 4558 5061 5311 5036 5289 5249 5244 5047 4929 4817 5145 4975 5128 5405 5348 5124 5073 5222 5233 5190 5302 5157 5377 5351 5320 4929 5016 4847 5051 5642 5309 5421 5136 5166 5056 5315 4782 5360 5315 4943 5302 4990 5039 5372 5340 5181 5111 5016 5189 5598 4891 5112 4952 5147 4990 5202 5253 5068 5292 5002 4779 5582 5111 5103 5382 5520 5506 4772 4848 4863 5181 4880 4974 4994 5445 5326 5567 5285 5136 5228 5508 5087 5188 5042 4910 4824 4996 
5890 5513 4930 5655 6010 5376 5515 4942 5033 5654 5548 5406 5134 5436 5758 5427 5511 5325 5703 5255 5672 5253 5473 5406 5027 5847 5343 5196 5596 5494 5401 5243 5578 5035 5294 5560 5700 5737 5039 5157 5485 5270 5758 5702 5361 5521 5417 4943 5857 5096 5104 5521 5221 5251 5394 5147 5378 5845 5272 5860 5764 5104 4858 5571 5434 5689 5508 5195 5423 5407 5770 5357 5225 5331 5035 5274 5623 5380 5327 5663 5116 5242 5301 5323 4927 5439 5662 5533 5727 5777 5932 5404 5403 5524 5320 5644 5339 5102 5298 5489 5778 5361 5678 5614 5509 5158 5542 5853 5300 5262 5629 5297 5364 5770 5257 5383 5200 5611 5619 5905 5385 5625 5327 5288 5531 5660 5457 5078 5184 5533 5392 5419 5268 5110 5460 5653 5648 5091 5463 5538 5216 5401 5334 5739 5160 5593 5101 5214 5377 4696 4964 5715 5289 4887 5726 5482 5822 5418 4939 5780 5328 5369 5592 5706 5202 5278 5479 5544 5356 4849 5268 5752 5347 5401 5870 5694 5521 5312 5313 5474 5246 5364 5731 5876 5398 5183 5530 5548 5373 5732 5575 5892 5383 5609 5405 5446 5180 5553 5826 5287 5652 5627 5545 5234 5813 5334 5674 5639 4824 5652 5183 5665 5495 5663 5544 5399 5242 5457 5790 5140 5432 5515 5596 5450 5630 5370 5400 5613 5360 5323 5732 6126 5323 5893 6156 5491 5341 5134 5259 5609 5322 5084 5367 5511 5758 5673 5480 5277 5683 5743 5391 5428 5254 5339 5375 5137 
5315 5091 4655 5169 5366 4778 5276 4684 4365 5254 5207 4840 5164 5066 5007 5081 5157 4879 4996 4957 5404 4693 5268 5077 4948 5296 5135 5076 5136 4968 4727 4862 4897 4505 4927 4904 5286 4985 4758 4897 5283 4792 5342 5376 4983 5265 4783 4913 5065 4859 4858 5075 4973 4817 4955 4819 5351 5036 4872 5238 5269 4494 4513 5182 5416 5030 5128 4682 5011 5077 5142 5111 5172 5030 4611 4952 5106 4842 5068 5127 4698 4870 5037 5094 4575 4928 5127 4937 5130 5095 5661 4706 4907 5135 4920 5106 4999 4730 5011 4718 5294 5194 5041 5220 5080 4923 5109 5369 4953 4872 5119 5034 5103 5307 5037 4902 5105 5213 5323 5475 4989 5295 4862 4872 5347 5156 5057 4761 4874 5289 4970 4848 4839 4782 4825 5381 5249 4549 5181 5138 4785 4896 4894 5018 4465 5363 4783 4688 5062 4535 4741 5124 5005 4636 5106 5181 5095 4991 4471 5240 4894 4970 4920 5017 4884 5077 5045 5214 5049 4392 4855 5342 4920 5108 5154 5033 5148 4856 4766 5052 4941 5269 5079 5481 5185 5158 5169 5270 5196 5289 4989 5323 5015 5219 4824 4966 4738 5359 5257 5192 5336 5230 5340 4953 5149 4900 5168 5399 4604 5275 4971 5212 5296 5036 5114 4924 4888 5096 5145 4862 5143 5016 4950 5004 5195 5063 4985 5361 4838 4626 5435 5495 5165 5287 5538 5129 4502 4805 4810 5304 4875 4685 4705 5144 5552 5267 5194 5201 5128 5188 4842 4954 4690 4915 4985 4871 
5619 5493 4903 5250 5495 5079 5119 5228 4772 5527 5269 5642 5426 5480 5644 5545 5329 5013 5336 5166 5443 4926 5123 5318 5108 5378 5438 4925 5492 5223 4885 5075 5016 5031 4863 5278 5213 5646 5042 5185 5426 5056 5575 5286 5405 5106 5602 5074 5594 5009 5139 5256 5317 5306 5017 5011 5369 5278 5350 5658 5674 5153 4846 5030 5393 5185 5464 5157 5290 5228 5280 5341 5140 5173 4743 5241 5050 4946 5224 5302 4820 5594 5304 5043 4753 5007 5274 5208 5725 5467 5597 5155 5449 5199 5014 5383 5122 4980 5057 5131 5276 5130 5241 5307 5416 4876 5039 5510 5187 5427 5349 5203 5157 5860 4955 5336 5044 5531 5265 5519 5268 5473 5148 4829 5217 5367 5254 5183 5053 5445 5464 5111 5163 5005 5347 5363 5426 4872 5289 5377 4928 5158 5041 5536 4800 5334 4938 4961 5358 4719 4602 5363 5122 4622 5611 5335 5696 5043 4722 5429 5081 4994 5182 5412 5248 5472 5194 5085 5171 4501 5292 5256 5087 5295 5378 5367 5283 4915 5068 5396 5352 5067 5438 5699 5297 4997 5433 5671 5414 5147 5367 5414 5071 5512 5286 5158 4960 5335 5822 5294 5540 5191 5415 5082 5650 5184 5474 5245 4796 5425 4936 5355 5442 5502 5234 5169 5077 5531 5309 5058 5184 5312 5153 5227 5445 5383 5119 5276 5027 4896 5538 5457 5231 5715 5730 5295 5077 5044 5158 5302 5316 5141 5049 5141 5514 5477 5241 5415 5450 5661 5062 5262 4834 5108 5048 5130 
4882 5172 4519 4940 5370 4469 5072 4486 4122 4886 4922 4743 4992 4726 4874 4764 4825 4630 4994 4382 4931 4680 4889 4935 4948 5076 4875 4621 5136 4954 4607 4687 4698 4264 4596 4926 5077 5345 4689 4516 5029 4628 4744 5095 4689 4976 4763 4622 4954 4710 4431 4909 4878 4540 4554 4474 4972 5005 4660 5137 4976 4685 4543 4953 5111 4666 5217 4747 4764 4721 5119 4810 4783 4712 4311 4762 4693 4806 4802 4853 4829 4753 5030 4732 4637 4667 4701 4710 5195 4801 5172 4620 4807 4739 4839 4813 4714 4306 4580 4986 4912 4958 5066 5042 4877 4789 5036 5242 4781 4612 4939 4780 4596 5219 5004 4641 5012 5024 4941 5215 4759 5031 4784 4625 4870 5074 4851 4663 4659 4849 4640 4779 4497 4916 4843 4867 4992 4406 4618 4875 4736 4860 4923 5038 4490 5168 4690 4686 4986 4286 4650 5107 4736 4379 4822 5099 5049 4825 4458 5039 4854 4634 4888 4869 4813 4650 4954 5117 4797 4038 4778 5177 4694 4949 5034 5116 4879 4595 4659 4877 4688 4879 5136 5167 4748 4654 4890 5238 5093 5213 4978 4868 4818 5159 4670 4463 4616 5215 4966 4796 4979 5015 4958 4817 5010 4527 5101 5006 4439 5075 4862 4917 4648 4887 4820 4844 4860 4834 5136 4713 4855 4915 4681 4584 4789 4838 4814 4937 4457 4153 5028 4996 5023 5402 5308 4953 4563 4601 4599 5063 4846 4507 4843 4907 5089 5416 4659 4718 4805 4802 4505 4643 4439 4535 4788 4636 
5020 5270 4638 5324 5250 4826 4982 4829 4365 5086 5066 5144 4899 4932 5137 5203 5050 4915 5178 4822 5269 4689 4950 5146 4758 5180 5072 5037 5404 5024 4593 4814 5003 4882 5095 5106 5482 5211 4788 4718 5410 4744 5009 5421 5103 5236 4815 4986 5288 4891 4713 5007 4947 4765 4801 4883 5178 5357 4836 5303 5299 4614 4576 5431 5236 5040 5163 4742 4898 5042 5324 5232 4824 5130 4608 4745 5062 4703 5136 5104 4951 5110 5151 5009 4606 5173 5084 4911 5297 5141 5399 4881 5213 5269 5292 5054 4955 4545 4915 4944 5268 5189 5153 5211 5083 4814 4878 5569 4852 4912 5258 4903 4951 5271 5205 5092 5098 5074 5109 5549 4900 5208 4909 4663 5292 5160 4876 4917 4968 5180 4834 5237 5117 4769 5033 5056 5451 4946 4950 4927 4758 5157 4932 5256 4510 5431 5147 4534 4825 4642 4869 5250 4706 4485 5090 5244 5311 4850 4744 5478 5165 4870 5064 4949 5067 4991 5433 5053 5047 4439 5026 5454 4903 5232 5076 5269 5243 5030 5023 4937 4883 5214 5108 5454 5079 4855 5033 5178 4978 5377 5172 5332 5005 5269 4895 4945 4675 5336 5311 5061 5264 5234 5520 5109 5214 4831 5382 5185 4656 5369 4938 5694 5216 5199 5141 4948 4940 5109 5235 4776 5238 5071 5248 5097 5287 5312 5003 5099 4918 4801 5351 5376 5095 5239 5779 5161 4780 5078 5051 5387 5077 4746 5068 4997 5449 5362 5256 5253 5281 5296 4915 5010 5019 5013 4998 4789 
5306 5589 4626 5351 5327 4911 4983 4858 4700 5182 5355 5302 5112 5291 5602 5237 5255 5226 5513 4780 5377 5076 5155 5406 5122 5466 5394 4995 5389 5248 5081 4969 5218 4831 5178 5064 5532 5410 4794 5139 5319 5126 5182 5663 5308 5223 5470 5051 5377 4998 4938 5487 5152 4906 4823 4963 5247 5574 5049 5407 5538 4999 4788 5466 5407 4968 5522 5088 5197 5169 5358 5362 5063 5157 4794 5027 5298 4788 5110 5566 5137 5509 5297 5235 4852 5243 5367 5348 5541 5288 5526 5293 5409 5220 5129 5203 5296 4871 5231 5323 5588 5398 5214 5616 5119 4902 5210 5623 5312 5042 5194 5152 5193 5315 5147 5067 5424 5398 5422 5741 5216 5357 5272 4854 5427 5525 5232 5162 4822 5534 4907 5051 5269 4950 5234 5329 5549 4681 5094 5339 5000 5225 5238 5498 4808 5442 4827 5136 5542 4568 4923 5248 5174 4822 5179 5301 5419 5194 4898 5569 5166 5171 5424 5112 5133 5135 5468 5558 5468 4600 5444 5651 5301 5458 5210 5517 5483 4942 5005 5061 5171 5361 5577 5820 5282 5249 5087 5616 5180 5211 5516 5477 5269 5726 5354 4973 4990 5688 5687 5396 5560 5449 5327 5174 5482 4803 5448 5129 5082 5483 5032 5396 5445 5492 5139 5005 4901 5484 5521 5064 5252 5200 5291 5135 5203 5217 5271 5380 4960 4842 5719 5688 5123 5617 5570 5339 5111 5121 5249 5535 5125 4849 5075 5241 5673 5660 5305 5198 5438 5637 5116 5339 4847 5114 5029 4986 
5325 5359 4963 5208 5366 5062 5227 5045 4568 5300 5339 5170 5049 5196 5437 5413 5004 5017 5314 4973 5289 4793 5157 5423 5321 5036 5378 5010 5081 5164 4984 4787 5220 4664 4978 4998 5315 5538 4935 4933 5007 5154 4894 5071 5072 5035 5336 5086 5419 5061 4821 5276 5058 4703 5014 4756 5266 5523 5147 5269 5440 4849 4751 5407 5220 5124 5485 4881 5187 4948 5444 5270 4851 5154 4872 4897 4886 5098 5206 5301 4978 5036 5367 5025 4697 4989 5168 5057 5610 4997 5725 5082 5186 4996 5213 5058 5132 4932 5001 4935 5536 5183 5350 5189 5278 4757 5060 5658 5074 5040 5226 5035 4866 5620 4996 5147 5157 5269 5431 5448 5063 5550 5075 4768 5249 5318 5045 5211 4819 5229 4978 5124 4767 4898 5240 5402 5258 4495 5343 4985 5068 5055 5145 5217 4719 5236 4826 4904 5280 4456 4774 5453 5101 4934 5115 5247 5448 4918 4914 5481 4877 5021 5163 4924 5201 5306 5155 5099 5464 4425 5337 5135 5151 5212 5514 5444 5157 5100 5066 5224 4944 5286 5045 5372 5063 4900 5205 5475 5259 5414 5106 5316 4942 5425 5359 4787 4594 5203 5625 5370 5656 5321 5383 4984 5496 4834 5264 5203 4808 5284 5174 5361 5308 5297 5160 4962 5165 5221 5405 5101 5301 4953 5073 5058 5242 4928 4944 5210 5002 4721 5514 5418 5188 5384 5386 5117 4997 4975 5245 5568 5013 4954 5285 5077 5339 5227 5256 5211 5420 5334 4960 4903 4971 4971 4802 4921 
5549 5177 4575 5418 5363 5106 5046 5087 4634 5189 5139 5053 5402 5267 5109 5184 5392 4687 5262 4958 5151 4844 5412 5262 5311 5211 5084 5154 5329 5124 4846 4769 5128 4679 4998 5284 5206 5175 4830 4891 5535 4974 5435 5605 5128 5359 5209 4899 5248 4920 4833 5157 5325 5017 4881 4891 5177 5438 5070 5619 5490 4634 4711 5423 5323 5289 5482 4927 4845 5281 5336 5412 5087 5083 5026 5166 5411 4615 5043 5324 5099 5232 4943 5304 4664 5050 5025 5017 5283 5201 5490 5248 5058 5299 4891 5028 4939 4807 5277 5138 5491 5129 5146 5229 5341 4879 5197 5578 5070 4953 5581 4878 5226 5439 5087 5165 5004 5193 5396 5380 5239 5212 5123 4923 5225 5380 5322 5078 5013 5190 5129 4987 4960 4908 4874 5311 5475 4716 5116 4864 4814 5097 5282 5334 4759 5365 4992 4763 5264 4702 4690 5525 4912 4866 5136 5380 5518 5274 4538 5257 5192 4775 5328 5152 4954 4980 5039 5305 5306 4447 4943 5409 5068 5094 5204 5433 5103 5007 4989 5179 5283 5178 5434 5831 5305 4890 5136 5157 5142 5535 5522 5530 5178 5460 5281 5162 4725 5408 5548 5194 5378 5310 5305 5140 5637 5317 5509 5214 4597 5589 5144 5380 5229 5151 5214 5056 4871 5240 5338 5132 5222 5016 5366 5218 5094 5122 5265 5423 4929 4834 5354 5932 5163 5829 5856 5284 4993 4646 5244 5564 5296 4939 4911 5261 5320 5514 5321 5009 5477 5409 5266 4960 5002 5056 5184 5056 
5775 5583 5177 5499 5528 5452 5386 5307 4723 5263 5425 5348 5509 5710 5575 5360 5470 5260 5659 5252 5554 4949 5460 5555 5330 5620 5559 5172 5448 5408 5359 4964 5731 4688 5267 5285 5641 5490 5175 5243 5491 5270 5438 5681 5369 5446 5383 5142 5447 5044 5220 5293 5578 5089 5299 5044 5515 5691 5211 5719 5618 5033 4805 5708 5453 5432 5524 5154 5229 5364 5624 5411 5270 5528 5156 5206 5499 5123 5289 5506 5165 5240 5373 5575 4986 5339 5313 5484 5578 5234 5958 5095 5561 5291 5336 5367 5426 5320 5016 5135 5621 5635 5591 5775 5409 5068 5612 5875 5384 5197 5412 5434 4987 5725 5344 5239 5474 5451 5509 5765 5261 5415 5215 5078 5825 5605 5447 5146 5218 5640 5355 5066 5489 5193 5538 5704 5985 4849 5318 5481 4972 5290 5216 5477 4929 5673 5104 5117 5215 4637 5058 5605 5410 4828 5674 5474 5607 5771 4617 5492 5420 5078 5416 5639 5090 5200 5478 5548 5490 4637 5166 5316 5343 5671 5191 5464 5429 4999 5170 5352 5270 5505 5867 6063 5389 5284 5542 5508 5667 5504 5549 5588 5143 5709 5530 5331 5124 5753 5690 5666 5939 5307 5777 5289 5721 5060 5473 5323 4672 5774 5096 5757 5543 5438 5162 5583 5201 5421 5586 5266 5253 5442 5415 5353 5528 5656 5340 5696 5065 5042 5627 5949 5356 5733 5722 5442 5161 5306 5217 5633 5211 4980 5098 5525 5752 5584 5390 5485 5290 5535 5315 5335 5089 5216 5466 4911 
5774 5789 5083 5633 5826 5445 5705 5335 4928 5566 5639 5454 5399 5554 5722 5694 5796 5413 5783 5348 5864 5585 5710 5685 5723 5658 5594 5519 5934 5417 5263 5332 5343 5046 5641 5468 5695 5785 5199 5369 5735 5409 5958 5873 5650 5677 5709 5387 5835 5288 5233 5550 5395 5536 5399 5208 5691 5786 5357 5823 5927 5307 4988 5738 5750 5422 5826 5448 5462 5545 5859 5693 5310 5611 5466 5392 5680 5496 5700 5945 5525 5578 5688 5615 5229 5623 5656 5532 5979 5654 6051 5552 5228 5740 5780 5652 5666 5248 5377 5551 6032 5596 5593 5650 5411 5148 5700 6098 5558 5352 5697 5536 5741 6007 5917 5293 5549 5786 5864 6151 5725 5744 5541 5106 5796 5731 5506 5505 5414 5859 5708 5372 5763 5656 5565 5802 6132 5032 5749 5556 5338 5585 5616 5653 5416 6052 5499 5448 5713 5076 4987 5943 5687 5431 5849 5743 6106 5708 5326 5643 5602 5441 5883 5961 5445 5522 5596 5577 5388 4530 5460 5837 5431 5524 5484 5825 6019 5289 5310 5904 5508 5770 5698 6015 5890 5396 5520 5722 5670 6025 5497 5762 5203 5547 5577 5188 5282 6053 5834 5789 6018 5638 5717 5804 5960 5514 5785 5767 5205 5798 5452 5973 5890 5630 5447 5496 5443 5703 5942 5455 5743 5784 5771 5692 5700 5603 5505 5788 5281 5501 5928 6149 5755 5855 6275 5727 5478 5428 5475 5819 5534 5280 5457 5573 5967 5943 5794 5588 5912 5730 5492 5698 5336 5480 5354 5348 
5691 5787 5301 5577 5894 5539 5885 5500 4885 5580 5566 5476 5670 5628 5776 5655 5583 5376 5940 5242 5774 5164 5534 5492 5545 5776 5914 5555 5766 5743 5302 5385 5505 5400 5602 5689 5911 5680 5366 5275 5976 5457 5666 5917 5799 5916 5608 5457 5802 5559 5366 5663 5573 5431 5357 5546 5826 5774 5465 6007 6105 5220 5290 6128 5897 5921 5969 5483 5515 5803 5663 5628 5770 5736 5397 5351 5709 5580 5694 5726 5444 5725 5897 5574 4998 5739 5731 5531 5903 5785 6275 5503 5913 5636 5677 5769 5680 5424 5447 5502 6153 5784 5677 6084 5784 5441 5680 6230 5702 5484 5692 5534 5653 6251 5667 5491 5904 6021 6097 6274 5486 5891 5554 5256 5893 6071 5675 5575 5411 5895 5662 5561 5570 5356 5414 5745 5875 5017 5668 5664 5708 5534 5573 5637 5262 5877 5543 5092 5551 4991 5356 5913 5780 5113 5928 5787 5924 5618 5107 5605 5627 5410 5529 5910 5445 5794 5933 5988 5697 4902 5502 5705 5505 5835 5710 5709 5486 5426 5404 5935 5533 5729 5722 6354 5562 5360 5611 5874 5926 5815 5837 5819 5721 5860 5420 5523 5174 5961 6008 5968 6269 5652 6036 5500 5975 5380 5842 5815 5115 6119 5298 6037 5820 5885 5486 5521 5616 5908 5783 5195 5889 5769 5655 5648 6018 5852 5445 5727 5377 5264 5997 6152 5603 5932 6061 5812 5239 5572 5412 5925 5559 5333 5521 5797 5942 6029 5886 5763 5866 6129 5502 5335 5335 5453 5611 5502 
5426 5401 4744 5508 5579 4914 5062 4738 4554 5146 5314 5173 5107 4956 5457 5226 5137 5054 5131 4879 5339 4940 5227 5164 5423 5182 5194 5005 5361 5193 4998 4898 5342 4719 4793 5195 5383 5350 4885 5008 5290 5001 5410 5439 4943 5074 5346 4982 5284 4798 4995 5046 5318 4741 5097 5009 5193 5490 5053 5414 5655 4919 4627 5287 5242 5092 5410 4900 4956 5358 5353 5240 5005 4955 4705 5220 5171 4917 5019 5148 5011 5331 5236 4905 4909 5105 5048 5183 5487 5169 5787 4868 5074 5078 4975 4990 4929 4630 4794 5259 5539 5017 5270 5448 5086 4999 5144 5555 5044 5033 5469 5149 4996 5386 5019 4888 5152 5270 5512 5321 5110 5468 4894 5080 5260 5445 5316 5149 5015 5037 4875 4946 5142 4928 4997 5379 5590 4597 5135 5260 4970 5182 5100 5429 4713 5374 5273 4821 5394 4640 4748 5434 5167 4494 5098 5134 5496 5227 4727 5380 5155 4800 5164 5062 5085 5111 5218 5498 5125 4609 5217 5332 5040 5196 5357 5295 5139 4876 5044 4944 5157 5356 5218 5709 5179 5236 5002 5216 5156 5494 5236 5308 5177 5235 5194 4974 4935 5494 5594 5069 5191 5210 5235 5011 5574 5213 5398 5136 4873 5458 5241 5364 5332 5323 5017 5147 4989 5393 5279 4865 5125 5239 5144 5108 4905 5185 5149 5294 4999 4696 5443 5666 5201 5705 5526 5329 4960 5140 5184 5498 5071 5042 5040 5156 5501 5788 5078 5169 5647 5465 5129 4916 4597 5138 4975 4960 
5467 5418 4781 5274 5493 5039 5205 5064 4724 5313 4893 5089 4924 5091 5364 5182 5304 5213 5428 4906 5211 4991 5188 5149 4922 5440 5220 5324 5056 5389 4882 5107 5402 4918 5112 5236 5399 5305 4943 5077 5278 5084 5353 5458 5338 5331 5157 5087 5418 4925 4821 5243 4897 4698 4953 5021 5268 5357 5080 5322 5341 5010 4800 5287 5064 5201 5546 4955 4855 5278 5580 5330 5181 5208 4784 5354 5207 4912 5273 5326 5034 5148 5220 4992 4692 4924 5200 4967 5282 5083 5657 5086 5294 5442 5119 5226 5127 4742 5327 5405 5310 5217 5328 5612 5183 4774 5204 5641 5294 5028 5205 5012 5203 5515 5091 5191 5321 5245 5413 5821 4993 5201 5226 4921 5446 5506 5255 4924 5062 5324 5045 5045 4945 4912 5165 5256 5321 4811 5130 5028 5071 5026 5177 5459 4882 5454 4985 4679 5010 4556 5240 5554 5006 4632 5543 5228 5312 5152 4740 5320 5179 5133 5415 5372 5335 5112 5441 5634 5270 4455 5068 5549 5039 5375 5206 5268 5227 5074 5139 5143 4992 5584 5368 5726 5022 4999 5263 5518 5155 5414 5304 5585 4981 5637 5318 5006 5011 5206 5623 5295 5591 5143 5277 5276 5317 4893 5454 5046 4539 5722 5084 5629 5310 5285 5170 5070 5019 5316 5408 5347 5437 5352 5272 5169 5239 5079 5181 5201 4891 5015 5342 5441 5102 5373 5686 5246 4845 5130 5046 5450 5230 4785 4781 5220 5562 5596 5150 5303 5192 5389 4922 4792 4945 5085 5312 4935 
5270 5249 4665 5515 5553 5121 5027 5008 4738 5319 5103 5022 5344 5564 5164 5369 5208 5021 5524 5061 5612 4945 5293 5287 5266 5218 5332 5072 5753 5396 5140 5123 5009 4796 4910 5217 5397 5460 4893 5113 5514 4812 5186 5411 5193 5274 5108 4879 5323 5197 5055 5299 5031 4875 5036 4813 5354 5440 5125 5478 5592 4793 4696 5494 5448 5191 5364 5012 4980 5120 5220 5215 5104 5130 5002 5085 5440 4993 4959 5357 5165 5445 5435 5195 4808 5235 5132 5232 5382 5072 5399 5022 5438 4912 5138 5328 5210 5127 4941 4976 5719 5345 5242 5532 5526 4804 5187 5710 5105 5194 5483 5186 5018 5382 5196 5005 5070 5267 5334 5574 5191 5207 5002 4994 5274 5218 5149 5208 5251 5257 5210 4916 4978 4699 5098 5456 5645 4825 5209 5069 5116 5089 5136 5237 4857 5336 4929 4814 5133 4550 4738 5321 4900 4882 5326 5307 5590 5108 4805 5223 4990 4969 4914 5117 5076 5230 5169 5163 5302 4440 5260 5486 4979 5168 5137 5337 5329 5061 5144 5212 5328 5413 5327 5692 5293 5184 5330 5501 5225 5302 5219 5278 5116 5345 5156 4988 5032 5365 5480 5465 5587 5109 5464 5160 5460 4972 5404 5123 4810 5510 5049 5295 5247 5225 5216 4958 5053 5275 5340 4953 5257 4981 5273 5005 5412 5291 5159 5360 4894 4612 5430 5433 5267 5376 5525 5112 4757 5020 5233 5413 5070 4915 4980 5420 5344 5364 5167 5210 5268 5550 5110 5201 4935 4746 5203 4897 
5388 5162 4465 5142 5491 4955 5126 5027 4281 5030 5244 5019 4906 5094 5098 5404 4967 4851 5334 4844 5244 4924 4942 4902 5007 4985 5353 4846 5152 4798 4749 4794 5020 4665 4811 5052 4821 4977 4798 5024 5366 4920 4983 5328 4907 5170 5401 5073 5331 4828 4852 5191 4911 4805 4972 4680 5447 5153 4995 5263 5436 4794 4610 5113 5418 5111 5454 4940 4823 5050 5171 5278 5080 5026 4728 5055 5540 4810 4956 5201 5099 5069 5198 4953 4774 4836 5127 5063 5281 5255 5457 4966 5438 4762 4810 5103 4957 4674 4971 5183 5374 5046 5190 5359 5186 4848 5282 5289 4935 5073 5123 5176 5181 5636 5168 4700 4976 5133 5137 5245 5039 5139 5058 4864 5119 5413 5007 4961 4947 5244 5016 4687 5115 4764 4906 4743 5340 4523 5094 5204 4940 4932 4901 5301 4685 5185 4734 4821 5330 4480 4778 5068 5107 4575 5109 5118 5104 5131 4807 4966 4848 4565 5137 5223 5239 5090 5084 5398 4907 4391 4888 5477 4914 5091 5223 5113 4944 5048 5093 5076 4995 5177 5081 5637 4948 4829 5031 5611 5154 5106 5025 5169 4949 5317 5105 4820 4818 5215 5226 4967 5300 4950 5218 5031 5137 5068 5528 5184 4746 5367 4998 5195 5352 5182 5155 4762 5117 5353 5111 4857 5126 5165 4758 5176 5579 4934 5141 5082 4528 4677 5485 5405 4842 5354 5537 5076 4954 5128 4987 5457 5124 4955 4832 5127 5623 5517 5269 5348 5606 5451 4885 4993 4946 5050 5090 4685 
5628 5373 4923 5484 5905 5208 5454 4940 4736 5340 5395 5101 5024 5511 5192 5411 5270 5116 5632 5208 5584 5015 5468 5224 5252 5638 5692 5234 5456 5319 5314 5084 5347 4657 5147 5121 5340 5413 5158 5100 5148 5202 5604 5505 5286 5371 5279 4844 5787 5157 5037 5506 5008 5121 4990 5163 5464 5516 5237 5371 5354 4945 4891 5485 5666 5303 5560 5003 5294 5492 5467 5283 5177 5329 4950 5114 5344 5277 5238 5664 5262 5303 5265 5288 4726 5239 5512 5215 5643 5154 5916 5234 5633 5211 5027 5181 5305 5204 5370 5085 5673 5525 5488 5488 5269 4958 5390 5741 5183 5178 5445 5432 5116 5715 5292 5154 5228 5239 5384 5556 5644 5263 5217 5085 5565 5437 5200 5166 5154 5210 5045 5379 5303 5041 5413 5433 5719 4798 5350 5198 4914 5212 5440 5418 5084 5523 5148 4866 5083 4584 5063 5347 5214 4805 5454 5265 5366 5152 4898 5291 5134 5125 5262 5559 4999 5189 5345 5384 5462 4535 5124 5555 5088 5376 5402 5280 5335 5125 5002 5371 5222 5481 5373 5795 5408 5328 5594 5572 5684 5510 5343 5636 5020 5631 5176 4954 5289 5405 5575 5599 5677 5508 5508 5395 5531 5148 5639 5231 4960 5576 5082 5418 5372 5334 5218 5086 5246 5432 5590 5398 5478 5312 5433 5060 5500 5132 5303 5327 4713 5036 5635 5471 5153 5734 5804 5314 5117 4958 5380 5603 5229 4969 5302 5455 5778 5725 5382 5330 5473 5480 5134 5062 5185 4881 5411 5003 
5399 5405 5070 5662 5840 5182 5381 5099 4638 5686 5472 5058 5207 5525 5234 5526 5379 5087 5463 5154 5621 4848 5310 5373 5215 5507 5451 5236 5562 5141 5080 5247 5104 4925 5043 5430 5619 5466 5160 4985 5470 5065 5588 5662 5083 5527 5297 5307 5608 5211 4990 5306 5259 5103 5086 5204 5458 5458 5265 5449 5332 4887 4710 5438 5365 5122 5501 5022 5198 5397 5345 5234 5238 5153 4924 4933 5377 5215 5195 5559 5353 5305 5309 4951 4788 5207 5265 5177 5501 5350 5709 5036 5531 5197 5114 5333 5092 5016 4746 5205 5723 5608 5280 5558 4946 5159 5329 5575 5272 5366 5495 5443 5178 5557 5389 5040 5243 5396 5627 5915 5308 5547 5048 4973 5353 5719 5426 5204 5302 5289 5099 5051 5019 4906 5036 5635 5468 4855 5314 5344 5161 5110 5249 5382 4974 5489 4948 4929 5345 4629 4801 5412 5419 4673 5256 5358 5686 5077 5203 5269 5060 5120 5214 5555 5277 5332 5279 5580 5216 4396 5138 5476 5032 5330 5427 5473 5281 5112 4965 5322 5178 5451 5570 5573 5253 5128 5295 5807 5421 5439 5350 5367 5036 5413 5258 5207 5031 5512 5632 5517 5491 5306 5709 5092 5497 5034 5210 5514 4877 5681 5067 5625 5123 5594 5345 5359 5216 5586 5282 5183 5572 5330 5283 5263 5463 5479 5051 5315 4678 4681 5659 5754 5255 5555 5710 5185 4898 5224 5163 5463 5115 5049 5052 5238 5632 5537 5363 5315 5372 5461 5099 4889 5185 5141 5250 5083 
5534 5319 4518 5331 5537 4996 5116 4909 4531 5304 5245 5240 5141 5374 5131 5187 5325 5106 5285 4989 5646 5109 5434 5208 5289 5378 5354 4845 5351 5421 5088 4825 5250 4642 5201 5098 5569 5582 4813 4836 5344 5050 5304 5451 5240 5094 5060 4995 5317 5027 5142 5338 5203 5000 4997 4886 5066 5575 5283 5545 5158 4968 4667 5448 5347 5127 5375 4741 4867 5191 5491 5085 5217 5177 4998 5096 5318 5044 5168 5145 4934 5324 5215 5307 4906 5498 5299 5093 5774 5425 5565 5240 5258 5222 5146 5176 5030 5063 5237 5144 5396 5267 5153 5606 5363 4899 5160 5638 5097 5171 5178 5093 5177 5456 5097 5125 5473 5130 5160 5725 5519 5271 5324 4899 5511 5329 5124 5231 5010 5208 5241 4995 5236 4867 5135 5551 5360 4658 5191 5035 4935 4809 5111 5331 4687 5217 5130 5059 5353 4419 4625 5364 4937 4800 5289 5496 5494 5045 4721 5509 5130 5304 5255 5054 5095 5129 5078 5015 5282 4494 5071 5387 4926 5290 5188 5356 5274 5066 4987 5275 5439 5333 5398 5746 5213 5066 5456 5267 5267 5492 5554 5602 5085 5334 5139 4899 4926 5243 5568 5427 5487 5297 5439 4961 5312 4966 5589 5254 4757 5561 5060 5404 5292 5202 5237 4969 4827 5144 5308 5064 5357 5063 5487 5269 5324 5391 4873 5344 4728 4757 5650 5607 5014 5330 5751 5383 4953 5278 4963 5486 5102 4733 5013 5397 5519 5339 5396 5192 5288 5519 5268 5110 4827 4799 5545 5174 
5395 5473 5130 5659 5492 5390 5348 4805 4704 5567 5545 5631 5231 5520 5402 5499 5455 5536 5547 5205 5500 5052 5318 5530 5223 5756 5311 5372 5358 5382 5308 5096 5364 4777 5026 5243 5784 5598 5131 5387 5410 5087 5388 5614 5106 5401 5560 5180 5401 5130 5294 5409 5148 5240 5057 5075 5302 5625 5274 5715 5465 4938 4753 5499 5607 5523 5500 5581 5150 5415 5715 5530 5301 5487 4900 5157 5453 4956 5318 5439 4979 5231 5506 5367 4796 5365 5896 5103 5638 5520 5883 5174 5560 5381 5438 5445 5525 5010 5065 5176 5822 5540 5460 5518 5099 5216 5506 5905 5242 5234 5392 5412 5362 5548 5172 5297 5197 5320 5636 5739 5399 5387 5261 5064 5393 5546 5432 5368 5071 5499 5140 5090 5273 4966 5392 5629 5709 4839 5149 5227 4927 5325 5288 5507 5329 5713 5280 5143 5360 4746 4875 5475 4958 4965 5533 5375 5599 5297 4882 5656 5201 4960 5464 5542 5180 5292 5502 5303 5417 4681 5291 5660 5086 5464 5629 5685 5544 5249 5391 5232 5387 5658 5550 6009 5394 5267 5378 5661 5174 5897 5395 5631 5038 5689 5508 5090 5206 5653 5923 5551 5605 5304 5681 5105 5641 5221 5519 5280 5258 5666 5258 5720 5513 5634 5514 5204 5073 5369 5495 4995 5452 5364 5332 5302 5427 5480 5368 5272 4906 5065 5612 5830 5093 5536 5959 5409 4848 5044 5208 5651 5280 5092 5290 5163 5784 5573 5556 5371 5436 5583 5536 5140 5279 5265 5478 5318 
5320 5053 4641 5012 5331 4732 4865 4453 4265 4928 4865 4646 4656 5161 4897 4902 4922 4633 5253 4507 4995 4679 5043 4698 4839 4917 5109 4802 5008 4724 4773 4772 5023 4579 4814 4835 5165 4902 4570 4905 5040 4653 4891 5115 4764 4900 4802 4511 4867 4520 4675 4892 4616 4919 4564 4679 5075 5115 4625 5161 5083 4431 4564 4937 4989 4955 5087 4889 4706 4860 5282 5079 4713 4795 4852 4718 4967 4778 4736 5040 4694 4818 4838 4770 4784 4944 4970 4727 5115 4710 5212 4789 4807 4965 4719 5012 4940 4605 4781 4778 5243 4972 4880 4986 4957 4595 5077 5103 4714 4880 4795 4887 4710 5294 5031 4858 4654 4854 5026 5236 4835 4726 4655 4570 4947 5163 4716 4683 4748 4971 4704 4758 5046 4527 4741 4934 5043 4477 4798 4641 4626 4742 4812 4950 4616 4934 4709 4477 4851 4109 4286 4793 4955 4612 4740 4814 5078 4601 4653 4702 4692 4771 5018 5112 4642 4887 5130 4931 4795 4074 4763 5047 4765 4708 4755 5077 4945 4764 4720 5003 4905 4966 4915 5430 5013 4547 4962 5047 4951 5030 5105 4885 4619 5125 4845 4739 4770 5168 5161 5144 5294 4933 5316 5006 5277 4542 5036 4796 4256 4933 4594 5183 5041 5027 4935 4749 4971 5083 4895 4661 4861 4891 4811 5074 5021 5162 4816 4912 4351 4467 5087 5390 4916 5192 5257 4970 4512 4668 4881 5071 4767 4635 4706 4842 5065 5314 4811 4841 5058 5175 4967 4763 4749 4635 4860 4705 
5376 5536 4660 5332 5583 4688 5509 5054 4493 5128 5256 5132 5271 5216 5407 5602 5082 5042 5228 5019 5410 5001 5209 5293 5241 5559 5345 5193 5422 5206 4697 4880 5141 4636 4971 5196 5429 5460 4906 4947 5107 5035 5147 5331 5322 5307 5011 5033 5369 4921 5076 5344 5042 4936 4798 4745 5333 5496 5162 5446 5560 4904 4848 5464 5102 5137 5385 5034 4940 5094 5536 5231 5078 5080 4755 5182 5237 5015 5221 5479 5034 5358 5240 5029 5031 4977 5212 5041 5537 5249 5549 5081 5018 5100 5051 5304 5075 4960 5058 5102 5453 5381 5139 5252 5265 4953 5307 5698 4873 5000 5096 5142 5101 5850 5359 5301 5009 5315 5241 5642 5358 5423 5262 4991 5345 5592 5297 5130 5216 5424 4811 5037 5228 5197 4890 5283 5377 4470 5139 5132 4975 5255 5032 5284 4825 5552 4954 4872 5211 4767 4525 5331 5247 4826 5182 5302 5389 5022 4738 5224 5171 4965 5466 5323 5177 4923 5034 5226 5206 4441 5284 5419 4914 5131 5391 5255 5133 4799 4781 5254 5141 5327 5138 5555 5244 4710 5225 5275 5430 5434 5105 5383 4942 5523 5237 5031 5018 5251 5437 5330 5526 5218 5236 5073 5584 4954 5201 5650 4883 5532 5051 5601 5164 5207 5347 5104 4981 5301 5438 4955 5248 5372 5093 5096 5142 5404 5108 5554 4946 4915 5329 5648 4820 5405 5762 5323 4999 4920 5116 5454 5357 4858 5179 5056 5658 5621 5029 5270 5597 5325 5223 5290 4945 4943 4961 4975 
5290 4902 4527 4879 5380 4957 5312 4855 4370 5230 5024 4937 5113 5105 5126 5019 5002 4604 5164 4724 5179 4627 5123 5169 5063 5300 5096 4895 5287 4812 4624 4703 5316 4558 4855 5051 4839 5090 4971 5018 5262 4817 4931 5272 4897 5176 5125 4585 4770 4816 4817 5396 4813 4640 4782 5062 5053 5064 5030 5250 5463 4615 4625 5148 4889 4873 5159 4545 4783 5078 5397 4707 4942 4983 4758 5017 5197 4802 4898 5164 4969 5224 5002 4903 4522 4871 5069 5093 4995 5088 5393 5139 5056 4880 4768 5293 4692 4684 5119 4912 5148 5337 4993 5127 5171 4728 4976 5336 4867 5077 4934 5071 4739 5200 4771 4944 4834 5096 5171 5431 4879 4933 4806 4902 5148 5356 4829 4925 4713 4945 4828 4537 4951 4653 4929 5113 5236 4593 4969 4886 4831 4899 4602 5363 4744 5495 4516 4658 4826 4394 4609 5233 4769 4113 5279 5208 5005 4999 4522 4995 5009 4528 5106 4784 4944 4981 4980 5262 4959 4097 4921 5060 4685 4837 4950 5119 4884 4779 4995 5059 4874 4913 5221 5415 4869 4805 5063 5068 5041 5111 5030 5485 4708 5133 4904 4845 4874 4890 5554 5124 5501 4986 5046 4861 5370 4750 5093 5122 4512 5100 4880 5347 5044 5162 4993 4878 4942 5189 5018 4904 4994 5077 4974 5145 5153 5131 5067 4984 4511 4388 5124 5279 4878 5468 5307 4942 4860 4926 4933 5207 5112 4590 4686 5088 5418 5061 4912 4903 5164 5374 4604 4937 4716 4733 5033 4711 
5205 5257 4768 5295 5393 4916 5208 4705 4589 5000 5065 5217 4926 5292 5294 5245 4965 5118 5192 4994 5342 4689 5057 5063 5184 5360 5367 5131 5156 5160 4689 4933 5326 4735 5179 5154 5157 5348 4859 5167 5387 5375 5202 5392 4934 5087 5067 4760 5472 4931 4772 5200 5039 4870 4961 5179 5030 5241 5113 5220 5441 4683 4896 5273 5399 5109 5349 4848 4938 5277 5358 5178 5107 5461 4830 5012 5199 5022 5078 5444 5047 5432 5428 5063 4513 5148 5257 4914 5556 5139 5664 5118 5095 5392 4869 5397 4982 4555 5072 5422 5265 5172 5246 5247 5194 4682 5214 5310 4990 5129 5303 5166 5086 5372 5061 5238 5193 5323 5276 5616 5194 5457 4884 4716 5334 5342 5010 4827 4814 5063 4978 4942 5017 4914 5009 5148 5387 4633 5088 4910 4775 4886 5151 5448 4801 5487 4982 4567 5034 4578 4795 5372 4939 4785 5269 5048 5304 5078 4868 5252 5009 5091 5443 5253 4972 5039 5354 5353 5119 4494 5131 5245 5098 5156 5138 5305 4836 5101 4872 5104 4963 5212 5256 5431 5080 4970 5188 5457 5211 5289 5220 5519 4989 5225 5016 4884 4844 5267 5739 5352 5664 5329 5172 5153 5319 5326 5309 5263 4862 5452 4822 5338 5185 5214 5140 5069 4915 5025 5271 4807 5136 5165 5267 5088 5452 5028 4974 5192 4572 4998 5234 5581 5195 5625 5533 5237 5107 4917 5054 5537 5264 4849 5219 5006 5514 5341 5267 5256 5403 5430 5111 4830 4742 5023 4936 4765 
5560 5558 4970 5544 6093 5321 5458 5529 4700 5452 5478 5417 5358 5523 5338 5498 5428 5229 5923 5104 5600 4841 5348 5411 5196 5543 5549 5138 5356 5484 5088 5182 5436 5107 5294 5486 5406 5340 5147 5185 5451 5134 5305 5484 5376 5554 5394 5481 5510 5442 5155 5357 5188 5042 5189 5157 5400 5726 5278 5807 5684 4900 5170 5675 5584 5450 5653 5316 5233 5263 5704 5460 5156 5442 5347 4983 5650 5222 5445 5398 5231 5573 5572 5216 4757 5422 5414 5306 5463 5411 5739 5366 5643 5200 5311 5518 5405 5245 5328 5233 5769 5537 5333 5625 5338 5145 5394 5557 5043 5429 5462 5482 5395 5971 5352 5477 5285 5659 5504 5778 5367 5468 5281 5095 5450 5656 5441 5312 5185 5620 5455 5001 5339 4947 5257 5662 5846 5221 5591 5240 5301 4998 5312 5483 5043 5526 4864 5164 5221 5066 5097 5511 5214 4714 5619 5484 5668 5139 5074 5571 5214 5191 5434 5461 5198 5314 5449 5681 5210 4485 5441 5476 5200 5160 5353 5357 5487 5072 5394 5651 5199 5514 5655 5953 5697 5180 5319 5860 5448 5584 5288 5361 5314 5858 5339 5079 5192 5301 5807 5440 5721 5251 5533 5280 5861 5243 5596 5325 4952 5861 5181 5354 5619 5753 5356 5324 5382 5511 5453 5282 5692 5364 5405 5311 5496 5440 5174 5411 5145 4997 5831 5914 5417 5867 5716 5416 4992 5383 4971 5627 5503 5340 5098 5507 5785 5777 5228 5460 5765 5667 5222 5018 5149 5258 5317 5296 
5300 5167 4573 5118 5359 4867 5332 4619 4459 5218 5062 4974 4999 5141 5208 4939 5007 4993 5177 4705 4833 4783 4721 5101 4796 5215 4978 4981 5162 5078 4855 4949 5084 4506 4962 5023 5283 5269 4796 4719 5275 5049 5008 5295 5118 5120 4932 4886 5219 4965 4932 5148 5086 4769 4855 4846 5031 5249 4891 5372 5530 4611 4674 5288 5190 4938 5305 4784 4959 5020 5473 5065 4965 4963 4826 4771 5019 4874 4999 5195 4929 4916 5052 4811 4625 4820 4780 5089 5110 5119 5427 4926 5191 5083 5035 5160 5142 4798 4741 5386 5358 4822 5130 5327 5148 4775 5258 5239 5048 5021 5065 4585 4840 5528 4918 5186 5106 4860 5066 5710 4982 5389 5074 4701 5271 5365 5237 4737 4740 4963 4821 5080 4950 4973 5220 5000 5400 4671 4953 4941 4576 4845 5112 5157 4533 5455 4850 4796 5041 4537 4661 5355 4921 4629 5091 5042 5318 5057 5054 4975 4680 4670 5045 4973 4876 4970 5281 5184 4918 4355 5134 5220 4827 5091 5128 5237 5108 4863 4950 5089 4788 5295 5530 5308 4938 5187 4879 5394 5283 5236 5181 5443 4717 5449 4913 4742 4721 5068 5485 5334 5291 5123 5050 4853 5316 4873 5283 5083 4591 5381 5138 5373 5013 4982 5043 5063 4673 5261 4940 5032 5265 5046 5283 5196 5172 4917 5164 5225 4584 4938 4889 5369 4933 5444 5576 5175 4809 4953 5092 5260 4874 4787 4991 4940 5238 5347 5234 4936 5233 5265 4928 4718 4646 4805 4858 4531 
5192 4980 4528 5066 5109 5046 4708 4706 4291 4834 4982 5251 4676 5230 4979 4803 4969 4655 5143 4912 4980 4642 5019 4876 5022 4971 5185 4821 5016 5015 4680 4827 4915 4546 4912 4667 5272 5258 4539 4750 4986 4816 4873 5330 4878 4891 5076 4535 5072 4649 4760 4861 4938 4627 4808 4760 5042 5109 5032 5400 5000 4449 4609 5208 5003 5008 4939 4835 4715 4992 5195 5004 4564 4745 4862 4752 4600 4535 4733 4974 4371 4979 5133 4884 4396 4895 4893 4751 5217 4905 5569 4661 5104 4990 4783 5080 4937 4688 4760 5062 5652 4518 5043 4963 4817 4587 4738 5478 4797 4854 4877 4697 4810 5405 4949 5008 4938 4964 5166 5205 4949 4957 4886 4568 5074 5434 4834 4762 4531 4933 4881 4664 4773 4735 4878 4988 5328 4422 4622 5075 4438 4834 5002 4982 4693 5268 4987 5008 4961 4299 4800 5238 4887 4607 4905 4987 5182 4823 4609 5261 5193 4648 5113 4950 4920 4824 5095 4987 4735 4232 4808 5136 4824 4798 5112 4924 5093 4628 4787 4916 4869 5047 5099 5435 4953 4906 5270 5152 4934 5019 4874 5265 4727 5329 4987 4767 4840 5151 5274 4835 5216 5054 5225 4765 5348 4573 5217 4879 4683 5073 4820 5327 5301 5026 4915 4594 4862 4983 5140 5007 4947 4777 5082 5023 5116 5033 4787 4936 4676 4726 4969 5411 4943 4962 5582 5145 4536 4905 4785 4912 4798 4814 4765 4713 5206 5276 4802 5044 5311 5157 4867 4765 5007 4778 4970 4785 
5362 5523 4719 5473 5776 5171 5513 4890 4548 5453 5405 5177 5112 5298 5181 5282 5260 4849 5269 5162 5395 4934 5425 5024 5223 5533 5125 5256 5654 5270 5093 5014 5164 5014 4899 5070 5302 5337 5169 5030 5363 5061 5537 5529 5182 5533 5337 5013 5467 5216 4890 5361 5049 5054 5224 4991 5256 5389 4966 5479 5574 4832 4611 5576 5419 5076 5367 5123 4920 5463 5402 5159 5153 5189 4989 5336 5385 5026 5317 5426 4982 5302 5156 4986 4766 5255 5419 5346 5496 5448 5723 5163 5169 5153 5019 5363 5097 5019 5160 5260 5635 5216 5084 5560 5437 5249 5247 5621 4944 5440 5326 5075 4837 5594 5562 5205 5117 5393 5275 5626 5227 5087 4974 4988 5391 5606 5029 5093 5216 5349 5292 5211 5091 4890 5027 5450 5384 4769 5367 5080 5110 5200 5212 5245 5063 5647 5142 4635 5284 4780 4886 5368 4982 4625 5140 5529 5711 5262 4918 5315 5116 4932 5379 5414 5165 5280 5453 5240 5156 4525 5296 5631 4916 5363 5518 5243 5104 5178 4851 5230 5128 5245 5117 5798 5218 5200 5362 5293 5525 5544 5323 5633 5395 5475 5081 4972 4865 5260 5595 5600 5387 5173 5379 5303 5650 5272 5402 5050 4954 5533 5371 5517 5268 5298 5274 5041 5107 5167 5568 5018 5468 5158 5378 5177 5451 5285 5225 4968 4926 5036 5471 5700 5158 5524 5774 5084 4926 4951 5171 5364 5396 5011 4877 5182 5479 5467 5369 5104 5483 5535 5024 5105 5256 5253 5137 5142 
5029 5381 4625 5146 5444 4857 4937 4949 4735 5040 5015 4949 5153 5039 5262 5372 4889 4899 5228 4888 5121 4675 4926 4918 5133 5109 5380 5061 5067 5194 4669 4792 4895 4774 4867 5002 5257 5270 4689 4828 5015 4765 5174 5339 4966 5196 5236 4967 5369 4912 4852 5101 4973 4928 4552 4779 4842 5268 4920 5255 5332 4784 4706 5163 5162 4942 5112 5076 4612 5111 5236 5052 4960 5044 4709 5209 5229 4672 5077 5310 4758 5291 4947 4802 4471 4923 5135 4767 5220 5183 5602 4670 5080 4733 5057 5384 4841 4804 4854 5105 5109 4864 5038 4964 5255 4769 5041 5401 4746 4911 5136 4922 4834 5398 5455 5169 4945 4985 5358 5435 5032 4971 4742 4667 5150 5159 4873 5169 4918 5078 5160 4808 4922 4945 4652 5207 5273 4629 4887 4778 5044 5047 5162 5031 4822 5556 4944 4660 5130 4667 4653 5146 5105 4727 5194 5184 5301 5206 4488 4951 5037 4832 5136 5090 4891 4887 4965 5075 5163 4063 5085 5064 4881 4916 4925 4918 4877 4754 4984 5063 5138 5446 5039 5595 5308 4834 5022 5383 4953 5467 5069 5367 4987 5371 4762 4766 4791 5194 5343 5327 5341 4999 5003 4900 5380 5044 5017 4932 4720 5219 5049 5114 5212 5112 5084 4939 4851 5086 5186 4879 5269 5108 5019 4821 5006 5105 4989 5178 4780 5042 5509 5458 4917 5427 5413 5063 4825 4831 4847 5268 5044 4839 4813 4968 5536 5534 4997 4800 5240 5359 4826 4655 4795 4906 5005 5073 
5277 5323 4733 5566 5607 5093 5449 4915 4577 5400 5221 5304 5342 5532 5358 5207 5190 5149 5509 5006 5390 5168 5463 5267 5371 5603 5387 5295 5184 5504 5099 4915 5311 4848 5093 5355 5270 5460 4877 5440 5377 5074 5480 5552 5218 5425 5315 4979 5289 5174 5081 5162 5074 4744 5163 5036 5550 5353 5391 5489 5429 5164 4863 5693 5365 5601 5268 5140 4951 5240 5315 5195 5161 5269 4701 5389 5416 4921 5075 5346 5144 5394 5406 5010 4686 5319 5609 5199 5418 5369 5849 4901 5426 5429 5282 5255 5275 4892 5482 5062 5529 5451 5516 5699 5485 5117 5447 5925 5137 5136 5429 5185 5256 5484 5114 5205 5114 5504 5350 5774 5522 5301 5181 5289 5272 5281 5441 5252 5113 5537 5097 5284 5035 5049 4970 5256 5807 4712 5381 5346 5193 5095 4942 5378 4801 5527 5193 4888 5453 4580 4870 5442 5033 4903 5544 5493 5594 5241 4895 5417 5354 5030 5329 5145 5130 5292 5422 5568 5428 4625 5033 5682 5256 5228 5452 5568 5525 5173 5273 5331 5096 5517 5356 5691 5306 5121 5271 5259 5262 5564 5422 5634 5445 5521 5329 5265 5008 5596 5845 5482 5605 5225 5608 5347 5773 5042 5338 5485 4988 5639 5130 5711 5456 5696 5413 5036 4991 5403 5482 5116 5503 5500 5534 5142 5551 5056 5351 5261 5064 4888 5633 5806 5091 5442 5859 5265 5013 5215 5234 5552 5164 4773 5102 5482 5553 5544 5264 5217 5717 5679 5195 5113 5059 5051 4926 5143 
5172 5022 4432 5358 5429 4893 5122 4923 4240 5084 5017 5012 5159 5142 5135 5138 4960 4674 5062 5021 5297 4984 5145 5121 5023 5211 5026 4798 5162 5132 4749 4644 5089 4315 4628 5006 5102 5149 4721 4698 5021 4783 5122 5209 5004 4980 5133 4576 5254 4986 4751 5169 5100 4441 5186 4813 5120 5248 4914 5153 5206 4773 4560 5152 5160 5082 5039 4859 4958 5063 5209 5130 4754 5067 4797 5076 5016 4980 4840 5094 4865 4856 5317 5002 4495 4961 4867 4910 5398 5142 5614 4700 4897 5139 4935 4910 5073 4792 4858 4992 5294 5125 5293 5402 5071 4829 5120 5516 4990 4868 5163 4638 5043 5263 4943 4818 4960 5065 5350 5254 4944 4930 4841 4802 5208 5097 4997 5079 4853 5210 4926 4896 4620 4667 4896 5083 5440 4586 4920 5201 4766 4833 5034 5034 4786 5269 4791 4702 4834 4288 4659 5159 5022 4769 4993 4977 5556 4964 4479 5207 4925 4785 4999 5173 5054 5103 5211 5216 5089 4334 4931 5104 5165 4986 5167 5216 5062 4949 4654 5088 4811 4725 5171 5198 4832 4845 5302 5129 5026 5199 5174 5211 4699 5015 5291 4795 4971 5269 5306 5189 5443 4969 5478 4957 5374 4703 5423 5253 4869 5159 4947 5308 5214 4936 5090 4769 5072 5030 5117 4829 5204 4990 4879 5041 5103 4968 4904 5124 4646 4424 5311 5615 5132 5306 5320 4954 4790 4976 4922 5298 4960 4964 4765 4788 5137 5174 5119 4960 5272 5299 4906 4867 4751 4754 4725 4984 
5324 5158 4709 5390 5487 5206 4955 4537 4586 5426 5419 4968 5227 5320 5032 5301 5383 4996 5103 4721 5051 4565 5096 5247 5165 5085 5125 4862 5253 4825 4804 4803 5256 4733 5072 5148 5382 5246 4959 4891 5174 4872 5304 5521 5025 5207 5150 4958 5214 4731 4871 5130 4999 4854 4806 5009 5138 5350 5048 5368 5414 4479 4431 5542 5194 5021 5126 4801 4774 5017 5589 5375 4947 5174 5047 4921 5135 4685 5094 5328 5020 4912 5029 5274 4756 5167 5035 5041 5234 5231 5623 4898 5233 4956 5170 5194 5070 4853 5171 4819 5336 5109 5188 5369 4913 4714 5116 5458 4947 4982 5165 4887 4945 5337 4987 5096 5177 5193 5285 5750 4930 5216 4923 4679 5208 5287 5246 4775 4909 5007 4897 4990 4811 4910 5016 5535 5348 4722 4841 5007 4557 4842 4992 5053 4935 5196 4840 4909 5072 4465 4767 5209 5036 4877 5287 5236 5131 5371 4713 5295 4781 4889 5225 5502 4932 4836 5207 5042 5014 4203 5218 5124 5058 5028 5148 5615 5263 4857 4956 5245 5064 5185 5392 5399 5095 5037 5181 5479 5023 5478 5405 5363 4578 5428 5094 4942 4938 5322 5673 5279 5208 5190 5160 4934 5524 5009 5381 5086 4499 5347 4787 5520 5085 5192 5282 5207 4842 5213 5118 5050 5215 4931 5204 5209 4993 5049 4939 5143 4524 4809 5478 5608 4860 5661 5567 5369 4777 4799 4885 5561 5113 4781 5030 5242 5390 5453 5071 5240 5194 5448 5276 4782 4729 4928 5090 4961 
5272 5336 4972 5372 5317 5125 5154 4873 4609 5264 5341 5136 5111 5202 5281 5294 5266 5169 5405 4974 5359 5073 5338 5158 5481 5175 5543 5103 5415 4888 5254 4971 5180 4854 4975 5272 5297 5603 4999 4862 5190 5023 5203 5363 5145 5251 5112 4851 5384 4826 4905 5126 5076 5135 4742 4980 5447 5235 4905 5330 5436 4622 4789 5405 5364 5115 5307 4787 5098 5024 5453 5441 5138 5166 5026 5129 5144 5089 5347 5458 4987 5482 5250 5024 4936 5352 5386 4965 5615 5295 5349 4946 5238 5103 5070 5264 5282 4894 5144 5020 5324 5325 5148 5467 5212 4825 5370 5564 5013 5136 5143 5213 4958 5538 5295 5127 5162 5194 5360 5690 5488 5249 5094 4932 5088 5507 5156 5115 4996 5156 4998 5101 5075 4831 5335 5376 5491 4615 5010 5030 4906 5202 5282 5380 4728 5407 5029 4941 5329 4678 4816 5322 5167 4936 5327 4973 5406 5175 4783 5416 5140 5093 5204 5449 5267 4965 5229 5248 5052 4473 5165 5256 5145 5471 5261 5156 5237 4900 4839 5216 5023 5237 5131 5279 5269 5186 5304 5627 5114 5529 5123 5617 5342 5802 5047 4892 4945 5345 5328 5312 5522 5266 5302 5009 5560 5003 5399 5383 5156 5577 4924 5443 5093 5451 5010 5007 5062 5315 5467 4913 5162 5324 5215 4705 5247 5282 5171 5214 4941 4717 5541 5459 4998 5719 5612 5219 4987 4675 5115 5314 5392 4735 5181 5190 5712 5649 5268 5197 5326 5644 5368 5040 4999 4901 5152 5168 
5656 5358 4465 5357 5554 4842 5353 4867 4585 5099 5212 5011 4996 4934 5037 5178 5132 5006 5335 4990 5267 4922 5043 5217 4983 5193 5244 5123 5356 5080 4977 5021 5211 4512 5171 4979 5363 5204 4735 4855 5115 4957 5043 5221 5114 5141 5109 5016 5135 4866 4959 5062 4966 4965 5070 4811 5154 5309 5013 5555 5351 4866 4570 5417 5451 5115 5470 4993 4798 4984 5566 5280 5130 5226 4839 4650 5225 5137 5363 5390 5290 4929 5119 5081 4701 5287 5203 5217 5357 5368 5734 5075 5322 4974 5095 5249 5060 4849 4995 5148 5529 5165 4882 5236 5203 4836 4920 5721 4976 4918 5105 5028 5002 5640 5155 5105 5067 5168 4974 5414 5332 5306 5109 4804 5421 5314 5263 5078 4981 5310 5125 4982 5070 4761 5328 5050 5534 4884 5217 4912 4957 4929 4940 5328 4802 5525 4865 4656 4957 4616 4933 5457 4891 4400 5062 5214 5268 5025 4718 5037 5168 4779 5357 5125 4992 4844 5183 5163 4962 4454 5046 5306 4872 5174 5182 5020 5280 5026 4920 5195 4752 5006 5358 5474 5178 4972 5059 5340 5416 5493 5189 5309 5020 5470 5001 4660 4725 5228 5550 5187 5505 5046 5367 5352 5380 4918 5385 5012 4560 5114 5003 5163 5091 5079 5282 5037 4821 5197 5629 4974 5212 5091 5244 5347 5203 5116 5186 4938 4825 4621 5505 5656 5009 5476 5774 5135 4907 4863 5049 5556 4868 4611 4839 5099 5396 5404 5370 5052 5326 5373 5076 4992 5119 4873 5279 4739 
5595 5693 5036 5878 5780 5515 5418 5127 4889 5475 5630 5265 5394 5712 5293 5905 5541 5365 5460 5362 5494 5151 5494 5542 5565 5400 5618 5081 5577 5329 5172 4951 5804 5093 5132 5521 5651 5685 5269 5489 5819 5289 5608 5741 5239 5616 5416 5320 5734 4880 5325 5409 5431 5259 5376 5209 5602 5649 5412 5816 5649 5107 5008 5659 5644 5414 5736 5279 5544 5405 5503 5459 5376 5590 5059 5557 5483 5085 5496 5553 5257 5514 5452 5337 4986 5371 5504 5482 5744 5322 6131 5253 5601 5376 5360 5635 5230 5174 5154 5221 5672 5582 5446 5642 5594 5216 5420 5738 5400 5541 5526 5391 5239 5947 5308 5431 5426 5709 5612 5987 5227 5540 5267 4816 5741 5584 5403 5340 5427 5456 5386 5434 5303 4985 5346 5620 5468 4991 5482 5550 5184 5235 5393 5777 4806 5832 5118 5132 5374 4708 5240 5588 5330 4919 5570 5404 5716 5392 5017 5775 5205 5070 5434 5688 5322 5552 5395 5665 5487 4847 5462 5645 5394 5668 5576 5538 5565 5348 5253 5665 5201 5523 5551 6237 5289 5278 5469 5934 5345 5492 5639 5653 5166 5742 5430 5292 5034 5769 5965 5790 5529 5521 5642 5248 5750 5245 5643 5361 5145 5707 5393 5863 5585 5756 5382 5365 5573 5789 5521 5180 5408 5283 5453 5404 5637 5641 5444 5550 5001 5035 5977 5736 5298 5705 5730 5531 4937 5211 5532 5887 5454 5101 5305 5187 5991 5688 5552 5516 5650 5714 5534 5432 5205 5141 5492 5025 
4995 5225 4571 5511 5370 4797 5136 5080 4537 5260 5534 5167 5300 5471 5198 5190 5183 5122 5329 5205 5590 4961 5218 5323 5032 5376 5345 5039 5261 5426 5045 5131 5142 4961 5060 5368 5439 5420 5213 4855 5370 4911 5413 5515 5329 5483 5096 4910 5281 5086 4819 5059 5205 5095 4857 5021 5289 5273 5146 5233 5775 4691 4960 5342 5265 5241 5170 5012 5112 5191 5494 5081 4939 5159 4877 5013 5294 4930 4898 5432 5137 5590 5197 4800 4683 5130 5333 5193 5553 5189 5573 4975 5238 5310 5015 5286 5214 4981 5156 5089 5582 5355 5025 5268 5130 4972 5290 5491 5077 4986 5447 5187 5086 5588 5250 5195 5157 5348 5305 5437 5343 5390 5285 5072 5450 5440 5353 5208 5074 5100 5090 5176 5183 4951 5218 5381 5692 5002 5319 5226 5073 5077 5278 5324 4671 5461 5034 4976 5163 4500 4768 5385 5016 4880 5505 5337 5354 5094 4953 5183 4898 5062 5312 5114 5013 5189 5453 5164 4932 4362 4999 5116 5147 5064 5103 5304 5606 4954 4965 5365 5000 5403 5173 5498 5223 5334 5377 5631 5288 5212 5208 5670 4993 5391 5232 4986 5058 5445 5565 5468 5697 5434 5476 5086 5868 4889 5143 5301 4814 5502 4990 5369 5349 5353 5227 5155 4960 5300 5544 5300 5295 5408 5246 5370 5269 5317 5101 5420 4740 4816 5522 5616 5094 5661 5765 5135 4912 5095 5007 5317 4930 4865 5138 5235 5608 5602 5179 5241 5280 5601 5210 5323 4867 4947 5068 5264 
5038 5393 4535 5630 5826 5124 5353 4868 4590 5299 5084 5367 5209 5112 5234 5296 5129 4921 5261 5014 5230 4925 5223 5002 5397 5246 5356 5093 5369 5337 5091 5044 5032 4871 4932 5254 5491 5369 4652 5132 5290 5066 5426 5180 5160 5198 5271 5236 5390 5174 4979 5164 5108 4956 5061 5155 5308 5199 5077 5667 5558 4876 4717 5632 5550 5294 5407 5058 5070 5313 5191 5420 4936 5090 4950 5077 5309 5020 5252 5362 5027 5322 5199 4959 5000 4832 5331 5039 5410 5131 5513 4957 5228 5310 4935 5317 5091 5006 5278 4840 5475 5436 5301 5341 5086 5115 5469 5560 5126 5011 5481 4893 4959 5456 5399 5065 5203 5072 5588 5464 5191 5494 4934 4914 5224 5466 5313 5015 5192 5495 5327 4972 4907 5095 5025 5441 5523 4797 5082 5129 5163 4806 5215 5449 4945 5380 4936 4951 5243 4638 4941 5330 4966 4748 5182 5546 5540 5210 4988 5484 5267 5015 5213 4937 5146 5027 5527 5161 5130 4426 5214 5424 5228 5390 5405 5557 5383 4744 5011 5212 5128 5376 5510 5386 5148 5032 5360 5444 5299 5436 5335 5522 5010 5637 5062 4856 4998 5264 5432 5363 5645 5540 5542 5106 5484 5138 5486 5393 4595 5209 5189 5256 5200 5062 5344 5140 5108 5426 5468 5149 5453 5307 5248 5229 5159 5368 5152 5265 4591 4933 5303 5912 5296 5592 5833 5458 5064 4972 4990 5486 5315 5039 5186 5001 5536 5669 5271 5116 5454 5368 4953 4972 5108 5004 4692 5109 
5418 5547 4909 5566 5609 5236 5296 5452 4815 5410 5289 5262 5512 5523 5396 5350 5210 5135 5331 5198 5316 4951 5418 5380 5431 5184 5073 5286 5800 5083 5170 5095 5360 4918 5180 5155 5412 5366 5057 5029 5530 5033 5663 5411 5440 5291 5421 5133 5273 5074 5078 5260 5213 4994 5280 5202 5326 5573 5320 5659 5394 4951 4745 5559 5580 5093 5616 5208 5321 5399 5446 5383 5366 5410 4877 5339 5318 4881 5074 5648 5156 5679 5375 5203 4740 5215 5313 5175 5409 5002 5851 5190 5428 5023 5084 5321 4976 5274 5057 5269 5333 5235 5380 5415 5555 4913 5433 5785 5247 5314 5485 5173 5124 5669 5298 5413 5375 5579 5250 5496 5291 5395 5129 5083 5601 5367 5521 5318 4965 5283 5282 5159 5207 5144 5139 5342 5591 4962 5406 5274 4963 5220 5550 5301 4915 5777 4849 5146 5323 4884 4914 5326 5163 4919 5139 5557 5568 5328 4806 5349 5235 4896 5405 5404 5213 5290 5087 5520 5125 4477 5247 5363 5320 5415 5497 5423 5311 5209 5158 5492 5194 5449 5455 5846 5354 5170 5146 5619 5528 5891 5571 5525 5192 5513 5323 5220 4983 5322 5650 5485 5617 5231 5405 5183 5368 5360 5810 5287 5098 5691 5452 5488 5351 5271 5210 5298 5264 5416 5407 5255 5585 5199 5479 5198 5323 5144 5143 5461 4927 4818 5336 5669 5048 5573 5746 5370 5044 5179 5231 5664 5301 5099 5223 5243 5901 5767 5592 5344 5689 5567 5318 4954 4982 5328 5184 5036 
5667 5768 4971 5678 5496 5037 5396 5020 4735 5424 5499 5499 5233 5397 5341 5384 5370 5111 5666 5279 5649 5191 5472 5632 5339 5514 5427 5275 5763 5262 5153 5300 5465 5199 5035 5362 5460 5624 5031 5034 5576 4783 5376 5647 5522 5425 5506 5170 5574 5086 5075 5476 5230 5049 5124 5253 5364 5625 5210 5477 5734 4892 4937 5510 5679 5173 5385 5164 5274 5415 5297 5466 5158 5367 4915 5518 5343 5148 5326 5655 5169 5506 5570 5215 4957 5278 5334 5326 5822 5337 5696 5366 5433 5319 5223 5458 5121 4918 5221 5217 5536 5317 5289 5296 5529 5011 5373 5635 5189 5328 5451 5532 5230 5827 5481 4914 5238 5427 5410 5777 5322 5479 5211 5164 5452 5564 5606 5308 5321 5570 5380 5163 5330 5056 5392 5547 5675 4955 5366 5346 5012 5185 5295 5291 5031 5407 5153 4954 5355 4863 5021 5514 5376 4587 5378 5483 5734 5314 5055 5510 5384 4923 5356 5282 5257 5312 5436 5520 5253 4668 5272 5632 4855 5213 5204 5572 5606 5244 5203 5600 5309 5534 5387 5945 5348 5263 5448 5342 5490 5642 5188 5513 5279 5686 5261 5264 4868 5466 5753 5408 5460 5570 5498 5504 5663 5175 5571 5403 4990 5430 5132 5551 5506 5390 5277 5219 5073 5482 5683 5253 5624 5202 5286 5010 5438 5370 5456 5437 5010 4895 5749 5632 5280 5805 6041 5348 5104 5089 5169 5599 5310 4956 5277 5307 5934 5604 5264 5296 5423 5546 5359 5101 5214 5144 5434 5096 
5356 5302 4686 5390 5249 5224 5210 4789 4576 5417 5339 5263 5144 5597 5340 5528 5371 5167 5223 4994 5558 5196 5218 5486 5327 5543 5711 5096 5451 5226 5137 5067 5267 4952 4993 5055 5472 5634 5103 4910 5283 5209 5453 5251 5206 5359 5255 4821 5314 5122 4858 5408 5216 5146 5010 5108 5219 5537 5023 5390 5385 4959 4828 5667 5456 5273 5390 5102 5013 5450 5143 5369 5361 5306 4967 5109 5377 5189 5309 5657 5212 5325 5383 5178 4621 5507 5343 5480 5877 5311 5767 4898 5345 5278 5307 5146 4845 5097 5318 5259 5901 5378 5552 5619 5190 4807 5208 5830 5227 5223 5603 4961 5154 5530 5243 4956 5171 5618 5396 5551 5261 5298 5145 4933 5554 5396 5263 5322 5465 5412 5193 5163 4893 5009 5325 5539 5786 4915 5419 5240 5118 5300 5079 5381 4876 5584 5149 4809 5259 4666 4776 5475 5157 4611 5422 5290 5451 5419 4749 5348 5188 5002 5530 5506 5278 5301 5456 5241 5287 4650 5185 5491 5142 5438 5455 5639 5284 5064 5077 5293 5078 5477 5363 5705 5142 5112 5660 5344 5520 5524 5346 5667 5173 5631 5216 4753 4955 5489 5640 5743 5433 5554 5768 5252 5521 5004 5437 5481 4934 5428 5133 5436 5429 5152 5053 5005 5043 5178 5602 4932 5292 5403 5488 5064 5543 5499 5216 5329 4939 4886 5716 5589 5375 5595 5610 5447 4944 5089 5240 5647 5156 5128 5168 5140 5673 5584 5186 5294 5464 5424 5241 5151 5145 4813 5266 5152 
4943 5118 4550 5069 4920 4669 4880 4393 4342 4868 4747 4843 4799 5004 4901 5236 4616 4423 5024 4663 5096 4369 5125 4959 5034 4907 5079 4687 5117 5074 4585 4643 4889 4354 4839 4917 5120 4930 4621 4755 4779 4575 4867 4976 4718 4987 5060 4830 5021 4653 4860 4688 4766 4442 4557 4553 4976 4913 4903 4934 5147 4500 4345 5027 4872 4915 5179 4540 4822 4539 5090 4674 4665 4818 4564 4825 4968 4849 4920 5056 4523 4959 4824 4600 4545 4606 5059 4490 5160 4765 5304 4640 4746 4643 4774 5093 4758 4617 4822 4699 5211 4824 4926 5113 5163 4657 4889 5026 4719 4631 5084 4780 4482 4967 5116 4927 4648 5021 4956 5145 4816 5028 4709 4613 4771 4995 4822 4640 4627 4989 4730 4530 4713 4599 4787 5011 5040 4690 4892 4777 4811 4903 4799 5030 4502 5189 4925 4427 4874 4359 4367 5005 4869 4487 5036 4758 4949 4665 4649 5059 4981 4743 4748 4799 4654 4727 4827 5098 4895 3957 4667 5043 4573 4828 4887 4669 4767 4751 4737 4927 4594 5115 4881 5068 4821 5093 4641 5116 4677 4900 5135 5288 4736 4653 4725 4598 4194 4856 5184 4974 5201 4753 5030 4788 5341 4611 5090 4760 4354 5075 4940 4859 4844 4809 4525 4771 4676 4883 4986 4533 4789 4799 4809 4793 5081 4868 4975 4837 4629 4532 5054 5104 4862 5346 5231 4876 4489 4747 4969 5168 4690 4627 4488 4845 5002 5137 4651 4829 5059 5306 4569 4799 4698 4727 5018 4455 
5332 5600 4740 5380 5758 5177 5603 5025 4705 5416 5224 5412 5307 5506 5196 5407 5147 5026 5615 5052 5462 5253 5495 5126 5235 5208 5406 5200 5146 5225 5232 4875 5257 4789 5060 5145 5542 5396 5145 5165 5282 5208 5496 5505 5352 5425 5302 5387 5655 5127 4892 5261 5043 5079 4790 4836 5200 5367 5155 5465 5408 5184 4592 5566 5550 5183 5552 5232 5139 5437 5492 5333 5183 5380 4710 5246 5216 4982 5203 5531 4941 5292 5136 5347 4768 5345 5351 4904 5500 5253 5875 4784 5255 5188 5084 5370 5048 4955 5242 5311 5531 5279 5097 5272 4989 4978 5664 5847 5146 5176 5113 5476 5001 5660 5284 5385 5338 5556 5211 5584 5321 5586 5100 4947 5267 5533 5332 5282 4910 5268 5022 5059 5173 5219 5272 5269 5569 4760 5135 5391 5088 4962 5306 5354 4843 5459 5243 4862 5251 4900 4767 5314 5208 4919 5143 5297 5440 5452 4854 5307 5275 5170 5523 5296 5096 5044 5325 5202 5271 4404 5154 5475 5158 5336 5406 5412 5360 4917 4964 5396 5045 5606 5339 5594 5259 5275 5270 5665 5278 5447 5432 5602 5230 5532 5054 4885 5031 5283 5359 5311 5409 5421 5512 5587 5492 5209 5373 5330 4874 5347 5280 5471 5425 5391 5381 5220 5236 5290 5334 5078 5254 5491 5349 5092 5309 5418 5181 5193 4977 5054 5385 5867 5237 5572 5599 5228 5094 4947 5126 5491 5158 4799 5385 5182 5693 5757 5249 5191 5529 5554 5020 5095 4964 5064 5250 5089 
4640 4892 4439 4781 5016 4550 4531 4355 4089 4717 4917 4556 4598 4910 4514 4722 4523 4492 4908 4522 4745 4572 4805 4287 4538 4679 4816 4236 4614 4530 4501 4415 4489 4470 4237 4593 4660 4786 4195 4490 4645 4562 4776 4678 4357 4433 4575 4488 4556 4461 4420 4651 4551 4363 4356 4295 4795 4750 4753 4735 5027 4249 4310 4787 4655 4731 4793 4519 4558 4518 4767 4661 4408 4529 4597 4569 4708 4433 4393 4616 4198 4623 4668 4533 4341 4653 4718 4291 4910 4617 4712 4453 4585 4697 4323 4788 4583 4257 4434 4456 4649 4545 4630 4960 4707 4426 4881 4742 4544 4527 4787 4564 4326 4881 4716 4700 4635 4593 4757 5269 4568 4824 4256 4355 4531 4691 4479 4409 4603 5016 4629 4282 4530 4492 4506 4724 4717 3913 4433 4460 4440 4288 4544 4569 4541 4839 4483 4505 4642 4099 4398 4762 4532 4248 4593 4816 4901 4577 4250 4596 4468 4603 4796 4607 4564 4489 4687 4596 4546 4029 4517 4713 4511 4653 4714 4679 4596 4343 4478 4441 4447 4535 4612 4800 4375 4398 4996 4721 4592 4744 4578 4650 4517 4587 4691 4356 4325 4884 4829 4842 4988 4550 4706 4546 5056 4248 4750 4694 4202 4670 4238 4820 4654 4882 4918 4639 4554 4619 4814 4467 4589 4656 4456 4640 4818 4766 4410 4708 4366 4294 4659 4875 4701 4882 5002 4638 4484 4352 4562 4756 4471 4305 4776 4422 4827 5073 4511 4646 4864 4915 4356 4258 4471 4469 4162 4556 
5729 5743 5189 5656 5961 5358 5432 5333 4883 5607 5743 5544 5270 5416 5617 5613 5323 5325 5671 5256 5789 5334 5470 5660 5409 5671 5593 5419 5909 5719 5111 5250 5530 4993 5358 5475 5505 5649 5123 5152 5708 5331 5647 5848 5419 5785 5389 5365 5666 5227 5364 5520 5442 5240 5426 5305 5581 5739 5329 5984 6081 5145 4928 5598 5714 5476 5597 5479 5215 5385 5788 5460 5163 5465 5208 5265 5844 5087 5468 5854 5519 5513 5353 5282 4862 5444 5449 5662 5702 5428 6033 5275 5397 5361 5395 5484 5288 5282 5094 5536 5826 5579 5502 5675 5780 5114 5463 6059 5308 5320 5933 5315 5635 6042 5486 5435 5490 5554 5448 5577 5384 5339 5319 5182 5678 5692 5420 5277 5261 5377 5297 5211 5472 5253 5172 5758 5897 5191 5590 5544 5434 5600 5410 5614 5480 5885 5386 5184 5560 4729 5312 5808 5360 4891 5553 5872 5739 5600 4989 5627 5437 5182 5557 5427 5347 5674 5640 5679 5194 4556 5308 5762 5507 5442 5691 5883 5499 5283 5476 5518 5357 5453 5503 6115 5561 5412 5526 5633 5692 5724 5486 5679 5610 5792 5632 5180 5437 5774 5802 5753 5716 5662 5839 5580 5733 5267 5871 5402 4940 5444 5313 5653 5671 5479 5575 5419 5302 5654 6030 5455 5702 5730 5325 5530 5649 5693 5485 5651 5159 5239 5987 6215 5557 5936 6215 5676 5277 5394 5458 5864 5562 5152 5234 5648 6085 5554 5613 5588 5713 5726 5147 5241 5224 5312 5382 5324 
4904 4586 4478 4904 5215 4577 4948 4669 4174 4545 4846 4534 4846 4992 4776 4981 4627 4528 4893 4368 4968 4170 4700 4899 5143 4941 4613 4647 4886 4784 4467 4684 5008 4419 4341 4932 4981 4871 4465 4661 5159 4674 4608 4804 4932 4596 4790 4812 5071 4615 4637 4961 4729 4479 4651 4599 4930 4811 4623 4981 5112 4290 4460 5003 4823 4768 5111 4492 4544 4836 4862 4569 4636 4783 4464 4923 4943 4310 4649 4736 4799 4918 4717 4727 4102 4810 4830 4652 5076 4905 5067 4706 4678 4932 4603 4846 4652 4383 4464 4678 5041 4685 5014 4873 4896 4447 5016 4982 4740 4692 4904 4880 4692 5108 4798 4966 4795 4954 4850 5272 4533 4989 4646 4282 4960 5057 4619 4647 4387 4589 4436 4741 4669 4408 4521 4814 5211 4397 4785 4773 4563 4581 4551 4971 4537 5133 4542 4437 4782 4134 4408 4893 4698 4237 4799 4820 5073 4917 4413 4821 4391 4506 4902 4842 4557 4854 4985 4851 4712 3901 4824 4750 4596 4641 5070 4907 4693 4608 4698 4811 4687 4717 4717 5160 4687 4561 4743 4743 4778 4960 4882 4943 4687 4870 4564 4686 4605 4850 5171 5009 5007 4941 5021 4858 5006 4602 4991 5006 4301 5075 4717 4949 5052 4862 4763 4667 4530 4900 4712 4732 4821 4865 4730 4820 5066 4632 4788 4776 4520 4753 4943 5081 4468 5153 5218 4771 4371 4543 4930 5082 4747 4657 4839 4724 4956 5023 4909 4731 4903 5036 4746 4577 4505 4714 4556 4566 
5629 5478 4861 5415 5659 5108 5494 4936 4689 5571 5177 5275 5219 5485 5378 5499 5157 5153 5336 5247 5533 4877 5415 5342 5158 5316 5421 5315 5634 5367 5107 4870 5139 4857 5268 5203 5349 5576 5051 5282 5502 5063 5451 5489 5285 5447 5406 5103 5454 5313 5061 5231 5258 4916 4870 5050 5384 5598 5111 5337 5590 4983 4934 5324 5344 5262 5523 5240 5516 5433 5462 5160 4798 5159 4861 5329 5425 5079 5096 5655 5043 5315 5448 5234 5115 5068 5366 5255 5552 5348 5788 5149 5161 5087 5034 5308 5017 5108 4998 5231 5597 5316 5158 5336 5321 5035 5434 5503 4962 5467 5503 5372 5155 5710 5153 5304 5331 5515 5301 5715 5104 5562 5060 4860 5402 5603 5538 5203 5205 5520 5179 5119 5369 5135 5433 5540 5638 4917 5419 5304 4856 5416 5396 5267 4974 5261 5264 5120 5491 4907 4814 5296 5297 4683 5353 5359 5528 5244 4856 5361 5378 5193 5336 5381 5252 5326 5214 5447 5233 4680 5369 5442 5173 5398 5322 5362 5177 4946 5042 5133 5198 5523 5336 5706 5289 5392 5218 5488 5495 5366 5294 5566 5273 5315 5263 5181 4903 5612 5766 5497 5581 5496 5650 5002 5690 5257 5434 5388 4595 5563 5133 5368 5486 5318 5246 5059 4935 5300 5573 5193 5210 5241 5440 5333 5406 5481 5444 5336 4885 4999 5472 5606 5364 5478 5688 5507 4874 5046 4990 5543 4851 4920 5156 5225 5733 5633 5182 5323 5443 5196 5096 5239 5206 5124 5182 5037 
5609 5407 4950 5493 5688 5248 5399 5004 4790 5373 5240 5359 5488 5369 5356 5374 5479 5025 5488 5118 5307 5169 5463 5238 5425 5503 5380 5202 5422 5194 5163 5349 5325 5213 5151 5088 5325 5350 5057 5164 5482 5287 5650 5597 5438 5301 5155 5162 5564 5033 4850 5513 5480 5195 5134 5219 5252 5544 5228 5590 5396 4790 5050 5709 5450 5140 5452 4788 5333 5306 5494 5294 5457 5242 5222 5265 5191 5147 5222 5372 5364 5347 5511 5412 4773 5421 5279 5173 5649 5415 5690 5331 5675 5272 4985 5153 5150 4897 5270 4922 5618 5398 5462 5494 5269 5034 5247 5761 5295 5304 5219 5051 4997 5798 5248 5332 5433 5472 5644 5755 5240 5685 5038 4819 5274 5648 5298 5114 5143 5662 5233 5220 5196 5130 5251 5326 5481 4724 5160 5244 5178 5141 5292 5437 4918 5458 5213 4838 5442 4638 5108 5576 5198 4780 5373 5482 5751 5426 4945 5352 5198 5222 5450 5391 5129 5027 5449 5136 5294 4588 5291 5649 5334 5364 5461 5493 5426 5213 5159 5302 5465 5356 5615 5589 5243 5199 5395 5396 5675 5678 5520 5552 5127 5319 5034 5254 5261 5543 5655 5572 5572 5497 5409 5415 5360 5308 5580 5472 4926 5429 4922 5567 5306 5316 5342 5243 4961 5274 5324 5416 5249 5118 5639 5414 5366 5262 5190 5483 5031 4985 5764 5974 5153 5739 5755 5297 5040 5086 5246 5473 5280 4885 5113 5369 5585 5484 5601 5423 5434 5722 5029 5164 5079 5038 5245 4999 
5548 5885 5014 5665 5920 5279 5651 5412 4958 5488 5583 5446 5336 5407 5604 5874 5445 5401 5699 5375 5595 5186 5419 5395 5587 5966 5649 5670 5503 5667 5386 5114 5707 5125 5605 5307 5832 5727 5294 5354 5600 5472 5699 5817 5493 5625 5408 5444 5895 5375 5100 5554 5382 5254 5548 5321 5371 5818 5507 5499 5705 5213 5086 5721 5947 5404 5665 5311 5368 5656 5621 5668 5530 5445 5317 5692 5744 5242 5811 5716 5417 5591 5665 5495 5138 5648 5542 5243 5819 5665 6149 5083 5534 5571 5411 5640 5564 5320 5399 5492 5679 5493 5537 5700 5485 5212 5832 5870 5355 5270 5708 5700 5775 6125 5616 5451 5704 5605 5549 6014 5508 5800 5115 5258 5813 5793 5154 5431 5277 5574 5312 5179 5589 5452 5306 5705 5753 4963 5623 5690 5528 5504 5579 5745 4968 5849 5440 5153 5606 5217 5152 5767 5354 5092 5528 5794 5728 5788 5193 5936 5535 5583 5748 5507 5422 5615 5725 5601 5408 4739 5694 6049 5293 5735 5508 5574 5546 5258 5400 5498 5646 5685 5557 6028 5675 5281 5476 5878 5671 6155 5359 5707 5564 5802 5423 5136 5218 5556 5907 6017 5695 5711 5647 5542 5869 5550 5800 5534 5263 5832 5409 5435 5873 5704 5541 5396 5186 5479 5701 5699 5696 5551 5582 5285 5551 5310 5457 5636 5247 5199 5947 5976 5369 5769 5928 5601 5269 5506 5301 5849 5540 5184 5738 5194 5840 5999 5660 5628 5857 5571 5391 5259 5342 5457 5407 5216 
5199 5520 4929 5192 5629 5204 5246 5077 4504 5206 5197 5015 4921 5291 4899 5462 5204 5035 5595 5327 5544 4714 5052 5214 5245 5256 5191 5201 5281 5135 5283 5037 5151 4652 4987 5380 5144 5149 5034 5056 5118 4995 5309 5635 5059 5271 5158 4823 5450 5237 4834 5184 4968 5000 5020 4841 5313 5102 5094 5176 5441 4802 4749 5363 5375 4965 5421 4901 4993 5131 5323 5358 4977 5222 4937 4900 5067 4891 5077 5331 5130 5314 5430 5104 4700 5091 4985 5011 5432 5002 5605 5083 5582 5152 4921 5147 5198 4798 5124 5173 5394 5305 5332 5372 5216 4887 5014 5410 4942 5309 5227 5311 5186 5539 5313 5086 5118 5280 5242 5408 5263 5361 5435 4780 5326 5326 5067 4813 5053 5345 5147 5024 4922 4923 5358 5293 5658 4795 5167 5347 4834 5044 5213 5086 4679 5439 5190 4804 5238 4605 4905 5377 4935 4704 5437 5146 5612 4964 5105 5287 5195 4806 5117 5247 5199 5206 5239 5209 5173 4210 5230 5434 5131 5077 4917 5230 5262 5053 5081 5379 5099 5535 5289 5625 5304 5213 4834 5475 5475 5527 5062 5509 5046 5511 4906 4999 4860 5214 5425 5302 5403 5079 5350 5351 5330 5096 5422 5142 4831 5500 5209 5526 5430 5062 5263 5154 5043 4983 5515 5194 5461 5216 5109 5026 5465 5024 5305 5239 4685 4852 5468 5552 5571 5518 5586 5187 4961 4880 5034 5402 4999 4887 5047 5123 5661 5517 5120 5292 5378 5331 4950 4872 4961 4888 5259 4991 
5268 5148 4662 5405 5508 4997 5172 4917 4545 5157 5082 5131 5065 5427 5109 5280 5273 4947 5337 5052 5375 5108 5224 4973 5292 5339 5354 5041 5536 5200 5081 4891 4949 4915 4920 5113 5207 5236 5077 5166 5254 4765 5330 5370 5126 5182 5107 4945 5198 4876 4709 5252 4897 4974 4827 5002 4950 5081 5237 5353 5463 4637 4616 5324 5219 5000 5432 4802 4839 5212 5426 5156 5072 5289 4830 5163 5370 4981 5055 5338 5132 5235 5077 4950 4599 4751 5077 4923 5307 5074 5660 4990 5175 5165 5001 5215 5112 4593 5037 4937 5461 5083 5134 5512 4994 4668 5208 5431 5014 5051 5090 4783 5204 5326 5208 4961 5142 5079 5138 5419 5288 5176 4728 4764 5154 5485 4925 5124 4904 5055 5207 4795 4935 5026 4935 5062 5277 4533 5143 4952 4897 5171 5017 5376 4999 5512 4946 4918 5193 4757 4856 5510 5187 4655 5317 5064 5310 5225 4638 5215 5200 5112 5326 5358 5049 5082 5172 5351 5082 4208 5074 5374 4828 5174 5152 5068 5163 5125 5014 4925 5280 5290 5317 5597 5163 4845 5360 5341 4967 5415 5237 5420 4754 5385 5056 4921 5040 5104 5420 5146 5178 4922 5435 5310 5393 5136 5334 5263 4656 5493 4973 5254 5341 5237 5007 5014 4907 5099 5290 5097 5139 4909 5241 5172 5262 4985 5089 5165 4880 4779 5400 5582 5000 5461 5385 5188 4817 5037 5008 5262 5139 4720 5034 5364 5466 5441 5131 5164 5173 5248 4724 4886 4908 4672 5263 4898 
5211 5573 4733 5517 5662 5038 5240 4962 4464 5426 5538 5186 5492 5203 5372 5446 5170 5030 5547 5041 5613 5063 5319 5335 5388 5658 5292 5116 5267 5319 5133 4942 5341 5002 5032 5491 5500 5282 5223 5136 5340 5312 5493 5419 5169 5372 5696 5306 5591 5159 4940 5322 5213 5151 5265 5215 5164 5445 5025 5360 5433 5071 4953 5596 5720 5338 5317 5169 5225 5173 5277 5423 4914 5057 4772 5274 5208 5032 5085 5696 5223 5311 5391 5024 4617 5247 5369 5127 5672 5571 5637 4684 5313 5128 4871 5390 5090 4895 4910 5288 5687 5448 5366 5370 5208 5122 5348 5873 5420 5331 5132 5072 5425 5546 5361 5323 5293 5278 5511 5686 5382 5359 5362 5298 5319 5515 5440 5541 5069 5402 5306 5159 5172 4877 5089 5522 5496 4507 5244 5280 5125 5114 5206 5388 5050 5561 5064 4933 5552 4448 4564 5526 5260 5158 5455 5443 5783 5213 5114 5572 5002 5037 5263 5034 5151 5328 5533 5129 5464 4393 5383 5323 5095 5293 5329 5506 5345 5046 4888 5630 5205 5403 5175 5597 5427 5258 5288 5365 5229 5499 5202 5525 5391 5456 5193 5001 4824 5406 5410 5632 5693 5298 5433 5171 5518 4954 5424 5424 5184 5481 5476 5699 5392 5574 5104 4888 5124 5418 5336 4889 5443 5492 5308 5192 5255 5382 5101 5392 4984 5041 5470 5673 5512 5600 5631 5249 4919 5140 5027 5530 5303 4814 5212 5201 5371 5304 5410 5324 5526 5589 5393 5060 4891 5182 4941 5339 
5459 5344 4684 5359 5726 4987 5327 4957 4652 5245 5290 5062 4987 5434 5022 5197 4983 4866 5307 5071 5459 4789 5342 5069 5411 5340 5129 5094 5411 5089 4877 4929 5222 4957 4858 5057 5622 5369 4911 5163 5433 4977 5371 5637 5113 5116 5151 4858 5261 5104 4808 5258 5235 5003 4929 5065 5323 5274 5081 5342 5724 4817 4555 5176 5459 5145 5421 4847 5142 5186 5396 5239 5098 5101 5051 4953 5056 5028 5130 5334 4994 5390 5043 4909 4786 5338 5121 5093 5451 5237 5607 4828 5546 5111 5185 5363 5298 4753 4936 5079 5357 5159 4993 5202 5265 4726 5176 5680 5034 4946 5298 5008 4857 5688 5152 5088 5082 5308 5431 5739 5221 5206 5046 4859 5302 5367 5208 5030 4791 5180 4980 5048 5170 4844 5269 5250 5639 4532 5120 5322 4890 5159 5049 5033 4600 5330 5087 4959 5378 4535 4838 5239 5239 4687 5227 5364 5469 5203 5055 5114 5273 4812 5358 5120 5180 5377 5434 5174 4993 4271 5026 5248 5028 5081 5192 5256 5380 5020 4931 5071 5161 5289 5431 5454 5182 5181 5185 5298 5293 5402 5202 5578 5145 5434 4925 4990 4909 5548 5644 5643 5561 5281 5376 5120 5463 4987 5400 5352 4952 5334 5187 5339 5546 5124 5202 5032 5120 5471 5379 4969 5222 5142 5222 5028 5425 5160 5164 5404 4992 4590 5491 5498 5140 5567 5882 5267 4938 5077 5250 5276 4971 4740 5095 5082 5488 5531 5425 5096 5482 5550 5028 4987 5157 5144 4829 5149 
5271 5362 4722 5628 5428 5103 5280 4734 4550 5353 5306 5190 5211 5377 5414 5430 5480 5247 5329 5162 5507 4978 5144 4935 5185 5457 5461 5144 5540 5242 5070 4769 5297 4801 5096 5116 5460 5241 4945 4983 5203 5155 5252 5411 5029 5203 5263 4986 5274 5070 5019 5186 4970 4837 5262 5165 5284 5585 5153 5298 5523 4700 4830 5441 5450 5363 5365 4812 4930 5255 5118 5307 4990 5122 4891 5210 5264 4840 5137 5233 4895 5380 5284 5170 4511 5192 5282 5103 5393 5396 5579 4881 5105 4816 4900 5290 5011 5028 4964 5119 5416 5249 5254 5429 5258 5069 5399 5530 5173 5110 5209 4849 5069 5555 5340 5141 5195 5201 5551 5382 5322 5414 4969 4903 5512 5345 5192 4925 4974 5358 5129 5131 5199 4815 5060 5437 5648 4829 5043 5249 4926 5121 5245 5379 4725 5733 5062 4774 5249 4793 4765 5367 4996 4623 5231 5356 5302 5324 4656 5634 5176 4934 5191 5072 5062 5135 5311 5534 5145 4305 5018 5443 4931 5287 5326 5145 5355 5079 4922 5189 5205 5462 5355 5475 5218 5257 5302 5634 5161 5300 5186 5718 4954 5504 5098 4936 4944 5219 5633 5452 5314 5245 5288 5027 5507 4972 5292 5166 4619 5487 4995 5404 5311 5497 5262 5200 4855 5263 5385 4896 5199 5278 5291 5287 5292 5245 5106 5277 4883 4954 5269 5475 5223 5565 5578 5205 4914 5078 5127 5548 5158 4782 5032 5073 5578 5349 5329 4966 5656 5636 4983 5083 4946 5035 5122 5056 
5426 5395 4860 5749 5560 4883 5230 4740 4739 5527 5262 5312 5219 5410 5267 5193 5388 4886 5325 5129 5375 4975 5382 5269 5205 5431 5116 5106 5769 5090 5148 5009 5196 4770 5205 5146 5455 5470 5246 4947 5415 4918 5499 5275 5234 5481 5186 4899 5291 4935 4864 5220 5226 5143 5027 5053 5301 5435 5249 5623 5581 4549 4696 5585 5385 5437 5613 4865 5169 5286 5342 5270 5099 5222 5052 5021 5190 5158 5093 5173 4989 5427 5367 5355 4881 5158 5348 5072 5537 5259 5772 5096 5309 5259 5178 5021 5088 4887 5223 4846 5616 5501 5246 5535 5243 4977 5477 5680 5223 5226 5346 4932 5194 5670 5357 5122 5294 5495 5567 5700 5146 5556 5050 4966 5328 5429 5387 4935 5183 5308 5324 4998 4998 5024 5115 5624 5342 4765 5359 5219 4777 5179 5107 5599 4910 5551 5127 4862 5182 4778 4953 5226 5354 4765 5378 5291 5467 5219 4808 5502 5021 4988 5257 5444 4932 5077 5464 5293 5036 4273 5316 5316 5110 5338 5368 5406 5377 5151 5055 5072 5253 5291 5385 5764 5258 5096 5463 5352 5483 5394 5383 5319 4963 5425 5363 5196 5055 5646 5573 5342 5866 5486 5584 5180 5605 5383 5351 5398 4705 5511 4900 5747 5226 5523 5220 5190 5128 5480 5483 4988 5356 5196 5273 5372 5395 5517 5201 5068 4788 4716 5314 5627 5292 5762 5850 5322 5168 5210 5151 5291 5216 4911 5080 5199 5606 5577 5373 5405 5232 5522 5073 5126 5011 5295 5001 4892 
5180 5305 4742 5288 5761 4953 5344 5169 4621 5314 5256 5199 5136 5255 5036 5206 5310 4939 5352 5147 5194 5033 5222 5364 5303 5331 5223 5093 5476 5043 4872 4956 5231 4860 4836 5165 5325 5283 5013 5134 5396 5086 5446 5522 5339 5409 5492 5134 5392 5074 4926 5576 5205 4867 5196 5038 5279 5339 4996 5491 5376 4778 4682 5234 5208 5184 5723 5012 5064 5340 5359 5262 5244 4956 4890 5078 5334 4901 5087 5295 5266 5200 5291 5130 4572 5384 5236 5269 5407 5402 5629 4975 5421 5201 5010 5428 4878 4887 4992 5110 5581 5557 5194 5581 5177 4719 5065 5756 5442 4895 5239 5129 5205 5420 5236 5111 5159 5358 5449 5631 4978 5176 5092 5030 5271 5621 5271 5279 5032 5318 5061 5132 5129 4913 5048 5397 5661 4685 5192 5389 5081 5119 5035 5142 4858 5514 4801 4733 5298 4714 4866 5634 5235 4528 5218 5415 5543 5430 4746 5258 5227 4636 5334 5496 5195 5004 5249 5456 4672 4346 5226 5365 4968 5068 5518 5164 5255 4971 4883 5251 5229 5195 5444 5552 5257 5142 5277 5400 5421 5663 5241 5421 4906 5171 5121 5024 5092 5240 5409 5185 5374 5167 5201 5227 5212 4884 5536 5220 4943 5656 5043 5665 5197 5445 5142 5095 5128 5215 5229 4914 5612 5302 5483 5190 5306 5199 5009 5124 4779 4763 5491 5858 4979 5519 5690 5247 4917 4816 4979 5536 5142 4877 5114 5382 5590 5436 5141 5116 5457 5681 4869 4625 4903 5026 5332 5039 
5046 5199 4605 5104 5017 4760 4544 4618 4379 4833 4734 4651 4820 4902 4918 4876 4880 4531 5143 4426 4812 4721 5001 4785 4827 4770 5050 4689 5042 4702 4725 4725 4734 4351 4747 4834 5184 5099 4605 4768 4823 4654 4873 4992 4818 4817 4791 4496 4979 4527 4537 4644 4634 4658 4662 4504 4914 5056 4656 5255 5268 4533 4523 4889 4919 4791 4988 4543 4722 4867 4962 4857 4825 4683 4808 4446 4862 4598 4989 4816 4717 4905 4992 4597 4294 4953 4754 4749 4947 4732 5039 4437 4993 4862 4753 5086 4867 4666 4597 4494 5130 4743 4805 5114 5033 4686 4858 5338 4625 4844 5123 4577 4301 4972 4699 4594 4591 4829 4925 5158 4941 5013 4710 4251 4804 4858 4646 4644 4640 5114 4792 4690 4617 4667 4827 4976 4905 4441 4578 4742 4955 4782 5009 4960 4494 5037 4615 4318 4722 4175 4500 4766 4546 4312 4787 4733 5098 4819 4312 5088 4882 4478 4777 5132 4605 4619 4615 4952 4830 4180 4566 4990 4695 4891 4881 4813 4991 4500 4411 4655 4949 4758 4882 5303 4687 4486 4702 4960 4897 4931 4950 4795 4882 4923 4743 4419 4400 4870 5109 4943 4975 4635 4942 4658 5098 4747 4990 4661 4362 4976 4543 4789 4919 4979 4704 4687 4597 4712 4939 4307 4798 4788 5016 4697 4828 4903 4841 4931 4694 4547 5042 5406 4927 4867 5189 4998 4456 4507 4892 5041 4560 4771 4566 4845 5022 5324 4959 4719 5044 5200 4742 4878 4472 4579 4592 4759 
5509 5467 4878 5317 5488 4905 5411 5071 4543 5219 5169 5209 5382 5345 5117 5494 4812 4795 5301 4992 5384 4971 5216 5330 5062 5258 5327 4935 5331 5125 4910 4610 5161 4571 4849 5020 5270 5183 5179 5268 5191 5066 5434 5313 5021 5211 5186 4994 5332 5090 4940 5450 5480 4561 5172 4870 5075 5205 5097 5349 5561 4958 4820 5528 5279 5234 5315 4829 5098 5054 5403 5260 4894 5150 4965 5239 5287 5007 5045 5312 5187 5233 5133 5103 4701 5100 5083 5153 5264 5393 5609 4754 5056 5532 5091 5107 5311 4823 5042 5217 5184 5391 5194 5532 5092 5181 5482 5482 5064 5137 5335 5119 5005 5266 5119 4876 5007 5068 5264 5334 5150 5147 4937 4798 5115 5360 4854 5187 4916 5166 5296 4840 5005 4919 4870 5225 5863 4629 5210 5063 4971 5057 4838 4922 5065 5605 4945 4801 5217 4620 4731 5417 5286 4771 5324 5101 5551 5459 4670 5245 5155 4964 5018 5224 5045 5182 5158 5485 5050 4435 5209 5404 4827 5117 5113 5044 5146 5227 4889 5028 5007 5164 5449 5734 5220 5186 5363 5253 5389 5383 5036 5614 5214 5048 5203 5020 4742 5408 5328 5161 5380 5090 5420 5160 5706 5331 5321 5236 4789 5409 5208 5696 5449 5245 5307 5097 5070 5054 5337 5042 5419 5283 5267 4790 5364 4981 5262 5162 4846 4929 5334 5623 5254 5704 5467 5094 5295 5104 4984 5224 5141 4941 5201 5100 5491 5568 5140 5188 5242 5590 5162 4796 5031 5287 4735 5060 
5568 5319 5029 5369 5669 5259 5546 5336 4734 5186 5342 5311 5359 5380 5295 5298 5372 5112 5566 4980 5419 5044 5225 5396 5435 5455 5641 4994 5444 5316 5027 5120 5217 5043 5087 5468 5484 5649 4995 4945 5610 5291 5328 5696 5292 5536 5297 5210 5252 5037 5196 5550 5257 5055 5204 5105 5681 5562 5295 5626 5530 4841 4895 5683 5461 5329 5465 4907 5276 5371 5296 5167 5010 5432 4919 5068 5379 5155 5517 5520 4998 5315 5393 5185 4824 5139 5194 5125 5585 5224 5801 5278 5521 5241 5208 5456 5212 5119 5053 5109 5585 5280 5466 5591 5318 5071 5440 5432 5242 5248 5534 5202 5187 5626 5570 5300 5417 5541 5536 5717 5298 5665 5357 5116 5474 5607 5379 5201 5279 5479 5191 4919 5108 5043 5318 5567 5705 4635 5253 5397 5130 5039 5209 5449 4708 5580 5175 4750 5278 4817 5245 5375 4998 4739 5469 5240 5801 5157 4648 5444 5260 5070 5308 5531 5290 5281 5642 5555 5362 4876 5053 5602 5216 5368 5503 5534 5350 5057 5160 5423 5090 5464 5712 5480 5000 5246 5155 5559 5498 5308 5204 5615 5148 5442 5154 5035 4899 5907 5925 5378 5615 5399 5651 5231 5616 5197 5662 5370 4871 5602 4994 5556 5487 5509 5374 5347 4949 5427 5547 5212 5337 5296 5371 5307 5513 5354 5307 5531 5081 4948 5558 5582 5350 5728 5785 5437 5324 5436 5308 5659 5329 4603 5177 5557 6019 5631 5511 5195 5408 5728 5185 5154 5106 5167 5198 5004 
5677 5478 4926 5649 5457 5254 5377 5210 4886 5423 5410 5126 5363 5602 5195 5805 5209 5094 5263 5072 5519 5004 5435 5739 5367 5538 5383 5244 5237 5267 5080 5043 5192 4953 4936 5465 5466 5594 5228 5192 5710 5064 5470 5418 5091 5343 5335 5040 5444 5243 5068 5483 5238 5176 5253 5109 5365 5470 5436 5366 5711 4965 4995 5528 5467 5430 5655 5002 5444 5160 5346 5561 5107 5426 5148 5219 5269 5160 5191 5641 5339 5347 5521 5082 5128 5210 5325 5134 5548 5440 5778 5165 5312 5553 5058 5472 5365 4950 5300 5046 5541 5587 5488 5622 5356 5185 5398 5724 5199 5380 5661 5372 5243 5526 5322 5357 5345 5341 5447 5830 5438 5529 5168 4975 5367 5402 5182 5152 5288 5493 5286 5230 4884 5248 5142 5555 5762 4489 5558 5367 5085 5424 5214 5421 4731 5575 5123 5267 5314 4979 4730 5445 5260 4915 5558 5538 5592 5192 4784 5460 5220 5105 5329 5284 5320 5377 5479 5630 5532 4583 5205 5690 5292 5352 5506 5320 5315 5058 4937 5323 5307 5510 5442 5652 5314 5242 5385 5606 5497 5324 5340 5630 5205 5840 5259 5487 4930 5486 5371 5390 5692 5372 5796 5217 5495 5325 5308 5795 5014 5564 5262 5668 5299 5472 5340 5144 5087 5279 5688 5244 5441 5294 5287 5153 5540 5249 5385 5545 5118 4963 5772 5952 5300 5544 5778 5389 5182 5157 5049 5639 4971 5242 5146 5332 5621 5668 5408 5452 5392 5666 5408 5300 5270 5274 5032 5210 
5145 5042 4600 5389 5399 4873 5146 4924 4448 5070 5180 5002 5095 5080 5206 5201 4924 4865 5387 4844 5270 4650 4914 5066 4998 5145 5207 4921 5240 5019 4771 4838 5216 4538 4855 5023 5280 5052 4720 4759 5295 4999 5051 5158 4776 5084 5160 4758 5318 4982 4879 4977 4988 4634 4880 4974 5102 5085 4906 5361 5155 4695 4776 5309 5279 4953 5431 4728 4811 5232 5171 5244 5145 4934 4795 4879 5015 4657 4791 5006 4799 5037 5148 5116 4580 4954 5179 4855 5175 5019 5304 4957 5153 4850 5009 5142 5130 4822 5012 5067 5152 5034 5134 5328 5190 4818 5181 5406 5027 4955 4937 4990 4940 5406 5036 4950 5014 5108 5278 5538 4925 4959 4970 4779 5186 5032 4965 5013 5071 5360 4981 4821 4852 4674 4939 5261 5295 4542 4744 4938 4865 4933 5289 5164 4750 5447 4727 4746 4927 4498 4702 5032 5012 4548 5117 5194 5346 4940 4499 5036 5006 4730 5140 5270 4943 4777 5205 5133 5293 4156 5177 4971 4802 5223 4913 5111 4952 4922 4907 5168 4842 4961 5249 5310 5150 4788 5258 5170 4896 5177 5129 5108 4875 5376 5265 4882 4767 5305 5401 5176 5351 4985 5378 4692 5340 5020 5131 5238 4780 5129 4881 5308 5261 5345 5038 4776 5079 5197 5115 4714 5406 5197 4948 4780 5201 4945 4888 5005 4606 4483 5258 5344 5240 5190 5562 5009 4787 4723 4711 5219 4945 5009 4957 4932 5549 5516 5022 5120 5553 5276 5095 4961 4863 4946 4623 5295 
5244 5329 4633 5202 5505 4855 5103 4898 4429 5483 5229 4804 5247 5386 5192 4987 4969 5032 5515 5140 5299 5022 5188 5049 5148 5313 5292 5112 5355 5112 4890 5008 5064 4708 5000 5255 5041 5240 4913 4974 4962 4948 5214 5326 4784 5211 5186 5025 5365 5030 4938 5273 4873 4773 5049 4793 5298 5184 4950 5567 5516 5031 4858 5579 5284 5228 5143 5028 4949 4982 5256 5301 4914 5166 4925 4911 5143 5050 4878 5348 5274 5128 4945 4786 4522 5139 5219 5195 5150 5049 5683 5030 5245 5261 5017 5143 4869 4994 4976 5121 5630 5059 5094 5107 4996 4902 5083 5385 4944 5126 5148 5119 5029 5249 5150 4888 5053 5476 5234 5501 5286 4974 5044 4875 5178 5268 4967 5017 4868 5191 5274 4670 4833 4937 4950 5349 5494 4470 5156 4881 4980 4949 5141 5319 4838 5406 4922 4688 5305 4411 4733 5186 5022 4685 5228 5233 5141 4926 4850 5319 5291 4955 5232 5060 5104 5001 5387 5202 5130 4250 4872 5376 5292 5216 5235 5220 5216 4915 5044 5073 4905 4977 5168 5597 5132 5170 5169 5557 5075 5375 5315 5272 4958 5468 4985 4644 4775 5402 5378 5247 5525 5280 5253 4952 5381 4898 5358 4896 4746 5219 5067 5245 5147 4975 5147 5224 4950 5108 5447 4941 5120 5267 5383 5089 5165 5284 5143 4959 4561 4916 5431 5544 5414 5409 5432 5196 5053 5369 5214 5501 4991 4524 4868 5276 5689 5136 5252 5049 5245 5322 5227 4835 5026 5418 4811 4824 
5314 5175 4635 5297 5157 4958 4953 4740 4444 5115 5077 4693 4888 5133 5224 5112 5103 4784 5020 4561 5251 4544 5059 4863 5122 5209 4869 4897 5005 4906 4952 4667 5112 4548 4952 5133 5218 5123 4921 4837 5318 4772 5171 5528 4883 5096 5062 4618 5113 4653 4790 4906 5019 4768 4720 5130 5189 5241 4802 5272 5344 4590 4426 5235 5077 5078 5261 4720 4622 4858 5210 5250 4709 5066 4634 4912 4894 4827 5093 5168 4661 5237 4823 4946 4707 5162 5019 4702 5223 5008 5193 4625 5094 4916 4726 5139 4988 4861 4928 4843 5178 5025 5150 5166 5266 4558 4948 5505 5073 5144 5083 4819 5025 5330 4988 4865 4943 5253 5224 5395 4832 5167 5026 4591 5145 5282 5102 4724 5083 5001 4769 4783 4937 4727 4901 5258 5222 4748 4813 4757 4602 4780 4821 5289 4657 5342 4531 4693 4906 4433 4730 4937 4756 4440 5249 5021 5331 4868 4539 5256 4987 4896 4990 5190 4572 4975 5172 5190 4771 4540 5046 5285 4775 4951 5009 4975 4983 4647 4744 5356 5155 4944 5055 5460 5127 4775 4916 5131 5039 5125 4971 5294 5086 5218 5141 4884 4908 5554 5472 5112 5428 5086 4991 4656 5435 4815 5096 5129 4353 5376 4797 5465 5093 5257 5004 4724 4611 5252 5187 4824 4985 4860 5252 5241 4875 5134 4884 5185 4771 4707 5253 5106 5192 5496 5362 5259 4520 4910 4812 5463 5016 4664 4664 5014 4942 5164 5205 4898 5223 5359 5000 4815 4571 4947 4796 4733 
5106 5151 4540 5312 5696 4657 5134 4916 4218 4926 5066 4798 5163 4965 5161 5284 4769 4943 5174 5133 5208 4833 5031 4831 4934 4957 5088 5053 5077 5090 5002 5100 4887 4735 4797 4951 5084 4983 4652 4824 5078 4725 5141 5211 4998 5253 4992 4831 5265 4720 4941 5094 4881 5098 4872 4840 4930 5101 4691 5365 5235 4671 4792 5365 5289 4881 4967 4838 4856 5013 5157 5158 5115 4850 4683 4984 5064 4700 4948 5347 4705 4900 5058 5148 4618 4872 5144 4882 5274 5002 5222 4692 5052 4768 4614 5271 4815 4876 4881 4785 5138 4953 4916 5502 5050 5066 5069 5292 4882 4794 4883 5036 4804 5460 5060 4938 4917 5324 5018 5270 4822 5124 4854 4588 5013 5318 5038 4780 4756 5137 4987 4730 4844 4726 5188 4989 5123 4479 4876 4968 4704 4935 4892 4859 4662 5381 4774 4627 5166 4296 4478 5202 5074 4432 5091 5156 5546 4926 4450 5113 4906 4607 5064 5074 4829 4849 4989 5120 4860 4280 4910 5015 5025 5094 5229 4821 4825 4963 4927 5033 4756 5169 5252 5438 5413 4906 4900 5453 5119 5369 4869 5297 5151 5263 4924 4970 4704 5144 5364 5152 5230 4797 5110 4907 5414 4829 5445 5145 4406 5226 4838 5247 5385 4943 4957 5022 4803 4961 5057 4780 5014 5040 4846 4962 5060 5257 4995 5082 4798 4699 5476 5719 5000 5287 5457 4933 4516 4825 4696 4906 5070 4688 4884 4998 5230 5342 5105 5040 5204 5349 4731 4937 4736 4914 4921 4691 
5434 5363 4707 5262 5534 5150 5296 5134 4742 5196 5406 5234 5000 5348 5295 5293 5127 5161 5387 5008 5777 4776 5312 5231 5322 5148 5154 5141 5426 5194 4957 4893 5006 4658 4826 5066 5510 5294 4738 5063 5521 5093 5181 5492 5230 5170 5194 4928 5079 4992 5082 5322 5181 5127 4904 4965 5506 5314 4933 5491 5587 4832 4485 5407 5428 5158 5326 4845 5024 5174 5418 5135 4723 5134 4943 5070 5387 5043 5244 5427 4861 5333 5231 5006 4772 5124 5236 5088 5364 5250 5386 4980 5077 5103 5057 5488 5134 4871 5134 4858 5350 5364 5375 5307 5323 4910 5270 5308 4904 5057 5285 5072 5120 5540 5275 5234 4975 5024 5572 5698 5226 5131 5058 4818 5278 5497 5082 5181 4959 5296 5067 4910 5171 4976 4982 5364 5410 4709 5135 5215 5158 5144 5290 5206 4722 5500 4837 4919 5267 4474 4882 5393 5153 4732 5377 5157 5244 4979 4941 5405 5041 5169 5339 5165 5250 5353 5345 5148 5170 4076 4926 5361 4960 5207 5387 5662 5518 4938 4979 5212 4985 5332 5356 5465 5120 5057 5327 5224 5246 5461 5283 5425 4947 5581 5064 4830 4846 5416 5489 5288 5558 5123 5448 5144 5552 4958 5311 5271 4600 5206 5124 5563 5220 5107 5138 5084 4996 5334 5285 5004 5216 5497 5073 5115 5456 5259 4991 5396 4904 4707 5364 5585 5208 5385 5647 5159 4878 4968 5067 5688 4946 4875 4922 4966 5910 5442 5254 5126 5442 5377 5200 5231 4839 5086 4951 5146 
5485 5393 4880 5415 5432 5007 5116 4894 4760 5231 5145 5400 5040 5266 5173 5210 5169 4996 5292 4910 5105 5200 5355 5341 5173 5341 5248 4825 5019 5215 5051 5081 5232 4879 4769 5172 5540 5574 4866 4979 5126 5083 5457 5300 5209 5049 5292 5003 5368 4927 5107 5323 5128 4981 5201 4850 5175 5490 5019 5713 5265 4869 4774 5266 5469 5431 5241 4926 5068 5259 5121 5183 4864 4881 4956 5031 5281 5013 5270 5132 4978 5261 5136 5100 4732 5165 5204 5394 5615 5192 5546 4973 5297 5147 5120 5405 5033 4942 4957 4990 5512 5091 5207 5456 5299 5004 5079 5612 5228 5094 5400 4862 4956 5465 5168 5111 5175 5280 5235 5366 5186 5417 5230 4981 5057 5258 5246 5285 4909 5319 5228 5133 4990 4775 5142 5347 5614 4686 5101 5106 4943 5012 4837 5186 4812 5436 4898 4697 5281 4657 4590 5121 5033 4477 5239 5191 5666 5250 4449 5583 5091 4809 4975 5111 5298 4784 5042 5100 5105 4442 5200 5289 4928 5221 5352 5421 5124 4664 4971 5349 5013 5235 5365 5424 5204 5330 5339 5308 5354 5415 5210 5432 5242 5608 5008 4945 4958 5624 5479 5592 5500 5341 5473 5057 5576 4949 5732 5143 4912 5109 5000 5414 5408 5543 5225 4835 4903 5514 5398 4902 5151 5183 5280 5046 5347 5160 5212 5297 4928 4545 5544 5649 5187 5571 5738 5133 5117 4979 5141 5518 5119 4733 4966 5177 5608 5471 5364 4992 5333 5619 5003 5191 4844 5245 4915 4886 
5297 4967 4451 5130 5379 4782 5259 4876 4325 5022 5131 4839 4973 5174 4937 5099 5322 4859 5044 4747 5132 4774 4822 5176 5132 5349 5129 4770 5213 4997 4703 4848 4857 4347 4489 4923 5169 5062 4791 4643 4938 4728 5130 5109 4886 5039 5018 4455 5238 4846 4801 5130 4701 4725 4897 4685 5095 5217 4746 5035 5283 4739 4725 5202 5107 4825 5352 4744 4762 5219 5066 4993 4920 5091 4525 4766 5012 4857 4770 5193 4803 5153 5288 4787 4583 5036 5063 4929 5173 4940 5556 4735 4843 5101 4945 5012 4861 4512 4803 4868 5246 4978 4832 5307 5060 4485 5029 5258 4706 4986 4776 5014 4881 5231 4822 4781 4860 5182 5141 5365 5204 5102 5016 4704 5372 5199 5132 4953 4622 5178 4904 4667 4914 4697 5147 5117 5249 4476 5052 4962 4715 5114 4940 5133 4649 5332 4715 4801 4923 4531 4760 5121 4955 4407 5066 4947 5421 4757 4682 5053 5008 4730 5013 5040 4849 5013 5119 5045 5077 4171 4885 5232 4667 4810 4974 5108 5071 4932 4905 5084 4709 5075 5142 5412 4853 4623 4895 5129 4972 5211 5126 5004 4876 5173 5014 4605 4634 5162 5490 4981 4994 5060 5082 4900 5516 4688 5094 5169 4570 5226 4797 5171 5143 5059 5229 5015 4751 4941 5283 4903 5126 4948 4939 4933 4729 4954 5049 5060 4862 4435 5098 5276 5152 5282 5472 5125 4512 4746 4918 5214 4978 4539 4806 5008 5503 5305 4859 4924 5133 5413 4906 5007 4842 4807 4937 5025 
5643 5341 4745 5504 5893 5239 5491 5058 4751 5447 5234 5169 5302 5420 5331 5460 5195 5436 5754 5365 5657 5128 5362 5307 5463 5181 5336 5176 5583 5495 5324 4972 5389 4754 5024 5381 5263 5545 5045 5033 5521 5070 5293 5717 4997 5232 5535 5056 5415 4966 5111 5432 5139 5234 5052 4917 5450 5405 5119 5516 5503 4793 4646 5369 5403 5198 5682 5149 5112 5316 5548 5541 5407 5206 5144 5154 5463 5051 5124 5267 5126 5285 5518 5420 4805 5308 5170 5319 5621 5344 5637 5347 5393 5012 5114 5405 5286 4973 5153 5377 5844 5271 5526 5490 5300 4715 5320 5491 5271 5268 5357 5450 5441 5683 5196 5170 5212 5390 5358 5591 5233 5353 5084 4847 5217 5600 5407 5333 5183 5282 5177 5029 5299 4922 5131 5266 5401 4935 5224 5200 5219 5289 5391 5636 4964 5547 5150 4934 5460 4537 4873 5500 5209 4654 5307 5443 5531 5372 4941 5175 5197 4952 5407 5569 5206 5085 5351 5226 5290 4813 5305 5462 5168 5408 5171 5463 5191 5234 5153 5302 5296 5396 5654 5864 5049 5230 5498 5597 5438 5553 5535 5153 5246 5212 5387 5153 5021 5723 5576 5484 5276 5207 5625 5111 5388 5246 5537 5353 4952 5517 5233 5526 5441 5357 5359 5032 5143 5518 5425 5180 5175 5056 5214 5257 5613 5235 5299 5334 4730 4754 5607 5523 5508 5683 5783 5219 4959 4913 5251 5411 5092 4994 5294 5174 5486 5795 5407 5412 5476 5312 5194 5047 5257 4680 5243 5228 
5188 5358 4300 5308 5542 5015 5165 4839 4466 5133 5057 4682 5087 5063 4914 5392 4944 4950 5178 5127 5348 4630 5063 5034 5247 5462 5296 5141 5051 5298 5009 4796 4922 4687 4810 5165 5068 5197 4675 4876 5206 4967 5113 5396 4987 5041 4842 4672 5082 4942 4665 4861 4869 4835 5026 4975 5139 5263 4963 5146 5318 4490 4605 5692 5398 4829 5431 4732 5005 4957 5237 5010 4884 4903 4768 5082 5026 4982 5037 5099 4837 5107 5124 5089 4370 4750 4900 4946 5122 5094 5547 4928 5333 4896 4690 5207 4885 4761 4900 5105 5257 5133 4945 5568 5108 4656 5040 5307 4847 4820 5049 4878 4761 5314 5054 4979 5154 5389 5092 5221 5132 5158 4603 4674 5093 5012 4946 4923 4878 5188 4688 4868 4849 4851 4861 5192 5326 4450 5062 5038 4732 4817 5097 4945 4561 5330 4671 4821 5018 4505 4733 5357 4917 4642 5129 5133 5374 4844 4534 5209 4935 5084 5017 5038 4794 4924 5065 5419 5011 4333 4952 5061 4689 5203 5270 4966 5136 4744 4996 4920 4843 5194 5202 5531 4840 5031 5171 5432 5216 5338 5177 5250 5005 5465 5128 4770 4658 5214 5358 5121 5401 5026 5199 4800 5469 4835 5232 5016 4809 5686 4768 5455 5081 5341 4983 5064 4860 5246 5223 5046 5129 5106 5122 4951 5012 5008 4717 5206 4663 4760 5261 5163 5175 5094 5434 4925 4585 4961 4812 5316 5202 4615 5055 5139 5390 5481 4962 4919 5293 5279 4993 4919 4919 4849 4858 4637 
5846 5569 4906 5620 5596 5329 5432 5306 5188 5514 5608 5488 5512 5636 5623 5634 5324 5283 5748 5327 5568 4962 5351 5650 5320 5407 5472 5427 5532 5436 5194 5272 5182 5168 5182 5236 5534 5694 5086 5242 5711 5288 5510 5804 5457 5567 5283 5222 5659 5241 5205 5295 5305 5223 5116 5298 5430 5451 5458 5627 5746 4941 4742 5325 5631 5291 5548 5206 5022 5405 5759 5644 5314 5482 5181 5346 5498 5038 5343 5497 5310 5456 5575 5447 5100 5615 5361 5208 5607 5546 5837 5326 5476 5251 5533 5401 5309 5171 5089 5414 5630 5499 5528 5470 5602 5008 5608 5710 5100 5363 5724 5539 5468 5930 5206 5254 5312 5594 5740 5877 5343 5626 5127 4968 5664 5763 5496 5606 5221 5506 5370 5079 5597 4970 5077 5644 5803 5307 5441 5425 5132 5313 5656 5690 4746 5730 5132 4835 5186 4954 5063 5524 5415 4740 5463 5384 5666 5355 4905 5461 5173 5345 5445 5541 5320 5215 5517 5637 5436 4693 5311 5488 5062 5654 5416 5643 5293 5155 5232 5483 5377 5519 5562 5903 5568 5286 5705 5737 5566 5659 5559 5663 5261 5529 5070 5247 4934 5395 5782 5437 5572 5830 5875 5478 5699 5142 5730 5415 5056 5701 5274 5578 5821 5399 5298 5206 5055 5668 5464 5316 5669 5473 5455 5346 5561 5403 5423 5778 5153 4935 5883 5894 5442 5806 5710 5548 5021 5144 5218 5848 5436 5298 5611 5364 5974 5772 5539 5327 5418 5459 5466 5439 5544 5224 5483 5326 
5047 5033 4620 5097 5404 4639 4836 4691 4463 4829 5076 4644 5020 4792 4900 5034 4974 4742 5057 4546 4946 4934 4912 4984 5048 4972 5010 5003 4916 5152 4832 4790 4773 4321 4525 4940 5208 5242 4326 4593 4907 4872 4847 5148 4992 4699 4765 4626 4997 4594 4707 4824 4738 4805 4871 4954 5106 5079 4881 5180 5309 4721 4471 4896 4838 4813 5107 4635 4650 5027 4867 5220 4647 4668 4725 4759 4913 4627 4848 4974 4778 4779 5186 4711 4483 4633 4647 4737 4963 4663 5261 4665 5025 4850 4670 4862 4748 4649 4694 4758 4862 5050 4936 5241 5168 4718 5090 5173 5116 4549 5176 4593 4889 5208 4923 4813 4731 4816 5169 5272 4899 4986 4570 4649 5004 4920 4844 4821 4733 5199 5095 4721 4536 4709 4694 4935 5173 4364 4613 4666 4698 4806 4929 4779 4403 5148 4679 4518 4619 4236 4620 5105 4684 4187 4944 5132 5143 4840 4376 4899 4852 4702 4774 4860 4972 4606 5052 5195 4738 3993 4692 4962 4736 4976 4754 4922 4861 4551 4547 5194 4747 5068 5306 5451 5004 4645 4890 5250 5032 5148 4765 5042 4962 5030 4839 4495 4813 5210 5243 5202 5117 4856 4966 4999 5088 4784 4957 4831 4510 5103 4840 5198 4931 5004 4710 4859 4637 4921 5068 4799 5114 5138 4751 4626 4777 5006 4693 4972 4493 4339 5199 5233 4961 5127 5231 5083 4551 4537 4671 5229 4997 4680 4721 4698 5329 5219 4777 4507 5011 5013 4999 4656 4705 4542 4771 4768 
5226 5132 4393 5056 5645 5084 5183 4748 4465 5086 5035 4993 4983 5267 5138 5107 5313 4691 5258 4701 5082 4924 5060 4853 5166 5215 5153 4662 5168 4848 4535 4739 5324 4842 4960 4934 5116 4983 4637 4572 5258 5183 5212 5376 4899 4923 4967 4886 5264 4928 4747 5192 4990 4573 4943 4689 4959 5123 4893 5278 5363 4648 4520 5330 5221 4983 5286 4910 4715 4901 5180 5265 5075 4717 4793 5019 5166 4734 5174 5285 5035 4798 5066 4885 4584 5085 5061 4959 5102 5110 5590 4904 5031 4878 5210 5186 4857 4754 4754 5073 5272 5106 5089 5201 4879 4669 5233 5473 5152 5166 5219 5120 5006 5257 5071 4878 5191 5116 5191 5278 5004 4826 4898 4899 5244 5332 4909 4986 4985 5089 4725 4890 4912 4634 4933 5215 5508 4516 5003 4942 4573 4864 4942 5293 4773 5424 4797 4676 5108 4603 4639 5423 4784 4596 4962 4975 5238 4902 4796 5021 4740 4622 4967 5016 4891 5111 5343 5164 5013 4210 5289 5115 4969 4904 5067 5135 4705 4728 4946 5238 5125 5221 5401 5348 5013 4886 5032 5094 4951 5390 5023 5397 4893 5270 4874 5037 4954 5018 5117 5140 5276 5067 5030 5155 5245 4836 5176 5093 4821 5208 4958 5039 5158 5248 5062 5079 4957 5045 5167 4918 5083 4979 5269 5017 5158 5025 4974 5087 4606 4561 5159 5373 5250 5471 5435 5071 4913 4826 5126 5259 5120 4623 4798 5247 5328 5297 5166 5101 5215 5252 5066 4706 4798 4801 5079 4784 
5433 5303 4850 5468 5708 5086 5529 5142 4501 5390 5330 4985 5434 5439 5169 5449 5632 4947 5505 4819 5387 5005 5281 5355 5363 5529 5419 4999 5209 5151 4941 5056 5345 4962 5104 5164 5476 5448 4955 5176 5152 5151 5144 5458 5296 5343 5350 5209 5675 5159 4746 5312 5066 4880 4840 5030 5149 5480 5020 5641 5599 4820 4841 5476 5272 5075 5794 5014 5067 5044 5402 5366 5220 5193 4916 5037 5270 5038 5222 5371 5238 5153 5330 5226 4717 5213 5348 5215 5525 5362 5859 5120 5256 5418 4918 5301 4969 4984 5455 5134 5553 5289 5268 5662 5305 4811 5434 5799 5109 5088 5250 5275 4931 5678 5126 5234 5198 5318 5349 5629 5188 5356 4955 4829 5478 5377 5207 5057 4942 5400 5083 5004 4952 5211 5235 5429 5796 4821 5145 5152 5067 5240 5060 5531 4905 5682 5198 5003 5157 4749 4958 5488 5073 4679 5290 5237 5577 5303 5008 5322 5192 5075 5355 5466 5102 5217 5623 5412 5162 4414 5273 5519 4882 5325 5543 5315 5155 4947 5010 5147 5229 5269 5440 5743 5249 5085 5393 5577 5304 5618 5416 5420 5109 5525 5192 4784 5145 5508 5665 5482 5733 5458 5343 5168 5294 5121 5495 5210 4935 5569 4959 5244 5343 5549 5329 5143 5052 5268 5099 5030 5215 5106 5134 5335 5281 5483 5240 5400 5101 4829 5558 5751 5008 5713 5589 5221 4797 4987 5040 5609 5338 5060 5050 5199 5685 5668 5349 5431 5798 5520 4926 5258 5122 4993 5130 5052 
5206 5351 4818 5507 5393 5250 5204 4852 4613 5367 5529 5235 5129 5370 5296 5454 5235 5000 5287 4939 5423 4943 5271 5112 5363 5394 5677 5037 5453 5127 4816 4960 5212 4591 5112 5147 5546 5325 4809 4873 5619 4627 5407 5430 5068 4935 5022 4787 5061 5084 4917 5035 5268 4993 4806 5137 5404 5376 5078 5175 5278 4685 4460 5268 5273 4938 5354 4827 5283 5288 5247 5266 5020 4905 5036 5006 5230 4870 5010 5072 5049 5407 5189 4736 4838 5240 5391 4993 5316 5256 5937 5141 5190 5294 5364 5309 5303 4914 4983 5011 5521 5288 5260 5112 4791 4930 5381 5339 5106 5100 5373 5380 5190 5392 5559 5136 5210 5163 5347 5548 5349 5178 4989 4863 5116 5431 5161 5054 5049 5271 4972 4920 4989 5072 4911 5463 5497 4671 5251 5107 4937 5131 4986 5346 4739 5634 4898 5018 5188 4847 4708 5255 4931 4675 5261 5299 5632 5104 4812 5341 5218 5053 5324 5381 5194 5215 5113 5352 5211 4515 5165 5396 4661 5286 5122 4979 5374 5073 4989 5209 5357 5127 5453 5292 5277 5029 5030 5433 5127 5425 5268 5403 4959 5279 4982 4842 4851 5316 5388 5205 5293 5359 5459 4803 5647 5349 5376 5331 4864 5183 4881 5378 5252 5404 5317 5200 4814 5230 5366 5170 5058 5071 5496 4840 5228 5185 5083 5257 4769 4654 5634 5373 5348 5671 5613 5351 4963 5204 5001 5472 4979 4952 5103 5292 5741 5511 5295 5226 5496 5354 5061 5083 5281 5050 5095 5099 
5367 5596 4997 5629 5872 4850 5283 4770 4463 5404 5226 5230 5421 5584 5149 5622 5397 5226 5372 5117 5529 5097 5188 5350 5178 5400 5453 5384 5604 5241 5083 5232 5436 4625 5159 5213 5357 5464 4942 5116 5135 5148 5428 5509 5129 5384 5217 5120 5393 5142 4873 5675 4847 5168 4934 5113 5399 5570 5092 5480 5479 4752 4657 5419 5328 5142 5386 4964 4967 5243 5384 5329 5102 5275 4826 5148 5115 5045 5463 5659 5291 5252 5503 5232 5009 5083 5299 5102 5589 5216 5868 5143 5372 5261 5233 5276 5145 4890 5251 5147 5279 5383 5149 5387 5205 4954 5621 5741 5153 5224 5363 5365 5073 5635 5502 5076 5324 5590 5374 5832 5162 5288 5273 5038 5358 5479 5283 5191 5039 5232 5156 4936 5039 5158 5343 5464 5547 4595 5204 5144 5108 5447 5254 4996 5033 5587 5127 4595 5119 4782 4927 5410 5134 4879 5126 5406 5580 5045 5112 5353 5146 5023 5197 5411 4958 5151 5203 5213 5223 4361 5378 5534 5007 5193 5554 5459 5359 5171 5012 5357 5389 5471 5271 5579 5127 5029 5272 5460 5609 5908 5250 5448 4965 5401 5165 5150 5149 5494 5701 5440 5474 5321 5364 5482 5588 4954 5602 5453 5090 5468 5198 5619 5494 5337 5345 4972 5247 4970 5313 5136 5272 5237 5204 5248 5306 5389 5490 5474 4873 4837 5531 5812 5271 5577 5623 5322 4694 4844 5072 5371 5118 5096 5227 5159 5834 5821 5317 5132 5532 5444 5371 5092 5348 4877 5196 5117 
5718 5599 4897 5741 5695 5404 5565 5098 4948 5592 5389 5658 5458 5538 5446 5459 5535 5067 5705 5161 5327 5357 5527 5457 5534 5687 6000 5259 5544 5514 5060 5151 5638 5293 5585 5529 5501 5571 4951 5461 5607 5236 5658 5622 5670 5433 5545 5205 5833 5140 5063 5551 5435 5176 5184 5345 5336 5820 5353 5743 5632 5063 4974 5676 5716 5087 5402 5121 5494 5687 5627 5664 5242 5595 5167 5487 5530 4979 5591 5784 5465 5323 5488 5263 4954 5503 5448 5490 5956 5355 6047 5414 5540 5599 5516 5718 5616 5258 5240 5535 6022 5537 5235 5664 5448 5226 5519 5942 5210 5209 5528 5194 5439 5887 5650 5360 5628 5527 5521 5835 5438 5436 5217 5065 5514 5941 5427 5444 5335 5570 5362 5161 5326 5144 5049 5393 5864 5023 5300 5433 5386 5386 5413 5380 5342 5710 5340 5017 5381 5098 4984 5706 5438 4985 5173 5572 5886 5554 5002 5434 5357 5216 5630 5656 5378 5354 5739 5569 5503 4524 5429 5538 5334 5404 5565 5478 5597 5205 5314 5652 5356 5669 5697 5911 5572 5283 5553 5800 5507 5579 5709 5859 5192 5757 5464 5132 5251 5752 6070 5806 5863 5638 5817 5635 5900 5270 5836 5410 5175 5653 5269 5746 5678 5654 5341 5232 5460 5764 5744 5534 5544 5374 5805 5355 5483 5465 5371 5823 5205 5448 5849 5901 5375 5792 5918 5702 5360 5539 5383 5500 5510 5212 5592 5501 5946 5761 5524 5245 5655 5676 5621 5390 5328 5179 5101 5492 
5618 5412 4950 5496 5627 5260 5358 4955 4877 5294 5423 5268 5361 5450 5664 5626 5111 5048 5364 5078 5528 5039 5225 5381 5382 5774 5455 5338 5463 5368 5034 5104 5322 4941 5306 5391 5677 5427 5086 5214 5386 5134 5419 5560 5144 5457 5318 5187 5957 5171 5100 5493 5280 5164 5378 5105 5349 5382 5254 5719 5738 4709 4797 5642 5394 5323 5552 5098 5172 5488 5278 5498 5239 5212 4987 5414 5277 5202 5492 5189 5101 5404 5348 5175 4803 5441 5548 5225 5560 5529 5746 4733 5557 5507 5299 5267 5330 4868 5295 5232 5397 5309 5590 5587 5489 5096 5601 6000 5338 5283 5655 5333 5256 5729 5188 5354 5418 5302 5492 5683 5159 5434 4997 4787 5416 5512 5133 5200 5058 5423 5073 5079 5111 5062 5136 5634 5552 4826 5361 5362 5240 5257 5279 5614 5057 5346 5217 4806 5367 4952 4996 5342 5308 4943 5673 5297 5550 5518 4898 5476 5286 5197 5207 5542 5286 5178 5594 5462 5305 4330 5505 6003 5128 5711 5715 5791 5378 5155 5171 5367 5278 5393 5327 6055 5294 5171 5475 5558 5323 5649 5499 5382 5229 5747 5234 5132 5192 5565 5731 5589 5489 5603 5788 5202 5734 5331 5352 5419 5117 5739 5221 5680 5487 5510 5482 4914 5129 5427 5442 5125 5527 5433 5381 5242 5504 5292 5533 5371 5063 4972 5543 5919 5299 5511 5881 5463 5248 4981 5269 5781 5328 5381 5372 5135 5915 5804 5503 5387 5432 5467 5297 5245 5238 5159 5049 5031 
5557 5391 4719 5617 5843 5020 5357 5167 4787 5181 5480 5100 5500 5521 5535 5511 5337 5092 5249 5061 5422 5137 5449 5294 5566 5473 5615 5160 5477 5397 5137 5093 5125 4667 5076 5261 5605 5674 4944 5130 5391 5255 5336 5721 5525 5375 5252 5313 5654 5122 5083 5501 5130 5119 5289 5028 5548 5331 4967 5690 5995 5030 4915 5754 5544 5275 5605 4834 5302 5285 5584 5245 5122 5218 5205 5237 5467 5118 5441 5567 5398 5342 5210 5193 5054 4979 5317 5191 5644 5253 5583 4758 5368 5268 5367 5331 5407 4719 5279 5112 5445 5226 5254 5769 5095 5094 5468 5472 5184 5348 5517 4938 5235 5815 5409 5315 5307 5575 5673 5716 5390 5537 4971 5130 5302 5622 5289 5229 5142 5443 5244 4929 4995 5153 5221 5238 5544 4751 5191 5329 5251 5352 5513 5416 4894 5445 4978 4766 5198 4764 5063 5360 5396 4847 5650 5387 5681 5360 5017 5460 5330 5062 5485 5174 5321 5274 5486 5593 5174 4327 5263 5634 5077 5178 5523 5436 5504 4831 5083 5310 5297 5354 5515 5651 5279 5117 5338 5554 5526 5726 5228 5555 5146 5696 5155 5007 5290 5527 5692 5382 5620 5329 5345 5358 5741 5062 5656 5578 4925 5800 5462 5697 5288 5432 5225 4999 5174 5187 5544 5402 5333 5475 5406 5491 5139 5279 5472 5362 5150 4921 5557 5755 5290 5853 5851 5454 4990 5172 5252 5574 5400 5093 4984 5387 5718 5935 5393 5369 5692 5778 5003 5089 5216 5258 5226 5007 
5776 5469 5027 5734 5754 5385 5814 5213 4889 5719 5663 5284 5485 5588 5611 5642 5576 5224 5685 5227 5496 5125 5524 5646 5417 5676 5738 5226 5603 5501 5275 5036 5713 4939 5289 5559 5700 5683 5195 5229 5520 5286 5631 5783 5633 5491 5388 5250 5626 5270 5315 5475 5394 5014 5280 5177 5543 6072 5432 5692 5740 4956 4793 5668 5689 5382 5521 5403 5427 5354 5815 5473 5162 5505 5214 5320 5461 5046 5434 5543 5255 5391 5528 5435 5041 5387 5428 5595 5532 5400 6019 5514 5503 5305 5360 5458 5698 5359 5511 5120 5791 5722 5627 5900 5220 5283 5652 5765 5196 5378 5750 5218 5454 5846 5294 5684 5660 5464 5784 5858 5464 5421 5330 4909 5458 5930 5689 5185 5362 5651 5244 5290 5142 5292 5392 5775 5881 4913 5585 5413 5260 5522 5545 5663 5215 5822 5110 5291 5249 5035 4894 5563 5490 5056 5533 5620 5553 5493 5062 5682 5395 5232 5432 5732 5502 5419 5623 5705 5711 4732 5705 5813 5719 5791 5592 5958 5350 5231 5027 5784 5479 5441 5927 5767 5601 5275 5342 5688 5664 5627 5700 5630 5305 5930 5340 5213 5423 5833 6057 5727 5820 5759 5593 5168 5886 5526 5818 5482 5019 5646 5406 5554 5558 5633 5419 5382 5125 5560 5785 5593 5607 5566 5544 5437 5537 5408 5503 5678 5109 5008 5786 5978 5470 6038 5865 5657 5305 5266 5286 5924 5493 5110 5478 5234 5973 5848 5583 5433 5531 5623 5402 5135 5307 5136 5486 5349 
5655 5886 5166 5819 5859 5267 5478 5359 4762 5608 5632 5479 5513 5515 5554 5565 5719 5286 5695 5167 5603 5192 5580 5623 5731 5716 5680 5509 5600 5610 5613 5075 5526 5033 5327 5581 5701 5688 5280 5281 5646 5354 5762 5606 5686 5552 5655 5470 5889 5391 5345 5679 5292 5372 5405 5482 5490 5668 5425 5796 5832 5149 5247 5674 5736 5481 5694 5428 5237 5785 5394 5611 5269 5597 5271 5378 5701 5438 5514 5843 5292 5658 5487 5439 4990 5609 5819 5384 5972 5410 5900 5190 5506 5701 5342 5536 5510 5295 5336 5341 6020 5349 5608 5608 5302 5424 5620 6186 5246 5403 5529 5472 5470 6014 5520 5487 5586 5697 5547 5674 5546 5702 5489 5424 5834 5900 5270 5588 5071 5406 5337 5309 5509 5443 5407 5639 5887 5141 5459 5520 5486 5426 5454 5455 5204 5724 5181 5310 5697 4988 5022 5831 5383 4999 5578 5475 5886 5746 5048 5712 5544 5572 5604 5430 5207 5604 5648 5557 5468 4616 5533 5546 5245 5366 5550 5827 5406 5430 5257 5481 5655 5742 5713 5958 5752 5460 5657 6002 5608 5797 5621 5944 5415 5917 5504 5135 5363 5673 6028 5985 5909 5683 5729 5439 5796 5229 5591 5416 5156 5593 5394 5654 5437 5714 5457 5492 5366 5721 5802 5567 5862 5769 5207 5401 5413 5594 5409 5753 5053 5016 5997 6228 5224 6015 5868 5608 5023 5191 5087 5570 5678 5380 5250 5614 5787 5776 5439 5488 5604 5857 5186 5287 5247 4933 5512 5432 
5690 5656 4944 5439 5705 5180 5537 5030 4797 5375 5328 5438 5516 5679 5581 5624 5526 5261 5578 5108 5486 5100 5409 5442 5428 5730 5476 5088 5739 5126 5054 5071 5365 4877 5159 5289 5296 5844 5065 5347 5601 5063 5418 5702 5083 5302 5676 5257 5411 5158 5182 5291 5266 5065 5364 5163 5221 5425 5358 5561 5737 4981 5085 5503 5696 5354 5623 4908 5284 5118 5638 5630 5040 5302 4972 5418 5369 5163 5547 5559 5400 5374 5337 5133 4996 5323 5626 5371 5776 5388 5967 5115 5424 5435 5413 5487 5379 5178 5302 5300 5771 5487 5397 5380 5470 5218 5163 5943 5312 5369 5379 5344 5075 5778 5526 5490 5725 5416 5439 5916 5440 5389 5122 5136 5558 5457 5216 5324 5329 5655 5261 5160 5080 5041 5381 5457 5696 4899 5317 5249 5119 5642 5473 5783 5127 5727 5234 5099 5555 4925 5242 5291 5096 4940 5641 5663 5641 5441 4989 5531 5153 5140 5587 5418 5494 5263 5436 5475 5462 4444 5600 5704 5118 5435 5420 5518 5617 5290 5341 5530 5281 5492 5420 5808 5616 5172 5633 5732 5563 5652 5340 5786 5389 5681 5395 5096 5049 5591 5823 5445 5705 5613 5683 5459 5849 5365 5488 5614 5302 5577 5444 5595 5591 5424 5554 5048 5336 5570 5863 5274 5552 5560 5494 5388 5420 5577 5376 5242 5229 5060 5651 5748 5440 5801 5868 5545 5115 5246 5461 5698 5245 5014 5231 5319 5872 5978 5440 5387 5720 5541 5157 5370 5362 5199 5276 5374 
5747 5126 4844 5631 5693 5204 5427 5051 4583 5220 5607 5158 5224 5310 5404 5600 5617 5183 5451 5253 5491 4916 5248 5497 5483 5728 5280 5126 5305 5186 4766 5309 5260 5001 5103 5108 5547 5264 5113 5154 5521 5110 5531 5686 5247 5363 5276 5203 5417 5222 5285 5482 5469 5092 5250 5345 5412 5738 5338 5661 5773 4693 5043 5578 5416 5296 5511 4896 4959 5333 5404 5471 4975 5291 5099 5256 5471 5169 5189 5552 5183 5342 5442 5206 4959 5353 5597 5331 5352 5605 5906 5359 5337 5359 4992 5496 5209 5134 5102 5164 5548 5309 5660 5410 5302 5089 5509 5902 5036 5446 5540 5186 5081 5629 5315 5206 5256 5338 5566 5435 5208 5256 5189 5138 5540 5409 5244 5367 5201 5281 5330 5124 4991 5098 5158 5596 5740 5046 5356 5262 5052 5383 5093 5447 4883 5810 4930 5091 5408 4760 4921 5430 5201 4784 5471 5651 5819 5371 4843 5255 5440 5120 5545 5390 5097 5096 5369 5331 5300 4544 5559 5560 5062 5338 5327 5331 5094 5171 5032 5235 5407 5454 5481 5921 5238 5213 5505 5334 5177 5864 5414 5565 5260 5455 5070 5162 5098 5699 5799 5564 5799 5622 5376 5072 5574 5242 5443 5689 4988 5541 5163 5424 5268 5529 5247 5076 4935 5330 5374 5240 5318 5401 5318 5490 5521 5325 5208 5527 5051 4797 5802 5606 5340 5641 5791 5371 4994 5063 5050 5872 5168 5099 4826 5298 5731 5524 5414 5289 5409 5378 5002 5263 5136 5029 5265 4940 
5294 5582 4715 5090 5550 5116 5122 4954 4530 5295 5359 5038 4943 5125 5090 5331 5196 4926 5339 5034 5240 4838 5072 5126 5183 5254 5276 5225 5162 5275 4796 4926 5152 4593 4847 4924 5679 5484 4822 4911 5202 4975 5148 5509 4920 5288 5106 4822 5282 4945 5099 5193 5119 4965 4917 4751 5189 5317 5102 5306 5362 4890 4671 5319 5241 5088 5371 4893 5193 5187 5584 5279 4952 5061 4969 4960 5293 5099 5102 5164 5018 5025 5274 5124 4750 5066 5273 5146 5433 5283 5718 5043 5346 5245 5005 5520 5252 4854 4839 5023 5448 5348 5018 5221 5053 5107 4998 5603 4815 4839 5043 5099 4984 5418 5147 5144 4853 5384 5363 5502 5365 4981 5160 4855 5042 5304 5167 5130 4805 5097 5030 4987 5123 4826 5018 5366 5281 4546 4766 5012 4924 5152 4895 4881 4760 5487 5100 5034 5365 4360 4816 5299 5068 4804 5079 5118 5373 5178 4953 5330 5028 5152 5487 5336 5232 5111 5216 5346 5138 4466 5132 5244 4967 5414 5362 5046 5049 4879 5118 5047 4931 5239 5426 5626 5189 5088 5372 5406 5100 5250 5218 5383 5157 5290 5332 4894 4772 5342 5336 5302 5473 5203 5369 4929 5445 5105 5223 5188 4867 5178 5256 5347 5300 5398 5454 5234 4996 5324 5240 4963 5008 5179 5184 4906 5476 5247 5264 4880 4750 4582 5604 5469 5022 5337 5647 4971 4883 4997 5024 5530 4932 4901 5135 5334 5649 5486 5181 5102 5491 5426 5107 5034 5038 5029 5130 5026 
5664 5588 4745 5436 5922 5302 5247 5338 4649 5277 5363 5012 5322 5438 5192 5346 5569 5176 5741 5272 5608 5128 5436 5444 5472 5613 5207 5036 5194 5217 5271 5251 5535 4828 4996 5366 5772 5483 5057 5152 5604 5216 5551 5856 5338 5444 5301 5151 5279 4951 5297 5553 5270 5115 5064 5238 5333 5604 5130 5339 5578 5062 5042 5224 5263 5081 5793 5035 5173 5327 5614 5403 5153 5329 5002 5116 5185 4926 5037 5724 5161 5136 5433 5283 4900 5292 5447 5310 5519 5207 5999 5411 5234 5537 5094 5496 5213 4949 5016 5232 5702 5464 5273 5398 5275 5049 5389 5429 5003 5160 5220 5294 5279 5586 5410 5287 5140 5456 5466 5798 5446 5505 5273 5166 5504 5549 5302 5252 5170 5268 5178 5032 5202 5093 5341 5787 5386 4775 5378 5147 4953 5299 5289 5443 4883 5967 5274 5129 5375 4696 4901 5653 5184 4968 5581 5481 5610 5110 4934 5509 5324 5364 5683 5426 5319 5152 5353 5377 5368 4711 5114 5420 5127 5387 4972 5206 5457 5039 5233 5304 5407 5409 5443 5823 5276 5128 5541 5643 5386 5471 5538 5514 5031 5309 5267 5028 5005 5405 5820 5434 5802 5378 5502 5326 5851 5003 5549 5325 4859 5499 5160 5503 5426 5361 5473 5172 5185 5556 5597 5418 5454 5276 5381 5227 5330 5435 5247 5413 4934 4852 5851 5489 5395 5713 5394 5326 5041 5297 5264 5563 5219 4861 4958 5546 5714 5595 5417 5303 5437 5586 5379 5234 5447 4990 5289 5059 
5271 5250 4898 5475 5414 4762 5022 5085 4481 5251 5172 4788 5143 5062 5131 5424 4896 4848 5084 4947 5336 4918 5185 5229 5081 5294 5143 5101 4971 5117 4931 4984 5139 4766 4999 5089 5350 5096 5034 4898 5352 5044 5354 5366 5127 5172 5189 5040 5053 4750 5125 5128 5147 5092 5038 4867 5104 5219 4717 5494 5375 4722 4518 5306 5167 4889 5321 4896 4821 5178 5477 5279 4996 4968 4776 4968 5445 4873 5518 5443 4918 5259 5127 4930 4607 5087 5219 5278 5366 5102 5504 4838 5035 5221 4941 4986 4950 4947 5055 4943 5427 5055 5156 5445 5075 5032 5059 5692 5063 4862 5251 5154 5020 5403 5115 5275 5144 5229 5333 5525 4883 5238 4903 4831 5269 5461 5090 5297 5099 5000 4864 4941 4993 4918 4735 5349 5601 4569 4992 5088 4968 4873 5129 5202 4856 5758 4877 4775 5071 4412 4757 5100 5273 4586 5041 5287 5504 5337 4331 5157 5300 4780 5125 5245 4915 5090 5232 5295 5058 4368 5156 5031 4795 5139 5399 4959 4793 4726 5051 4909 4961 5354 5080 5551 5102 4838 5139 5285 5250 5293 5006 5505 5017 5477 5375 5102 4973 5411 5449 5421 5194 5221 5416 4950 5461 4916 5560 5071 4402 5361 5027 5615 5243 5215 5431 4828 4907 5317 5387 4988 5269 5065 5061 5010 5220 5409 5075 5461 4939 5023 5382 5719 5052 5703 5705 5349 4849 4942 5001 5308 5253 4826 5107 5187 5553 5585 5192 5260 5143 5447 5045 5014 4999 4900 4869 4879 
5574 5400 4788 5183 5458 4824 5175 4811 4770 5385 5221 5157 5214 5520 5504 5291 5446 5127 5523 4817 5326 4891 5427 5237 5076 5369 5293 4922 5227 4988 5095 5286 5043 5022 5150 4833 5231 5111 4946 5090 5001 5260 5287 5436 5126 5180 5119 5070 5283 4950 4858 5210 5071 5028 5011 4942 5326 5469 5139 5709 5290 4690 4753 5295 5507 4985 5147 5102 4854 5168 5265 5438 4889 5054 5100 4996 5219 5074 5268 5373 4935 5303 5263 5091 4668 5096 5211 5039 5364 5361 5654 5152 5305 5483 4968 5254 5121 4913 5062 5077 5667 5043 5220 5464 5156 4961 5553 5547 4999 5220 5281 5139 5082 5528 5181 4890 5223 5424 5346 5586 5246 5019 4985 5051 5375 5419 5081 4998 5081 5328 5252 4848 5029 5080 4978 5367 5521 4625 5128 5219 5067 5044 4930 5232 4901 5468 4955 4875 5395 4604 4690 5381 5225 4702 5153 5278 5425 5201 5020 5210 5193 5086 5301 5267 4985 5218 5268 5350 5160 4500 4854 5380 5144 5239 5199 5364 5098 4891 5267 5224 5248 5364 5242 5721 5406 5191 5339 5408 5426 5334 5292 5379 5254 5375 5073 5133 4811 5373 5632 5339 5584 5316 5567 5299 5444 5043 5381 5243 4967 5429 5097 5220 5564 5276 5002 4950 5116 5503 5196 5046 5105 5105 5234 5003 5450 5526 5163 5406 4978 4720 5638 5633 5179 5546 5712 5171 4873 5143 5151 5391 5100 5046 4822 5288 5532 5323 5148 5363 5260 5237 4948 5024 4955 5067 5237 4972 
4972 5283 4471 5193 5255 4906 5131 4863 4396 4964 4908 5045 4987 5182 5231 5197 4843 4823 5122 4852 5148 4629 5048 4922 4921 5106 5002 4791 5312 4776 4538 4928 5287 4641 5063 5096 5109 4980 4756 4798 5134 4844 5244 5169 4935 5164 5167 5203 5244 5214 4836 5084 4742 4851 5126 4947 5083 4945 5049 5233 5381 4587 4469 5278 5421 4751 5009 4924 5024 4801 5289 4972 4871 5140 4703 4895 5303 4788 5148 5277 5190 5174 4910 4630 4531 4962 5071 5108 5128 5072 5398 4827 5288 4778 4996 5232 5017 4652 4848 5087 5256 5041 4833 4989 4943 4950 5410 5134 4912 5158 4931 4957 5024 5615 5114 4883 5145 5283 5081 5234 5136 4890 5091 4814 5147 5150 5080 5088 4945 5029 5004 4576 4927 4686 4892 4947 5384 4714 5212 5133 4794 5021 4950 5110 4707 5297 4766 4390 5058 4773 4727 5040 5022 4439 5249 5167 5379 4760 4655 4862 4953 4784 5056 4993 5153 5043 5082 5190 4882 4208 4956 5446 4828 4969 5022 5135 4930 4717 4904 5525 4985 5222 5228 5370 5281 4771 4869 5276 4980 5226 5065 5347 4827 5317 5022 4967 4664 5015 5429 5079 5086 4985 5383 4794 5324 4721 5259 4882 4694 5628 5209 5045 5249 4904 5048 4893 4825 5384 5078 4992 4915 5054 5124 5110 5263 4825 5177 5135 4576 4685 5158 5359 5086 5264 5419 4988 4822 5098 4839 5102 5109 4832 4838 5023 5357 5267 5137 5154 5050 5255 4802 4924 4863 5171 4923 4719 
5512 5819 5072 5713 5615 5379 5301 5278 4800 5650 5387 5379 5512 5587 5535 5304 5378 5003 5576 5019 5678 5269 5662 5363 5503 5674 5441 5249 5550 5390 5281 5266 5352 4939 5206 5560 5826 5859 5045 5177 5690 5156 5495 5556 5425 5319 5408 5170 5644 5241 4976 5554 5062 5498 5224 5147 5308 5579 5104 5561 5875 5220 4715 5635 5723 5438 5611 5361 5122 5414 5609 5389 5391 5148 5032 5294 5654 5302 5278 5711 5086 5672 5350 5188 4805 5357 5554 5260 6002 5320 5729 5263 5719 5576 5518 5421 5299 4865 5249 5224 5654 5470 5527 5463 5349 4969 5525 5942 5437 5315 5551 5287 5515 5740 5375 5120 5387 5712 5762 5797 5588 5584 5453 5149 5557 5758 5492 5268 5230 5425 5403 5302 5526 5157 5378 5372 5743 4809 5480 5291 5119 5356 5324 5615 5116 5753 5272 5163 5555 4966 4972 5373 5291 5023 5410 5482 5812 5412 4975 5496 5332 5102 5671 5473 5299 5645 5506 5469 5476 4680 5324 5604 5166 5418 5473 5894 5602 5127 5342 5430 5560 5661 5570 6001 5523 5075 5628 5645 5547 5658 5394 5764 5317 5709 5398 5332 5272 5738 5487 5507 5924 5548 5609 5161 5605 5220 5497 5482 4911 5645 5374 5671 5474 5451 5531 5096 5092 5633 5925 5296 5334 5437 5523 5410 5534 5766 5308 5617 5182 5084 5661 5713 5438 5697 6089 5609 5206 5324 5483 5612 5672 5316 5466 5367 6025 5999 5774 5572 5687 5645 5214 5640 5136 5275 5378 5406 
5308 5172 4580 5434 5563 4672 4955 4788 4321 5022 5337 5028 4970 5206 5189 5377 5153 4700 5288 4948 5139 4800 4954 5010 5270 5408 5185 5066 5236 5220 4929 5058 5174 4910 4884 4958 5385 5500 4940 5103 5323 4944 5239 5287 5015 4984 4917 4834 5371 4795 4836 5099 5098 4940 4908 5079 5592 5376 4937 5291 5690 4701 4668 5272 5319 4925 5252 4903 4883 5160 5390 5482 4865 4957 4808 5254 5265 4863 5149 5284 4934 5353 5226 4853 4777 5047 5025 5051 5322 5073 5431 5127 5313 5240 4909 5220 5175 5125 4961 4866 5308 5075 5059 5160 5398 4776 4988 5486 5007 5023 5061 4796 5041 5480 5125 4832 5238 5417 5166 5643 5060 5120 4845 4866 5355 5266 4911 5089 4755 5111 4977 5097 4874 5011 4938 5279 5190 4641 4810 5205 5076 5069 5052 5311 4690 5320 4844 4672 5131 4572 4687 5161 4911 4660 5035 5204 5496 5095 4669 5257 5056 4893 5161 5199 5137 5063 5476 5143 4949 4396 5062 5305 4811 5409 5308 5300 5118 4848 4877 5096 4878 5260 5209 5463 5023 5162 5244 5271 4999 5282 5245 5318 5088 5455 4929 4739 4888 5471 5612 5338 5560 5330 5473 4930 5685 5008 5608 5113 4902 5195 4993 5209 5201 5338 5122 5032 4940 5524 5246 4953 5180 5069 5254 5039 5443 5156 5010 5106 4808 4621 5502 5302 4897 5432 5515 5022 4705 4962 4967 5421 5305 4761 4936 4945 5477 5562 5022 4846 5415 5272 4880 5129 4475 4994 4858 4934 
5636 5636 5001 5746 5584 5310 5382 4939 4733 5535 5557 5192 5619 5321 5194 5390 5398 5094 5572 4878 5654 5130 5385 5275 5576 5365 5172 5155 5510 5361 5322 5368 5480 4657 5184 5251 5753 5571 5165 5063 5285 5083 5492 5490 5397 5564 5228 5047 5542 5042 5314 5417 5226 4878 5164 5120 5552 5351 5102 5598 5682 4895 4524 5559 5573 5257 5375 4915 5032 5364 5682 5461 5334 5110 5030 5106 5586 5062 5522 5451 5219 5213 5248 5167 4915 5496 5416 5372 5649 5328 5612 5066 5561 5403 5455 5441 5335 4907 5170 5100 5699 5397 5472 5578 5223 5218 5306 5899 4987 5248 5375 5240 5298 5631 5140 5245 5289 5518 5490 5843 5225 5451 5223 5001 5659 5795 5251 5156 4908 5597 5216 5081 5021 4930 5225 5516 5676 4800 5290 5189 5218 5170 5271 5622 4953 5709 5182 5046 5368 4529 5104 5415 5159 4842 5712 5399 5497 5475 5021 5679 5597 5147 5375 5367 5143 5213 5523 5404 5536 4628 5330 5623 5125 5598 5174 5478 5464 5051 5284 5542 5127 5367 5616 5823 5279 5347 5210 5571 5425 5639 5345 5412 5377 5502 5261 5107 4992 5489 5980 5632 5506 5267 5576 5202 5559 5209 5569 5394 4798 5683 5479 5485 5270 5515 5449 5093 5170 5475 5731 5318 5347 5240 5535 5200 5443 5186 5187 5339 5058 4996 5677 5878 5377 5707 5767 5365 5114 4934 5181 5548 5227 4832 5102 5485 5752 5687 5410 5491 5557 5422 5388 5295 5197 4939 5227 5105 
5394 5524 4950 5343 5482 5095 5322 4940 4800 5295 5380 5330 5273 5328 5221 5552 5257 5060 5502 4795 5204 5133 5297 5163 5231 5678 5540 5220 5501 5334 5204 5242 5352 4694 5053 5164 5710 5627 4733 5097 5216 5167 5257 5587 5344 5230 5272 4960 5374 4997 4926 5326 5048 5020 5147 5000 5253 5301 5103 5492 5472 4747 4787 5638 5495 5159 5464 5192 5011 5286 5277 5256 4938 5254 4984 5035 5548 5007 5319 5625 4841 5340 5331 5169 4872 5181 5191 5028 5706 5264 5713 5186 5340 5158 4951 5233 5248 5110 5044 5362 5461 5374 5141 5587 5376 4697 5428 5700 5147 5010 5399 5132 5209 5742 5430 5397 5328 5398 5644 5651 5021 5492 5048 4991 5616 5404 5047 4922 4849 5429 4950 5023 5118 4941 5161 5363 5568 4985 5492 5508 4964 5173 5136 5372 4713 5502 5109 4819 5319 4670 4879 5521 5103 4777 4831 5327 5525 5474 4946 5421 5109 4886 5081 5164 5079 5358 5275 5452 5245 4537 5144 5423 4969 5269 5418 5357 5380 4983 5085 5154 5084 5265 5482 5666 5234 5204 5097 5440 5321 5604 5157 5444 5224 5285 5126 5042 4956 5362 5758 5553 5646 5419 5351 5176 5430 4911 5401 5354 4918 5397 5144 5452 5354 5284 5178 4979 4888 5199 5295 5033 5400 5395 5268 5386 5427 5226 5158 5342 5201 4939 5420 5563 5290 5593 5590 5278 4862 4894 5273 5481 5055 4871 5260 4878 5427 5664 5384 5150 5527 5515 5048 5130 5181 5117 5259 4725 
5999 5833 5006 5964 6212 5291 5706 5455 5182 5641 5777 5554 5568 5640 5816 5787 5731 5317 5702 5503 5776 5389 5722 5605 5629 5846 5699 5377 5829 5730 5309 5554 5350 4936 5605 5592 5955 5765 5284 5384 5918 5521 5654 6063 5707 5878 5670 5324 5632 5213 5354 5722 5652 5572 5495 5416 5709 6056 5365 6132 6136 5322 4925 5954 5683 5494 5851 5519 5726 5657 5778 5641 5406 5439 5465 5303 5730 5545 5727 5665 5541 5891 5446 5649 5134 5627 5634 5565 5843 5683 6085 5341 5751 5605 5512 5619 5558 5410 5444 5473 5943 5631 5716 6018 5734 5256 5585 5885 5726 5485 5730 5495 5546 6072 5831 5541 5479 5785 5628 6251 5484 5916 5390 5363 5839 5822 5846 5606 5491 5950 5540 5586 5545 5421 5688 5689 5835 5090 5685 5405 5202 5269 5593 5834 5100 5790 5376 5334 5609 4926 5219 5785 5365 5107 5688 5731 5975 5554 5196 5702 5639 5205 5436 5621 5561 5622 5586 6000 5539 4834 5716 5733 5535 5498 5611 5750 5802 5484 5267 5886 5520 5665 5641 6240 5666 5406 5516 5838 5708 5747 5739 5775 5715 5880 5602 5641 5257 5919 5846 5912 5870 5614 5958 5411 5864 5362 5614 5740 5176 5941 5335 5927 5648 5626 5827 5631 5329 5852 5840 5492 5620 5469 5691 5458 5633 5644 5576 5590 5108 5181 5828 6361 5721 6002 6128 5771 5255 5418 5528 5855 5607 5300 5416 5592 5790 6034 5611 5590 5784 6180 5643 5390 5364 5375 5383 5424 
5564 5707 5004 5917 6053 5322 5425 4966 4920 5561 5414 5437 5371 5721 5751 5468 5643 5293 5403 5282 5661 5194 5416 5499 5302 5638 5432 5422 5781 5483 5351 5448 5629 4998 5046 5399 5736 5746 5064 5014 5847 5264 5675 5693 5603 5331 5454 5298 5628 5166 5346 5504 5349 5323 5416 5339 5700 5596 5347 5985 6138 5150 4872 5704 5567 5552 5448 5340 5502 5595 5471 5569 5061 5125 5125 5302 5568 5159 5344 5422 5146 5559 5566 5174 5093 5297 5537 5654 5828 5456 6133 5190 5646 5346 5452 5631 5416 5056 5088 5345 5601 5647 5685 5613 5477 5335 5563 5770 5578 5352 5400 5415 5167 5736 5465 5164 5531 5661 5618 6027 5356 5473 5082 5291 5597 5684 5349 5273 5268 5597 5475 5402 5284 5059 5386 5820 5621 5134 5361 5630 5324 5196 5216 5464 4903 5609 5108 4978 5292 4753 5093 5407 5130 4806 5644 5699 5937 5503 5014 5858 5394 5109 5449 5424 5282 5459 5620 5433 5158 4356 5561 5403 5338 5423 5370 5703 5689 5138 5208 5540 5519 5288 5654 5916 5562 5197 5638 5659 5408 5690 5304 5661 5353 5601 5295 5337 5300 5821 5820 5616 5740 5488 5852 5201 5859 5097 5656 5567 5071 5544 5382 5655 5564 5570 5538 5628 5275 5828 5559 5235 5527 5637 5366 5387 5430 5583 5121 5433 4954 5045 5757 5830 5636 5782 6008 5411 4914 5301 5376 5654 5406 5196 5185 5322 5741 5744 5443 5558 5825 5714 5057 5331 4927 5220 5172 5125 
