9 83 0 54 127 77 12 85 192 82 22 40 150 116 42 6 2 94 15 12 110 143 36 47 29 64 35 67 5 237 66 99 46 0 71 0 8 8 60 58 69 65 3 101 20 35 25 2 109 48 84 24 19 18 10 37 28 0 116 0 0 0 0 18 10 0 0 165 0 34 24 32 95 0 145 134 97 1 47 82 10 46 18 106 103 18 0 0 49 0 18 11 4 47 24 32 0 17 59 108 84 73 54 2 4 35 99 10 32 78 23 77 86 32 0 104 0 66 82 81 44 171 16 107 42 75 174 197 8 61 12 30 134 46 0 94 28 93 118 30 5 95 20 194 16 0 32 18 8 151 0 53 145 76 30 56 18 57 30 12 45 9 68 30 14 42 58 26 21 0 94 24 11 126 32 10 28 0 25 0 110 27 25 2 27 42 46 95 91 18 42 48 18 79 50 18 55 15 6 49 7 40 20 46 78 0 127 3 108 16 32 42 72 24 72 7 80 36 27 51 40 86 45 55 20 87 77 0 20 71 44 66 130 39 0 71 11 54 52 61 24 97 17 72 0 94 94 51 24 110 123 42 29 10 81 42 
96 48 103 69 98 18 9 64 73 38 26 23 85 10 139 8 14 59 34 22 114 16 76 0 38 7 80 102 63 160 32 18 23 0 32 0 0 10 105 24 29 42 71 15 103 0 103 18 92 38 36 28 21 41 14 5 101 15 130 17 28 58 28 47 198 6 12 58 16 43 14 3 42 28 30 59 127 32 93 64 66 35 90 68 37 12 60 48 48 48 43 10 68 50 69 28 139 19 24 32 26 89 75 89 36 93 32 20 21 26 135 45 51 64 12 49 43 105 34 0 73 75 80 67 109 6 143 129 0 93 64 38 0 53 21 52 28 55 71 68 0 91 18 51 60 16 119 0 18 0 5 109 71 0 74 14 0 0 102 92 60 45 54 36 2 0 18 16 40 0 110 12 37 36 0 84 42 3 4 63 51 105 79 25 42 8 89 12 30 64 85 93 76 152 60 52 91 20 82 9 17 60 63 24 35 12 7 30 159 65 88 24 3 20 45 50 18 0 21 157 28 0 49 4 24 0 25 42 108 95 0 81 34 18 0 98 32 0 4 10 88 95 66 94 77 36 20 79 0 3 92 0 87 39 10 42 
66 81 61 19 35 22 63 79 173 7 44 58 69 41 54 12 13 98 48 24 75 67 35 41 181 5 87 94 79 82 96 61 45 63 20 38 63 44 63 23 83 48 71 92 0 5 119 0 59 79 42 14 85 85 0 29 70 127 18 63 137 0 27 108 160 6 93 51 168 0 57 100 66 107 0 47 12 29 140 5 3 6 32 52 2 83 59 42 143 42 144 46 45 0 72 74 111 66 74 0 0 137 96 84 57 115 81 4 99 105 109 26 108 48 76 14 80 64 53 32 88 132 103 82 111 74 114 52 110 44 18 44 33 93 53 155 0 0 10 51 21 71 32 67 112 105 118 137 0 83 161 76 40 26 78 113 43 35 2 56 35 42 63 40 68 30 41 96 14 117 102 55 57 80 63 15 75 50 104 163 16 216 87 48 80 68 35 12 27 60 53 40 97 0 161 0 73 8 55 48 27 21 6 42 24 37 90 77 231 0 22 0 63 20 45 16 21 11 0 76 73 30 11 16 104 24 92 144 103 30 42 98 43 69 72 8 43 0 56 7 73 116 6 34 52 12 62 0 22 0 12 62 0 32 18 99 
231 69 70 141 42 66 36 70 36 36 16 6 310 57 87 80 80 111 147 156 149 0 67 59 84 7 57 48 99 48 135 34 44 20 133 3 32 78 14 120 135 54 177 9 149 125 88 111 161 100 77 42 26 23 8 0 133 18 66 24 0 114 54 36 24 79 4 89 133 92 148 81 76 120 76 206 123 165 36 119 129 63 90 6 162 87 38 74 123 0 92 94 80 64 35 122 100 56 142 143 74 72 3 39 54 101 0 0 0 152 78 6 73 27 94 99 158 80 119 172 34 130 54 66 0 143 87 72 22 48 170 0 97 44 32 124 81 0 38 72 0 63 38 193 12 63 54 4 18 70 0 6 29 100 107 134 10 27 53 49 46 0 48 125 114 0 0 138 142 24 165 99 84 174 8 0 74 0 0 0 99 9 32 114 65 182 151 64 124 105 77 75 63 69 40 96 89 89 189 109 43 189 66 172 85 41 254 12 24 0 0 96 61 68 49 86 76 0 69 0 15 50 36 136 0 0 245 48 0 60 188 69 120 97 0 131 86 145 30 81 0 96 67 32 32 49 162 131 192 30 108 49 99 119 93 84 
112 70 221 138 27 117 32 196 89 149 70 0 66 76 56 96 54 36 0 131 72 58 99 37 107 4 128 92 117 126 18 57 169 49 102 66 32 16 22 37 105 120 72 103 136 46 106 137 127 112 9 20 0 116 60 190 139 33 153 24 50 60 46 65 21 20 61 68 175 48 129 72 28 75 100 81 13 107 31 83 27 84 0 21 20 145 24 56 101 55 89 18 35 51 35 9 101 105 135 71 20 67 128 81 56 63 56 12 48 82 16 0 50 76 41 48 115 40 48 63 110 37 84 71 144 24 40 46 101 9 58 48 35 26 182 0 44 197 56 103 72 129 106 83 15 96 24 9 3 39 53 52 32 59 81 28 96 90 125 122 34 90 82 84 90 0 133 25 121 93 32 0 80 131 30 72 18 68 50 0 58 54 71 195 151 141 87 91 38 25 20 169 45 34 106 0 179 30 93 0 101 48 17 110 55 3 171 55 26 6 72 78 5 123 178 74 33 73 45 98 58 41 40 24 96 120 50 15 0 172 54 37 197 105 45 66 113 6 79 26 74 51 9 74 64 24 120 60 75 121 159 102 10 68 87 110 
0 42 54 98 65 72 9 0 83 24 27 64 48 77 2 45 12 145 36 18 21 60 106 144 61 48 15 123 56 72 3 81 4 63 51 61 63 27 45 33 26 7 32 128 0 3 119 28 24 40 48 28 44 43 107 45 2 77 13 37 4 54 12 22 63 4 62 133 0 0 56 38 27 8 12 121 30 0 94 82 29 12 22 84 79 73 36 0 83 55 92 20 0 59 77 130 135 0 74 54 54 127 47 58 9 93 96 123 14 15 4 45 36 32 38 40 49 147 40 16 26 204 67 54 67 32 16 107 63 18 6 6 44 126 24 126 58 2 74 53 114 79 34 33 153 20 76 86 129 159 50 42 6 73 121 24 142 117 64 38 54 58 98 28 87 11 103 69 16 92 3 87 31 31 24 68 40 30 56 3 155 136 55 0 42 4 15 56 0 56 65 108 141 30 40 23 0 0 136 62 60 21 16 63 14 11 29 30 99 34 100 0 26 105 52 60 8 44 46 76 12 12 56 57 57 48 149 145 0 119 72 66 49 23 0 107 0 42 145 118 137 73 78 11 9 29 58 154 18 87 37 132 15 144 0 30 
25 133 48 87 23 57 0 68 76 51 91 152 62 36 6 98 9 0 112 16 10 83 10 57 0 23 28 27 9 4 42 78 27 24 25 112 3 47 0 8 57 40 36 15 2 3 25 24 42 5 20 28 53 12 6 113 16 193 24 114 40 26 60 0 42 9 24 36 152 60 89 30 133 0 73 18 8 0 5 40 112 56 0 0 30 164 56 22 95 24 26 25 83 1 0 9 20 20 43 20 30 19 145 44 8 29 49 97 0 83 118 0 53 95 25 57 85 24 91 88 14 107 5 40 27 52 60 45 50 77 14 0 64 15 64 198 3 12 76 16 63 54 90 37 0 33 21 12 108 89 27 65 16 10 66 91 46 81 75 71 136 32 5 6 126 118 33 36 43 10 36 0 28 0 3 6 0 70 35 90 54 5 42 15 68 54 12 3 41 0 39 41 100 25 74 12 91 117 16 128 93 0 99 93 39 20 62 1 2 76 18 21 57 60 22 33 6 26 27 31 102 19 14 46 131 118 111 18 48 96 104 16 15 68 76 82 54 0 32 18 35 46 82 62 62 77 22 81 47 74 29 104 24 69 24 26 
0 0 39 0 0 0 54 0 24 38 0 72 18 45 53 0 34 46 146 0 28 27 0 0 3 16 63 30 0 105 125 5 27 16 26 0 28 13 3 36 69 14 54 97 54 72 111 44 82 19 105 120 96 30 49 52 112 38 0 63 48 45 5 0 59 12 39 36 18 54 0 6 24 0 0 0 0 0 32 76 30 0 0 63 19 18 22 0 96 75 74 0 24 16 57 68 192 14 54 15 105 10 72 32 102 45 24 33 58 0 8 18 58 0 63 21 63 42 66 18 0 73 0 0 20 82 69 27 0 73 0 0 0 36 42 69 42 18 109 5 16 186 28 94 1 17 9 30 16 87 58 78 92 5 24 103 76 48 105 14 22 36 0 0 27 72 63 32 31 54 0 27 3 66 103 0 0 0 54 39 0 48 32 18 24 0 35 14 72 46 15 0 103 69 45 0 46 96 16 0 38 62 0 46 0 28 18 12 111 54 71 48 15 28 0 16 0 0 0 0 76 12 0 15 48 0 30 68 54 8 96 48 24 20 35 27 14 45 0 24 27 72 99 18 0 0 67 9 4 6 12 48 0 0 38 9 
0 84 93 37 36 58 0 124 98 82 41 24 22 45 71 20 38 110 20 2 57 34 69 33 0 56 49 0 63 166 112 20 144 115 9 10 77 0 7 35 57 59 52 34 56 42 52 72 42 0 0 81 60 81 20 141 66 88 14 25 145 137 20 8 49 0 22 62 116 0 34 44 0 29 4 17 34 0 2 195 76 59 1 81 14 69 37 75 38 33 49 9 45 45 44 84 2 123 35 62 0 14 13 73 158 89 5 7 52 71 0 0 53 24 77 42 107 43 15 108 85 70 104 76 125 17 45 33 0 67 71 25 12 15 49 29 20 38 67 13 120 90 84 25 20 24 24 121 43 16 7 68 27 54 80 133 29 62 30 43 43 12 0 0 25 71 169 72 17 3 21 37 88 74 90 9 47 94 44 42 69 10 55 9 18 21 68 0 34 47 15 104 164 78 73 119 193 22 45 29 1 62 23 122 110 2 36 7 28 16 12 139 30 15 112 70 75 66 81 5 37 47 14 21 141 0 84 84 6 116 83 142 54 9 45 58 29 24 68 0 55 0 99 36 18 3 64 67 8 133 114 21 60 45 61 7 
12 138 99 31 21 51 26 49 0 96 109 222 70 122 28 0 39 0 68 13 12 9 7 42 32 0 44 102 83 95 6 23 28 35 35 7 14 12 57 31 142 1 75 72 0 12 168 86 76 98 118 25 26 71 59 97 42 86 68 41 180 8 42 0 145 8 21 129 62 50 5 61 9 0 63 0 40 50 53 76 42 27 16 43 72 76 12 42 78 198 20 9 48 32 77 0 147 76 50 8 18 27 16 21 111 102 27 95 13 35 1 12 86 17 8 96 79 16 75 64 16 125 95 36 84 37 72 47 7 37 27 0 81 5 147 44 46 28 70 158 11 208 76 26 42 47 76 33 20 41 44 74 10 60 211 139 64 20 88 73 79 143 20 7 67 6 55 99 3 36 56 15 63 55 15 9 68 67 74 66 6 35 64 8 43 46 37 32 39 22 16 81 56 46 34 0 85 82 106 72 73 62 85 76 46 3 24 34 56 61 103 19 15 100 67 42 7 17 0 94 70 67 146 35 92 91 78 93 42 25 44 61 63 4 0 68 21 21 56 74 102 81 78 19 62 75 79 82 14 81 35 75 0 87 18 44 
0 53 9 112 45 0 9 129 46 65 112 69 28 0 0 0 24 45 47 0 25 8 103 40 57 0 43 46 25 15 0 104 157 6 48 154 72 113 21 116 35 54 14 20 82 54 6 10 132 35 35 72 56 109 27 28 56 164 0 14 35 86 0 63 137 0 69 151 33 32 0 20 15 0 71 62 20 23 0 81 94 93 15 32 6 36 61 29 161 36 36 32 179 188 53 18 31 91 60 19 32 75 69 112 0 73 33 0 99 52 48 93 72 146 44 102 174 45 0 97 50 96 21 77 35 126 116 107 90 33 88 43 111 103 99 8 132 28 67 39 0 35 72 103 3 105 0 0 79 54 0 45 24 61 100 138 83 27 180 106 68 48 41 24 20 23 108 28 14 0 95 36 92 5 104 62 45 51 63 127 32 22 62 112 12 0 137 39 0 47 63 61 98 74 66 35 9 0 15 174 62 93 7 45 48 9 10 45 40 0 158 96 9 46 70 23 62 0 52 0 71 16 4 6 104 19 65 69 29 106 0 66 68 38 39 125 25 0 81 43 129 98 19 92 63 20 104 179 91 51 107 36 72 0 47 7 
75 32 78 109 33 2 6 96 0 171 54 92 104 135 73 16 71 18 30 109 57 81 0 92 48 10 21 21 8 106 120 72 25 41 39 47 18 56 130 37 62 39 23 136 87 65 93 54 190 90 131 39 48 89 94 63 138 2 54 26 78 51 0 73 15 58 45 135 211 0 0 32 42 52 106 14 33 24 10 48 56 6 0 109 139 22 107 0 103 88 42 39 3 44 135 9 65 0 0 23 27 62 36 0 51 90 63 45 87 122 9 77 207 0 2 51 43 8 132 206 12 125 32 9 8 27 0 132 36 19 0 39 0 67 28 22 49 72 69 83 35 70 49 33 66 24 108 27 0 24 28 69 15 50 41 188 171 4 74 72 52 38 67 38 84 96 0 12 7 173 66 108 50 130 57 28 52 26 117 42 34 8 43 38 6 26 52 30 48 29 9 134 56 160 22 60 157 70 113 0 48 29 117 21 46 18 16 95 78 47 130 32 2 48 9 9 19 43 42 36 4 23 130 28 93 135 12 0 9 8 70 23 0 33 0 36 60 8 32 18 116 119 39 69 72 81 136 37 15 36 7 98 27 103 44 10 
126 64 81 14 0 22 54 127 115 0 28 27 121 138 9 0 59 265 76 50 66 14 162 76 32 0 123 18 27 162 81 134 20 120 108 20 0 129 36 42 133 62 45 24 10 6 0 18 18 90 77 81 0 81 66 93 147 3 20 8 126 44 24 37 75 12 18 44 95 9 90 75 95 191 5 80 110 0 95 115 74 78 20 117 4 54 21 89 150 138 127 0 9 7 12 81 0 8 161 66 40 9 104 144 72 66 0 14 168 72 160 56 40 106 25 150 158 75 10 87 131 142 114 86 168 99 81 72 32 75 33 41 0 18 0 108 32 108 162 34 108 52 0 51 113 54 66 164 75 42 24 25 66 167 0 84 90 176 9 64 143 2 77 35 94 75 109 38 0 177 71 7 112 149 120 8 63 45 18 114 99 24 77 135 134 26 136 64 8 40 119 4 106 66 85 107 90 18 0 33 77 92 81 16 51 0 28 30 54 16 36 0 107 38 57 90 227 93 118 57 0 12 12 35 97 70 180 94 8 123 93 100 30 86 63 82 10 47 108 0 32 32 42 28 23 27 86 15 37 78 21 4 66 8 58 88 
27 33 9 71 63 32 0 116 0 204 131 48 68 89 52 40 2 0 91 27 182 86 4 104 101 15 56 113 0 81 79 9 22 24 0 121 31 43 44 25 99 36 7 89 86 48 32 63 50 63 0 5 26 180 45 0 18 84 30 24 49 4 12 129 147 27 93 0 46 9 72 106 15 84 134 64 60 0 63 54 106 8 35 54 67 0 62 0 81 42 52 72 88 12 65 150 17 81 0 58 151 79 0 24 0 65 33 10 46 78 74 60 114 6 106 1 70 48 98 92 16 128 30 24 55 0 0 143 0 13 15 36 48 54 4 61 21 20 135 27 0 52 49 10 118 10 0 35 14 13 103 36 71 42 73 75 0 32 63 46 145 38 0 57 23 66 33 17 0 32 10 18 4 102 0 0 112 74 30 35 28 0 27 21 0 0 108 10 8 24 0 123 110 52 3 52 55 66 44 73 23 0 110 39 73 9 21 100 68 0 117 72 12 13 67 41 15 24 9 0 8 36 36 40 56 31 69 0 12 23 70 8 76 0 82 181 116 0 42 35 4 62 55 97 129 54 108 52 77 83 63 51 18 37 0 10 
0 54 38 37 89 24 93 20 128 66 167 88 155 135 39 18 29 104 93 124 68 40 93 28 78 33 177 74 87 71 32 128 51 0 74 10 101 27 30 65 95 8 101 37 35 49 84 100 177 5 84 198 64 21 59 12 56 163 65 81 0 0 86 108 20 48 3 112 108 94 218 39 101 27 115 49 0 54 46 112 141 40 91 8 0 33 33 81 42 4 108 0 144 56 42 140 48 67 16 51 58 69 0 33 15 87 147 0 72 49 57 207 157 12 43 42 56 0 51 120 200 91 118 72 44 139 75 143 85 24 18 4 0 94 35 109 51 30 0 92 72 116 14 131 24 202 114 201 40 91 178 38 0 16 28 62 36 140 99 8 123 26 18 41 20 33 21 41 14 87 0 85 105 57 120 28 4 30 153 131 0 55 120 154 33 74 16 143 42 24 200 43 166 0 89 48 25 84 53 162 85 62 12 76 112 41 35 78 95 0 138 50 82 28 104 65 179 18 86 81 293 29 58 56 82 94 26 63 251 62 59 75 36 24 16 24 172 19 43 128 16 162 51 0 54 24 0 106 8 40 52 167 60 42 36 0 
44 33 45 76 0 0 0 27 0 35 20 21 76 16 21 15 30 27 93 33 108 32 88 11 0 50 68 30 50 74 54 20 9 40 35 25 10 63 33 35 40 92 31 44 58 6 1 0 152 72 27 9 27 0 9 0 48 55 21 16 0 8 0 4 70 64 59 28 31 0 30 70 27 0 113 150 0 0 0 12 103 0 63 0 112 0 25 63 77 0 42 12 78 0 48 12 0 0 0 138 93 30 59 35 54 52 88 65 8 51 20 59 44 58 59 21 5 0 135 82 6 66 16 10 15 36 4 42 35 46 27 45 21 7 0 66 0 79 193 5 0 56 92 36 25 0 86 6 0 10 0 88 20 59 28 14 6 129 0 86 63 3 63 25 10 91 55 67 0 84 2 18 10 4 24 57 120 43 56 9 71 15 23 10 12 26 0 0 20 5 16 5 146 0 0 94 105 0 30 52 68 43 6 44 88 16 63 5 85 28 36 32 30 0 51 5 30 10 3 0 1 5 0 67 5 0 48 71 38 25 28 0 3 0 50 0 26 7 30 91 148 22 96 50 55 40 29 36 31 24 26 10 7 123 0 6 
64 18 4 72 120 4 36 90 0 149 76 18 45 74 79 42 64 42 89 50 111 40 8 22 0 111 44 117 96 70 171 88 88 24 70 40 0 7 32 94 159 92 102 71 85 60 20 45 95 79 6 0 4 67 96 51 48 33 6 20 32 0 108 102 45 8 0 56 110 135 60 32 74 53 18 39 8 14 86 56 120 0 12 35 68 29 31 64 126 63 62 13 16 0 15 128 184 54 24 60 54 17 35 20 28 134 96 0 14 10 22 0 90 0 66 6 18 46 56 107 97 78 56 21 46 0 6 110 5 26 50 28 28 0 39 35 68 73 7 0 72 150 0 120 36 48 0 44 0 0 0 0 49 107 23 48 24 69 48 96 8 0 0 24 11 0 16 103 110 0 0 53 52 45 1 30 80 0 57 70 14 72 0 53 24 64 0 80 54 0 40 66 106 18 126 12 135 2 49 100 113 74 7 56 8 36 73 69 27 60 73 53 24 48 58 24 172 25 49 88 56 0 23 26 53 0 140 57 66 91 14 0 48 48 104 118 0 9 13 88 106 21 16 42 0 27 87 0 72 0 62 71 72 14 10 20 
0 3 0 0 0 15 15 45 108 63 32 146 170 8 0 67 15 114 35 1 61 28 83 0 33 8 54 56 0 32 68 24 92 50 3 24 62 30 13 0 16 16 27 60 37 56 35 101 32 68 20 0 35 24 28 137 18 124 48 12 91 11 66 7 54 0 45 0 127 8 90 28 18 8 152 48 0 56 7 2 36 50 24 36 79 28 0 0 96 13 123 0 48 32 28 58 95 0 20 107 21 60 24 102 96 12 13 99 67 61 4 4 46 21 24 23 19 0 34 76 45 66 3 60 55 36 39 70 24 64 8 48 28 104 19 6 0 13 37 84 60 45 19 51 2 142 4 151 36 108 0 16 34 0 0 67 34 2 56 63 42 0 10 0 8 64 59 98 0 27 0 87 0 28 13 0 2 0 39 59 84 54 0 48 73 24 29 16 77 11 38 31 38 59 3 52 0 27 18 64 69 100 0 77 47 0 89 0 31 22 61 115 0 18 23 66 0 47 12 42 18 30 0 105 102 94 91 106 141 0 129 23 27 32 35 24 0 0 69 161 113 58 121 32 7 36 104 36 58 36 87 20 14 40 0 26 
30 16 57 77 12 24 14 90 71 100 71 32 182 98 28 149 65 106 80 12 193 42 28 114 83 20 214 102 65 81 3 92 54 21 59 0 9 50 6 0 16 99 108 35 150 0 162 54 128 9 81 45 72 122 26 18 74 145 130 30 54 167 20 56 98 104 26 78 42 78 40 155 123 54 63 78 11 144 104 30 258 63 108 0 84 82 21 53 79 28 38 14 54 150 66 81 195 131 101 63 167 41 32 96 65 138 45 43 10 343 30 28 32 127 175 91 46 42 128 58 156 131 138 128 18 92 119 196 93 83 79 175 60 39 36 115 85 52 23 85 89 166 63 152 5 120 137 75 81 47 178 189 27 124 128 42 104 70 72 68 34 84 97 54 39 12 40 49 139 28 24 9 42 32 27 38 106 36 71 129 100 80 50 96 35 56 113 9 25 0 34 27 126 39 125 0 84 39 135 129 21 38 45 81 46 6 119 28 43 50 74 16 0 7 42 63 141 61 12 220 153 51 168 184 76 4 42 70 8 154 52 60 20 81 0 77 15 28 14 54 160 41 117 74 102 18 0 184 183 49 35 99 0 89 42 124 
43 24 76 50 172 0 73 13 15 25 50 39 24 70 17 48 2 0 0 58 64 50 36 187 144 39 0 49 27 30 78 52 138 87 36 0 69 70 51 55 0 30 10 9 82 42 5 42 0 8 20 0 40 125 19 103 81 103 35 51 40 15 94 0 52 0 57 20 151 18 116 74 47 57 118 44 56 24 22 24 0 0 21 6 28 59 89 70 49 35 137 28 39 63 123 72 106 34 36 30 0 36 80 101 90 88 0 23 103 7 81 8 99 0 8 24 54 138 6 48 39 130 62 39 96 20 0 186 7 10 26 74 67 32 21 97 0 9 126 42 20 43 42 27 70 45 64 68 24 24 8 19 119 80 54 42 29 78 56 0 219 28 2 4 21 84 71 95 45 0 106 41 81 18 0 18 57 39 10 59 12 11 77 24 28 82 20 12 0 20 6 5 95 6 110 16 24 8 71 89 3 42 85 91 40 31 21 99 0 50 196 32 88 20 24 66 84 12 12 0 77 42 83 44 60 0 68 0 90 17 12 43 26 84 45 72 25 82 12 31 18 80 12 56 4 36 159 81 63 39 8 51 119 67 0 29 
85 9 76 36 95 54 32 95 66 115 12 61 68 85 39 90 124 106 91 56 112 30 36 130 137 6 105 16 53 149 19 12 70 121 35 52 78 113 80 65 51 0 100 75 29 18 30 157 119 172 56 64 91 71 16 55 41 84 113 27 56 31 106 84 12 0 21 136 69 94 93 109 74 44 23 130 0 77 39 17 42 56 24 80 77 16 86 32 57 60 82 14 28 4 19 95 7 65 88 128 42 84 92 64 17 14 63 1 47 87 42 80 1 14 51 72 76 72 6 38 98 14 76 112 111 20 75 211 120 51 81 2 129 0 65 303 26 57 91 48 43 5 72 84 54 42 125 57 21 42 1 15 59 105 7 27 19 93 75 39 46 0 30 36 8 0 155 138 91 75 0 28 80 101 36 33 7 102 63 57 46 12 46 113 6 93 89 139 0 47 69 75 26 12 129 55 60 49 71 130 20 6 59 22 105 0 87 69 62 54 128 41 79 0 26 40 111 93 54 34 5 3 111 6 83 109 10 20 91 140 40 7 6 31 45 92 98 30 68 0 74 33 9 75 0 91 24 133 85 87 98 0 142 70 63 62 
80 25 68 73 39 0 51 35 35 44 0 6 75 50 97 38 66 15 86 73 52 0 73 47 29 100 15 42 57 53 64 14 28 36 88 0 26 11 48 21 65 0 121 47 97 0 0 66 139 0 21 51 63 34 15 36 70 24 30 0 0 49 0 0 0 34 9 57 0 27 92 52 3 56 28 99 63 75 89 8 42 50 53 20 63 57 36 36 9 0 0 16 7 21 28 77 76 0 99 6 99 40 0 0 22 56 129 4 47 0 15 92 24 30 63 70 98 66 24 113 54 38 49 119 72 18 30 193 9 24 51 5 31 16 40 60 100 8 36 20 0 198 14 105 24 48 98 7 29 83 0 28 22 6 0 108 41 67 160 5 9 12 14 21 0 0 4 0 35 0 58 56 0 0 19 35 26 28 0 0 20 28 4 72 8 110 49 82 15 59 21 15 0 58 0 21 53 58 130 103 24 109 0 77 42 0 58 16 67 28 61 12 0 3 77 44 153 32 33 3 32 27 75 3 15 7 140 24 66 98 77 47 56 0 9 49 0 87 38 3 18 33 35 74 0 16 64 5 107 36 59 18 0 0 35 8 
63 49 59 56 100 0 64 94 20 54 65 0 24 18 44 27 15 90 116 34 64 25 57 61 86 6 54 36 36 5 23 27 18 67 136 40 40 72 70 0 54 0 32 24 53 0 54 55 138 0 0 137 8 70 68 17 51 95 40 3 60 103 21 0 52 36 86 89 79 16 40 93 73 70 90 14 54 28 0 33 0 92 126 0 0 63 123 0 6 52 80 161 0 49 20 14 63 0 32 0 3 88 30 122 44 7 14 63 138 38 8 137 141 8 131 42 143 0 24 0 18 30 28 68 16 51 87 128 66 64 0 88 90 194 9 34 14 21 24 0 0 0 103 0 46 144 26 0 35 104 36 85 0 62 54 102 21 61 43 0 57 48 0 38 126 27 83 75 42 59 24 75 16 18 40 78 18 84 102 40 48 104 0 54 2 54 25 0 28 57 69 60 0 16 99 20 50 33 61 77 2 0 0 62 34 0 90 3 0 30 24 48 10 10 96 63 72 5 55 0 68 134 91 68 24 0 18 0 0 53 87 25 52 54 23 25 12 73 0 0 14 57 34 107 54 48 81 49 15 38 72 0 10 73 12 81 
28 6 0 65 56 24 48 119 109 35 26 6 72 60 15 0 56 63 40 35 87 48 179 120 72 31 52 45 0 19 59 164 18 39 57 105 0 72 96 32 36 89 12 45 9 0 56 0 33 76 127 0 61 47 45 72 12 58 5 0 62 115 4 23 63 10 13 68 133 48 94 104 115 92 50 98 54 0 37 49 61 25 45 46 118 196 49 6 47 35 102 14 16 0 85 74 21 36 70 45 49 8 120 35 67 94 61 0 125 183 93 69 14 40 0 4 8 30 91 60 148 80 29 99 120 3 25 194 20 37 60 28 31 8 0 108 72 31 152 62 80 76 0 86 129 56 38 10 96 154 20 24 53 45 44 0 166 135 77 12 112 49 48 56 27 42 41 55 6 76 49 52 75 18 52 34 88 46 101 63 144 9 52 80 100 25 73 70 72 14 0 30 8 54 90 30 131 16 12 32 95 0 119 2 70 0 132 32 120 4 181 0 70 40 68 41 90 60 0 45 6 48 8 135 5 67 45 25 12 25 45 72 87 87 9 75 5 48 76 69 0 12 14 57 80 40 71 0 125 77 61 104 0 90 35 26 
0 0 27 98 0 42 0 0 80 12 6 28 113 79 48 0 21 8 12 59 9 0 12 24 156 0 0 126 0 42 9 6 0 6 15 62 81 0 42 0 48 0 0 0 0 14 27 40 30 24 69 0 16 54 0 28 0 119 93 28 40 14 0 19 16 14 54 0 20 16 43 37 103 21 60 56 42 0 25 18 14 0 8 9 51 63 72 10 56 12 44 0 27 24 117 62 0 24 47 27 0 44 0 76 0 54 54 0 54 0 54 18 0 0 30 20 25 12 39 75 30 21 0 8 36 53 62 18 15 30 6 26 33 21 0 144 18 6 62 41 56 19 0 0 0 0 0 0 66 63 59 18 5 27 70 54 8 22 33 18 27 30 6 0 32 60 42 28 12 6 67 0 38 9 21 6 24 0 0 0 48 42 0 16 0 83 72 41 0 48 65 27 83 6 27 10 0 0 45 48 0 0 106 21 35 48 34 12 36 12 27 0 18 2 0 7 88 0 38 63 73 0 30 0 71 18 97 47 0 0 63 69 12 29 0 24 0 18 49 9 54 48 0 95 0 43 16 0 86 118 42 17 0 73 0 85 
113 157 41 45 65 40 30 102 62 21 53 105 161 47 8 0 34 83 122 43 44 24 96 43 40 23 99 17 9 51 20 27 55 101 8 63 54 23 19 60 9 134 40 0 57 29 106 36 104 18 142 87 31 18 82 79 37 59 46 85 75 62 3 142 105 15 33 78 45 72 108 0 49 94 0 44 52 63 40 107 96 28 14 56 45 66 25 3 144 90 33 0 0 16 50 45 79 63 77 21 28 68 64 24 47 35 60 20 44 15 72 52 23 52 0 51 24 15 0 137 0 91 65 0 50 69 116 72 45 97 47 76 28 27 39 222 26 0 60 30 32 32 0 73 18 105 67 0 99 0 165 93 22 28 74 97 90 150 89 23 77 48 48 52 87 25 0 113 62 0 21 64 66 125 45 0 94 20 64 105 62 45 28 25 100 64 70 132 35 44 42 7 119 34 6 18 0 135 145 85 32 28 49 65 23 35 88 128 4 63 87 0 134 140 0 3 61 71 0 90 93 0 44 58 65 93 51 41 33 80 25 2 20 34 0 40 83 9 77 48 4 32 82 24 0 72 94 151 20 92 56 0 24 96 62 85 
74 45 0 260 37 45 28 68 19 0 54 30 123 89 23 45 65 17 145 96 95 38 63 75 42 58 130 101 5 66 13 30 59 3 31 1 72 48 12 49 63 36 84 16 60 69 120 54 132 8 25 53 36 42 100 64 36 33 127 27 6 98 0 119 27 36 11 41 34 57 158 14 51 6 7 100 56 49 45 101 68 0 24 24 15 143 56 0 180 0 72 24 97 46 0 192 66 9 32 26 108 57 93 37 0 80 103 0 20 54 40 74 27 41 40 54 110 40 31 152 34 33 26 66 10 46 68 42 25 59 74 7 10 35 35 4 76 6 84 10 0 80 0 170 4 74 18 54 0 10 43 30 37 71 10 27 0 66 60 26 79 28 6 87 48 38 69 34 5 37 33 89 99 18 27 12 107 0 85 98 0 63 133 85 26 87 36 136 6 39 14 74 138 0 82 0 81 46 155 145 57 46 0 123 24 35 54 56 92 0 67 32 54 33 14 72 62 16 36 14 103 15 53 13 17 45 96 16 0 83 84 73 12 12 4 25 166 28 0 6 34 61 13 48 42 20 63 133 140 88 42 73 53 0 0 70 
48 84 62 60 122 7 93 46 7 126 64 2 14 162 6 74 0 58 54 22 99 47 17 170 0 51 100 31 71 27 0 32 72 22 137 0 63 49 56 121 89 61 91 119 98 36 144 55 124 28 77 109 8 97 18 99 114 61 63 18 24 24 15 0 32 78 58 90 52 108 83 0 81 29 5 6 6 63 63 84 56 61 48 0 89 0 32 44 78 6 60 31 7 65 28 26 121 0 56 46 70 59 72 82 4 91 91 12 0 65 60 27 49 54 55 14 121 30 37 133 174 89 119 0 14 65 49 85 133 51 72 5 29 14 52 0 108 28 112 67 73 211 43 33 83 116 114 78 0 45 37 0 8 56 79 84 102 68 3 56 80 41 58 80 56 0 57 45 19 72 45 30 28 79 76 2 10 35 82 90 93 32 5 83 37 15 98 112 33 136 68 111 63 70 27 60 16 118 108 87 157 42 6 104 82 12 67 51 23 0 12 24 125 95 38 108 51 4 199 38 136 24 66 0 117 121 106 30 24 79 117 67 54 16 29 34 6 67 8 54 166 101 29 95 18 73 35 86 56 8 70 139 0 91 36 55 
58 4 50 148 0 18 0 134 28 18 102 13 15 24 40 4 93 9 73 72 102 112 54 91 104 0 15 84 118 40 36 24 48 59 105 87 54 18 24 88 5 75 20 9 30 53 87 16 129 21 13 7 28 85 0 24 51 72 72 94 9 123 3 73 16 36 113 78 103 0 80 33 12 6 64 76 47 42 9 119 72 33 44 7 169 54 28 52 7 0 62 6 3 38 56 54 72 12 69 0 0 64 88 81 0 48 72 0 88 48 44 0 21 52 86 26 144 8 0 102 91 57 0 78 6 24 73 135 8 18 0 66 55 0 17 44 24 27 24 61 0 0 40 162 142 114 2 8 81 0 40 144 29 1 68 4 20 46 38 8 125 58 50 93 30 10 104 99 21 11 71 0 64 87 0 111 20 0 0 79 115 52 151 43 24 57 149 108 0 52 28 20 20 36 114 81 30 0 202 48 86 0 0 123 59 20 69 139 45 6 48 6 6 28 63 57 41 0 101 0 95 34 10 32 120 0 12 0 7 78 36 107 90 150 0 52 81 38 4 27 0 0 97 7 12 48 128 46 7 42 30 6 62 0 12 4 
157 0 57 331 68 20 58 140 0 3 192 49 71 119 90 122 123 0 126 149 156 44 0 140 128 8 124 114 81 73 36 155 43 56 93 81 95 86 42 74 183 214 101 18 29 18 42 36 227 42 32 163 73 126 25 78 58 24 99 9 81 8 0 201 87 24 8 60 67 73 152 12 152 48 28 78 38 147 13 145 52 0 118 97 50 105 113 40 111 36 99 39 7 99 3 71 94 12 0 0 35 102 0 40 16 18 72 0 76 9 22 36 35 0 142 66 139 0 9 51 160 24 64 81 0 75 94 183 11 127 3 42 35 153 55 123 32 111 5 40 7 48 18 211 32 57 0 14 20 8 48 73 79 34 67 42 79 60 109 78 38 64 10 86 129 40 113 77 126 85 8 140 200 3 0 78 96 133 54 0 39 129 284 87 68 117 95 114 7 28 80 21 42 48 115 9 93 9 166 171 52 2 35 110 42 91 64 187 86 20 210 24 24 88 71 72 245 42 132 53 121 95 69 88 9 63 49 0 85 100 110 20 36 110 66 49 217 80 21 95 10 20 81 40 87 6 176 40 63 21 46 28 37 56 18 18 
49 125 97 200 52 71 27 67 161 132 0 135 77 95 37 72 18 63 89 18 42 0 64 134 8 8 24 21 64 83 109 20 93 50 0 63 33 24 101 55 27 15 87 56 32 36 107 63 51 0 174 0 54 73 5 63 21 23 9 117 48 50 21 8 84 84 12 169 95 7 35 77 16 39 66 97 0 64 96 99 56 49 43 67 0 33 76 62 166 93 105 61 20 2 81 0 87 61 85 100 27 34 18 65 114 198 0 0 90 57 92 36 70 6 6 117 48 126 30 90 45 163 66 73 56 62 27 123 59 10 5 21 35 82 8 136 18 0 172 32 0 33 34 57 0 83 56 47 102 103 42 62 55 96 71 150 108 105 124 50 138 97 21 12 4 54 89 3 108 87 27 5 118 64 54 111 48 20 27 259 91 108 111 0 44 36 36 25 6 17 0 68 73 36 96 0 120 137 146 69 0 18 117 35 18 6 75 28 43 123 51 24 75 42 64 81 24 113 72 7 148 46 42 0 24 81 18 93 77 138 56 21 32 0 45 74 0 9 48 2 54 93 27 55 32 75 126 204 83 78 109 177 24 63 30 50 
0 48 103 52 20 4 0 104 107 86 99 48 88 0 0 0 35 54 81 17 77 13 27 6 68 0 23 63 6 102 6 8 0 14 9 76 81 0 0 0 16 48 10 101 70 0 63 0 6 51 120 135 58 59 55 0 69 100 0 27 143 111 42 67 114 0 132 7 0 12 0 105 108 53 0 41 20 36 49 91 3 0 6 54 0 30 32 20 77 96 18 0 35 54 135 27 113 28 7 0 54 63 16 72 92 131 0 60 70 44 101 0 50 0 99 89 8 0 26 64 66 0 19 0 21 20 81 73 62 3 133 127 76 80 102 52 68 11 0 64 11 63 0 16 7 121 36 83 10 54 42 19 54 9 82 62 24 69 56 20 27 110 8 0 53 4 0 170 54 8 0 55 0 5 7 9 159 32 0 65 20 113 44 74 0 58 24 27 29 74 49 35 190 0 118 24 18 0 45 106 0 0 14 109 48 39 74 8 84 0 35 43 61 6 57 50 79 14 0 8 77 63 117 36 87 0 101 103 56 0 57 0 25 8 0 0 71 26 75 9 46 29 82 15 134 59 10 40 28 7 0 101 0 0 66 41 
63 45 48 89 158 58 5 63 128 42 110 32 44 45 252 35 3 8 60 107 166 0 98 0 9 20 47 82 131 226 0 8 72 16 64 0 0 0 178 129 38 105 84 48 99 96 45 7 144 90 39 81 76 45 18 45 62 109 184 0 36 83 30 0 24 48 39 36 6 0 25 56 42 18 27 93 187 34 84 118 12 27 20 9 146 38 72 36 191 136 72 23 24 0 20 62 172 29 32 49 60 126 0 33 39 144 96 0 42 33 27 96 88 28 123 81 81 82 72 99 31 170 78 46 21 53 54 211 0 45 19 69 187 81 56 113 18 177 90 45 5 28 2 135 15 64 4 39 12 72 11 82 47 86 147 3 16 7 111 63 108 32 35 15 0 0 63 141 81 9 132 0 3 15 24 25 66 0 0 27 15 209 21 34 9 44 139 25 20 126 74 15 70 72 33 0 28 35 69 96 30 72 2 96 80 0 23 139 142 0 107 0 7 27 42 5 65 36 27 79 0 0 108 0 104 47 88 0 78 78 113 0 85 45 0 105 34 22 32 0 87 8 44 117 12 27 107 69 24 12 0 29 130 0 118 19 
10 110 0 41 72 62 87 84 111 36 2 15 36 64 35 59 76 68 167 165 75 16 67 49 115 12 152 63 34 80 30 95 131 38 178 101 113 95 24 59 30 42 87 178 36 36 99 107 105 9 65 8 47 95 134 91 82 147 91 50 79 44 32 182 14 42 0 148 45 73 30 101 73 37 70 31 38 133 24 110 122 72 28 4 71 110 131 51 55 114 73 3 0 28 74 42 23 97 17 42 53 71 88 72 28 128 104 74 75 97 16 81 30 104 108 49 187 118 53 58 62 11 43 131 128 49 124 91 38 37 0 62 133 30 49 36 55 28 122 20 83 49 96 106 17 49 116 32 54 44 46 134 0 83 42 117 20 232 45 74 3 73 20 7 11 90 107 91 91 78 189 30 112 0 78 92 106 30 122 23 64 28 33 76 72 36 85 98 51 43 39 15 130 49 121 108 119 70 139 128 96 35 3 88 11 52 65 61 0 48 85 0 75 3 1 138 94 54 20 18 121 26 27 50 64 12 386 9 0 32 172 61 111 0 18 36 101 4 89 1 73 85 32 77 18 141 15 62 54 15 103 30 29 38 130 62 
54 0 60 131 96 33 4 60 0 121 80 81 116 112 0 36 30 52 0 18 18 36 72 105 62 0 72 31 35 86 12 77 14 63 108 0 9 63 84 54 32 81 81 42 5 32 92 65 28 27 86 0 49 69 52 72 80 138 0 89 0 5 93 144 57 46 58 157 136 34 83 56 19 12 73 105 36 27 67 83 24 21 67 0 218 45 114 119 135 92 18 17 47 63 103 36 108 18 0 62 41 4 97 61 46 35 9 42 30 12 69 36 154 69 45 80 0 153 56 154 99 70 90 0 149 18 146 18 50 0 124 144 43 12 78 108 0 134 94 62 41 20 0 90 93 72 0 61 24 35 119 0 166 110 32 68 103 185 76 104 189 90 56 184 100 72 12 58 6 54 41 61 4 43 0 40 56 36 72 0 87 70 28 72 78 32 0 46 0 69 75 89 67 33 130 0 76 9 190 98 173 33 81 156 37 38 124 45 42 47 18 0 22 45 41 0 115 60 72 86 1 52 124 38 55 42 62 0 18 18 24 48 138 104 69 12 4 14 66 35 128 71 58 15 21 36 72 33 119 57 56 231 9 79 18 37 
51 64 52 70 72 59 0 7 57 60 56 16 40 22 0 130 52 0 103 21 88 147 50 97 27 35 167 63 1 168 28 68 30 120 99 82 81 56 75 94 174 65 110 107 171 4 23 32 0 15 24 39 0 21 43 0 176 74 40 38 13 19 0 40 181 42 9 42 58 79 60 102 91 29 30 42 39 71 0 23 97 0 76 24 101 70 75 64 70 0 97 10 40 84 28 0 146 1 67 18 83 9 71 5 51 102 73 74 104 121 95 0 11 15 0 25 38 81 157 28 102 101 23 18 32 125 0 178 81 0 140 89 0 29 84 54 40 27 34 32 112 72 24 107 45 63 114 4 0 118 6 72 58 0 68 73 48 46 79 49 26 39 80 30 51 78 49 0 0 70 0 59 52 33 37 64 4 93 51 53 71 39 75 104 72 48 44 54 83 14 20 67 57 77 30 81 114 81 127 64 262 0 2 0 55 0 142 38 158 88 68 0 6 47 190 160 9 100 27 63 192 101 36 12 85 55 140 58 123 102 63 30 47 14 10 69 18 22 70 70 60 142 119 136 60 34 90 63 28 12 155 118 4 60 0 59 
18 31 71 224 20 74 42 60 192 12 58 0 172 130 8 30 96 3 15 212 83 12 121 80 191 2 114 151 95 56 40 121 67 40 85 70 24 162 35 59 54 116 36 104 81 20 100 45 140 20 71 8 32 51 0 72 85 196 68 26 54 159 4 78 82 62 7 66 148 54 76 39 111 75 100 99 12 96 0 147 110 34 12 0 129 89 106 12 50 46 40 60 0 36 10 181 200 36 62 30 24 80 154 86 50 72 60 47 64 87 41 16 124 12 106 62 93 38 41 126 34 119 55 132 105 36 72 8 2 40 96 123 72 17 70 161 100 145 61 93 80 10 66 134 76 180 0 135 74 199 102 46 90 96 87 26 98 93 7 0 129 14 32 145 138 93 177 105 51 74 37 18 54 170 0 56 69 38 64 64 75 38 149 99 125 82 94 39 87 28 8 12 20 35 177 6 136 66 175 77 4 100 29 34 68 18 135 53 88 51 24 0 0 12 58 44 88 8 58 190 123 35 42 35 166 64 45 95 36 35 139 160 100 149 28 8 138 72 115 56 64 0 55 52 96 24 117 61 87 175 61 120 20 180 40 80 
17 0 45 72 45 0 36 64 47 0 12 0 0 96 26 85 69 16 5 136 30 56 96 18 10 46 45 78 30 88 102 36 48 8 36 0 0 56 21 53 40 53 0 53 0 30 0 32 11 0 0 0 57 0 77 34 94 100 30 79 94 114 64 56 40 42 0 32 9 0 0 18 0 42 16 68 77 34 12 108 34 8 0 48 48 44 4 0 125 52 30 0 0 0 27 112 100 11 2 12 0 16 61 7 36 0 0 0 17 33 0 33 49 29 84 83 99 6 0 24 56 0 6 184 19 24 40 29 30 4 0 90 3 0 21 7 35 0 21 30 35 38 20 0 22 53 18 12 0 76 0 0 4 58 0 126 22 40 45 58 0 27 0 0 53 54 125 99 8 51 58 65 62 57 100 21 8 0 39 49 0 18 21 17 0 77 63 8 8 48 18 0 83 85 58 45 69 0 78 3 0 73 0 0 36 0 20 46 9 26 52 0 0 0 0 68 24 20 4 108 53 14 28 38 109 0 58 75 0 75 112 171 35 7 0 51 38 32 84 0 77 12 0 0 7 20 0 54 0 128 46 0 104 35 47 26 
79 3 0 12 2 5 76 77 207 120 123 74 73 36 72 79 0 12 86 48 97 98 4 64 16 32 19 0 80 64 125 86 118 32 36 72 2 48 106 10 18 98 75 4 4 16 105 48 73 108 57 0 30 123 50 97 38 5 70 135 120 32 1 90 91 62 72 36 36 7 16 92 64 0 49 38 26 88 38 0 38 29 72 58 67 153 107 38 24 107 112 77 0 24 64 86 188 64 48 86 120 44 153 60 48 22 54 15 118 69 8 0 64 90 167 48 0 72 28 80 131 90 72 209 42 84 33 107 65 60 44 32 55 8 4 0 16 2 138 63 0 0 6 84 124 95 108 66 58 109 8 150 138 104 16 46 55 125 77 21 0 49 91 39 6 12 96 76 52 131 0 66 0 136 2 39 126 36 86 9 52 39 6 0 44 6 97 18 35 165 52 60 28 32 35 166 85 0 21 18 62 135 6 93 78 18 73 143 3 6 75 88 0 61 52 19 170 8 35 92 0 43 80 35 107 11 36 18 41 22 2 48 79 7 17 9 9 5 73 40 168 204 173 70 0 0 150 83 22 25 48 153 66 35 2 92 
3 57 110 73 0 2 0 78 45 156 46 39 119 8 0 16 28 39 123 6 34 12 111 0 70 53 75 0 22 49 2 44 0 24 19 0 0 90 26 24 22 0 59 8 20 0 93 8 0 0 24 0 69 64 37 43 98 56 51 35 57 95 13 92 60 18 15 71 42 5 99 28 59 20 0 79 0 122 139 0 131 63 25 58 50 26 134 30 48 18 0 57 0 0 60 79 182 105 18 17 0 41 80 18 68 48 0 0 10 14 2 35 26 16 142 115 32 16 27 2 30 174 41 80 45 18 83 77 1 49 34 49 79 90 45 84 150 30 105 92 3 62 0 57 42 142 0 81 24 54 56 83 10 48 27 0 102 6 66 28 78 10 70 0 57 2 15 85 99 0 0 85 15 50 6 81 72 18 36 103 103 74 78 10 10 132 106 117 49 12 9 29 6 48 101 14 67 0 94 49 40 32 45 98 77 103 129 0 131 0 123 16 0 91 79 33 25 72 39 30 15 0 70 29 144 15 36 30 51 113 114 0 102 110 129 81 18 56 10 0 46 23 13 19 87 3 78 9 88 0 88 10 10 0 32 12 
124 37 81 42 103 24 8 65 60 86 66 40 40 79 67 0 56 80 33 102 134 35 49 0 104 94 32 60 0 55 5 12 121 24 12 50 110 36 113 78 130 0 70 204 216 58 112 109 141 0 9 18 68 122 135 64 101 2 38 32 12 29 54 48 0 0 86 110 0 230 16 24 91 104 66 57 50 40 53 87 116 0 73 86 0 24 172 40 18 14 32 103 60 0 109 33 168 0 25 63 9 90 127 58 5 55 78 45 96 48 8 118 104 12 5 50 82 32 96 8 77 61 36 103 94 56 11 73 8 0 88 12 87 88 29 89 0 83 133 0 35 128 30 35 39 69 71 58 0 116 69 70 100 56 103 62 32 141 49 96 44 73 21 40 45 245 56 65 16 47 12 0 46 53 5 96 72 36 43 41 54 5 8 35 61 75 53 46 74 99 41 3 117 30 205 73 127 54 78 129 137 104 115 82 21 4 175 37 19 6 73 85 24 66 66 41 26 68 103 71 21 32 73 36 61 0 224 77 12 48 90 0 46 12 11 53 72 21 37 6 62 47 57 185 114 0 186 3 43 26 125 25 28 80 30 38 
18 0 0 4 25 78 8 41 34 12 0 6 27 85 73 15 49 70 15 111 16 54 74 92 26 0 6 18 23 160 78 0 57 122 116 139 5 0 90 15 32 47 51 32 12 0 0 0 48 27 13 28 61 133 117 0 75 0 20 54 2 9 36 110 71 18 95 5 15 58 26 82 9 0 24 133 72 47 35 121 32 0 0 79 27 15 27 0 118 84 15 0 0 0 1 49 0 49 0 49 12 43 9 24 36 59 27 0 63 49 21 5 90 6 129 5 99 38 5 86 61 45 24 33 21 40 0 121 0 18 74 0 2 25 66 93 16 1 19 0 0 77 40 3 63 18 136 9 9 7 93 119 26 42 72 12 0 21 0 14 20 5 0 30 0 126 78 80 0 0 14 0 0 148 85 28 9 4 0 3 0 0 9 33 0 6 95 0 0 43 0 9 10 140 24 148 15 49 18 32 0 10 15 53 2 0 11 72 38 18 50 0 21 10 0 12 81 38 0 9 63 2 72 0 21 2 135 61 93 72 16 81 45 32 9 0 35 27 117 0 0 42 72 33 5 39 0 35 5 8 152 0 50 3 95 2 
122 18 124 72 4 31 20 185 72 48 0 48 18 32 0 65 73 28 100 12 113 4 63 175 51 0 89 72 75 27 59 8 0 152 99 43 36 45 56 80 33 38 110 44 88 15 22 8 114 95 38 0 40 56 22 97 84 0 12 4 40 29 83 6 57 48 54 93 112 0 98 74 18 32 64 52 0 42 21 10 20 0 131 18 101 77 74 20 48 6 85 2 4 67 3 36 4 0 172 142 72 48 15 125 64 37 0 20 42 33 25 10 72 85 116 0 53 72 56 45 71 54 63 0 89 102 9 42 7 0 46 0 42 0 30 144 66 93 158 21 12 6 50 92 36 72 0 42 16 57 0 4 94 47 18 33 62 56 28 64 138 8 23 12 6 9 146 151 56 149 64 20 24 48 31 30 42 0 21 0 173 3 12 146 24 166 162 22 9 79 58 124 15 0 55 111 49 43 207 32 53 81 0 155 80 4 206 21 27 8 81 72 0 3 45 63 152 53 72 0 18 16 63 56 18 91 37 37 45 19 92 7 45 63 16 81 10 26 49 78 143 120 85 72 0 100 0 21 141 42 0 116 76 119 24 46 
20 39 0 27 74 20 3 24 120 101 144 56 52 43 8 28 28 73 117 21 88 0 91 14 116 28 158 36 45 51 0 58 18 57 32 10 77 12 48 0 63 32 0 102 5 10 136 72 99 40 0 145 15 33 32 83 71 239 54 24 113 4 27 21 0 0 84 155 24 0 44 30 118 72 82 60 12 36 3 0 66 70 88 0 30 45 0 48 18 24 0 24 30 148 63 166 114 81 36 51 116 87 53 0 90 77 44 16 125 55 15 79 85 46 30 0 49 24 63 20 103 61 70 45 31 42 83 120 95 89 146 24 24 12 45 98 20 48 56 105 68 110 48 90 13 97 24 96 52 140 145 63 68 22 64 85 93 91 142 48 108 0 0 38 42 0 30 72 28 9 0 40 0 53 0 6 61 8 35 50 0 4 15 137 141 0 86 53 84 81 125 72 82 15 14 27 33 41 91 36 56 28 0 77 106 64 42 9 32 0 68 111 49 38 59 97 46 89 28 91 156 35 30 97 117 52 64 144 93 82 40 0 0 65 57 46 0 0 40 85 60 107 154 24 150 26 45 45 48 74 15 115 12 38 16 126 
7 29 53 30 20 0 0 24 50 0 64 31 0 77 27 6 32 34 0 0 24 62 36 97 0 0 69 0 33 78 99 32 64 64 36 35 0 0 3 0 45 82 36 63 40 24 5 0 0 63 0 21 32 40 0 63 73 147 33 0 64 0 0 77 27 0 27 53 178 27 2 6 70 40 0 16 73 24 14 21 21 19 0 51 42 29 9 48 50 45 84 6 0 42 72 50 0 15 48 48 18 14 78 18 9 179 54 0 117 95 9 63 37 12 69 4 84 9 54 178 40 135 25 16 33 16 42 121 36 40 39 24 64 45 0 59 0 0 0 69 26 14 8 16 6 0 54 79 6 26 60 3 141 30 72 0 66 7 3 0 80 0 0 52 0 12 68 55 0 72 77 98 79 105 0 58 20 0 121 88 78 0 58 9 8 0 10 12 63 12 24 9 6 15 18 21 0 28 27 72 0 3 0 0 0 9 83 72 33 25 71 60 48 4 68 0 7 31 6 26 16 59 0 21 100 102 45 0 36 18 0 12 48 50 72 30 24 0 3 43 15 57 18 16 36 6 96 39 0 69 3 56 95 8 0 3 
67 6 20 43 47 24 76 40 37 76 7 48 105 100 85 4 26 122 30 90 93 74 63 33 144 29 159 32 4 69 74 28 148 20 50 75 4 111 58 85 128 92 79 120 42 24 69 46 64 134 84 126 14 92 60 21 95 93 66 81 42 0 120 93 68 16 32 18 4 8 122 67 134 114 37 149 79 79 110 128 131 32 116 0 81 130 102 40 56 89 92 44 59 36 4 102 121 6 50 81 59 41 124 20 162 61 45 10 42 134 45 56 89 48 25 13 76 32 84 76 72 20 104 32 0 84 27 199 38 48 130 57 30 48 84 48 61 58 9 67 102 18 92 135 56 27 28 142 26 96 114 0 66 55 28 0 85 86 30 4 65 98 56 140 12 48 56 111 30 28 64 54 71 86 52 5 70 67 87 66 136 58 154 106 158 36 86 43 45 44 76 41 86 38 55 87 60 34 0 15 0 0 0 10 140 0 139 31 48 21 103 88 48 68 111 116 118 43 63 38 104 142 40 135 165 72 0 69 0 36 138 98 60 62 56 63 55 18 10 157 2 72 16 93 96 30 57 109 25 48 52 89 106 118 54 63 
90 54 0 45 68 42 35 132 114 54 0 42 64 32 58 53 25 0 4 44 32 61 8 114 155 26 11 63 54 75 16 65 184 129 102 32 63 50 8 8 0 115 107 80 120 66 65 30 155 208 43 89 26 52 21 62 76 65 34 0 77 38 36 20 31 10 0 91 4 48 54 69 52 24 90 115 50 80 21 51 40 21 0 89 69 47 85 6 114 51 27 53 24 41 72 99 62 67 0 18 25 125 9 51 10 56 0 76 48 66 34 39 43 18 105 90 85 87 6 28 108 90 34 111 51 14 52 187 91 28 0 29 179 79 31 44 36 86 38 50 91 88 71 103 44 36 73 29 41 27 12 12 34 94 8 24 0 24 33 78 42 29 29 75 1 87 87 70 54 60 28 63 35 0 14 12 66 14 70 0 149 119 122 12 15 36 58 0 32 94 25 68 112 74 96 7 20 28 0 119 20 20 37 8 8 10 72 79 24 44 147 87 15 26 16 75 95 32 32 53 20 62 80 26 55 52 36 61 54 174 45 81 70 47 83 100 20 36 36 4 6 74 63 64 4 0 87 194 23 54 74 88 75 47 46 71 
40 18 10 4 66 15 0 72 99 21 34 16 56 49 89 29 40 33 54 30 72 53 16 71 120 0 72 33 8 76 62 31 159 34 73 54 44 35 15 0 52 16 84 92 87 0 51 35 64 35 8 41 58 146 25 63 56 8 35 18 21 56 16 17 81 33 54 32 36 96 20 46 5 0 0 30 0 140 12 92 121 20 81 84 36 73 140 33 95 39 119 31 32 39 21 0 62 52 4 24 47 91 6 28 32 30 0 0 35 102 0 36 0 42 147 0 147 123 27 11 232 147 41 88 114 0 27 51 22 56 17 80 28 71 0 18 30 46 22 71 0 103 58 9 5 27 57 28 16 79 71 86 0 122 28 0 72 28 23 82 70 9 61 104 37 156 145 36 0 88 0 56 56 14 88 18 21 60 0 0 165 2 29 86 74 23 92 53 0 39 27 60 42 102 96 9 96 21 155 24 139 0 63 0 112 24 126 56 77 0 85 0 14 30 25 16 80 24 0 50 15 57 14 5 34 0 112 75 70 27 35 76 44 0 0 61 16 0 2 7 8 90 102 43 31 20 80 83 84 0 8 86 36 28 16 0 
39 0 54 91 92 11 45 0 6 30 63 99 77 154 42 61 107 91 29 104 225 42 138 21 54 20 140 122 88 94 6 72 166 26 106 0 32 0 161 21 81 36 87 57 113 0 61 27 119 72 11 85 89 35 73 30 15 148 84 0 0 41 85 72 0 0 9 97 175 2 74 75 143 48 116 94 126 68 68 158 79 35 58 45 39 72 0 20 69 48 41 15 79 103 64 77 44 24 0 45 57 68 0 3 58 131 14 10 88 105 112 77 110 72 30 44 115 108 0 81 164 24 40 61 40 91 45 201 73 48 45 35 21 49 49 42 34 63 21 18 0 16 45 107 24 98 7 42 89 67 48 33 68 22 49 89 45 12 49 56 55 97 0 38 0 55 15 15 89 52 63 0 47 54 18 39 102 0 54 156 0 93 131 47 46 0 120 6 35 38 164 78 64 55 105 0 57 4 69 12 0 56 53 0 27 54 63 9 66 30 59 116 40 93 0 111 105 4 94 35 136 0 52 72 87 21 0 117 54 6 17 57 136 87 43 28 30 5 0 72 38 81 5 28 32 0 28 67 24 60 126 71 30 12 84 0 
37 54 38 126 49 30 14 126 150 81 31 92 99 16 20 132 34 7 125 61 38 34 71 113 139 76 129 9 81 74 8 92 12 33 62 58 3 94 78 8 99 78 0 102 63 107 148 32 16 9 64 115 18 140 72 28 218 117 8 29 28 96 0 0 79 0 24 112 75 53 62 114 82 189 61 110 38 118 122 92 68 36 105 84 70 90 100 50 152 126 4 124 9 111 34 45 190 96 104 22 71 32 114 134 42 46 0 42 125 189 59 7 144 114 120 42 189 76 115 32 12 148 27 48 110 88 131 136 73 63 96 66 0 153 177 192 64 8 99 104 112 115 58 0 87 136 180 69 2 89 82 46 95 2 66 36 54 32 8 12 72 8 22 37 102 36 28 0 28 56 27 15 39 226 10 54 50 25 28 18 41 140 115 159 47 125 128 29 78 18 6 186 46 62 161 10 112 0 90 83 28 16 12 39 28 35 93 94 12 55 171 80 54 77 49 92 15 38 66 100 36 20 117 48 139 2 120 75 84 66 84 64 70 79 0 49 24 60 48 0 188 111 24 114 194 65 14 24 109 87 56 184 10 12 24 173 
0 182 192 202 90 53 0 74 31 2 62 38 54 78 0 44 113 148 57 98 0 56 121 55 104 0 84 70 18 188 18 36 88 6 72 112 54 68 58 9 107 59 49 87 30 18 107 0 6 24 60 94 50 50 0 13 24 130 45 52 42 79 90 3 76 6 57 80 64 36 49 0 16 63 27 73 49 60 61 146 108 6 30 72 54 103 29 30 154 74 22 2 20 0 47 68 14 42 187 56 56 113 98 0 119 144 144 137 80 95 165 38 79 40 0 28 121 114 69 202 58 148 113 32 155 4 39 81 0 6 109 52 78 70 82 99 0 112 175 35 77 107 87 169 123 35 141 121 30 155 81 27 48 66 286 134 32 116 75 45 199 98 81 0 99 47 193 126 9 70 54 63 93 12 45 95 125 50 76 149 16 106 33 64 56 45 150 15 36 16 52 49 136 68 49 30 120 80 60 65 77 7 90 87 94 12 99 54 114 29 81 0 45 140 176 6 32 46 54 143 72 93 0 36 326 145 81 59 0 172 95 63 155 70 23 61 10 16 77 94 54 30 58 104 121 51 93 153 24 64 42 190 99 145 93 56 
148 75 106 60 44 54 36 77 152 63 51 79 79 52 52 69 5 16 15 0 81 93 4 87 151 157 16 33 62 94 48 47 191 71 119 14 147 82 100 18 65 47 78 106 46 65 66 14 118 83 18 146 18 38 80 14 127 45 40 8 66 0 0 169 33 0 126 62 24 119 28 12 162 9 10 88 77 30 6 43 67 4 11 46 48 6 146 16 3 0 32 32 68 26 9 152 10 52 80 19 9 123 83 66 6 28 8 4 114 32 84 49 67 0 14 4 121 24 15 17 91 43 48 214 52 125 82 166 76 112 59 42 76 82 29 71 48 63 131 61 72 9 6 43 50 0 67 94 6 24 68 66 72 265 99 73 64 18 46 64 15 6 28 15 24 132 63 41 36 51 16 101 70 78 4 55 80 90 71 29 30 44 109 28 45 12 96 59 62 61 93 48 25 48 171 48 54 10 78 176 98 47 16 101 104 15 115 67 98 48 225 36 0 50 30 93 312 95 39 0 91 52 105 0 79 55 100 89 60 74 81 34 44 67 81 36 18 12 72 0 125 37 6 84 40 33 117 56 79 4 137 15 155 96 65 25 
91 15 6 54 74 32 36 56 30 46 91 0 160 74 48 30 11 0 42 87 0 0 24 43 69 42 125 0 18 71 21 38 5 81 33 40 88 50 66 60 1 124 40 103 82 78 100 87 41 50 99 40 56 0 0 96 84 56 0 102 49 48 0 32 66 37 0 106 143 28 46 12 56 84 38 35 41 46 0 118 138 31 64 41 97 72 25 12 83 36 83 30 56 30 30 0 111 84 42 3 13 110 64 0 28 21 36 25 56 141 121 98 86 88 42 0 6 96 0 48 49 45 0 0 0 31 64 178 45 0 72 63 63 6 48 116 32 83 6 42 112 14 49 166 24 111 56 52 93 50 72 35 0 0 42 101 72 176 42 42 62 64 7 153 84 53 11 56 81 49 16 34 46 109 9 48 80 1 0 28 59 114 84 5 199 9 0 133 59 14 40 39 74 63 90 6 25 32 130 44 0 32 56 0 67 40 63 73 92 42 69 0 0 45 54 73 106 147 0 74 0 8 65 60 12 0 0 47 0 152 7 32 36 73 0 157 69 0 8 21 8 135 63 41 40 28 0 27 4 120 91 72 16 151 0 106 
56 27 6 92 100 66 99 63 111 59 81 123 96 25 134 42 38 72 45 131 85 16 130 55 104 45 154 85 50 174 160 116 45 12 112 70 0 35 0 73 44 157 16 58 41 60 127 27 124 176 161 0 149 37 32 106 64 16 25 121 15 21 87 33 39 8 22 105 106 20 28 124 18 26 52 35 9 36 81 70 32 27 87 33 190 27 107 125 343 131 50 50 36 15 98 0 144 10 27 95 32 52 102 21 62 111 0 8 51 0 60 66 144 50 0 70 2 7 94 148 61 65 126 87 72 143 27 148 8 21 93 64 33 33 72 80 0 184 0 21 75 182 0 222 63 137 63 37 86 75 94 68 0 71 14 62 70 11 210 96 95 25 115 82 103 20 81 141 90 137 4 9 0 49 149 9 66 6 129 24 64 179 45 66 61 15 102 74 30 5 10 191 96 18 118 42 97 9 44 7 41 12 0 0 105 16 50 54 215 14 38 24 25 109 152 59 147 7 63 102 92 11 79 49 119 40 15 25 45 72 17 8 135 58 39 64 5 63 76 84 66 97 19 30 63 112 11 6 14 40 33 125 36 56 7 36 
72 31 52 148 53 8 64 79 91 105 129 136 109 165 34 131 78 21 64 41 132 12 80 97 20 52 143 90 38 116 21 48 113 16 72 0 0 52 40 51 107 51 107 86 73 24 89 40 223 72 136 114 2 68 22 66 80 125 145 51 52 85 30 29 0 72 47 12 43 87 217 73 77 47 126 91 39 82 93 78 33 40 137 43 51 51 11 80 44 0 62 42 86 16 49 222 44 9 34 126 189 29 0 21 28 163 125 14 12 145 67 32 56 8 148 66 117 43 65 192 81 136 11 40 67 23 92 271 83 97 92 3 105 2 37 33 101 100 67 90 0 162 25 136 2 138 95 147 8 30 80 0 9 65 100 75 43 130 59 35 90 48 8 27 43 56 102 105 0 37 63 134 37 21 40 0 4 14 0 74 51 12 52 99 32 80 149 155 17 40 134 33 60 94 69 16 58 56 81 202 99 110 57 98 98 3 92 14 45 8 0 50 60 63 49 131 131 42 4 24 25 8 16 72 101 66 168 42 111 27 75 40 16 16 53 62 35 30 21 60 110 166 68 36 43 21 17 22 92 116 80 83 72 21 42 103 
13 45 32 18 70 51 126 10 107 64 78 46 12 144 37 74 14 38 92 63 70 54 130 24 22 43 91 0 29 91 42 20 103 20 143 0 68 82 105 27 75 24 3 27 48 24 54 82 128 48 60 42 140 90 45 63 9 176 0 144 65 106 0 16 0 7 42 28 82 99 18 68 115 0 16 60 73 144 63 183 45 0 146 28 77 128 56 0 96 32 69 0 5 73 45 123 105 23 95 153 103 10 64 39 95 99 28 56 144 142 49 89 86 25 31 18 247 54 108 101 135 76 57 191 43 79 99 188 15 21 28 56 78 28 7 0 106 107 45 6 22 126 45 89 48 24 100 51 61 151 63 23 84 207 105 42 56 118 63 0 117 127 55 93 125 5 179 126 6 81 170 71 18 99 81 40 113 25 134 76 42 131 18 23 0 9 70 18 0 16 73 24 82 49 69 36 56 49 125 125 14 83 74 20 66 0 115 110 144 0 123 98 0 35 21 38 169 63 39 9 54 85 6 85 64 7 166 52 0 105 88 126 81 40 0 4 14 36 64 55 35 60 57 30 45 18 110 66 45 135 88 214 72 63 83 0 
51 167 96 142 123 116 132 106 130 174 32 188 229 121 39 23 209 44 77 28 48 146 134 132 31 105 87 30 98 238 75 105 106 59 91 43 52 42 0 72 95 100 90 118 80 58 231 27 73 63 160 13 211 52 60 18 54 63 96 176 14 60 17 86 87 11 2 228 76 30 47 164 30 24 132 132 65 53 188 19 128 0 94 181 195 128 134 0 246 158 72 197 50 23 133 53 127 107 92 63 128 95 29 142 87 138 44 0 81 20 81 95 280 83 180 186 48 94 47 247 92 313 96 198 107 108 101 80 63 88 62 27 39 89 63 152 39 147 83 153 132 137 24 212 70 105 56 81 109 87 87 47 85 160 84 92 64 50 156 27 189 44 44 16 80 93 82 119 14 169 46 12 26 137 135 88 86 24 105 147 146 119 107 16 33 72 58 36 133 24 64 287 73 30 154 50 70 237 89 14 21 46 81 137 108 3 46 15 252 48 169 119 103 43 138 8 96 39 30 8 118 122 105 40 141 81 0 59 103 206 27 36 280 14 63 143 62 59 79 14 87 211 18 198 82 137 110 105 116 106 219 180 62 0 62 48 
22 126 52 9 75 33 8 58 0 14 102 25 35 46 21 5 22 16 28 35 15 67 36 55 34 24 45 16 22 63 47 0 24 44 13 25 0 48 44 19 0 41 126 26 24 3 14 0 64 0 52 25 16 61 40 42 64 18 25 0 36 106 67 0 6 0 18 100 42 90 56 2 66 0 20 0 15 79 0 40 97 5 40 6 0 162 9 0 74 0 6 16 0 81 0 78 119 15 97 45 16 12 80 36 67 29 12 24 76 14 125 75 7 113 98 36 63 70 15 92 5 106 77 95 18 72 62 20 5 119 20 87 65 70 12 105 48 61 101 0 0 13 61 78 7 149 24 0 53 28 43 24 49 31 43 24 42 137 16 0 107 24 16 35 143 8 60 77 25 2 57 27 33 33 0 45 14 0 35 81 0 72 6 28 29 88 90 40 16 72 40 38 8 0 38 56 99 120 114 89 35 72 40 137 40 35 26 3 0 20 106 85 45 115 76 8 4 0 57 89 72 48 84 32 35 115 57 0 84 106 115 56 52 20 64 0 72 40 0 0 94 44 10 102 28 36 0 91 32 55 39 20 3 113 38 37 
45 64 60 75 65 64 0 79 67 30 50 50 15 42 0 71 48 84 45 2 64 144 117 44 16 50 81 110 94 79 14 71 7 89 111 60 0 66 33 0 58 62 63 79 60 0 61 9 36 8 0 0 113 57 40 0 109 105 0 59 6 26 65 157 95 56 45 6 79 0 90 12 139 30 133 80 21 42 137 12 75 0 42 57 144 49 87 0 14 0 31 22 54 72 54 90 24 92 4 0 96 176 115 56 50 80 92 0 27 65 99 24 32 20 94 18 18 64 121 44 43 105 30 83 42 25 148 206 15 0 24 77 32 108 7 113 55 30 78 67 9 127 28 0 101 30 56 66 48 134 79 69 104 76 63 83 128 54 12 100 78 90 118 32 56 30 56 124 0 8 72 95 24 60 24 62 91 23 85 40 104 100 149 17 101 22 50 41 88 18 7 56 112 124 18 4 76 126 147 33 113 28 0 50 12 42 137 56 153 30 80 21 0 104 125 33 33 100 16 149 48 64 12 35 88 6 6 0 190 13 71 59 67 35 53 62 12 0 84 40 0 87 47 54 37 32 56 24 32 80 41 12 6 19 5 93 
74 55 81 340 81 45 33 98 165 31 47 30 153 55 56 215 172 0 242 72 16 124 36 144 84 29 205 145 108 73 120 168 74 108 126 130 57 33 1 21 262 167 149 67 93 17 9 155 154 81 20 2 108 0 49 135 100 146 57 138 70 49 63 41 113 72 42 45 166 89 64 88 89 66 185 76 50 110 63 192 117 116 76 168 30 182 87 94 69 230 178 12 7 0 10 81 126 41 117 29 193 156 130 125 84 53 87 68 60 156 112 82 17 120 217 48 108 35 67 42 36 8 0 110 21 212 99 107 93 0 63 50 20 61 137 213 22 21 59 39 96 63 118 236 72 88 159 67 118 136 16 79 178 56 21 128 124 173 24 15 54 174 63 37 50 178 202 141 35 95 61 55 98 88 116 67 89 12 43 34 89 21 36 138 58 263 84 89 73 43 63 15 37 69 60 12 145 27 148 139 67 36 6 73 69 34 87 103 36 75 98 39 69 69 0 75 237 5 35 81 195 87 108 95 105 2 205 91 94 44 34 159 184 52 78 51 53 214 106 0 81 50 69 241 15 132 3 0 90 21 31 180 20 114 102 56 
49 99 87 92 17 94 72 60 191 22 19 68 90 45 135 12 22 80 30 41 82 24 55 93 54 10 93 57 30 112 54 24 82 41 30 34 99 0 53 84 0 0 56 108 27 0 65 107 90 9 64 64 93 46 35 174 89 92 81 108 120 40 85 25 24 3 28 18 74 6 42 0 94 6 12 15 24 77 30 80 56 38 20 28 107 98 127 42 50 9 10 68 18 57 1 31 30 41 37 30 9 65 12 49 81 77 64 4 90 21 105 14 152 42 32 29 13 18 40 84 49 94 108 8 55 160 0 7 0 112 98 43 32 5 9 103 2 15 7 61 153 16 0 129 0 72 34 12 13 0 129 102 56 58 84 30 66 0 59 0 108 48 46 76 14 50 101 162 11 81 47 0 34 27 72 43 16 0 132 38 20 101 90 38 18 0 131 28 46 65 62 95 25 5 58 0 76 16 40 39 28 8 15 85 52 36 72 8 145 0 11 119 41 45 85 101 98 2 3 83 133 123 48 57 108 138 44 122 48 18 16 24 124 83 9 69 0 15 33 7 57 95 120 79 24 78 34 24 52 28 15 68 24 68 12 0 
50 0 68 45 52 102 0 12 8 48 178 80 204 95 108 63 72 48 76 68 102 0 0 25 68 40 114 71 179 139 12 72 44 20 18 56 47 106 0 70 93 62 24 48 168 40 143 63 48 45 32 32 18 30 129 24 58 38 200 12 55 149 31 21 56 61 0 48 162 2 117 85 139 156 13 68 122 14 99 61 96 4 32 81 103 4 13 54 52 8 58 0 88 4 4 59 50 54 88 26 12 36 80 26 21 86 0 18 36 74 153 36 24 24 48 30 20 112 24 86 72 121 125 32 16 92 109 64 9 20 153 36 63 66 30 32 12 41 92 73 0 78 70 166 14 60 75 53 53 89 31 1 52 72 98 75 0 9 140 32 174 0 32 60 29 26 0 139 24 7 100 0 116 28 0 24 39 20 125 40 62 73 95 2 92 17 16 47 27 60 80 37 54 40 20 56 86 91 114 61 54 160 96 158 84 27 72 28 54 0 186 94 0 46 50 41 88 98 52 65 129 40 72 24 29 9 40 64 154 16 131 63 134 18 36 149 48 104 14 117 58 72 48 85 92 41 56 78 50 37 7 36 133 36 37 61 
18 79 96 35 18 91 45 212 38 88 54 10 84 123 91 123 36 0 71 6 24 76 88 58 36 0 40 105 153 119 32 93 98 68 0 33 25 49 42 27 96 108 64 33 60 29 94 0 89 14 29 69 94 98 0 74 10 65 0 78 46 92 0 26 107 27 18 56 18 72 16 4 127 50 84 82 8 135 20 67 121 4 0 38 8 158 80 128 112 26 59 14 20 18 114 0 133 58 64 99 63 63 30 64 104 103 6 48 38 72 55 64 53 37 166 100 116 72 34 86 125 24 72 12 82 35 108 30 85 44 24 137 90 67 106 44 33 70 120 0 73 94 52 63 89 88 68 22 81 20 39 133 0 0 63 88 8 7 36 113 153 75 33 90 2 36 154 49 18 99 48 27 0 87 73 18 8 129 45 0 27 101 32 63 0 132 81 0 12 92 170 126 177 84 90 68 206 78 6 76 64 48 0 114 0 18 0 96 135 16 0 0 0 18 237 0 16 54 81 24 112 0 56 8 80 93 0 66 36 93 150 26 30 12 65 33 86 0 0 117 88 16 175 24 42 10 78 78 0 67 93 96 0 28 32 8 
136 45 0 100 86 165 47 169 85 79 42 94 137 133 80 105 90 48 183 91 112 49 42 93 119 20 245 142 111 35 69 42 4 129 118 15 130 144 41 70 31 90 39 107 19 21 121 54 175 77 45 97 24 36 66 22 43 147 56 54 178 40 106 112 31 52 48 123 155 60 219 142 156 105 216 123 63 116 79 45 84 0 152 126 73 66 93 20 236 16 63 7 63 134 89 90 116 76 23 60 195 139 94 35 29 117 133 4 87 202 42 99 93 76 82 32 11 111 24 109 109 118 55 17 191 109 14 217 62 0 41 39 24 45 72 114 9 89 66 65 84 29 73 78 210 125 181 75 97 84 79 51 48 43 88 96 18 118 20 6 112 36 49 3 27 62 83 95 16 51 54 62 111 108 84 7 65 108 117 81 63 116 118 121 68 48 70 103 15 47 104 135 85 42 87 67 49 105 102 217 156 7 20 118 23 0 32 226 32 18 125 0 46 83 45 126 104 38 6 0 122 4 77 117 103 36 190 132 20 125 48 48 46 64 12 56 145 27 39 8 54 242 19 60 211 106 124 135 117 42 62 122 105 6 46 48 
15 192 32 12 59 53 138 99 221 113 120 123 112 35 24 70 8 0 45 4 22 32 16 33 177 0 18 6 13 72 56 0 105 0 83 0 0 136 116 80 35 10 46 62 84 18 35 0 56 32 16 32 8 0 82 98 154 64 58 0 0 64 0 0 107 14 40 63 151 64 30 23 75 32 55 19 15 0 9 0 46 42 25 23 21 92 100 0 194 16 31 84 48 9 166 0 57 35 15 0 28 0 56 0 3 20 48 32 149 62 101 71 18 46 6 86 73 139 56 122 91 139 34 0 118 49 9 99 161 127 1 74 2 58 12 108 2 119 0 44 63 0 67 18 81 92 88 35 0 20 74 88 5 36 111 21 88 120 127 6 48 50 14 21 90 0 31 29 126 72 60 108 0 42 171 57 77 27 72 157 1 43 23 121 0 0 269 47 0 6 48 145 101 126 70 24 104 48 2 48 37 54 91 30 65 24 7 11 85 111 38 24 42 66 8 36 98 41 81 133 180 68 42 28 115 190 21 88 162 137 24 9 48 63 78 84 72 28 56 0 12 57 82 10 127 117 15 121 65 86 91 74 36 137 33 22 
63 87 44 150 15 45 18 0 7 24 33 87 99 72 18 19 45 10 0 66 117 30 76 157 84 54 0 29 6 44 14 70 24 93 76 8 4 124 83 42 15 87 19 21 78 18 102 16 132 0 132 112 27 63 51 139 63 103 5 0 8 12 7 33 24 0 0 32 143 51 125 72 266 88 80 81 71 68 22 162 144 53 18 30 16 90 149 30 105 131 136 83 0 38 70 88 117 115 12 42 0 35 63 0 52 88 40 22 45 142 73 41 124 36 36 75 22 31 0 30 2 151 63 16 10 39 96 79 67 107 42 10 84 58 94 162 46 22 45 96 0 46 73 72 33 88 0 12 10 48 89 60 47 92 7 185 106 131 124 79 40 36 9 0 25 54 96 94 32 57 18 129 66 129 21 36 63 28 58 53 33 0 80 0 63 104 78 42 24 10 45 10 36 54 116 21 30 121 117 3 150 39 0 57 64 75 123 47 97 103 181 63 58 187 6 52 51 100 64 78 52 63 126 129 56 99 72 18 81 30 42 45 145 83 23 94 42 57 3 0 13 24 70 90 28 20 29 100 24 99 0 44 71 15 107 72 
98 57 15 160 96 63 24 50 9 35 64 30 112 72 48 53 107 68 115 24 132 81 86 30 26 50 162 128 125 64 30 61 123 21 91 27 15 28 38 96 112 76 80 92 63 79 271 24 136 103 21 94 78 57 81 38 52 90 91 18 30 53 0 0 30 10 42 65 86 68 132 140 79 138 55 205 48 42 93 62 88 38 51 103 147 161 40 92 212 9 99 145 121 59 0 93 0 0 12 65 102 70 0 42 65 88 36 42 49 212 84 54 12 8 95 40 82 29 78 127 98 94 33 0 79 43 9 35 204 18 97 42 44 257 12 24 16 48 55 31 0 45 27 85 91 91 111 96 0 90 6 13 61 91 72 101 24 52 57 28 82 42 54 62 0 0 3 94 2 129 52 86 54 20 36 39 116 56 0 24 116 106 45 48 55 81 48 72 5 58 35 175 92 56 160 30 40 16 51 140 75 88 0 222 36 72 71 3 142 4 118 24 40 83 36 48 112 0 51 54 123 62 43 58 84 21 88 103 87 12 42 5 46 0 64 39 0 19 55 125 0 87 47 0 21 8 0 169 109 49 16 107 12 35 30 142 
24 89 0 2 86 9 45 31 114 81 168 51 39 25 0 6 82 87 23 12 62 45 81 56 33 32 12 81 0 83 3 20 48 41 0 137 24 7 21 105 4 69 101 67 83 36 66 63 6 35 35 83 99 34 42 43 0 54 66 0 0 18 74 49 150 21 21 130 60 41 20 0 21 21 7 100 41 60 100 90 107 36 0 19 67 67 7 15 50 12 39 44 58 38 63 97 32 21 15 73 34 72 0 18 54 66 93 72 0 27 3 75 72 12 50 11 58 81 27 23 126 160 36 15 6 84 27 57 70 43 95 42 99 207 32 115 8 0 48 102 14 42 25 99 141 45 39 122 43 185 12 21 117 132 45 27 0 60 123 28 123 89 111 6 4 22 43 37 13 78 60 27 80 60 12 48 74 50 24 18 92 45 77 88 24 3 3 36 60 43 104 46 106 0 91 69 99 63 27 145 3 30 0 147 69 9 0 95 66 20 147 42 0 20 90 16 117 14 8 119 55 34 64 25 99 51 39 72 123 4 32 9 50 112 18 76 83 0 139 5 30 165 66 45 137 0 87 103 0 12 16 140 64 6 0 5 
87 94 98 77 6 27 12 37 80 80 76 163 100 114 42 27 29 50 62 56 121 36 103 144 28 99 25 35 3 112 20 22 112 16 0 40 49 4 8 124 0 32 36 10 20 90 9 24 53 0 0 54 112 105 66 64 68 40 65 29 0 51 112 106 46 73 126 129 141 54 89 31 130 36 85 72 82 93 134 116 110 72 50 66 86 86 11 48 66 0 146 57 141 102 113 101 84 55 62 115 31 122 71 67 8 36 12 22 82 118 84 60 176 38 26 28 25 90 16 93 18 189 86 84 0 119 81 152 24 111 123 26 71 33 8 100 8 15 10 76 16 75 15 39 77 173 0 99 17 75 2 145 124 72 10 30 88 3 72 36 164 22 24 78 86 65 0 0 100 0 50 109 54 217 0 20 43 58 79 21 16 51 82 33 63 56 72 14 125 42 68 53 159 26 129 106 67 13 128 116 45 78 14 214 84 53 104 72 104 0 15 83 18 70 42 87 149 1 27 54 43 70 0 18 42 40 125 60 97 7 80 40 32 127 15 40 116 3 52 77 0 137 50 10 95 62 46 60 127 7 59 122 118 82 41 5 
31 34 0 26 99 25 117 99 48 24 63 21 98 78 41 40 0 124 15 9 16 20 82 45 111 4 16 34 24 116 13 38 16 32 118 15 0 163 110 36 104 32 31 70 10 6 112 47 63 46 68 54 25 51 8 18 83 76 145 36 57 56 14 15 45 3 12 48 140 26 66 5 20 12 10 109 52 10 76 51 70 42 41 64 40 12 53 24 171 34 144 18 5 28 88 57 102 28 142 46 6 0 0 12 27 46 70 18 31 6 79 8 54 60 0 128 86 118 56 117 106 144 47 48 115 83 40 108 9 60 8 90 44 6 27 102 44 115 0 71 39 8 21 108 6 86 40 66 8 68 73 54 12 73 32 32 12 79 8 35 87 25 73 18 0 56 104 30 129 36 67 35 22 112 137 9 61 85 50 69 59 26 53 41 103 148 93 82 88 19 114 57 40 101 96 25 111 18 3 24 31 56 75 0 98 27 78 42 40 54 55 0 68 66 27 32 90 104 73 60 56 45 14 46 123 24 104 27 0 76 77 61 52 70 12 151 18 80 8 40 34 106 24 8 74 42 56 21 56 60 79 26 31 20 16 20 
127 61 94 72 70 21 0 83 27 15 81 54 41 36 40 54 6 40 143 0 90 18 105 48 0 0 99 65 81 66 15 0 81 82 49 35 0 36 120 0 14 65 55 143 12 40 133 35 63 35 0 79 25 45 18 6 48 40 20 27 31 3 0 3 6 42 49 92 77 28 0 22 21 46 56 62 68 24 64 251 24 6 18 97 0 116 50 0 79 48 9 42 0 0 0 97 116 21 15 24 42 92 37 172 95 37 65 30 123 9 0 0 118 45 113 0 101 84 65 34 40 70 37 78 7 31 72 111 0 0 21 48 58 78 48 0 0 40 70 82 82 82 44 45 98 49 36 64 3 117 0 57 27 10 112 27 0 27 92 55 75 48 61 9 65 0 18 0 45 0 21 53 105 54 0 129 111 24 0 52 34 151 157 68 30 14 0 21 92 96 0 30 50 24 108 36 181 0 105 30 0 119 45 115 0 0 36 30 41 4 56 84 35 34 54 113 57 41 123 60 101 0 36 22 120 6 90 18 21 56 37 0 23 0 0 3 0 0 48 0 0 119 42 34 48 90 128 6 15 65 99 40 63 0 29 30 
6 55 36 4 0 31 42 105 54 59 18 0 142 48 39 91 0 0 91 146 120 24 26 99 103 0 21 0 50 147 8 81 20 30 16 0 59 82 6 0 54 61 0 74 8 45 50 0 101 54 12 80 47 54 36 74 41 59 0 139 18 0 0 32 42 81 18 0 5 81 64 82 99 54 110 0 104 48 52 80 21 0 45 17 16 158 151 30 10 54 97 16 0 60 79 143 64 100 62 88 129 0 46 24 64 82 28 25 9 20 14 71 43 20 15 63 111 15 87 9 36 12 55 142 72 21 133 14 45 88 41 106 45 137 107 116 88 14 202 69 123 112 7 27 10 57 102 90 145 0 79 73 153 140 99 3 23 144 56 37 6 71 87 21 9 0 37 34 0 34 37 15 67 156 27 13 6 35 134 59 21 44 11 99 30 80 81 75 61 9 112 15 32 59 96 35 130 27 72 36 56 35 12 35 54 15 23 11 143 25 96 30 0 16 40 104 114 36 84 1 91 14 76 14 53 160 81 24 40 14 69 0 28 0 8 124 103 4 7 37 44 53 86 25 63 101 84 35 50 56 81 89 45 110 0 42 
76 110 16 31 16 26 82 54 120 91 30 81 64 0 123 24 35 28 138 50 54 0 61 50 36 20 184 16 18 62 77 56 75 48 16 91 74 124 49 56 147 92 57 101 26 10 22 53 22 77 73 99 50 16 40 192 64 108 102 36 126 65 34 7 155 42 75 24 60 30 39 48 64 50 69 12 27 77 10 60 145 58 72 48 58 17 63 33 42 36 24 30 40 21 24 40 157 10 34 93 0 130 180 50 68 79 173 0 120 70 101 54 8 91 112 44 83 33 75 167 127 69 91 36 50 22 162 24 52 51 82 157 74 43 11 20 35 7 167 31 71 121 62 87 74 70 92 47 69 32 0 17 28 16 95 132 90 191 61 14 89 51 16 98 59 68 185 178 0 68 57 27 26 38 22 54 92 20 108 71 102 101 46 62 124 0 77 104 0 43 0 64 122 39 94 62 71 19 75 57 24 0 0 40 109 23 90 12 65 18 32 10 42 4 126 89 73 71 50 13 16 16 85 30 36 71 126 116 12 83 85 86 30 62 2 131 0 4 115 43 49 153 72 84 61 30 30 48 46 6 74 12 30 16 52 70 
89 63 40 175 136 107 59 126 57 45 67 97 98 58 64 76 21 84 61 94 57 38 120 33 133 74 232 85 83 36 54 140 93 45 83 1 47 72 0 84 87 1 50 84 86 70 157 10 83 32 148 9 87 53 4 26 81 53 38 135 3 123 29 105 80 0 36 109 41 20 0 54 6 108 30 32 0 21 82 115 79 27 200 0 61 27 64 112 214 150 41 4 103 15 43 57 144 24 111 15 74 21 111 21 94 64 40 31 105 189 303 40 134 114 105 48 72 118 54 13 51 34 44 48 81 9 72 111 69 43 147 0 36 10 111 35 0 116 11 0 37 51 12 146 202 30 178 66 33 85 24 62 67 220 6 105 93 7 198 124 172 104 182 32 0 53 80 77 48 76 108 36 14 90 58 8 111 105 33 82 40 167 82 86 118 34 157 0 166 16 83 145 43 105 81 22 167 137 52 0 9 96 0 39 123 48 0 87 22 80 52 16 83 0 243 71 205 93 11 16 30 27 33 71 98 85 105 140 56 89 18 133 16 115 18 144 89 58 21 58 126 63 25 9 69 6 24 8 27 9 61 101 112 35 16 145 
40 24 40 30 89 24 43 138 140 55 32 44 47 94 150 45 86 44 106 72 98 54 8 29 49 0 92 30 45 30 48 42 191 121 125 36 138 0 44 50 21 111 21 145 40 64 110 192 237 138 3 0 0 90 16 215 0 146 41 32 190 160 68 26 43 36 0 142 151 0 17 52 111 104 98 40 26 163 30 48 106 125 0 17 21 113 150 0 197 30 20 66 12 136 25 0 110 27 60 21 0 212 14 101 115 70 49 0 76 78 1 18 9 18 115 108 77 81 0 84 96 66 21 12 104 64 126 116 94 73 24 145 100 135 71 64 42 116 29 74 118 70 90 93 28 92 72 12 108 0 6 74 36 23 33 75 82 109 53 51 40 0 38 107 54 47 23 175 95 54 90 41 34 52 45 36 77 37 24 73 223 250 57 80 18 55 120 56 36 72 36 171 60 60 171 27 67 45 30 113 12 88 3 83 60 0 16 34 57 0 72 96 9 88 54 45 45 10 15 15 61 58 84 4 73 4 120 266 18 149 132 51 65 78 40 110 0 0 42 44 42 149 90 91 28 58 69 27 0 18 30 46 12 0 80 30 
0 6 96 103 102 75 12 83 50 63 63 29 80 15 54 29 42 50 0 122 110 8 84 104 47 14 94 70 70 75 54 25 20 35 100 38 42 85 132 27 93 65 104 126 38 55 50 188 185 8 19 135 94 78 23 53 89 76 67 30 67 2 2 30 0 2 36 23 48 71 102 0 76 4 69 155 109 36 4 155 35 17 0 45 76 28 84 32 143 64 26 15 33 20 9 35 35 8 114 12 20 95 78 7 72 63 86 58 113 44 81 35 106 46 66 45 4 82 104 48 89 10 45 0 93 63 22 89 56 0 8 24 85 135 79 188 66 39 89 11 69 58 68 135 53 23 60 90 55 54 10 6 94 53 57 32 51 96 85 20 16 88 29 32 87 19 134 85 0 40 37 54 39 42 56 49 10 49 49 0 10 48 59 38 31 20 3 80 18 38 6 2 56 53 92 50 24 15 20 58 18 81 16 10 75 25 14 20 127 5 162 43 0 28 69 64 142 65 72 0 0 74 56 12 122 26 94 46 50 105 177 50 56 25 2 91 8 10 47 6 13 0 96 64 7 36 35 145 16 42 63 38 96 42 151 72 
145 102 49 30 87 66 79 70 71 40 83 0 87 57 140 110 36 0 207 150 109 46 100 43 72 45 113 134 21 105 90 44 12 35 91 142 144 121 68 125 67 94 21 76 175 29 160 0 12 24 93 0 58 140 14 41 164 138 18 91 42 121 0 148 216 53 93 112 71 75 79 80 140 150 76 113 73 33 0 231 215 24 149 36 78 76 101 55 215 165 88 3 52 132 68 81 121 193 109 6 60 64 6 133 95 16 27 0 141 104 259 32 88 147 102 32 48 69 73 102 61 129 97 14 126 7 192 87 66 112 16 78 91 3 96 214 79 0 50 23 0 66 38 56 94 12 184 17 16 44 188 135 0 6 166 178 150 112 90 28 182 147 125 83 161 21 35 85 91 16 72 99 71 26 92 49 79 50 142 109 52 80 56 78 167 24 170 0 64 59 17 56 129 131 66 38 84 172 344 69 66 125 30 154 64 90 43 54 48 30 55 44 49 174 70 59 81 88 18 154 105 71 12 135 134 147 130 114 0 222 44 111 96 151 24 141 115 63 97 148 31 45 72 99 52 56 120 217 54 63 58 75 60 110 115 165 
28 94 125 63 26 13 64 24 77 122 108 50 93 48 10 69 21 133 93 75 105 10 95 102 0 35 68 35 29 139 87 54 77 82 83 17 75 40 166 31 23 57 52 199 98 81 83 56 142 120 160 122 11 63 70 55 113 142 183 24 145 33 79 48 0 69 72 90 84 114 30 127 90 71 16 127 114 64 57 82 111 0 46 102 103 18 125 40 150 106 44 12 63 76 23 63 0 46 69 211 79 20 24 40 142 131 0 36 100 114 9 74 154 12 58 47 86 84 98 69 24 158 46 5 129 48 153 275 38 138 48 4 135 41 50 92 56 39 139 118 71 103 0 92 61 101 69 30 7 56 0 80 84 86 125 0 71 88 38 72 113 38 28 0 18 64 114 131 0 90 57 73 65 99 82 72 0 32 76 101 46 47 22 29 21 24 100 148 92 74 125 54 63 80 231 86 146 0 108 52 92 53 67 135 105 30 70 82 50 0 225 161 74 47 58 120 62 48 3 94 20 77 95 42 149 110 77 124 0 106 44 0 85 56 0 137 64 7 17 54 142 28 129 40 14 36 110 71 21 61 34 41 183 94 61 170 
49 123 99 118 5 79 20 46 261 172 171 138 93 112 32 36 75 16 90 47 78 12 86 74 156 60 25 41 138 163 48 195 12 69 59 116 0 0 87 58 210 54 78 52 101 23 78 40 78 24 131 0 2 158 151 96 118 63 30 0 23 35 48 23 72 0 60 151 115 16 89 133 81 121 34 88 54 150 12 25 77 60 0 118 16 8 62 30 204 90 66 67 72 0 30 132 144 52 31 70 0 94 36 0 11 138 42 42 28 59 92 48 122 14 54 78 96 12 67 123 107 143 7 56 73 136 27 130 56 131 92 0 71 120 81 165 55 7 21 126 55 35 0 36 12 200 102 107 35 15 139 84 18 48 60 30 86 91 0 57 144 35 40 63 72 102 68 26 25 109 41 0 14 87 10 28 4 0 92 153 72 18 15 12 32 8 115 42 125 40 71 112 158 47 34 35 9 117 71 75 0 95 49 89 48 62 107 72 119 8 85 104 25 52 6 62 101 89 0 138 174 98 151 26 81 222 142 200 173 141 127 3 75 66 0 14 0 29 206 82 120 32 20 102 72 28 135 97 113 54 169 135 96 129 3 75 
36 18 0 94 0 9 79 138 54 102 106 61 46 4 12 6 48 68 122 50 52 0 8 78 64 2 36 8 29 90 71 58 104 104 127 40 56 6 16 16 112 83 68 55 69 37 102 120 74 16 47 10 24 90 82 148 54 145 25 36 98 0 6 137 40 22 12 140 0 36 5 76 70 40 32 0 77 140 92 6 66 2 0 14 11 39 76 10 58 0 4 12 61 36 10 116 68 78 52 9 0 40 40 68 144 120 36 0 113 0 61 66 58 6 114 60 191 8 56 81 95 150 3 54 36 49 27 87 10 29 100 18 105 37 79 10 56 63 2 5 44 125 4 188 71 18 78 59 34 104 64 12 56 65 107 6 18 131 104 24 120 0 8 30 26 40 63 150 8 36 81 2 0 50 50 0 129 0 36 75 0 20 14 26 24 48 48 54 98 12 70 21 56 42 6 56 56 46 48 54 0 63 0 48 9 0 14 147 76 0 102 92 27 33 94 32 84 95 6 8 42 24 54 6 172 6 47 112 0 72 68 6 74 91 54 54 76 0 48 0 22 19 82 25 0 0 199 7 0 8 106 51 77 16 0 17 
42 54 6 36 155 63 36 88 70 64 92 66 195 43 36 0 31 2 109 110 173 41 74 121 116 20 123 66 70 101 104 76 71 20 0 9 0 62 36 155 29 2 45 31 39 54 81 0 176 8 58 29 33 88 160 52 56 78 111 0 2 17 153 16 78 22 0 46 39 104 111 23 22 68 88 16 54 68 79 0 30 0 66 16 123 80 105 24 95 6 155 36 86 54 0 64 125 36 54 36 49 18 126 36 30 58 78 10 105 27 91 18 81 23 6 58 0 170 122 26 12 142 113 48 84 29 19 51 0 79 150 41 44 58 50 81 108 70 139 0 30 122 54 118 80 99 66 62 49 53 10 17 69 119 80 0 12 191 52 128 171 0 1 0 52 59 30 54 0 6 72 63 0 11 0 0 26 42 24 75 8 16 102 163 90 26 78 0 74 24 0 72 83 55 145 7 110 22 50 154 96 120 103 117 125 27 24 75 198 0 97 24 85 116 61 56 81 0 18 16 4 16 0 3 21 64 174 54 124 42 54 0 57 89 79 38 177 12 18 30 53 121 87 44 30 28 124 50 44 24 34 99 24 56 25 54 
28 2 65 101 0 10 33 32 0 57 15 27 47 17 7 0 0 15 0 117 117 5 65 129 45 0 272 72 24 16 50 26 19 4 6 0 2 54 68 44 40 64 110 170 80 36 68 0 64 40 29 23 32 12 0 58 108 126 132 54 39 48 0 33 62 24 18 68 15 0 74 160 16 0 159 193 42 21 16 8 87 0 141 70 80 59 20 69 72 75 6 19 53 0 40 157 131 18 44 45 110 6 21 124 191 81 8 1 145 96 14 28 62 0 127 6 5 98 35 21 46 110 14 37 8 0 36 172 30 18 61 46 23 0 52 63 50 54 159 45 15 64 0 60 6 16 16 93 27 0 80 13 56 63 12 16 1 56 104 24 154 12 1 32 0 0 38 43 18 15 4 18 0 0 8 66 0 44 8 63 44 18 93 18 18 4 0 44 40 14 10 0 16 22 48 30 23 0 28 0 80 6 0 21 29 22 69 3 36 12 98 47 3 12 53 107 89 43 47 0 5 14 0 119 126 20 0 0 72 144 24 0 48 10 100 113 54 72 0 51 28 94 120 8 30 118 6 42 9 43 30 0 2 61 0 1 
66 162 16 8 8 62 30 74 64 38 19 0 74 23 60 61 30 35 7 27 54 26 20 65 50 0 74 48 13 136 16 96 59 7 21 66 6 48 8 29 57 18 55 28 0 76 36 28 59 70 112 35 49 39 60 62 36 39 114 68 0 10 72 88 26 58 36 64 114 45 83 24 120 70 182 36 39 58 24 39 140 90 31 31 8 43 46 0 42 25 7 107 0 40 0 35 0 26 33 166 9 0 0 49 56 69 12 0 53 20 56 44 14 4 31 212 97 71 18 139 28 57 11 94 86 48 182 114 5 199 55 42 120 85 0 33 87 0 49 79 6 21 56 56 56 0 65 2 16 78 34 36 32 8 46 74 24 112 28 33 112 3 10 67 43 42 12 25 105 24 157 15 25 73 7 22 19 0 83 63 27 84 25 98 53 60 60 66 74 20 104 0 4 53 140 71 36 131 64 60 36 52 0 135 132 15 36 32 12 0 11 44 71 42 30 0 109 44 23 14 92 24 16 7 82 134 51 20 12 98 140 18 58 93 57 34 55 63 14 24 39 32 77 26 60 28 30 106 72 61 123 7 89 33 50 64 
119 40 45 64 97 130 8 170 115 143 59 18 55 94 20 98 0 20 81 15 135 32 43 56 54 52 21 18 42 189 60 48 63 158 37 44 108 125 41 51 83 60 78 118 35 18 21 0 68 151 56 104 6 59 51 49 136 98 72 0 48 146 0 0 107 0 36 70 104 21 61 72 92 45 36 105 42 32 54 145 6 20 92 54 90 57 81 18 81 0 77 61 33 28 11 89 75 44 44 110 7 63 38 27 72 56 15 0 154 81 152 97 106 34 56 120 155 80 23 82 63 36 111 90 34 94 198 237 56 92 105 65 169 70 27 72 24 6 89 40 0 0 75 72 12 97 122 3 20 109 35 113 36 101 70 190 12 33 55 36 25 14 0 49 18 31 104 65 0 42 72 0 59 19 90 63 40 18 146 93 62 175 174 15 68 26 139 69 31 60 107 120 6 178 229 105 43 67 99 70 36 54 18 88 78 0 66 38 88 42 65 40 13 50 101 199 0 102 93 9 115 55 115 64 42 55 12 0 42 157 104 42 15 27 89 97 0 0 54 72 40 162 43 134 63 110 82 21 77 95 150 24 18 7 65 119 
62 210 0 28 49 59 14 122 82 68 216 48 69 62 34 12 0 0 20 15 101 78 60 31 109 0 134 28 82 132 96 81 54 30 28 5 0 8 0 6 103 36 18 105 56 4 93 0 103 35 21 70 14 96 52 52 0 27 67 12 68 125 25 30 48 0 6 26 69 141 35 4 159 55 73 27 44 151 0 70 84 105 9 8 28 177 55 0 90 12 95 120 0 48 36 106 175 21 110 90 28 45 56 21 76 93 72 0 27 51 80 54 18 54 88 75 84 115 54 92 48 48 24 18 53 56 153 12 0 248 130 84 100 103 37 63 0 96 72 0 20 31 48 176 30 43 0 18 32 49 24 86 58 41 60 103 33 254 84 84 121 36 32 0 61 24 100 144 160 4 52 69 54 75 0 36 38 36 30 63 40 102 46 159 73 87 69 21 100 86 78 134 75 0 158 76 263 77 44 138 81 90 63 119 177 76 0 32 80 0 36 54 72 72 105 58 66 30 75 41 204 2 106 12 0 153 132 18 45 77 75 50 96 109 121 51 129 63 76 100 0 106 12 14 10 79 86 128 30 36 75 49 112 63 24 75 
0 88 12 8 86 0 0 17 109 18 107 64 133 53 27 0 78 9 53 19 128 69 32 12 16 78 72 41 27 90 0 52 33 24 8 89 15 0 64 64 35 8 54 42 73 30 81 0 132 85 56 8 48 27 64 2 5 99 72 10 11 0 12 4 30 0 0 27 34 45 6 40 27 0 76 147 74 104 88 9 93 8 147 82 104 32 90 25 50 14 38 72 0 77 30 128 59 24 24 107 83 0 68 35 20 167 48 25 28 76 3 72 0 13 40 12 50 65 88 43 37 71 10 18 0 26 81 184 1 89 81 0 105 77 28 145 24 0 144 40 0 54 72 31 0 46 92 65 0 0 64 41 71 36 52 8 0 112 48 39 128 8 29 0 12 0 51 97 0 0 34 9 77 40 31 84 6 27 45 109 42 0 0 13 20 61 0 66 3 22 81 72 40 16 77 0 48 57 0 115 63 0 0 24 87 9 0 32 8 16 100 27 0 110 24 63 27 50 63 24 25 9 49 93 50 61 113 54 100 84 53 0 0 15 0 39 0 3 22 24 123 97 40 30 35 13 21 0 6 52 32 31 30 0 24 97 
26 56 0 37 43 90 0 42 54 14 80 24 20 41 57 0 42 12 46 63 46 22 112 186 8 28 65 2 58 93 56 95 0 52 8 18 21 21 4 44 81 17 56 34 28 30 91 24 16 32 30 32 46 139 16 77 150 105 85 12 27 10 0 19 30 12 24 63 35 79 117 84 8 0 142 0 2 15 39 15 121 0 80 90 70 48 43 88 21 61 16 47 63 30 59 158 91 71 45 16 29 6 24 23 99 49 39 0 47 61 43 35 23 76 0 15 4 32 92 91 91 124 12 48 36 42 10 18 84 71 85 26 0 55 21 72 35 33 130 29 83 101 0 9 49 16 18 10 61 9 35 98 31 28 40 16 85 75 81 38 95 92 67 0 48 6 3 55 62 32 36 35 81 23 7 6 35 48 45 4 16 27 80 34 106 16 90 12 108 29 20 96 121 50 30 18 76 0 113 112 109 40 18 25 20 49 4 52 11 0 125 21 24 46 69 212 0 25 14 10 44 24 16 27 63 187 117 29 8 97 18 8 0 53 56 144 37 67 16 0 7 152 66 17 0 82 120 140 47 0 0 0 62 56 10 36 
74 0 4 0 7 57 0 23 125 85 67 62 17 0 39 36 10 6 0 18 2 46 85 42 96 45 98 0 75 41 0 86 104 47 41 50 0 21 59 36 124 89 24 0 29 15 48 20 5 40 0 32 3 130 0 12 38 114 54 49 4 12 55 38 132 6 0 8 48 36 0 0 0 97 36 83 50 72 0 48 7 36 0 42 50 0 25 0 39 85 22 67 0 6 4 36 111 23 5 39 0 49 75 60 0 40 0 12 7 5 9 20 143 28 81 16 129 58 39 61 52 36 20 92 35 0 42 184 2 10 18 48 40 138 26 50 0 38 0 30 0 15 0 7 23 87 42 57 86 9 86 82 106 102 71 0 2 33 0 0 96 39 6 81 20 27 103 2 18 72 73 5 21 124 27 6 18 0 33 29 12 28 36 0 21 0 24 0 29 12 0 0 23 35 57 18 40 0 36 30 26 69 18 48 4 9 20 111 8 46 114 72 35 35 5 13 87 10 36 127 12 58 25 51 121 87 81 15 14 13 0 0 55 79 36 29 9 6 7 6 147 51 20 77 95 27 98 54 20 45 14 73 85 3 18 18 
15 0 31 10 39 0 43 110 186 87 27 44 74 70 45 91 103 40 14 71 95 115 35 47 91 12 26 5 100 81 58 91 57 44 184 28 130 0 17 20 56 134 30 40 19 10 30 61 213 0 49 0 67 57 0 24 12 26 4 6 16 62 0 0 90 12 0 42 55 40 0 12 62 0 0 45 18 239 40 150 46 48 45 95 0 24 12 0 0 103 87 37 32 35 25 25 170 18 36 0 0 178 111 69 52 70 30 18 18 107 44 10 23 32 224 18 241 63 0 73 52 0 10 108 38 9 42 89 89 42 24 18 51 44 6 14 63 12 9 18 76 158 48 63 35 96 54 78 21 81 6 38 67 42 45 133 28 16 90 74 0 50 77 13 61 104 177 4 0 78 84 70 36 117 63 30 58 0 56 66 138 83 25 16 6 12 116 0 19 36 6 58 20 152 21 7 80 114 48 64 140 117 51 30 107 21 77 91 172 40 19 14 0 15 151 26 90 0 54 116 20 122 15 42 217 16 220 49 0 125 114 58 105 14 0 72 18 0 88 20 86 16 25 17 26 0 159 62 0 26 117 45 64 6 99 8 
27 51 66 138 79 0 14 24 90 150 50 57 53 60 48 0 0 27 200 6 81 21 21 42 207 46 133 0 0 131 0 21 108 21 0 75 54 32 36 54 144 0 4 42 42 40 42 111 78 114 98 126 0 105 0 41 49 42 81 18 66 107 12 75 90 0 42 108 0 32 49 27 0 126 35 28 27 24 15 62 105 83 0 24 112 0 12 0 56 0 26 63 49 0 20 64 78 55 67 105 128 129 56 21 0 30 134 12 111 87 0 145 48 0 35 8 93 0 117 32 0 124 12 24 0 6 159 225 72 189 66 0 123 82 6 24 18 12 98 135 0 243 54 78 12 45 112 76 0 59 54 0 28 27 138 96 96 14 45 0 45 0 0 45 6 7 102 24 0 24 0 66 54 27 16 36 84 0 66 72 0 0 87 36 50 42 66 134 58 60 98 9 65 75 88 54 12 37 66 62 0 0 22 114 129 0 12 48 34 61 120 128 30 48 27 12 35 14 3 0 12 36 117 0 126 102 24 84 63 6 6 71 38 30 57 48 42 42 84 30 36 196 18 178 135 0 99 54 40 112 27 123 36 42 108 109 
47 43 46 99 48 45 6 142 112 105 26 26 30 16 86 45 50 0 59 26 152 36 144 24 69 55 120 147 78 54 13 18 24 86 97 44 20 5 32 18 63 16 12 54 70 0 99 10 84 80 16 21 102 55 55 94 43 5 49 9 54 30 9 0 8 34 35 63 50 0 5 40 0 71 73 0 36 21 81 0 7 61 63 0 75 88 38 36 55 0 63 104 8 63 44 16 89 0 59 9 147 133 26 28 10 43 6 12 92 39 70 70 20 76 31 96 68 30 35 24 123 30 79 101 148 0 63 107 11 60 4 23 9 84 57 0 12 74 20 20 6 99 76 110 91 66 30 0 19 40 30 40 58 8 45 6 49 75 115 0 59 12 0 50 15 3 131 9 46 125 18 58 0 34 27 14 46 105 30 3 18 37 41 63 10 35 91 67 0 77 0 140 67 42 38 18 81 54 70 0 55 98 0 63 49 0 20 60 153 0 20 52 21 14 99 81 93 5 27 0 116 82 8 24 27 98 24 7 18 99 5 31 30 36 0 53 54 0 24 40 0 2 51 61 107 32 20 36 28 99 8 99 10 2 11 151 
45 32 83 82 35 72 112 54 12 127 20 117 84 188 32 91 122 97 99 109 90 16 96 14 50 60 88 26 84 84 102 82 104 33 147 35 16 78 141 21 22 90 132 16 63 30 84 25 138 136 99 30 56 53 108 84 18 84 5 6 8 0 8 2 27 4 21 98 64 36 77 147 14 50 86 248 48 54 173 96 69 0 72 108 174 96 212 111 255 72 4 95 0 0 45 51 66 18 20 121 54 0 48 33 68 106 68 8 12 34 38 38 97 36 0 124 135 64 90 179 30 99 16 79 128 64 64 173 34 0 85 134 108 24 188 146 63 30 121 18 55 118 105 72 8 57 174 48 0 54 56 52 47 63 91 64 8 135 0 2 127 0 81 15 88 48 83 201 56 81 63 9 44 199 84 81 116 80 51 36 135 18 11 118 58 40 85 0 43 29 31 162 90 87 24 54 136 112 0 20 40 175 23 56 77 42 179 8 83 54 24 0 0 52 92 10 56 65 30 66 101 25 145 91 74 32 313 110 95 0 102 62 12 60 35 36 0 24 159 145 153 170 12 45 0 37 94 0 18 70 145 87 96 78 0 99 
83 68 36 196 0 59 10 76 115 11 141 72 18 111 6 103 104 84 165 111 45 65 121 110 63 0 66 138 4 26 84 72 4 6 147 125 8 154 82 30 174 104 118 122 274 0 204 0 90 42 7 158 36 14 63 14 170 20 2 38 60 73 69 43 171 0 159 54 116 8 210 81 14 16 7 168 22 0 26 291 99 20 0 37 48 109 75 20 122 72 57 17 105 54 30 117 59 68 42 8 239 120 81 20 27 99 24 38 14 233 67 51 132 156 0 18 41 18 28 231 121 99 174 81 24 68 100 94 28 81 35 2 56 10 98 195 52 56 88 123 126 129 124 204 114 70 72 121 41 139 29 79 101 56 124 62 127 60 57 74 88 84 0 42 21 96 122 152 13 106 0 125 88 80 63 88 101 90 227 36 106 2 60 48 21 85 14 122 48 94 68 74 188 24 89 45 94 46 45 133 50 22 0 130 63 12 239 56 80 0 81 53 41 44 23 14 121 62 81 0 76 61 36 90 169 16 158 102 48 173 95 77 113 77 14 165 82 35 100 124 76 124 61 113 109 0 44 69 207 8 49 120 131 113 97 90 
0 25 68 36 54 12 29 24 13 62 32 96 115 18 54 32 88 16 81 18 9 24 106 23 5 44 68 2 31 61 20 0 99 38 54 31 7 93 3 70 41 0 12 51 5 12 87 0 36 59 71 0 22 39 0 36 98 66 141 78 89 48 48 6 111 36 0 60 49 0 72 32 0 0 0 18 0 78 31 0 79 0 70 56 0 6 88 52 78 75 91 38 64 41 94 64 105 16 62 27 0 35 18 54 21 9 99 6 54 74 27 0 84 112 14 12 25 60 10 136 76 61 4 60 54 29 66 45 25 65 9 0 5 44 26 57 48 93 7 8 8 51 4 18 26 131 0 18 109 18 70 84 81 53 51 108 36 24 6 32 43 69 124 36 41 112 174 36 60 70 62 100 3 0 18 79 32 0 92 99 61 39 42 0 52 120 66 96 29 0 4 28 8 62 53 1 0 0 56 0 9 0 48 92 80 87 42 4 65 0 0 0 0 169 34 22 116 16 40 26 12 6 37 0 90 0 11 116 12 21 52 30 62 71 18 50 0 39 22 30 18 120 100 6 75 0 48 45 6 56 104 50 30 0 16 12 
82 60 91 34 119 33 30 98 114 113 122 91 81 60 72 2 46 60 42 115 42 137 87 24 161 0 137 39 73 123 54 62 120 68 36 63 0 8 36 58 18 150 58 7 20 82 149 40 140 124 49 111 35 11 0 81 52 34 49 170 46 89 122 8 86 11 27 72 40 77 55 18 2 50 119 116 39 23 73 171 26 69 93 53 46 297 26 110 162 60 67 70 35 4 128 27 108 10 69 0 14 30 141 54 114 28 63 0 18 114 82 9 66 47 61 127 34 97 62 89 186 128 137 146 84 0 90 206 89 95 15 35 102 89 33 111 6 161 42 120 66 64 25 218 102 93 47 130 133 67 12 40 48 65 0 9 51 68 154 152 183 0 18 24 108 0 53 6 133 98 117 2 98 18 54 45 48 112 49 105 92 174 39 111 21 18 9 27 58 16 40 107 234 52 61 93 104 34 28 64 40 6 118 65 117 0 67 124 0 27 105 0 75 87 62 94 109 6 99 81 97 23 29 83 144 72 27 64 137 96 113 91 98 0 150 43 116 6 11 0 0 102 56 57 142 100 29 75 120 81 77 229 12 63 26 48 
135 114 19 93 122 43 3 253 167 111 80 147 191 118 48 54 53 90 136 0 198 73 129 81 173 44 123 47 28 91 49 32 181 158 129 104 32 65 38 193 21 130 70 78 36 35 76 64 106 92 61 98 16 23 88 179 95 186 32 6 167 93 48 122 129 0 17 144 199 119 68 32 175 95 100 49 108 112 66 120 107 113 0 88 185 34 154 38 39 44 229 67 155 136 10 114 247 22 50 56 0 134 8 128 20 98 82 0 157 59 18 110 55 103 121 106 90 51 123 178 174 72 87 6 158 120 221 27 31 88 28 63 140 65 27 150 187 31 27 14 80 186 63 146 101 168 125 137 43 97 128 127 157 113 88 86 49 60 131 40 120 81 100 243 32 84 143 159 18 102 43 165 0 94 36 12 72 27 138 30 143 77 91 0 74 93 200 54 28 96 37 38 126 91 129 94 36 44 22 226 84 79 35 181 43 28 156 102 66 57 98 131 69 139 115 71 128 16 64 119 46 21 62 34 92 126 72 57 162 124 99 99 139 164 10 85 67 5 55 150 38 10 86 21 28 9 67 57 45 103 75 138 24 5 108 36 
6 188 4 76 42 12 36 32 51 28 51 51 48 16 2 14 22 0 147 0 31 76 12 52 29 20 27 51 16 0 36 7 45 0 6 0 0 17 40 0 12 0 0 28 16 12 0 30 10 2 0 3 18 40 44 15 35 12 23 0 0 8 0 63 0 0 77 99 50 26 61 0 21 12 36 32 19 36 0 129 10 0 113 36 0 0 0 0 54 0 11 0 0 98 18 45 90 19 35 0 20 87 41 98 4 8 0 8 61 27 72 0 36 30 0 0 88 40 12 74 0 54 16 4 76 62 0 0 48 35 16 32 0 8 15 51 40 4 36 0 0 0 36 3 4 0 0 0 0 19 47 38 22 8 51 46 112 14 0 0 109 44 10 0 75 49 0 0 88 0 0 9 72 15 27 27 6 85 14 84 0 91 81 37 16 0 75 12 30 0 0 26 14 24 78 4 0 90 85 62 12 48 22 65 47 41 0 28 79 57 8 0 81 64 0 95 0 8 127 21 219 9 0 0 11 81 50 12 49 95 18 5 0 25 0 8 0 0 72 0 48 84 12 8 23 72 88 87 48 6 19 20 12 3 0 21 
8 54 68 111 236 38 0 78 148 40 4 53 159 102 66 121 18 87 54 4 164 63 98 80 116 17 77 197 9 140 47 12 159 90 9 0 48 54 5 58 0 21 179 58 28 0 74 139 113 95 74 65 80 84 94 68 21 61 112 0 55 138 73 9 42 1 74 83 171 125 30 24 75 49 61 9 63 75 5 51 118 107 2 27 67 122 46 18 165 60 167 39 69 45 71 0 181 6 42 63 41 79 0 70 47 109 9 129 54 114 48 87 27 94 88 139 88 52 5 19 65 92 25 40 10 55 72 104 83 35 0 39 144 100 24 33 16 50 3 85 70 47 120 116 48 174 72 36 36 140 42 14 61 45 85 12 64 9 86 47 36 8 28 34 25 36 64 93 39 9 54 102 42 3 48 22 62 42 107 53 16 64 108 21 55 125 181 27 20 97 119 41 29 127 71 30 5 47 15 120 5 82 0 60 45 10 63 40 90 12 24 75 119 159 30 5 137 26 31 58 88 9 90 71 155 2 23 23 7 42 127 62 96 99 87 39 23 45 24 89 99 121 48 0 93 0 15 83 120 18 76 146 4 93 85 44 
134 209 69 89 87 85 131 57 184 56 47 59 109 67 96 14 35 36 26 36 36 2 24 141 64 6 33 160 72 163 71 58 203 71 0 0 12 128 133 82 4 21 123 116 61 35 124 0 111 0 86 69 87 151 68 106 106 23 62 99 27 0 36 35 55 0 12 236 60 63 56 45 73 32 228 8 115 86 21 97 45 79 21 47 113 39 147 51 96 91 125 79 96 131 54 49 56 25 91 90 64 19 32 199 27 72 15 128 18 88 36 1 157 98 37 66 103 165 46 94 67 142 99 57 135 91 128 0 116 92 61 69 144 48 4 118 76 96 116 157 6 89 28 137 41 80 95 123 31 158 93 26 40 174 48 32 62 78 38 76 67 44 79 0 0 110 20 170 52 204 90 130 47 141 135 33 66 17 139 4 34 117 65 134 33 20 119 40 75 72 142 76 84 20 166 61 72 0 218 105 37 87 63 96 48 71 33 55 93 18 2 56 14 97 25 8 121 20 34 45 62 42 76 16 78 56 42 32 106 0 48 25 190 117 0 76 80 14 61 104 160 155 69 90 48 72 86 234 139 34 115 130 95 98 42 14 
170 21 25 138 33 43 1 75 165 8 36 20 49 43 37 63 145 23 197 198 33 55 131 131 50 0 0 143 28 42 236 21 54 5 96 144 108 31 59 0 131 30 56 9 96 2 16 0 70 21 124 69 24 117 7 21 120 21 3 66 54 113 72 45 23 4 111 9 89 63 67 2 117 14 93 104 58 112 0 87 42 5 192 14 93 149 122 90 102 70 64 60 7 27 75 77 114 10 119 39 164 113 31 0 19 121 55 28 84 144 90 65 78 36 126 81 28 42 33 162 108 92 131 47 67 45 88 75 12 55 77 87 149 57 51 104 34 13 100 36 72 0 24 105 145 76 42 26 93 121 0 66 109 56 5 111 111 42 75 25 27 94 28 63 21 28 117 132 75 69 31 110 20 35 21 19 11 88 107 39 63 92 16 120 24 56 99 41 28 15 67 92 46 20 187 45 128 17 50 130 35 56 44 112 33 6 178 75 87 30 34 52 51 45 153 102 77 13 0 9 58 132 62 57 45 54 57 85 12 80 39 68 152 68 0 125 2 0 110 30 9 180 91 102 80 66 108 121 165 0 7 105 88 9 69 6 
110 27 0 63 10 126 40 90 45 81 28 89 28 59 34 42 51 46 166 29 133 0 64 0 98 6 114 32 78 0 0 15 49 8 51 60 14 42 23 166 46 29 106 86 120 88 123 53 6 49 0 80 24 24 168 32 20 75 79 16 17 29 34 110 136 30 92 119 63 18 36 115 91 69 80 75 5 116 57 124 138 0 56 45 77 65 144 32 66 30 124 24 35 84 52 109 39 81 14 30 56 68 124 42 2 72 24 10 52 48 66 101 42 69 228 8 99 0 0 59 20 140 45 6 0 8 24 56 55 6 77 7 83 93 6 41 56 18 42 4 59 42 89 94 0 35 135 131 0 39 133 104 10 100 81 0 9 80 78 53 71 58 0 105 42 110 43 93 32 74 18 54 20 70 45 87 182 57 40 120 56 8 0 12 104 36 106 16 30 22 25 93 80 39 40 57 0 44 40 108 0 0 16 196 25 54 62 0 0 0 18 63 0 86 78 91 191 75 54 0 63 0 80 64 114 10 148 153 89 38 102 46 190 99 81 154 86 48 95 30 54 32 10 33 40 0 8 40 8 28 260 48 18 72 0 88 
24 41 10 0 0 89 87 57 36 129 0 27 25 4 43 0 3 18 119 32 154 0 0 102 40 0 10 0 100 149 10 13 27 0 65 0 66 75 21 20 29 54 11 104 56 28 72 30 100 42 36 37 54 36 52 0 59 46 43 90 30 40 23 97 86 7 12 66 7 55 51 19 0 8 5 26 30 8 113 0 62 2 16 0 3 27 8 32 25 69 24 75 16 0 0 48 61 82 0 32 31 10 24 96 15 0 54 15 37 9 51 54 119 9 81 79 3 39 81 0 0 81 36 30 21 65 66 16 26 24 5 3 18 45 3 36 54 29 43 3 9 150 6 89 69 42 4 33 85 6 63 3 82 12 99 0 54 36 0 52 18 0 0 23 0 63 33 31 0 138 36 8 24 25 90 7 82 0 81 52 7 80 104 16 0 0 0 40 12 38 6 43 44 14 68 0 15 9 18 24 29 42 0 0 0 10 23 49 115 14 60 12 0 0 59 51 39 0 21 32 89 61 22 28 57 10 81 30 37 18 15 39 133 0 81 81 30 0 0 0 7 24 55 41 0 63 0 85 6 18 95 72 50 15 0 40 
57 24 47 31 16 18 14 56 0 97 221 138 152 45 3 0 13 0 112 25 32 74 0 129 85 54 120 0 97 51 58 37 127 41 54 7 9 58 18 80 74 0 36 0 91 80 46 55 86 8 32 149 18 80 8 48 57 85 11 70 0 40 94 28 104 25 0 122 110 95 79 62 18 9 122 54 103 7 12 96 71 0 78 0 100 134 78 0 112 60 175 1 104 36 45 124 80 61 110 66 95 29 88 102 51 108 9 28 61 10 45 12 88 16 6 25 122 70 35 105 43 126 36 36 2 6 135 122 16 119 90 107 84 81 9 99 78 61 146 16 0 109 18 12 9 166 24 171 105 29 10 33 149 118 154 4 40 147 93 16 186 12 61 12 172 19 96 92 33 49 111 50 9 27 1 4 65 72 15 90 0 15 34 21 6 66 65 13 0 51 60 26 231 0 220 25 97 6 68 103 22 118 105 154 30 15 83 97 97 50 210 85 27 9 62 26 127 51 77 56 12 52 74 37 88 20 55 0 107 19 70 53 51 87 71 100 87 105 18 34 18 114 54 82 77 114 247 101 50 86 79 97 180 84 47 0 
11 20 80 81 0 35 9 130 45 114 60 24 107 62 8 96 15 35 152 9 84 10 40 15 208 30 161 90 72 5 72 119 148 84 64 40 16 9 20 0 80 60 163 9 102 44 102 24 72 81 110 39 17 45 32 19 27 50 63 22 27 35 45 68 39 108 47 125 117 34 0 15 108 82 196 87 0 42 113 0 79 0 94 52 52 112 125 51 119 0 12 49 93 0 16 32 51 10 106 33 6 48 81 152 0 10 113 0 73 86 8 73 42 49 77 86 61 98 58 17 19 84 35 60 74 30 18 54 49 9 209 86 79 33 114 30 36 33 70 5 0 113 72 234 41 79 105 34 0 45 0 0 20 68 70 31 0 91 146 72 81 30 21 35 134 3 60 12 15 18 142 0 45 0 0 5 50 49 28 75 73 35 0 70 101 117 93 3 54 63 33 40 29 30 28 35 80 40 48 56 40 63 25 76 76 0 24 66 80 0 34 80 78 84 125 0 108 2 58 0 0 0 0 50 72 72 27 123 0 10 116 42 126 135 38 35 54 100 0 47 90 31 0 43 35 64 161 0 42 9 149 106 28 2 55 117 
120 6 124 126 32 58 102 88 52 92 36 38 71 57 12 0 0 91 62 62 134 25 76 113 46 5 90 54 16 117 87 63 4 102 43 28 0 82 0 48 7 27 48 12 119 85 48 0 26 52 32 42 65 134 108 37 145 88 73 112 96 140 54 6 12 28 45 158 87 82 120 136 106 117 14 2 26 31 59 128 39 13 64 24 25 152 120 102 80 152 112 50 0 62 79 68 169 86 172 73 66 52 12 173 57 72 66 45 25 99 51 84 89 102 83 76 104 0 52 0 34 102 77 84 31 85 98 32 28 86 102 4 139 33 17 100 128 24 16 16 0 82 0 112 4 149 0 129 82 45 76 96 52 80 84 19 97 44 32 24 89 36 105 84 89 24 120 95 51 42 92 29 206 65 90 155 36 18 82 72 61 81 57 121 65 88 72 72 73 65 91 42 84 0 70 0 83 10 121 41 0 44 35 102 76 5 194 27 64 10 35 14 106 40 48 157 0 80 82 28 69 43 13 146 48 49 30 20 8 35 189 40 159 41 82 111 10 38 21 46 120 126 48 76 25 102 123 46 56 74 26 65 118 40 83 85 
130 73 41 67 73 0 54 155 54 102 0 0 1 17 61 5 57 53 0 53 40 2 35 21 146 88 49 61 52 28 36 82 52 75 66 47 48 56 32 78 138 76 22 42 35 63 8 56 144 2 0 118 18 101 40 101 162 191 0 100 116 56 84 60 16 28 6 59 60 90 42 0 99 168 2 61 0 0 9 4 64 35 18 104 60 93 23 52 120 2 50 40 1 67 23 29 135 97 67 19 50 70 39 23 36 35 62 5 61 0 56 69 104 50 0 137 90 0 44 54 42 87 5 49 100 70 92 120 83 22 48 72 0 138 71 203 10 10 47 83 70 35 4 24 60 119 14 45 54 62 170 66 121 71 7 38 40 113 24 40 76 4 2 43 10 12 6 142 13 12 72 9 68 56 69 12 71 59 44 112 12 0 16 36 108 62 79 66 32 67 70 35 116 49 173 0 116 56 110 84 40 142 0 81 26 0 37 114 10 43 157 92 35 41 40 140 42 87 20 88 191 76 44 121 9 131 56 64 16 102 99 20 67 0 15 85 20 0 17 11 66 67 78 150 72 28 64 188 12 130 9 23 123 43 0 89 
102 83 86 14 2 142 16 59 196 43 77 110 10 52 82 72 76 5 136 106 82 18 67 18 46 70 190 90 135 59 13 224 208 75 163 56 84 8 0 6 160 93 155 134 70 0 2 40 102 223 38 128 70 45 112 117 73 74 40 18 97 97 29 29 158 14 0 120 64 176 4 46 28 19 113 95 121 165 0 120 72 18 51 72 42 197 175 86 88 126 43 15 78 65 34 204 216 88 101 72 40 84 54 41 58 56 39 6 177 103 83 126 10 53 93 64 168 82 72 51 122 111 16 178 152 136 91 163 85 80 66 60 77 26 105 52 0 122 117 42 89 60 42 64 54 106 171 72 2 70 60 46 10 197 199 49 62 8 0 0 29 18 65 64 41 122 110 71 15 128 52 12 84 124 178 0 77 128 87 49 0 25 134 178 1 6 0 32 24 68 127 8 106 0 142 28 48 35 26 85 55 40 0 50 42 12 56 134 35 21 57 24 12 0 92 118 143 139 16 90 201 0 126 75 138 70 226 148 86 0 60 132 175 27 83 32 32 38 91 44 72 151 69 167 69 82 82 85 73 69 88 56 54 15 0 60 
6 43 15 4 40 27 0 38 106 16 87 137 66 35 57 0 36 40 30 0 44 40 64 0 0 0 7 76 36 66 6 6 38 18 115 35 16 32 7 32 87 42 48 33 79 10 40 0 118 32 66 64 29 45 0 34 34 64 127 0 42 51 0 0 130 19 25 98 21 32 0 12 0 24 24 65 27 6 0 78 95 87 0 0 54 12 2 1 45 74 24 0 8 56 59 70 67 2 87 53 0 12 8 92 25 51 28 48 155 27 65 102 85 21 0 33 115 23 12 45 8 61 6 24 0 53 45 65 36 51 22 56 75 60 0 60 22 108 0 88 16 0 6 3 4 79 12 74 55 85 4 58 98 151 0 104 64 103 98 28 0 66 6 14 0 39 21 44 0 37 7 18 32 30 36 48 75 0 64 36 34 3 0 20 22 0 43 18 4 70 158 42 14 34 24 0 40 45 50 64 40 39 0 14 30 14 0 0 0 42 2 24 0 60 35 1 117 95 111 79 32 15 15 68 0 97 102 8 0 20 0 0 63 0 16 39 35 27 56 0 63 56 90 54 0 0 43 47 0 15 12 16 0 16 47 15 
24 20 27 95 75 0 40 4 39 45 19 15 79 105 12 99 21 72 56 58 0 104 33 85 35 0 25 122 6 53 112 40 62 35 94 65 55 32 69 11 25 16 36 2 40 2 28 0 56 0 14 46 30 24 25 14 65 138 36 35 58 0 71 54 116 14 0 103 59 28 107 81 28 44 70 0 86 0 42 56 165 19 0 0 102 93 0 4 31 6 36 5 72 56 63 129 15 0 0 75 0 55 5 6 16 89 6 60 27 82 62 54 36 15 9 2 34 63 5 129 128 0 80 104 17 28 98 71 45 41 12 38 0 3 15 25 16 3 102 6 154 47 9 30 14 24 82 9 36 146 34 93 48 38 48 66 36 46 142 41 36 0 27 46 0 45 64 120 0 13 2 56 40 83 47 76 56 0 73 0 69 72 21 15 21 71 0 17 32 9 48 57 101 78 49 7 72 8 20 20 66 0 0 0 36 0 74 2 85 89 86 79 39 18 2 39 33 0 37 88 18 0 3 24 25 0 35 102 0 109 70 106 4 42 22 214 0 36 64 2 29 93 39 23 2 0 25 62 54 133 107 96 0 62 6 0 
1 7 76 24 73 57 93 42 54 41 109 90 74 0 12 10 10 36 75 56 220 14 116 42 46 0 41 54 60 114 6 39 43 93 164 70 4 136 94 54 0 77 33 42 157 18 0 0 81 72 48 0 72 6 78 4 66 105 12 0 5 35 6 23 143 54 78 48 71 34 57 66 7 24 72 71 22 48 27 72 85 2 6 8 30 32 68 54 123 103 70 79 0 90 35 0 69 7 50 88 54 54 6 63 14 66 0 40 62 48 49 0 54 28 74 42 36 72 9 44 24 72 40 42 116 30 18 141 30 10 42 63 95 66 36 141 48 0 36 20 1 0 42 42 21 151 81 48 16 25 42 12 128 56 94 0 36 38 0 39 134 138 40 52 77 36 30 88 117 7 67 99 36 54 0 4 89 6 0 59 126 74 45 66 10 50 24 0 75 68 47 141 34 14 28 0 92 8 54 86 0 0 18 26 12 39 96 43 32 54 76 8 66 70 42 59 128 87 0 63 82 108 108 68 74 18 57 108 59 15 89 7 7 34 0 36 70 54 154 30 62 129 2 25 0 115 67 39 12 38 85 58 113 15 21 37 
14 25 72 40 0 75 56 93 114 60 118 40 14 30 46 65 40 51 106 0 98 52 72 30 8 0 173 6 12 110 82 52 33 112 18 130 15 24 57 46 63 70 0 88 47 36 0 72 8 157 56 7 12 38 65 0 76 148 39 45 130 71 125 6 33 5 9 69 109 44 90 279 80 134 28 91 17 0 75 72 101 28 48 56 94 165 109 12 112 114 56 3 0 52 23 2 21 21 84 124 42 39 8 39 171 37 32 63 98 303 0 61 2 77 53 36 29 44 68 16 107 7 35 30 151 70 84 179 93 25 44 12 69 45 113 100 12 24 27 37 49 23 74 76 121 86 90 20 0 111 24 86 72 5 14 13 8 136 56 22 66 111 48 60 57 81 172 122 4 75 96 0 97 0 90 211 102 70 149 66 100 59 25 0 5 132 3 131 27 32 26 34 26 28 72 104 101 0 32 80 134 0 90 44 111 0 140 43 5 53 94 18 0 40 16 175 0 98 42 8 76 93 22 170 24 80 49 56 0 159 84 12 51 0 0 182 22 27 91 112 17 41 21 103 116 69 59 40 109 98 68 139 52 77 90 144 
51 69 54 206 50 78 112 75 28 4 0 80 182 12 12 0 64 36 43 3 119 0 24 102 54 0 102 48 21 145 3 50 72 0 48 49 12 16 0 6 35 30 0 48 0 56 24 0 53 0 33 76 40 30 36 45 105 141 27 36 0 9 0 42 42 0 18 102 72 52 1 89 118 0 49 28 32 54 0 67 41 0 86 0 7 33 164 0 0 54 84 9 64 0 18 75 18 61 31 72 49 9 50 8 72 199 12 0 36 51 19 142 42 40 80 127 52 36 28 187 112 31 51 81 42 44 27 79 0 30 14 18 57 60 12 76 70 9 112 8 0 15 60 132 0 108 6 155 48 12 162 117 118 30 63 51 130 0 5 105 121 10 41 54 4 127 205 56 0 122 19 21 40 0 81 153 35 40 210 162 45 65 71 20 60 12 56 7 54 45 9 63 0 25 206 6 135 8 104 19 27 68 0 14 49 9 94 15 168 30 77 15 63 0 75 170 27 63 45 6 69 40 6 117 34 18 38 149 0 70 100 0 105 10 0 24 0 36 0 6 17 76 42 33 49 0 18 18 16 63 137 151 66 56 8 54 
31 0 96 111 24 15 141 66 105 45 60 18 115 10 90 56 113 30 39 60 129 66 125 60 24 4 43 5 108 107 102 136 32 0 24 61 0 144 53 93 66 112 65 68 39 15 55 67 24 16 60 103 158 12 72 38 68 72 44 12 67 80 0 72 147 0 111 102 52 92 50 150 86 130 42 34 28 121 18 246 68 17 0 180 20 93 156 60 49 172 20 31 20 16 57 21 94 133 21 23 52 56 134 21 116 38 104 52 112 13 140 66 78 18 192 12 97 6 8 202 56 53 116 81 76 22 18 16 0 27 132 11 30 16 24 99 56 5 112 32 124 132 36 87 144 163 71 144 33 146 64 48 157 88 88 115 32 169 32 18 102 48 56 121 44 105 183 45 24 63 14 68 80 100 186 96 80 61 217 53 24 40 40 149 53 67 0 56 53 81 41 61 82 153 118 88 96 31 18 0 53 0 0 57 37 0 61 95 147 40 33 47 32 50 43 81 152 0 80 80 0 57 54 49 288 18 56 36 0 12 99 145 201 33 0 27 45 6 24 8 109 79 12 88 57 113 93 12 19 36 3 98 33 101 63 72 
32 35 35 147 62 30 0 117 89 110 132 108 48 63 41 83 20 42 101 2 49 15 72 0 24 0 43 0 18 117 2 33 0 12 68 0 29 110 52 20 53 18 0 46 36 38 42 32 71 55 45 107 16 35 34 35 71 125 26 4 93 131 59 0 208 16 30 112 59 10 48 11 108 80 0 16 63 10 16 88 53 84 10 28 6 18 100 0 32 40 95 86 9 44 110 24 68 8 44 0 34 32 122 0 87 68 34 40 113 63 115 118 39 29 5 6 176 80 54 36 126 102 30 40 16 31 124 101 71 81 4 32 24 36 56 55 44 45 64 75 48 172 107 0 6 56 152 9 31 91 0 99 22 78 176 289 90 51 159 0 69 74 8 1 76 5 49 98 0 36 0 49 63 75 0 90 46 32 56 49 0 103 45 129 48 0 48 30 36 48 81 22 97 180 80 27 39 99 74 102 99 34 18 73 108 6 14 9 113 84 54 21 0 26 0 93 0 24 73 0 147 61 20 8 99 0 34 159 63 49 98 79 48 7 8 14 0 36 0 0 42 196 91 33 162 8 72 50 24 0 117 126 10 24 10 2 
7 81 133 221 86 40 107 60 93 172 105 44 165 150 123 82 34 24 66 83 36 136 95 94 0 87 0 90 202 130 153 130 61 69 82 0 20 50 88 15 230 70 55 25 9 36 99 102 19 37 123 74 130 46 4 159 35 136 27 48 113 42 65 8 91 85 30 68 301 87 0 6 202 115 177 54 63 14 111 28 199 0 45 46 93 136 9 150 116 53 188 30 0 0 43 40 123 0 142 50 0 6 58 3 9 81 9 81 40 213 17 115 72 46 15 64 28 108 83 76 100 64 134 170 186 129 79 183 45 23 72 120 41 38 84 160 0 2 153 36 0 124 58 43 0 25 98 71 12 154 63 48 138 80 67 135 45 182 121 40 36 65 26 36 42 0 46 211 92 135 56 52 120 21 41 121 170 95 137 133 63 112 22 4 27 70 21 9 29 36 45 48 60 37 90 0 264 20 153 65 40 84 90 63 75 59 152 9 152 48 61 24 72 149 128 56 45 0 74 172 126 146 63 48 108 9 75 95 54 27 109 74 108 0 88 0 16 89 110 142 66 116 87 56 10 42 138 178 0 182 10 88 33 138 104 107 
95 6 4 55 128 45 14 124 70 3 142 36 51 105 96 138 68 75 131 96 104 73 66 58 64 25 33 38 7 56 16 134 64 0 113 85 6 140 27 30 91 78 81 87 82 46 151 65 129 86 66 104 31 42 24 20 80 24 20 35 118 18 36 104 50 42 67 204 113 78 32 55 123 30 136 82 1 0 20 188 82 15 65 18 5 122 112 66 86 50 83 30 0 89 42 75 154 154 8 85 85 7 54 24 48 83 77 18 31 55 55 123 33 114 105 41 104 76 26 76 15 41 54 198 85 62 50 105 34 0 69 68 47 117 62 87 6 0 57 27 80 109 72 141 12 98 168 0 17 93 77 115 88 41 131 22 9 92 64 27 18 55 96 0 43 17 42 123 84 10 61 47 0 84 72 41 73 93 85 7 78 34 15 89 47 49 51 59 14 111 70 94 19 50 37 35 80 36 104 123 81 151 24 147 102 35 64 0 18 0 45 104 87 21 115 24 132 8 60 82 52 48 39 63 159 15 52 0 37 0 7 0 60 0 10 35 47 25 42 117 47 156 22 150 41 20 140 0 62 15 94 32 55 139 20 110 
68 23 91 93 41 65 12 200 99 75 108 101 19 95 3 173 54 0 48 0 14 90 4 37 36 68 24 93 42 10 104 172 93 24 25 21 0 27 57 6 113 48 93 14 8 0 35 64 83 7 63 40 28 61 0 54 54 171 0 50 51 9 52 115 46 0 0 112 209 32 168 0 66 6 110 78 64 32 21 144 66 52 27 48 27 87 9 42 61 28 64 63 118 0 2 90 144 73 9 70 40 6 38 24 16 45 21 0 0 72 36 9 66 36 126 63 10 71 58 144 78 96 49 157 117 32 54 0 112 5 56 89 86 0 19 12 0 27 43 55 98 0 19 111 12 58 9 20 0 132 76 2 86 0 119 236 65 73 73 62 64 32 0 151 58 12 95 73 18 105 111 96 31 86 0 19 48 30 105 18 31 47 97 48 128 64 0 40 47 10 0 30 126 24 71 0 37 63 16 253 43 85 24 131 64 20 104 66 82 36 25 76 0 76 60 92 201 68 51 48 64 49 52 26 54 48 89 18 42 20 62 80 107 20 42 29 0 0 22 6 32 54 122 32 0 0 106 126 124 104 128 176 75 74 12 0 
32 36 94 141 6 64 100 46 8 16 88 18 113 60 34 20 111 155 48 126 49 67 18 40 48 24 99 36 42 86 99 127 0 28 94 36 49 24 8 63 115 36 95 73 118 6 119 92 100 161 99 138 4 141 62 94 152 56 105 108 119 28 127 130 85 47 72 72 120 18 77 141 21 120 65 141 35 14 14 102 79 12 46 108 149 27 159 32 208 33 0 16 138 82 50 81 176 38 71 96 113 18 64 5 137 2 51 36 144 15 120 103 11 14 33 12 72 62 111 216 44 130 128 32 75 54 15 116 8 59 195 151 15 27 78 28 5 94 67 70 88 4 28 12 72 84 40 138 55 0 6 132 18 57 6 6 76 156 79 73 64 32 107 0 33 30 78 201 84 59 85 18 75 105 130 63 84 142 58 0 97 18 78 131 25 42 114 12 15 48 84 78 210 16 101 179 90 48 45 18 40 0 118 35 100 24 125 86 8 24 93 65 122 4 80 111 198 72 99 90 96 30 38 81 207 28 30 98 100 44 72 56 70 10 8 48 85 24 40 77 49 160 203 62 40 96 34 148 75 34 29 39 72 61 36 30 
49 85 102 174 47 34 36 50 85 73 35 121 169 110 57 52 77 50 55 12 54 30 72 100 89 36 60 150 3 132 72 75 125 89 19 20 42 30 121 29 18 99 61 47 77 20 77 16 43 0 30 18 27 28 62 26 91 54 82 36 80 50 0 57 48 0 157 179 136 8 106 72 132 135 129 119 39 8 30 52 8 35 63 123 71 18 74 195 134 21 124 17 103 10 36 0 18 21 46 0 69 36 154 27 4 77 16 81 16 24 158 64 55 4 38 95 39 18 29 89 53 87 9 22 75 89 18 69 50 22 155 68 153 25 52 17 10 63 155 74 58 15 33 112 85 81 24 149 6 46 65 91 8 73 53 18 24 15 91 146 207 0 0 0 0 96 96 75 17 151 19 80 76 53 29 37 8 103 39 110 119 45 32 12 0 18 193 20 16 34 20 119 86 48 34 64 106 68 107 199 88 144 75 111 0 0 118 66 148 53 9 24 64 34 82 21 147 30 9 74 82 0 111 12 144 104 34 148 81 81 8 6 104 13 126 91 42 8 0 72 152 83 56 16 87 15 50 71 72 31 90 67 101 78 20 16 
93 4 75 20 16 46 12 142 118 56 33 46 49 90 24 27 2 0 72 14 102 0 0 90 48 84 142 36 36 9 14 32 72 27 28 0 153 95 48 23 85 0 18 164 104 40 23 115 4 81 21 48 3 0 63 65 79 131 15 15 21 42 29 70 0 0 0 61 55 87 32 110 51 42 93 93 6 95 12 30 33 5 63 0 38 0 143 10 86 8 10 0 53 18 11 108 7 3 24 0 119 98 0 18 9 98 72 0 97 54 4 65 3 72 51 110 36 0 42 0 101 36 6 64 24 168 36 139 7 48 45 36 12 12 71 36 9 71 42 58 39 34 4 110 0 28 21 72 0 14 72 6 6 30 26 21 4 69 19 52 40 28 0 51 27 58 8 13 42 54 24 68 72 69 68 3 46 3 36 112 1 0 55 81 0 54 71 104 8 114 20 94 21 63 81 12 44 17 94 65 0 50 0 16 0 12 36 100 14 6 71 0 0 6 0 63 27 6 18 0 52 54 78 72 17 42 51 15 30 125 30 30 82 15 43 55 56 22 48 46 48 36 10 98 7 6 54 1 8 19 29 75 38 24 30 94 
55 63 21 151 113 14 32 46 12 44 124 59 82 48 116 44 0 15 85 27 101 10 16 8 78 27 73 74 40 113 68 78 56 20 47 94 6 47 57 30 52 34 24 59 44 0 109 45 133 92 92 18 32 4 72 27 55 97 83 21 151 28 52 163 60 21 49 0 101 28 53 45 16 35 21 70 178 102 86 42 75 0 128 20 102 59 16 8 118 64 97 0 68 71 27 0 32 53 64 45 55 18 112 18 93 128 16 49 14 67 35 0 21 27 3 40 5 66 60 78 120 0 51 28 133 40 51 69 8 21 92 0 16 45 150 76 32 82 63 15 41 22 111 72 29 86 62 12 56 70 48 45 70 24 78 35 2 81 111 64 106 118 8 78 3 61 35 48 54 0 48 27 0 24 8 47 90 36 48 2 53 4 43 36 33 129 0 8 55 79 49 27 8 113 2 30 54 18 42 151 87 137 96 58 75 0 120 0 176 97 34 24 18 101 40 68 84 0 45 6 64 93 18 67 115 0 133 9 18 79 38 0 77 53 38 50 27 116 33 85 124 94 20 10 35 40 28 70 52 66 45 73 21 55 31 6 
155 0 141 190 46 61 81 88 57 36 12 32 84 63 41 105 71 36 5 10 161 10 72 72 64 36 3 51 32 110 25 48 60 163 43 97 27 97 96 56 141 136 128 2 49 0 0 48 164 56 51 21 125 58 32 126 36 75 54 0 63 80 0 28 10 30 74 6 120 84 139 94 117 70 52 15 36 0 24 77 80 48 7 67 51 57 40 20 18 36 67 58 14 59 18 55 13 58 12 99 25 34 0 24 6 33 64 0 28 97 18 12 16 0 18 70 75 72 31 136 0 0 12 6 82 66 54 145 101 48 60 63 107 24 7 140 12 12 29 100 24 18 38 102 15 36 30 40 0 66 24 10 70 75 42 163 92 61 0 4 70 22 89 75 6 78 56 134 112 48 0 55 70 24 70 3 55 0 133 0 48 32 39 78 82 88 74 61 33 47 66 53 21 42 110 56 32 86 22 42 48 0 9 35 82 46 108 56 64 54 16 59 105 111 25 45 75 122 9 86 72 21 57 0 24 36 86 33 18 70 106 54 36 18 30 32 29 0 54 13 40 103 9 125 76 30 87 35 77 78 56 28 77 50 28 33 
39 56 36 81 73 68 85 52 26 22 94 58 29 59 75 14 23 31 122 166 161 12 8 59 83 20 53 17 62 165 24 48 7 12 5 5 2 6 48 58 0 63 9 53 3 77 80 108 20 114 0 45 75 126 61 71 35 8 66 164 7 89 47 91 2 11 72 187 33 2 24 46 28 16 22 0 5 45 37 30 12 6 107 5 58 171 92 36 91 96 111 10 56 103 30 125 171 46 112 172 157 38 111 77 198 69 40 0 9 49 27 3 18 112 148 0 40 120 0 88 32 72 41 85 38 91 14 84 16 42 112 33 10 0 99 146 74 66 174 0 23 15 21 177 73 0 65 21 93 81 45 86 251 186 90 32 71 143 192 163 23 24 86 0 30 39 50 59 135 5 4 12 6 55 2 3 110 15 4 8 5 66 36 78 7 5 233 42 60 36 3 77 35 15 43 63 133 0 57 15 0 123 27 77 55 47 49 71 55 8 108 88 14 17 184 37 145 73 41 24 23 0 92 0 135 8 58 10 49 116 21 17 14 40 0 95 30 13 20 0 121 6 0 79 8 63 113 27 97 73 61 91 44 25 0 28 
54 62 72 106 98 75 27 110 149 106 61 97 125 68 120 103 114 50 166 105 265 109 10 64 86 71 161 49 56 64 93 93 132 0 78 61 54 0 122 78 159 76 179 75 70 0 93 126 133 112 22 107 18 82 76 50 28 95 87 29 133 55 62 97 117 42 9 46 117 122 119 58 32 18 10 1 36 28 63 154 239 1 6 28 24 145 158 0 79 0 31 35 27 12 15 21 70 125 98 88 48 102 32 0 3 108 167 63 57 106 0 8 44 107 126 56 196 24 18 58 133 129 105 70 95 46 122 16 74 61 85 117 18 150 41 241 101 23 13 67 98 192 52 90 99 186 92 127 167 93 12 110 44 46 135 64 55 102 77 55 17 22 0 81 130 99 80 52 43 0 18 28 52 97 28 64 88 35 77 102 72 69 81 57 41 98 54 95 34 92 100 58 101 40 223 35 117 0 47 54 134 48 42 0 88 21 117 24 166 53 80 153 35 71 90 88 123 10 117 36 45 8 0 41 195 45 182 92 95 87 82 179 219 225 126 174 115 0 2 9 135 49 16 182 128 18 28 101 5 85 135 140 0 84 40 14 
63 9 47 44 73 62 18 165 153 73 108 54 94 107 4 92 14 141 11 2 6 56 120 0 203 105 71 117 29 49 26 114 196 49 35 10 9 56 10 54 20 81 38 0 26 42 97 27 72 0 62 45 0 35 14 7 39 77 16 59 117 82 37 50 35 2 21 231 86 16 96 47 83 59 76 119 62 84 74 16 24 5 44 136 102 6 101 38 116 14 7 27 14 14 132 6 102 73 0 0 81 22 97 23 12 14 24 4 14 6 88 48 81 28 86 112 16 88 34 12 107 144 60 179 56 72 105 75 56 18 18 86 112 105 36 176 0 104 27 113 18 41 64 157 191 79 26 44 56 0 20 56 31 79 0 6 22 24 123 8 125 0 100 4 30 0 67 84 6 46 81 36 0 190 30 65 2 42 16 51 75 96 81 72 20 52 135 72 114 21 42 125 118 4 99 56 106 52 55 100 0 52 23 74 88 15 70 141 65 66 30 62 100 69 66 21 147 28 113 50 41 0 94 68 45 26 118 157 105 14 84 61 112 97 0 24 54 86 24 7 97 9 37 11 136 108 184 109 0 62 132 92 99 24 10 8 
14 98 74 22 9 35 12 97 89 74 161 130 194 86 8 136 7 42 89 0 97 5 108 60 88 39 71 44 3 137 18 105 35 63 17 40 0 36 33 4 52 49 0 70 93 23 65 30 64 7 35 131 16 61 0 49 76 66 51 99 81 29 35 97 67 32 99 90 95 45 64 8 24 36 55 106 1 72 0 139 56 0 33 73 92 7 81 86 191 12 94 24 79 72 49 21 56 84 24 40 78 26 76 21 114 123 7 18 48 48 40 24 62 15 77 109 32 55 183 30 6 69 32 30 89 0 0 20 9 4 26 139 48 128 0 132 78 53 149 54 9 65 58 179 14 193 30 112 54 58 24 61 60 48 161 20 68 6 28 173 110 74 100 0 94 14 118 4 27 44 45 103 19 0 36 43 4 76 48 188 96 29 127 12 27 12 78 48 63 74 11 35 136 28 106 0 250 0 56 94 72 72 114 139 76 24 38 54 227 28 148 71 57 0 68 97 65 93 42 111 45 43 18 107 116 18 207 54 93 147 99 10 74 7 20 35 25 26 101 72 25 63 100 54 70 27 86 31 26 39 125 48 56 16 42 75 
27 108 137 127 70 31 17 37 145 148 98 120 52 185 6 151 67 92 135 81 72 56 49 12 124 81 114 185 34 172 105 36 75 62 69 55 109 23 45 34 68 5 49 37 13 36 63 9 32 81 68 27 27 129 48 95 23 128 30 110 63 96 168 4 40 91 81 120 222 8 5 0 86 75 22 0 51 66 35 63 165 0 83 94 105 182 87 0 5 69 140 50 111 74 123 56 24 138 101 118 169 89 84 72 73 101 35 20 103 230 159 14 78 44 12 16 34 120 59 87 77 144 145 92 85 69 58 90 45 20 135 30 12 25 3 154 14 79 146 21 193 63 148 126 111 82 134 41 142 122 12 180 168 130 83 204 45 116 100 28 167 35 73 42 19 27 107 88 0 45 0 40 34 51 12 14 18 59 140 0 36 39 41 91 148 28 178 0 23 14 43 40 224 44 233 19 128 2 45 54 0 0 100 90 100 27 27 32 48 14 27 120 12 112 49 68 115 28 27 138 9 45 55 73 80 113 111 72 34 137 68 55 48 92 0 120 0 7 45 114 112 39 47 60 155 0 47 90 90 148 27 245 86 53 0 137 
68 81 52 9 4 3 0 46 187 28 77 192 57 86 42 36 24 14 140 52 68 0 0 85 69 26 30 15 0 171 122 21 69 0 8 4 95 128 74 61 52 32 48 112 95 27 111 89 90 36 92 48 33 51 5 60 78 78 40 0 21 0 0 130 80 0 40 72 11 27 213 0 48 0 47 41 0 33 27 76 12 15 60 98 35 0 81 60 66 61 46 36 4 0 63 36 77 95 55 32 24 47 54 30 48 20 97 0 14 48 25 53 27 0 180 21 63 63 11 14 49 0 35 67 65 106 6 115 28 40 0 60 110 48 36 161 35 42 28 45 9 98 103 87 7 0 40 49 8 7 34 129 32 32 0 72 40 83 95 82 24 16 18 0 30 87 142 36 58 43 42 67 70 44 50 56 0 87 49 0 24 12 81 88 12 0 82 99 37 42 44 35 36 63 51 12 0 81 61 81 54 28 3 20 77 40 107 86 129 24 88 72 0 0 63 90 165 66 16 116 20 11 18 35 63 124 84 72 94 127 30 87 24 20 0 65 56 0 0 0 33 32 79 13 36 43 15 81 25 37 56 64 60 42 53 15 
24 0 150 77 113 12 45 12 7 97 6 84 73 136 16 44 58 60 17 74 42 12 84 60 18 2 22 32 31 25 51 19 117 20 80 35 6 24 64 82 72 21 10 72 72 59 54 40 72 63 75 54 31 128 0 67 89 42 81 0 54 50 78 29 15 10 32 54 34 83 4 0 34 23 8 63 26 94 42 125 83 40 9 0 28 2 59 8 112 168 60 15 32 0 45 0 72 31 16 21 27 44 84 5 116 75 16 24 56 141 76 24 85 35 44 16 14 118 19 92 138 30 45 12 76 62 18 46 91 0 72 29 54 68 97 76 0 55 46 57 0 0 52 138 27 19 0 25 24 66 44 54 76 82 99 91 166 56 83 0 77 100 58 108 35 71 99 32 59 59 4 27 53 76 36 64 92 32 152 41 12 67 31 5 36 36 73 0 74 37 0 78 32 28 66 30 98 106 50 32 0 28 85 88 12 6 44 33 50 62 71 16 26 40 29 36 0 0 0 6 90 89 18 60 66 9 45 69 0 25 88 0 40 6 74 63 22 109 0 4 27 114 15 21 56 30 46 49 35 18 34 104 40 70 161 0 
23 21 22 73 63 6 0 139 26 144 28 0 145 49 112 131 15 98 0 80 6 0 99 7 87 60 194 89 69 113 148 35 68 22 76 85 0 12 18 0 21 69 74 34 18 64 28 56 72 64 178 96 14 24 0 102 69 80 24 13 33 56 84 22 3 58 20 61 99 35 35 4 28 37 18 113 42 37 91 65 42 7 87 84 132 0 67 96 63 72 24 14 40 23 66 26 45 3 60 24 66 103 122 7 25 124 96 0 109 122 49 86 26 27 0 30 21 14 116 160 99 198 99 40 63 56 54 91 104 0 18 158 87 54 25 82 93 25 99 20 150 166 0 92 8 129 124 159 63 12 1 0 70 49 35 63 71 14 68 0 69 93 107 81 54 16 130 74 54 63 18 57 20 133 53 56 12 20 135 63 0 8 45 51 168 0 0 84 14 7 0 61 97 101 170 20 85 0 13 99 15 0 14 4 20 0 28 14 88 14 86 27 0 18 40 60 96 12 36 27 0 0 0 29 36 84 63 25 12 105 106 62 72 89 0 151 0 6 154 4 54 31 25 1 105 27 44 71 15 46 124 87 117 15 101 91 
89 102 74 72 30 15 72 72 156 28 51 148 106 104 38 57 0 25 24 21 78 72 8 24 22 2 50 2 3 113 129 20 154 28 21 15 15 46 103 40 27 54 84 42 4 0 6 20 12 56 45 32 14 51 27 120 6 27 51 48 59 48 0 63 54 2 21 36 82 43 62 42 54 28 132 51 91 92 0 110 48 3 36 32 56 56 11 28 75 0 44 8 66 6 0 0 26 50 59 126 18 19 30 102 155 6 0 0 20 79 0 8 81 20 15 38 22 12 99 64 85 84 82 104 15 56 117 81 54 30 0 73 0 8 0 82 0 4 87 35 22 89 14 18 81 160 48 91 88 59 14 78 2 28 98 111 49 65 60 13 79 27 44 92 18 0 21 63 54 32 72 97 39 108 54 32 34 27 10 22 88 9 18 2 32 56 65 97 18 70 38 3 79 30 10 86 66 14 18 90 28 56 101 70 112 0 91 3 0 18 39 57 7 21 0 8 102 5 0 127 16 72 11 53 47 93 0 75 120 6 73 128 32 42 0 23 9 0 54 116 0 68 27 0 44 20 117 83 20 100 29 100 36 58 85 48 
36 4 26 32 0 22 0 19 77 54 17 59 53 39 18 95 4 24 4 36 21 0 0 15 9 0 67 0 25 105 40 87 87 0 0 1 1 32 9 43 45 0 65 93 71 131 12 35 74 37 101 16 6 20 36 0 57 68 99 16 13 25 56 22 0 108 80 0 4 57 24 30 90 56 35 35 0 83 37 65 44 0 0 16 4 1 47 88 55 24 53 9 0 0 61 0 86 107 4 63 0 2 63 33 95 15 0 0 24 111 0 91 33 0 57 138 18 4 1 8 7 30 56 99 29 25 45 83 22 32 44 55 40 88 8 72 12 9 45 103 0 63 54 53 21 12 27 70 8 20 6 70 21 102 67 26 118 129 26 83 0 91 32 34 64 105 51 43 32 97 32 7 24 12 1 11 6 28 81 49 40 29 93 7 0 78 0 126 39 45 28 0 56 8 183 44 69 18 0 75 51 119 64 84 71 3 0 10 62 12 28 72 8 0 68 35 22 0 42 96 4 34 23 16 0 69 30 182 36 36 36 72 34 0 0 28 45 17 62 0 52 81 35 4 35 5 198 130 0 74 77 35 86 36 100 59 
3 61 82 59 114 58 0 108 150 108 77 90 16 61 0 45 20 12 65 15 192 46 60 96 38 117 111 8 92 99 6 77 48 0 38 18 123 95 22 120 138 57 0 106 109 0 107 0 6 17 54 0 0 99 171 46 52 84 0 9 4 0 93 22 169 0 84 15 46 266 48 48 48 29 80 62 2 32 126 9 76 56 38 12 21 69 114 0 124 48 49 68 72 16 44 72 186 68 20 61 0 46 72 28 3 84 155 99 171 75 93 80 137 16 0 51 58 144 54 30 24 40 40 0 51 135 81 45 6 59 229 18 3 60 81 62 120 0 42 42 82 190 9 36 20 144 0 9 16 97 14 57 149 126 18 63 69 72 21 40 113 157 17 85 109 84 36 35 0 6 129 63 82 17 9 3 26 1 42 77 68 164 54 29 132 18 66 93 18 71 15 115 126 36 140 0 3 30 118 113 204 0 16 113 74 9 120 88 33 15 133 18 0 33 57 102 105 60 21 45 30 115 54 8 21 158 57 24 143 84 42 91 77 76 9 58 24 0 72 65 72 64 16 160 0 30 142 0 12 0 59 239 8 122 12 108 
88 12 0 8 63 49 15 91 26 27 49 42 86 77 61 71 45 78 15 0 78 0 109 2 96 52 7 35 12 40 0 78 49 87 0 81 7 69 30 28 78 42 57 0 63 0 0 0 32 0 76 45 77 0 0 0 0 3 40 0 12 45 0 16 63 102 36 126 4 54 11 0 0 0 144 101 18 0 72 71 72 0 41 9 48 0 35 28 15 0 7 19 0 5 19 8 32 24 0 93 36 37 14 28 0 0 72 0 9 15 0 44 12 10 45 57 44 58 51 37 0 70 35 112 67 88 0 73 35 0 0 35 60 2 0 87 7 42 36 7 44 64 0 49 90 60 70 25 66 0 0 4 42 30 0 0 16 89 110 36 15 43 43 14 0 27 0 32 24 0 63 67 0 27 30 12 18 36 9 0 58 74 0 0 8 72 63 0 0 28 56 53 0 15 0 1 45 0 16 98 9 0 0 36 76 3 36 4 83 22 0 16 126 33 45 2 139 18 126 36 0 0 0 0 0 60 36 16 0 9 28 18 42 15 7 43 35 3 69 60 18 12 63 49 72 72 92 0 12 16 56 20 28 18 0 16 
64 0 15 57 119 17 10 6 83 40 78 49 69 68 72 78 19 14 58 32 68 38 109 88 0 15 52 76 66 80 48 81 57 38 41 22 12 27 27 104 88 63 23 53 99 0 99 24 163 0 25 36 48 76 17 49 6 16 102 30 112 68 72 54 63 26 0 0 61 90 79 44 48 3 51 16 56 91 8 81 16 38 18 0 38 54 0 36 72 89 18 30 0 30 36 78 108 47 76 41 64 40 74 69 0 67 63 32 48 10 31 0 114 66 188 40 57 63 0 1 12 6 50 114 79 6 0 0 24 52 56 0 24 41 43 107 42 87 68 31 28 45 103 41 7 109 92 33 14 21 66 8 125 47 71 27 29 183 31 36 57 63 29 0 70 18 201 123 30 181 56 14 21 83 0 56 75 0 64 0 0 21 71 73 15 71 0 15 0 26 30 60 58 41 59 0 55 20 164 20 101 71 33 62 0 32 10 70 151 10 5 12 15 108 24 38 173 0 36 84 6 24 0 3 119 37 77 25 27 39 10 83 60 49 58 27 61 28 48 56 140 88 149 27 0 24 24 114 2 64 38 76 2 113 12 12 
47 6 40 35 0 45 98 18 49 117 24 11 63 9 12 0 84 3 69 46 72 49 0 10 15 76 108 48 0 73 27 0 45 3 85 40 131 32 15 0 32 30 68 88 70 33 78 0 0 63 0 3 33 14 91 56 66 66 21 63 0 16 0 0 63 31 18 12 0 49 30 93 19 36 80 66 37 42 47 20 42 40 95 87 15 111 195 61 0 92 65 38 35 49 14 27 0 0 82 84 120 16 86 9 0 57 14 8 77 18 67 67 27 6 90 47 80 0 18 24 96 40 12 59 28 112 30 98 110 8 74 26 45 39 36 42 27 3 14 16 61 0 24 56 12 6 157 42 61 32 31 81 129 103 64 24 48 96 38 5 33 0 65 0 18 47 96 16 35 12 44 0 30 30 62 95 48 0 108 68 24 36 11 72 0 51 30 15 0 73 1 125 14 63 65 0 20 0 0 24 42 0 0 35 16 35 100 41 112 35 30 0 24 0 74 106 109 8 4 0 97 34 12 28 86 8 52 24 9 27 0 32 97 15 0 6 0 10 0 13 0 150 30 111 32 37 145 19 53 53 45 88 33 21 10 103 
92 11 99 155 38 0 6 36 63 32 176 36 104 66 8 18 2 98 18 56 28 50 32 77 0 10 100 16 40 42 144 48 27 52 102 109 43 79 58 0 92 164 76 60 0 0 55 18 117 72 79 104 8 120 0 72 32 87 61 0 56 0 92 28 12 12 16 68 37 87 40 46 53 34 65 62 57 86 112 184 62 58 90 0 28 168 68 28 80 64 12 8 54 28 32 86 21 61 153 36 12 39 106 109 194 47 101 0 108 40 102 44 112 28 14 46 91 32 58 136 102 103 166 48 2 32 56 125 36 120 34 72 0 0 92 50 16 166 108 32 57 43 25 90 90 157 25 96 92 76 35 26 0 84 28 66 53 186 94 50 105 64 7 56 144 51 50 76 56 42 52 81 75 56 40 24 145 46 48 16 105 0 48 20 97 158 42 91 31 48 163 55 102 18 11 100 140 8 81 52 48 28 69 70 56 54 52 0 0 12 8 19 13 63 44 96 108 150 132 53 53 127 12 123 132 23 25 20 9 0 139 40 44 51 80 52 81 24 44 54 32 138 66 72 16 82 35 74 57 66 28 88 55 119 36 114 
0 0 85 51 95 81 0 66 44 0 18 12 62 36 12 63 0 66 0 93 86 52 93 80 54 101 45 56 56 45 14 32 21 0 168 62 69 46 93 71 50 126 0 63 63 41 76 48 27 0 0 95 0 92 63 12 3 52 0 133 6 67 0 21 3 0 81 87 24 141 35 0 22 54 76 129 21 0 28 171 14 15 0 24 24 53 98 48 108 94 36 64 35 21 66 22 147 16 71 84 0 18 64 76 0 57 131 54 111 30 0 27 124 17 0 71 81 34 72 24 26 42 46 9 113 115 99 42 17 6 111 56 0 63 163 76 6 58 31 30 135 139 0 54 90 96 79 7 95 92 48 48 0 38 127 39 23 16 75 0 36 0 16 16 30 35 12 84 0 0 0 28 15 120 33 30 0 0 64 0 10 12 50 69 12 0 48 69 6 70 51 17 32 55 74 27 80 72 77 36 72 14 33 15 0 0 56 38 12 16 36 28 0 75 0 36 16 0 12 22 12 0 8 64 56 0 109 0 0 18 52 59 116 0 15 0 32 0 0 105 96 23 42 159 18 14 58 129 63 62 49 122 55 72 81 48 
74 53 9 63 119 72 34 82 72 131 0 88 27 70 24 114 0 48 25 20 0 0 30 51 102 0 0 6 33 34 2 50 0 44 36 0 49 127 5 32 47 69 24 138 72 16 61 0 0 56 59 10 30 96 20 63 0 72 0 2 71 41 0 0 61 99 0 56 88 0 46 24 21 18 14 0 3 129 90 28 18 0 0 23 4 21 163 0 24 18 0 10 0 0 18 48 79 62 36 56 4 85 16 20 38 28 51 0 0 47 0 2 39 10 30 33 84 64 0 24 6 131 92 54 48 0 75 68 25 43 0 59 30 104 81 159 5 144 104 70 36 89 27 27 153 20 0 78 45 68 2 4 2 48 85 69 0 150 70 38 4 71 59 10 19 48 49 102 86 7 0 81 0 97 16 0 34 22 105 35 42 81 65 99 0 154 72 61 20 0 49 165 42 26 25 0 58 0 24 21 0 0 54 66 15 54 45 44 115 16 18 0 12 54 86 56 9 60 176 51 0 14 24 6 0 72 6 45 20 49 41 30 45 70 5 20 40 6 120 39 36 35 45 26 38 111 78 0 60 12 38 46 32 26 0 31 
60 18 29 16 77 30 0 25 36 16 24 57 37 35 72 0 7 35 64 106 48 6 136 5 93 120 34 78 66 54 24 3 73 82 141 0 9 51 62 24 1 33 0 11 40 7 21 11 111 28 68 0 30 29 4 24 28 75 5 0 7 7 3 68 11 54 0 2 99 3 61 8 48 34 65 116 46 11 24 82 29 8 70 0 48 17 52 107 65 165 15 9 0 45 17 29 59 26 21 0 58 82 12 65 10 19 63 0 0 30 6 67 137 47 64 19 19 46 60 53 15 66 40 0 62 1 24 155 13 21 0 11 71 7 63 89 8 1 135 2 28 89 61 4 32 7 87 46 2 58 110 18 72 134 45 25 22 67 23 0 115 20 116 59 9 30 7 87 69 85 30 30 45 59 48 36 135 6 40 14 63 3 42 23 78 28 55 13 32 7 28 44 29 57 0 0 104 27 92 45 1 53 43 14 15 19 89 17 6 81 67 0 6 0 49 1 220 77 5 42 32 0 61 22 33 0 70 34 0 0 30 12 50 0 0 89 22 9 45 6 125 82 13 0 0 64 31 5 58 65 1 57 207 32 86 29 
13 16 135 82 45 27 5 78 86 61 156 54 98 68 86 45 51 63 229 34 212 101 97 162 104 0 177 15 21 8 113 0 3 27 27 69 104 36 48 37 96 6 0 76 30 16 164 111 82 24 2 72 47 69 66 51 37 111 92 72 64 45 99 82 55 0 77 162 33 84 54 63 14 42 30 26 63 93 50 21 67 39 100 89 0 162 92 34 9 0 96 43 35 0 24 176 157 10 0 63 18 136 71 118 0 46 176 12 87 135 12 120 79 110 112 0 16 126 36 76 133 42 53 88 40 72 62 84 61 64 42 36 0 61 15 93 54 65 23 96 50 103 16 80 54 54 85 106 84 165 16 126 93 78 0 156 70 106 222 68 167 8 2 28 0 0 138 17 24 37 14 169 84 15 0 132 8 54 109 57 82 12 78 35 22 77 40 80 104 66 31 14 72 65 42 45 71 53 128 101 111 91 4 87 103 24 82 150 88 52 97 60 14 72 35 16 67 0 21 2 48 12 120 43 75 0 75 40 26 10 39 27 8 63 42 96 156 54 80 2 20 100 94 52 111 0 146 52 148 41 15 246 77 91 14 0 
0 3 59 129 35 4 72 9 0 47 16 0 89 0 117 64 18 54 0 16 48 39 0 42 45 0 24 9 0 176 126 0 35 68 0 30 79 54 30 0 38 45 18 36 0 0 76 72 36 32 25 27 27 6 28 147 12 93 17 7 165 119 0 72 97 0 16 54 198 0 54 50 98 0 0 18 52 28 12 90 46 23 0 113 0 7 69 0 12 18 8 15 3 36 70 9 108 54 20 0 27 35 69 0 128 56 48 0 104 103 15 89 36 0 145 63 99 0 83 105 56 137 27 63 27 0 148 6 32 40 34 95 65 35 36 81 62 0 9 63 57 148 36 12 25 60 104 90 37 27 0 24 34 0 75 111 106 9 35 21 30 0 0 59 12 81 116 121 30 84 49 121 12 115 94 93 56 22 103 98 12 56 36 0 10 45 9 34 22 36 14 11 29 116 89 45 56 6 24 49 0 0 70 77 91 0 81 6 65 0 80 63 0 16 55 64 68 40 27 4 0 83 56 35 54 67 0 92 0 28 57 90 50 101 0 12 51 0 48 0 14 0 103 39 133 0 0 9 31 6 28 87 0 28 75 30 
18 60 106 37 69 85 122 46 157 0 6 28 61 97 41 18 39 32 8 70 54 84 70 42 58 129 3 0 3 90 93 0 80 12 97 6 97 102 154 31 0 12 75 46 51 0 114 78 115 69 40 86 2 44 78 13 92 71 45 45 63 0 94 77 30 0 0 104 77 15 115 72 44 20 36 64 43 105 81 116 70 30 83 40 28 4 180 0 85 142 0 24 33 90 48 12 116 49 77 81 9 35 67 27 77 20 103 25 73 73 0 134 181 16 30 30 74 34 15 74 44 125 26 18 96 78 171 108 27 49 30 55 21 0 121 64 82 132 87 99 0 82 54 54 63 84 88 16 42 172 8 75 9 151 30 66 26 16 110 57 35 72 0 66 1 78 94 71 13 54 76 35 59 203 45 114 102 13 72 30 26 0 79 24 0 114 14 25 85 62 63 82 44 27 38 0 73 30 54 53 42 50 18 47 43 6 158 40 42 57 122 63 4 77 126 163 250 12 38 10 106 155 90 56 86 42 86 24 48 35 40 69 135 93 20 9 44 43 26 1 167 127 5 78 62 63 48 81 0 103 42 98 111 49 115 75 
16 48 32 126 135 54 1 72 52 18 53 46 78 48 8 110 28 57 97 34 18 45 54 97 45 9 118 3 0 0 1 36 0 0 54 50 28 138 20 18 68 24 0 86 45 15 72 101 12 16 0 61 0 18 60 46 90 80 36 7 4 64 4 85 24 0 59 70 128 34 63 16 0 18 94 36 6 18 30 96 2 36 82 28 4 112 20 35 65 21 127 64 7 42 5 78 8 38 0 9 10 11 30 0 26 64 0 66 137 64 0 37 8 10 56 0 155 12 58 12 6 0 24 48 0 72 0 72 25 70 48 60 70 183 7 45 31 0 46 0 32 12 64 0 12 12 84 45 0 89 72 8 0 101 50 0 12 74 20 16 81 139 23 38 140 0 81 189 44 54 9 77 84 10 24 18 24 60 14 1 54 118 54 52 33 46 0 23 0 6 27 31 64 0 116 0 2 0 96 30 0 0 0 34 45 21 77 8 0 0 16 20 51 14 58 98 73 75 80 0 54 88 0 30 31 4 77 0 0 90 17 48 0 54 6 36 0 111 57 0 38 122 0 70 36 20 54 0 18 76 84 66 81 101 30 92 
11 43 48 101 26 53 9 99 80 27 43 9 170 4 0 167 0 20 42 185 160 55 56 42 148 40 95 81 12 96 29 18 58 69 79 35 107 104 5 65 63 80 134 84 77 66 20 112 94 130 133 65 82 0 0 90 2 110 72 59 54 10 78 3 34 33 58 70 178 31 38 6 76 54 56 138 0 105 42 46 103 7 38 0 99 48 149 52 101 50 115 2 80 133 21 10 121 33 43 114 146 79 128 32 168 28 40 12 70 19 7 110 89 43 45 10 88 151 93 66 64 64 0 62 17 55 77 130 30 0 18 157 32 48 80 268 12 0 77 14 133 126 124 90 85 129 62 90 167 0 41 50 228 148 68 37 107 114 17 27 76 89 78 145 58 8 28 32 74 22 12 42 0 133 27 0 78 68 0 44 201 63 202 106 137 22 107 120 7 56 83 80 19 20 165 29 104 46 16 43 70 0 0 52 8 16 29 6 35 10 29 100 9 72 85 22 151 55 64 101 4 48 5 8 73 14 18 194 39 156 84 105 176 131 0 86 124 6 25 8 25 131 83 41 23 15 89 40 0 70 162 105 0 12 54 112 
207 96 102 83 60 76 50 36 128 16 6 30 56 31 18 158 47 15 49 11 187 50 28 0 211 56 33 105 39 216 49 43 226 84 46 47 106 44 69 92 90 4 172 8 61 0 0 21 22 153 57 87 50 26 40 11 12 99 167 29 94 19 9 8 44 5 124 104 120 14 25 48 28 28 30 164 96 0 0 116 64 0 9 18 117 49 45 32 55 68 81 0 12 40 185 91 79 26 53 92 63 108 32 225 107 28 191 98 86 35 24 88 111 82 58 33 180 88 42 168 62 126 13 109 13 0 87 195 124 31 38 43 45 10 49 165 6 12 101 35 141 118 58 82 78 33 88 45 43 81 53 86 39 152 28 78 44 80 34 49 103 45 70 62 72 149 186 31 6 31 50 57 16 71 105 23 48 44 113 0 110 68 79 51 109 144 58 79 10 25 79 73 107 33 179 100 133 11 25 32 49 14 44 64 27 22 68 0 99 54 50 77 7 50 34 0 71 40 28 5 4 27 6 71 130 18 77 66 13 156 83 45 122 143 72 153 15 0 35 29 111 103 66 31 56 48 20 18 0 94 171 75 36 94 48 34 
0 87 82 33 19 18 8 100 62 9 0 21 37 14 0 24 102 0 124 112 0 15 28 69 43 40 10 39 20 10 63 122 103 20 115 29 91 6 0 0 27 2 106 54 18 0 0 12 55 46 49 8 10 34 73 29 26 8 3 34 18 0 2 41 29 60 42 114 59 41 36 2 9 0 145 0 21 83 6 0 16 44 84 0 46 64 159 1 71 6 14 54 33 45 0 0 14 12 40 17 23 52 31 8 20 25 18 0 59 5 46 18 0 48 54 73 162 68 40 77 72 42 35 168 81 53 36 62 0 54 25 92 56 73 17 81 14 6 66 21 0 20 119 76 14 47 12 14 43 42 17 1 0 0 34 57 68 131 24 3 54 3 75 0 23 25 75 0 61 75 114 29 18 10 45 78 56 5 30 54 69 28 40 67 6 64 49 36 38 80 25 0 64 14 108 0 64 71 170 63 10 39 21 34 29 14 105 26 23 9 14 0 20 28 0 1 127 0 0 49 48 2 6 12 35 51 134 33 30 24 125 9 70 54 14 35 29 18 7 0 63 50 65 60 0 25 57 61 21 12 80 24 8 43 21 12 
33 0 48 22 26 0 16 94 57 0 4 74 106 68 44 26 14 0 72 0 80 7 26 90 54 0 24 14 4 155 38 36 108 76 7 12 4 58 30 34 8 10 64 50 0 0 10 0 60 80 8 16 51 36 12 14 6 16 56 6 37 0 65 28 53 24 36 0 67 40 49 18 30 4 73 25 14 28 0 35 40 0 49 70 8 78 36 14 24 60 66 0 42 21 36 0 7 52 127 111 52 9 8 53 20 14 36 48 38 76 4 14 67 31 80 10 94 109 4 88 46 8 56 49 36 0 6 45 45 4 21 14 6 18 6 189 12 6 19 0 56 54 40 40 0 135 0 42 102 27 42 32 131 71 42 0 60 74 6 22 49 16 8 40 22 95 116 0 77 36 108 67 0 40 51 61 16 126 16 0 44 16 0 24 0 108 54 44 0 106 113 0 42 55 54 0 7 16 0 98 31 72 24 70 56 4 30 0 50 45 17 28 28 4 0 32 170 25 94 0 90 32 18 4 99 84 26 8 63 38 100 30 12 56 8 49 10 0 56 104 25 125 86 6 21 20 48 44 67 48 28 52 0 60 34 32 
31 72 28 204 190 9 0 60 8 41 34 8 14 68 52 46 21 57 28 73 128 71 114 62 33 40 101 217 8 165 44 20 36 12 169 49 72 0 25 88 82 35 58 39 108 36 48 64 175 22 8 72 24 68 78 24 89 212 104 16 28 75 76 37 147 48 36 107 90 87 40 9 65 64 11 47 104 0 3 77 60 93 4 0 161 69 24 20 105 6 114 59 38 63 51 100 152 18 0 23 36 69 25 69 0 123 73 40 152 86 149 170 97 8 30 45 119 53 74 96 73 130 30 51 20 64 75 143 48 30 46 0 31 46 48 22 46 24 52 0 88 95 12 40 54 124 140 0 50 160 56 79 79 43 144 189 39 52 84 8 145 0 0 47 68 36 62 112 10 0 40 0 28 12 12 42 22 0 52 72 63 0 18 24 22 74 3 27 12 85 87 53 67 133 59 0 78 79 100 90 129 128 33 98 72 18 43 0 137 62 8 20 55 71 30 61 14 41 150 85 148 32 30 14 7 72 146 35 45 72 136 109 71 38 23 65 36 27 54 29 38 140 73 69 45 32 60 112 0 101 78 89 0 34 5 26 
45 41 117 65 247 25 65 115 54 243 150 32 281 46 117 137 3 94 56 8 162 85 157 77 44 3 187 92 67 64 138 70 69 72 46 30 16 0 98 129 77 36 131 128 80 39 104 28 142 24 103 64 64 0 36 106 120 246 144 19 50 122 17 36 49 109 78 193 8 54 78 28 31 64 92 127 194 45 79 111 146 103 12 117 110 0 58 8 2 30 35 31 42 56 22 16 8 6 92 28 16 88 126 73 85 130 16 0 197 56 0 116 170 2 0 131 76 100 28 52 144 111 24 132 58 188 33 200 97 0 49 82 140 53 2 85 180 14 109 70 50 14 14 225 36 243 22 83 70 212 28 64 58 116 80 177 110 73 174 97 114 122 124 24 41 45 113 38 107 69 96 80 16 42 7 66 62 24 107 86 64 52 58 7 21 180 44 124 67 149 56 137 54 98 51 60 106 42 166 207 32 131 8 160 62 6 139 92 238 0 110 0 79 69 10 32 82 25 91 36 96 10 103 12 188 58 55 27 60 130 72 15 84 41 128 35 61 205 112 0 129 187 97 18 71 56 209 87 80 0 55 39 50 54 124 40 
142 106 64 24 7 85 88 58 138 97 122 36 109 78 70 44 0 42 22 98 90 69 0 117 160 64 34 49 209 157 140 64 53 32 50 0 16 13 12 80 84 15 100 110 40 77 68 112 0 0 0 51 18 82 72 128 0 0 70 30 76 0 12 90 44 0 33 30 77 0 178 123 98 20 77 60 0 43 19 12 82 0 0 95 152 89 54 72 58 18 72 8 0 8 109 105 100 8 60 9 102 49 111 12 104 0 138 0 0 0 92 29 103 83 53 24 57 48 36 71 88 84 18 17 92 4 92 42 78 40 40 18 0 35 25 78 76 74 139 45 24 183 0 81 103 4 122 6 56 14 48 36 28 95 125 64 38 107 165 24 182 8 18 24 67 0 16 87 43 40 4 30 0 40 77 101 10 28 0 63 0 16 42 101 14 47 118 53 8 36 70 115 32 48 30 36 50 80 58 12 14 42 0 151 48 24 15 24 42 12 109 0 35 58 102 64 164 31 39 11 128 56 30 60 100 75 90 0 96 153 0 8 79 98 32 98 24 52 121 69 46 81 16 12 66 139 104 105 22 34 64 56 67 31 56 18 
88 132 64 93 22 169 14 184 284 184 193 53 108 41 24 104 64 65 18 82 57 41 88 147 151 10 58 47 119 168 0 199 17 81 16 60 14 4 36 56 126 162 0 70 183 51 29 104 178 72 79 29 12 103 158 83 114 87 184 17 91 51 77 52 121 14 18 91 87 28 28 32 9 80 0 50 30 101 25 59 42 40 3 128 130 24 148 86 68 79 41 83 47 73 45 21 101 64 115 233 132 184 100 48 87 123 0 10 27 83 142 31 102 75 107 25 74 99 90 107 71 124 10 54 28 45 147 125 158 96 189 8 117 40 35 174 122 40 72 154 101 42 68 80 157 125 78 122 52 28 98 9 105 110 185 36 42 27 46 97 171 24 74 30 30 54 173 18 46 86 14 6 76 107 10 31 2 87 95 77 42 27 69 147 0 23 128 97 106 39 125 272 121 46 206 35 194 46 0 185 56 0 88 110 132 3 20 168 97 8 140 69 37 69 192 197 149 98 52 117 147 34 104 51 99 169 163 86 59 217 16 5 109 35 0 117 72 40 238 38 150 187 48 144 182 116 122 156 77 135 218 139 88 24 95 67 
69 15 13 0 13 3 54 75 114 3 25 42 99 11 15 5 50 28 5 6 141 29 0 2 0 82 31 8 2 249 75 2 33 64 43 0 30 20 4 24 48 51 9 71 16 0 88 32 61 73 22 11 24 3 24 28 68 57 113 64 106 37 28 8 36 0 15 32 36 9 21 124 0 4 14 64 31 0 0 17 58 12 26 0 73 81 45 0 31 58 24 0 1 16 73 29 33 0 98 60 89 0 19 52 60 60 157 5 16 59 0 65 107 61 50 80 56 0 58 79 52 54 9 49 17 79 24 70 40 17 84 96 0 32 4 141 74 7 36 35 47 79 0 72 24 133 16 148 81 52 54 49 48 51 0 29 91 68 14 69 22 0 8 21 64 139 84 98 26 78 87 23 21 59 62 17 0 10 44 91 116 20 38 15 32 78 4 43 36 41 24 3 17 0 128 59 117 12 21 11 15 85 54 10 23 0 41 14 178 33 56 28 0 1 9 62 103 36 53 34 94 16 20 114 77 41 48 79 0 100 39 29 36 119 29 20 4 36 56 19 134 120 40 31 128 24 6 59 18 36 125 59 104 43 2 9 
71 96 123 57 116 33 74 60 149 126 97 82 151 243 58 178 134 45 136 80 18 113 160 80 186 46 94 40 69 114 50 24 151 124 39 102 30 63 65 24 64 46 40 110 83 10 131 0 27 59 153 90 26 30 28 18 98 29 159 103 121 0 84 32 23 89 86 119 10 26 28 10 124 50 48 106 108 106 106 132 117 68 94 86 31 110 123 40 85 70 174 48 75 95 30 0 32 44 86 129 120 92 7 31 74 175 0 56 154 65 84 17 56 101 56 37 21 132 98 89 270 53 62 127 108 0 162 168 81 5 71 54 28 92 0 131 42 121 6 60 99 112 68 163 18 146 190 31 167 244 44 42 150 248 111 63 74 176 71 58 76 130 180 81 91 72 123 47 78 145 0 146 22 116 81 126 34 51 117 120 164 113 93 55 66 105 60 100 82 48 21 94 87 0 20 53 99 0 36 0 50 0 71 61 84 0 148 81 54 45 130 135 144 26 58 110 276 63 84 24 120 52 72 50 153 46 95 232 144 158 62 115 6 43 0 80 28 129 25 94 54 85 76 95 77 7 56 37 89 150 125 281 0 105 34 162 
16 166 100 12 56 25 0 97 179 128 30 45 229 113 32 54 107 125 189 157 39 114 210 96 70 22 142 101 15 16 90 70 72 97 114 43 3 35 78 26 28 86 155 111 23 30 78 67 179 171 3 44 21 81 95 130 67 84 8 32 0 72 86 75 122 31 16 189 213 73 10 47 50 128 221 220 54 5 101 98 173 203 16 92 70 158 128 140 206 96 43 138 63 97 106 34 84 117 61 77 59 27 52 122 84 81 74 123 101 88 44 84 149 127 87 6 168 92 129 174 8 279 43 38 4 168 182 91 156 139 72 145 121 166 117 80 66 60 128 182 156 66 108 24 9 80 97 18 8 30 88 67 68 112 63 96 181 124 25 82 148 0 173 18 42 8 20 43 84 148 70 123 20 139 105 57 80 41 76 0 121 0 64 222 94 86 69 0 52 30 21 75 165 55 114 6 176 0 87 23 67 20 5 64 11 0 88 7 37 32 113 75 72 126 26 31 178 70 33 172 85 92 23 70 163 67 159 75 1 27 2 68 116 135 139 59 9 4 98 10 73 313 130 78 58 63 37 114 92 82 85 130 83 50 134 65 
264 86 0 201 62 135 0 85 100 27 24 46 94 31 41 130 193 10 104 76 25 101 32 72 110 4 58 66 48 26 54 144 162 36 65 93 24 55 123 38 190 126 106 14 93 95 285 10 49 55 65 14 55 27 153 91 28 84 19 61 6 79 0 2 44 75 21 34 40 46 151 120 182 156 45 69 76 170 0 143 127 16 118 147 20 289 63 54 61 100 21 122 7 150 89 67 128 220 89 71 98 112 148 12 24 46 8 63 26 15 102 41 51 48 203 63 114 56 54 78 57 99 82 115 37 3 102 24 45 32 177 4 119 195 9 149 0 35 103 61 113 7 127 149 77 80 60 24 75 156 154 46 83 63 119 125 44 201 43 9 86 5 21 140 35 95 73 90 16 137 57 61 40 105 40 39 180 14 122 0 56 46 69 112 233 98 90 70 50 2 64 159 73 0 116 0 47 66 107 180 57 62 8 140 35 63 114 58 8 15 103 139 57 138 65 57 207 142 9 135 77 47 39 90 160 27 159 112 20 112 64 89 230 30 0 52 23 9 4 64 140 117 38 162 75 27 65 126 115 150 63 168 2 213 0 127 
50 69 0 21 60 24 18 5 51 24 10 73 165 105 47 16 84 68 85 0 71 48 173 36 147 36 102 26 4 170 112 33 12 69 24 45 6 27 4 69 21 62 81 24 48 42 108 0 133 154 42 66 84 38 0 141 8 84 99 111 56 101 70 30 144 0 45 27 81 72 57 90 115 66 21 111 49 56 95 148 92 15 86 126 180 75 70 122 58 55 71 75 0 69 202 205 51 84 0 129 35 42 144 18 141 112 71 40 111 112 72 106 24 56 54 44 156 50 146 81 20 84 75 126 0 17 146 47 50 97 72 6 5 32 40 154 42 111 98 80 36 195 16 81 81 52 158 12 119 78 89 105 3 96 72 42 72 132 82 64 137 40 60 0 48 45 195 140 21 104 6 99 34 108 33 45 85 20 115 45 63 4 15 24 57 80 51 27 45 52 95 63 154 36 139 96 0 72 180 18 36 34 49 0 53 18 69 16 23 37 107 36 0 20 77 48 78 87 12 146 56 45 64 180 64 72 26 75 89 16 5 114 66 9 6 88 56 51 19 81 62 42 92 3 111 60 0 42 57 140 69 32 63 96 8 92 
200 18 38 83 62 64 172 12 84 166 54 78 162 4 141 31 25 32 97 122 77 62 138 62 14 40 90 4 7 163 105 25 18 24 81 57 54 62 56 0 147 20 9 109 195 8 113 67 89 35 153 12 134 123 9 89 66 90 0 164 33 4 103 108 93 18 37 72 163 44 8 23 0 0 205 62 18 63 50 36 138 0 122 98 2 34 24 74 41 48 34 27 75 32 5 53 39 119 52 27 16 32 58 0 2 24 36 27 55 11 81 1 131 47 63 18 33 44 110 52 68 92 8 103 37 147 111 163 29 50 30 39 100 64 59 80 48 130 9 30 39 99 14 109 69 89 50 90 64 48 64 128 36 0 81 86 20 140 9 60 154 109 82 22 9 52 55 25 159 81 64 27 89 55 89 57 48 53 96 49 3 158 91 126 81 87 50 18 42 10 1 134 114 123 85 36 25 18 72 32 56 45 17 148 63 13 66 50 195 47 60 105 18 58 51 119 93 16 63 58 90 92 16 17 57 79 41 81 23 103 4 95 90 51 35 105 43 0 130 15 12 58 46 55 73 14 68 22 39 24 53 94 94 32 24 96 
23 0 18 37 80 0 50 49 39 84 75 54 99 27 24 78 9 120 91 18 35 109 61 67 57 106 20 59 33 0 100 24 85 24 87 55 30 0 14 24 79 42 57 41 55 0 8 40 135 35 6 80 0 103 15 83 112 56 20 90 2 9 145 108 60 0 5 110 275 58 45 14 69 4 18 51 45 49 52 0 144 35 0 0 24 78 28 0 92 10 180 24 81 49 81 62 85 75 4 18 0 18 36 0 24 136 14 45 63 168 3 63 98 24 59 0 60 24 6 24 84 81 71 21 12 99 0 77 76 75 0 63 8 41 25 16 14 8 2 64 38 13 25 30 6 101 76 0 35 60 57 136 48 14 3 113 33 48 52 63 86 27 27 36 1 18 41 180 6 40 64 0 40 21 0 14 0 12 16 24 54 44 20 46 66 58 36 0 38 53 134 52 212 0 158 0 42 0 3 18 0 28 0 72 25 9 42 24 47 42 57 102 50 86 48 80 0 0 31 0 113 102 72 32 0 0 12 90 18 18 0 15 86 69 14 44 0 25 12 49 91 76 80 42 0 6 52 147 33 32 48 12 144 25 0 0 
21 15 8 170 38 0 42 18 6 58 0 27 35 50 6 18 54 7 10 81 41 0 55 36 0 58 5 110 6 66 0 24 38 24 2 30 6 84 0 15 5 0 68 0 65 0 32 0 62 5 54 24 51 114 66 12 2 0 97 0 0 21 8 0 30 0 9 19 18 78 25 42 9 24 51 129 9 90 52 10 48 0 9 24 84 12 107 0 63 45 0 24 0 0 84 80 85 0 0 18 47 71 24 55 12 28 70 0 21 48 37 62 27 12 45 42 20 24 66 12 42 35 3 32 22 0 9 41 0 0 27 0 9 19 18 72 47 0 72 6 15 114 4 5 65 21 44 5 9 0 0 36 2 36 6 0 0 31 12 0 78 81 0 81 21 9 33 74 0 0 3 87 0 39 35 39 0 0 56 0 24 6 118 52 55 31 0 0 14 20 8 45 99 21 66 0 0 56 21 18 0 8 0 16 0 48 0 15 14 10 31 10 0 50 0 21 15 35 19 16 0 0 27 0 0 0 0 12 54 45 8 0 18 49 0 28 81 0 58 0 18 15 0 37 5 0 28 99 6 26 4 42 6 12 0 41 
65 54 14 45 40 56 25 155 134 143 167 66 41 88 0 2 30 12 75 15 64 12 4 10 13 45 40 0 108 97 4 62 0 13 30 8 21 24 24 73 125 19 0 9 42 25 81 34 15 40 8 53 12 144 100 68 104 24 0 9 29 165 36 7 80 1 0 72 63 62 30 18 72 18 117 4 52 23 25 62 59 89 58 20 81 170 40 8 59 2 107 83 63 32 9 60 24 78 22 10 49 20 84 49 34 15 5 4 59 93 79 0 31 68 3 54 63 35 25 8 200 95 17 8 57 0 42 83 28 158 107 13 32 70 0 8 4 40 41 24 67 99 63 0 38 61 119 2 15 72 26 64 30 23 114 39 54 108 75 0 63 59 17 47 18 22 35 82 63 18 24 41 47 21 27 48 78 46 122 26 35 33 0 71 98 7 146 0 15 75 66 71 97 118 83 46 56 5 67 31 72 52 29 129 49 24 5 30 84 48 13 62 0 9 30 44 129 24 6 0 56 50 24 34 39 54 85 41 46 39 0 25 47 85 2 89 26 29 8 56 4 153 27 36 84 0 102 14 78 0 123 211 95 63 50 87 
18 0 47 18 52 9 0 79 0 18 50 49 114 0 56 55 33 0 96 48 102 0 54 72 76 0 80 0 49 6 11 0 105 18 11 10 16 135 10 0 23 0 73 5 24 0 26 24 42 89 7 5 24 18 0 5 37 111 0 72 49 36 45 75 55 28 62 8 193 20 143 81 62 85 126 16 79 0 55 17 34 48 44 0 18 64 87 6 44 54 161 66 52 0 63 97 17 26 98 0 73 34 51 28 31 4 8 72 98 38 8 100 14 32 0 0 100 38 40 138 27 14 46 103 93 4 30 24 28 30 1 34 35 48 55 62 16 17 117 14 0 55 95 48 0 88 48 63 67 54 93 0 159 136 20 67 0 74 88 4 50 104 66 95 68 1 41 38 20 27 18 130 0 22 13 11 76 47 79 5 28 85 22 0 40 30 72 11 15 30 13 4 34 31 41 0 0 25 47 123 34 81 0 48 58 0 61 3 0 45 89 100 0 60 0 51 95 22 15 9 22 125 39 16 73 18 52 0 70 27 74 55 141 82 4 72 6 65 0 65 0 8 25 16 40 26 35 2 19 59 66 128 0 54 0 22 
35 35 72 10 135 25 64 106 44 88 0 64 287 69 63 27 14 201 184 109 102 62 157 184 49 4 111 28 1 16 68 89 99 137 50 87 35 77 89 28 40 30 203 78 66 63 55 44 79 42 20 60 52 151 91 115 58 65 52 143 50 61 28 174 112 63 78 24 65 57 101 95 50 81 0 0 88 0 99 34 6 8 86 122 0 218 150 63 35 18 130 68 0 25 6 9 15 65 106 23 125 35 111 0 33 31 81 10 89 48 52 0 39 74 66 57 80 103 0 91 131 97 180 199 106 143 132 71 83 151 27 79 27 142 77 135 14 43 111 119 139 63 26 24 85 128 71 14 107 25 32 107 83 125 54 57 112 227 64 83 83 38 101 0 15 84 96 86 35 5 62 108 8 94 21 18 50 81 142 73 0 128 71 198 44 200 123 63 62 98 110 50 6 57 78 63 90 24 46 24 88 35 108 122 131 27 71 119 124 35 0 0 163 90 11 67 184 6 20 54 134 56 16 0 22 45 120 96 42 99 80 76 18 33 14 45 52 2 73 0 0 205 119 44 18 31 117 0 112 3 85 114 0 48 28 5 
0 45 56 81 6 9 21 136 58 93 4 81 39 55 44 7 45 20 81 139 74 0 93 46 72 46 30 45 1 68 65 89 108 14 128 0 7 13 83 5 18 36 63 58 102 6 57 120 12 1 93 31 1 25 66 72 36 9 73 40 29 100 35 98 70 12 64 149 23 12 132 104 64 89 81 109 32 40 57 110 128 0 27 54 28 2 47 30 68 75 11 67 42 16 12 16 24 100 34 6 90 76 59 11 18 28 97 12 0 68 55 84 81 38 81 100 15 81 65 4 78 123 15 90 126 30 0 28 21 42 69 60 100 9 63 72 51 16 77 37 0 142 1 123 30 68 124 15 54 34 0 40 15 14 62 37 0 80 61 17 12 23 2 50 14 57 0 16 16 1 89 13 8 5 52 49 86 20 58 23 6 37 66 28 16 8 0 45 50 4 51 57 26 39 19 20 23 69 3 118 13 0 50 58 18 0 64 12 4 20 74 0 13 0 90 36 177 40 29 0 41 81 30 28 69 22 34 86 50 120 34 7 201 0 92 81 12 6 22 16 0 64 18 21 55 17 32 0 10 34 192 35 47 40 120 27 
16 0 32 184 163 94 10 68 15 16 142 60 8 72 98 78 74 51 80 126 72 142 103 134 77 34 85 123 18 71 47 14 64 90 141 88 18 102 64 52 78 0 89 45 40 66 158 40 207 74 23 144 32 183 32 161 50 216 212 48 61 13 13 81 26 24 176 170 158 36 48 64 0 33 16 91 116 63 0 0 106 81 0 2 54 146 30 38 60 40 123 54 18 169 40 236 63 28 99 27 24 102 30 106 120 96 152 56 264 51 47 203 88 52 142 9 251 0 94 215 93 139 5 53 39 64 45 189 87 146 56 21 108 138 12 79 110 95 137 58 4 0 0 0 101 86 94 163 62 170 16 123 0 212 112 63 153 74 131 6 191 80 44 35 73 14 110 100 34 157 96 113 42 56 35 10 106 39 45 24 83 56 51 75 39 93 191 51 61 32 117 200 24 56 4 142 0 24 40 49 15 7 14 118 73 84 14 136 40 10 114 22 55 3 23 36 84 133 109 128 36 91 60 0 157 58 76 114 0 184 135 140 14 68 82 56 63 112 183 0 50 115 64 24 0 45 200 55 120 123 56 94 107 61 42 74 
0 18 108 130 16 28 8 64 76 6 70 72 58 84 34 40 45 129 73 29 98 12 0 28 43 45 3 51 0 9 19 28 41 49 10 56 112 11 0 28 36 12 42 7 27 20 36 65 13 3 0 0 117 48 24 42 10 51 66 42 40 18 16 13 12 6 144 107 34 5 0 36 91 42 17 4 0 0 0 56 20 41 85 40 61 66 68 0 3 3 30 0 0 86 24 91 127 6 0 36 0 80 99 46 18 24 0 27 8 33 66 17 37 94 23 19 39 120 0 12 9 33 18 7 69 37 37 66 32 42 39 0 1 18 15 28 0 0 85 24 100 0 20 69 29 0 11 50 38 90 2 116 40 52 26 49 87 28 93 0 24 72 3 7 0 66 79 77 45 20 14 53 44 46 0 36 36 46 0 59 159 74 24 40 6 43 96 4 40 47 31 38 24 0 0 101 91 4 104 90 5 94 78 128 44 43 81 2 6 44 49 38 0 9 16 11 57 0 8 65 0 13 65 32 39 2 15 176 15 108 59 55 10 35 0 140 20 6 60 25 103 6 105 60 60 0 84 24 47 33 77 32 65 62 12 0 
23 83 0 12 0 14 18 20 71 24 66 40 63 22 18 14 66 28 55 98 32 15 14 0 0 27 36 81 0 136 130 12 72 3 53 43 27 0 15 41 28 25 32 20 34 18 40 0 13 2 8 85 60 26 4 31 48 57 55 117 0 2 135 61 32 23 6 13 66 63 49 0 63 11 49 3 82 77 0 67 17 3 50 7 80 80 48 46 0 14 52 18 2 92 9 71 33 31 54 72 75 22 15 0 32 167 16 8 7 28 7 35 39 28 39 75 60 45 42 112 36 41 164 81 0 34 56 79 10 62 60 56 57 14 8 64 14 0 106 33 119 4 8 39 26 42 84 55 85 28 18 19 56 85 74 49 86 66 101 36 60 0 81 0 16 30 85 84 40 72 54 28 55 91 32 15 0 10 50 33 0 10 33 70 24 21 21 0 47 40 65 32 54 15 119 86 159 0 70 41 21 71 42 0 18 21 28 54 63 32 75 66 49 4 43 4 95 12 18 41 30 50 14 6 120 0 9 34 28 17 18 16 26 78 0 130 105 0 57 0 39 94 12 6 0 12 122 117 0 22 21 67 198 30 0 0 
15 195 104 54 49 93 38 48 96 20 10 139 32 100 59 14 88 72 115 24 48 80 0 93 20 36 28 4 72 93 54 13 156 0 35 135 24 6 72 94 67 76 56 15 0 30 0 126 8 10 40 127 120 78 98 36 52 9 119 12 24 83 51 3 40 4 33 127 63 72 87 126 164 64 26 8 26 111 0 91 40 26 82 0 0 89 57 12 74 66 28 39 64 125 10 54 76 150 49 0 28 30 157 99 13 16 72 20 38 68 10 20 19 55 46 44 57 72 31 117 64 0 14 10 48 106 24 127 118 89 75 51 0 135 60 92 42 0 124 44 6 117 108 37 63 24 64 0 120 21 24 140 150 0 144 5 126 86 126 12 58 24 27 33 86 81 24 33 99 24 52 0 101 51 126 108 133 72 60 165 108 15 106 111 0 0 109 24 24 10 2 0 61 9 35 37 32 0 24 150 0 14 40 45 24 62 94 38 27 48 112 16 45 49 110 36 144 0 35 54 0 56 48 30 0 56 191 122 60 61 36 63 100 57 0 73 40 45 0 46 49 75 66 155 71 60 58 129 6 24 99 0 20 0 92 18 
16 0 16 117 77 59 19 48 27 73 58 66 116 24 92 12 11 5 44 52 24 0 116 48 38 46 65 9 16 8 18 4 0 24 4 0 2 16 0 14 63 0 0 8 56 27 54 78 13 85 89 43 4 52 9 0 0 86 8 27 99 60 70 10 4 2 0 117 112 14 17 76 116 84 55 66 0 16 35 87 177 5 137 0 6 32 45 96 27 112 36 0 137 23 24 31 117 128 9 0 87 20 20 0 43 1 22 0 49 46 8 72 46 123 49 42 53 0 77 3 48 96 5 43 28 114 105 15 8 48 0 31 32 20 52 104 2 28 32 56 0 16 36 24 18 81 32 6 35 15 56 31 0 2 16 7 3 133 27 8 107 112 63 3 0 23 16 56 78 36 0 18 68 0 18 61 136 6 12 0 2 113 174 0 111 35 18 9 15 40 62 55 152 54 128 24 0 28 140 76 28 32 0 80 0 20 0 0 10 4 8 40 28 0 57 103 28 78 94 83 112 125 32 76 1 0 51 5 12 72 25 22 2 0 2 95 0 15 7 0 38 79 46 60 8 79 0 32 48 92 0 36 117 0 0 163 
20 81 8 156 8 26 65 78 3 18 64 18 38 47 0 5 48 0 100 62 72 0 49 33 9 24 133 100 44 0 0 105 6 18 49 0 0 24 12 32 9 2 91 59 32 36 56 5 70 0 0 11 26 15 90 49 54 63 30 54 0 60 21 49 107 54 28 144 0 4 19 15 48 21 112 64 0 42 36 86 52 128 122 10 5 39 42 18 42 15 36 154 62 9 50 90 58 36 13 2 27 52 127 18 42 62 0 48 44 69 37 63 0 2 57 27 234 44 0 55 20 50 0 54 0 41 36 81 0 158 73 6 72 153 109 162 77 0 41 93 0 55 117 24 22 14 42 33 28 0 48 36 24 30 48 108 64 97 74 81 116 61 0 19 56 0 9 35 102 0 85 5 64 0 5 24 8 51 81 41 4 118 104 77 0 80 97 72 70 4 0 24 28 49 187 0 18 49 107 87 7 43 3 56 91 42 4 12 0 27 6 0 22 17 72 101 69 10 88 30 90 7 0 24 143 45 118 0 64 65 86 56 38 111 40 30 45 45 24 0 47 31 14 16 6 15 24 14 15 7 53 0 0 36 0 34 
121 113 52 172 95 40 18 170 18 108 163 102 34 131 105 88 165 0 57 159 96 20 74 87 82 0 37 114 117 77 22 56 82 21 99 0 12 82 113 7 167 156 89 109 52 33 135 17 228 69 8 27 81 72 36 108 20 51 82 42 81 0 6 110 66 0 29 54 49 28 80 18 18 82 86 202 52 126 30 171 86 40 0 79 33 171 77 69 171 126 5 51 50 24 27 93 99 146 85 0 87 66 18 113 90 40 0 6 68 9 93 85 81 45 59 76 83 116 0 127 19 168 54 63 68 28 16 162 31 68 21 28 71 39 131 259 16 84 54 14 82 72 98 234 78 10 90 85 127 36 20 140 53 33 101 96 85 157 170 63 157 24 34 62 24 0 73 0 206 23 45 37 0 27 36 27 84 123 54 69 41 81 80 141 28 157 19 102 0 93 82 41 152 49 78 107 80 93 0 70 5 78 63 170 40 9 20 145 0 24 97 36 51 49 112 1 162 35 18 91 117 0 24 81 159 70 74 66 8 196 35 74 167 88 96 103 189 0 0 82 44 16 9 54 4 88 186 127 98 66 59 17 115 91 131 68 
76 141 0 28 85 45 76 8 102 54 5 45 76 15 23 0 0 4 70 108 72 0 97 119 56 165 108 8 8 195 112 12 168 0 48 0 32 35 15 91 81 35 6 11 173 6 18 0 51 0 96 9 12 121 73 26 76 12 96 27 18 15 36 37 51 4 8 18 77 138 114 76 14 56 124 83 0 90 12 44 31 0 48 36 103 0 18 36 214 40 6 49 0 18 77 52 104 89 78 48 77 4 16 15 12 94 216 8 39 14 129 36 143 18 84 81 87 36 48 127 18 170 0 29 31 33 0 110 94 16 175 8 64 72 79 76 21 15 112 14 27 257 16 63 40 160 50 8 8 4 28 0 58 84 10 82 12 80 28 29 107 81 4 6 36 68 109 4 26 0 133 54 63 80 141 17 49 27 32 172 92 43 3 102 128 32 56 93 52 36 0 95 25 57 24 0 61 138 99 36 135 99 58 78 68 0 18 9 18 46 95 44 55 74 56 108 125 52 16 8 65 11 57 17 39 227 57 148 63 118 95 108 0 63 9 77 53 0 80 44 120 137 8 63 0 67 90 64 37 50 138 120 56 24 18 93 
116 1 21 22 5 22 0 86 87 4 48 43 16 0 13 5 113 0 212 20 81 5 0 20 2 36 45 54 54 53 22 32 46 99 74 55 0 69 45 63 38 56 18 55 4 6 49 18 131 84 44 0 30 6 0 16 63 100 54 5 34 28 33 1 72 78 0 90 108 0 21 41 80 102 141 14 53 0 28 54 173 0 81 0 6 69 84 0 60 32 72 4 30 69 0 72 76 81 49 96 0 58 1 132 90 0 51 0 24 128 7 12 65 57 63 18 4 0 33 36 48 83 19 37 78 17 126 151 39 104 12 66 42 0 56 98 82 18 36 30 0 15 36 16 96 65 93 6 65 18 95 104 16 16 30 9 120 110 19 12 49 81 16 49 53 22 0 8 91 0 8 77 14 4 22 22 126 92 5 14 59 47 18 34 45 42 76 37 44 0 42 0 40 21 119 28 65 0 167 33 8 44 0 28 119 56 0 0 8 51 10 6 66 49 38 36 72 80 0 63 84 36 12 79 18 36 0 35 39 19 8 24 13 107 0 38 0 12 72 51 24 61 57 42 50 92 16 35 8 93 9 0 16 9 24 134 
139 84 48 72 59 48 69 57 188 56 47 78 132 42 52 134 72 137 85 10 122 24 125 32 212 54 128 66 49 168 86 271 82 99 147 24 72 158 57 32 101 179 54 70 185 6 117 18 54 120 83 9 20 11 71 140 129 131 98 93 95 87 64 36 205 0 18 168 210 43 77 77 34 84 172 36 40 101 71 67 102 64 63 45 15 103 140 69 62 231 78 100 41 46 69 86 117 95 48 12 137 111 136 131 132 134 42 36 167 290 161 104 63 87 178 91 117 92 90 104 71 153 14 147 53 65 70 219 100 0 131 0 6 54 134 133 63 54 78 74 251 126 62 211 158 106 226 124 82 193 120 69 64 208 127 114 144 158 63 22 205 78 150 43 55 115 76 1 90 210 48 79 76 92 44 75 72 122 67 63 90 63 82 48 177 168 69 61 141 34 63 76 32 198 186 6 140 131 0 22 101 20 40 111 27 14 41 64 92 121 177 90 48 102 100 227 278 58 0 79 95 88 135 200 98 48 145 42 72 103 24 120 176 108 21 128 100 148 118 17 88 150 18 180 33 51 66 18 98 30 173 120 0 68 78 22 
89 86 54 36 13 101 0 39 60 12 6 31 9 8 32 42 0 40 149 42 68 30 52 35 70 45 54 67 24 80 77 36 110 45 5 117 38 21 66 36 27 36 54 7 20 40 127 0 72 24 69 72 23 147 30 48 0 98 95 26 0 9 62 12 18 0 96 7 12 24 0 21 82 45 39 46 6 6 36 43 56 26 88 30 8 198 231 32 43 7 66 68 0 56 28 38 127 3 91 62 37 2 18 111 66 53 101 117 9 36 0 15 78 42 5 38 80 0 108 6 48 59 63 78 24 16 27 102 3 115 14 9 98 5 57 24 77 0 3 24 59 52 24 7 20 116 27 15 81 189 10 92 14 84 0 34 20 137 74 53 27 32 50 21 69 54 178 0 69 0 37 33 27 25 0 18 30 54 0 65 111 35 27 53 58 54 94 19 141 61 81 6 58 31 113 48 120 0 72 34 66 82 0 18 27 24 233 9 58 50 87 0 56 40 35 109 59 22 33 32 81 63 20 115 28 72 161 57 0 1 72 15 81 0 22 81 0 4 18 56 180 89 93 113 20 126 63 78 175 36 39 138 48 26 14 15 
107 0 48 75 0 72 8 62 81 168 97 96 40 76 47 0 92 48 178 117 0 69 63 74 163 86 59 64 18 34 108 30 21 45 68 67 129 15 38 26 169 94 25 54 41 0 81 69 116 40 61 140 0 232 110 65 45 126 0 45 125 76 49 134 18 5 152 101 227 34 46 40 80 98 103 0 31 33 16 94 83 0 18 42 65 48 94 36 96 40 78 61 104 54 79 108 90 40 98 36 146 141 46 126 40 46 45 18 78 113 76 36 141 36 18 47 159 0 50 172 22 72 116 56 30 40 24 204 35 35 0 0 31 48 40 128 90 9 97 77 35 99 35 16 89 93 120 48 30 113 151 27 158 66 136 164 12 44 0 0 149 0 47 85 88 70 63 5 36 62 28 72 60 95 65 6 27 30 59 9 60 22 8 94 14 0 88 63 21 72 65 54 228 41 148 52 98 30 128 37 5 35 40 142 52 27 78 104 15 33 82 155 55 41 43 74 107 16 74 5 72 159 168 2 161 0 211 75 36 47 70 117 84 0 0 46 28 55 157 49 72 137 41 157 72 30 95 119 74 136 103 118 121 12 20 36 
58 182 90 130 32 146 18 164 160 0 97 12 26 104 1 105 21 3 50 4 159 76 16 40 27 20 77 103 50 161 86 58 54 93 40 4 8 77 20 84 8 88 99 119 36 82 87 0 92 72 59 62 16 125 48 23 0 34 179 8 123 6 67 111 30 0 149 81 88 53 62 42 0 164 7 15 9 79 47 49 4 32 54 42 52 56 155 51 116 31 74 0 0 94 47 9 41 74 84 147 10 105 0 59 137 166 139 56 24 56 81 40 0 8 75 16 128 101 7 142 37 71 42 7 103 59 159 98 129 84 48 72 119 112 86 135 17 96 48 80 72 78 34 5 53 46 81 90 0 8 36 11 22 157 156 32 8 60 0 32 9 8 56 40 0 114 110 31 24 16 59 62 73 87 27 3 88 9 96 87 85 35 60 72 22 44 73 93 0 18 74 126 12 60 104 6 114 0 33 62 50 3 27 70 79 96 25 84 157 14 6 28 48 54 48 51 62 70 30 42 28 1 48 25 78 61 50 67 93 55 56 0 34 30 76 16 10 12 35 13 53 36 26 36 36 16 103 33 9 106 162 60 0 47 12 148 
56 61 42 29 76 49 2 113 4 105 153 177 151 150 82 0 20 32 59 30 134 35 112 22 20 7 42 23 0 101 105 36 70 0 20 51 0 107 51 129 0 48 18 106 18 81 131 63 72 87 146 48 54 40 34 91 22 36 24 42 51 21 54 16 129 30 45 77 128 23 21 6 12 0 159 86 40 22 40 27 72 0 102 93 55 72 69 122 36 130 172 27 6 54 93 64 166 35 21 101 18 64 48 6 86 85 36 40 80 41 13 78 87 112 43 58 0 120 39 146 15 111 24 108 31 95 7 62 56 0 52 78 124 63 15 92 72 51 190 21 2 26 63 80 14 27 36 31 60 35 0 91 63 74 60 146 66 63 138 117 189 119 63 78 84 13 42 29 84 60 40 236 8 121 0 17 34 36 66 0 12 54 30 18 98 9 0 1 39 48 6 126 47 120 21 49 92 54 0 42 103 127 98 43 130 18 123 24 126 54 84 56 0 76 125 18 16 72 9 16 2 36 32 8 46 51 90 0 44 61 51 24 29 29 74 99 22 14 8 75 39 82 12 56 6 99 138 51 0 85 93 30 119 36 24 3 
78 11 8 16 81 86 0 16 34 65 23 12 90 0 72 44 4 153 101 0 8 6 63 16 48 5 13 35 56 18 28 19 0 0 31 8 16 66 13 30 18 48 28 13 26 49 101 81 10 21 92 45 20 3 0 32 9 14 0 35 1 7 54 4 11 49 36 136 43 31 63 96 55 83 0 3 70 16 66 46 105 11 36 3 16 35 39 46 68 111 24 0 63 40 11 20 66 0 56 22 9 32 14 128 24 11 33 21 18 38 4 96 20 11 49 31 43 6 0 1 0 25 45 6 36 18 51 65 100 5 16 0 27 75 4 38 0 24 14 0 0 71 36 43 28 60 129 94 10 118 74 8 2 163 49 12 0 46 5 29 58 65 129 33 29 19 36 116 27 101 67 18 12 8 0 30 110 0 56 108 62 65 88 2 10 10 48 5 0 6 56 45 52 0 64 0 36 36 72 45 8 5 32 71 0 39 76 25 29 56 23 6 6 59 64 4 117 41 3 46 0 18 57 16 61 2 20 12 7 29 59 0 53 4 1 40 0 18 32 43 73 96 37 70 0 48 7 133 14 15 21 48 37 69 32 55 
27 29 92 8 24 84 20 39 168 12 0 6 113 18 0 21 15 15 112 0 102 21 71 86 97 50 105 72 36 48 90 90 19 24 0 101 78 151 6 72 42 64 54 169 186 0 165 0 56 39 21 1 0 40 4 8 139 167 43 9 21 27 18 0 81 12 54 69 42 6 45 51 0 19 141 87 51 0 77 27 75 3 117 161 90 61 172 16 68 66 103 54 24 36 105 0 154 24 33 27 33 54 8 67 60 16 55 35 150 57 0 6 53 18 56 0 40 42 33 56 8 173 64 0 45 5 42 65 76 27 13 0 27 60 62 42 48 72 78 126 98 21 27 0 18 27 48 37 43 146 0 53 0 107 0 8 0 61 31 65 0 167 0 36 24 51 109 29 52 18 21 103 28 53 12 63 44 0 18 6 125 0 88 9 10 150 57 43 89 20 0 48 174 0 122 66 37 3 54 84 114 7 18 24 68 36 173 52 61 52 52 49 35 42 0 144 19 0 24 5 32 59 63 57 60 70 87 6 117 0 21 35 69 30 0 105 18 51 24 57 0 132 112 170 76 132 65 162 69 51 39 82 12 54 54 42 
54 21 0 89 14 12 70 69 77 81 45 34 27 81 62 106 71 0 27 104 64 48 50 168 156 10 79 46 45 49 96 125 60 44 181 104 63 40 138 0 56 18 107 130 81 0 40 18 144 40 35 53 58 144 0 48 57 115 83 48 8 91 80 64 22 16 96 93 12 0 32 36 26 0 92 31 69 92 34 75 30 0 10 60 20 0 16 55 0 0 56 59 36 91 61 45 14 27 84 0 39 174 16 120 81 36 100 35 56 63 105 23 97 74 93 18 117 111 30 124 86 83 50 190 93 123 51 208 163 20 9 59 96 0 39 107 72 53 73 0 147 120 104 169 105 74 76 29 44 77 4 137 4 24 30 76 45 91 74 76 114 20 67 7 0 118 144 26 66 42 28 21 38 56 21 28 32 0 117 0 105 55 48 116 0 32 146 30 104 0 9 58 76 131 0 105 99 32 72 126 0 32 70 60 10 26 76 92 74 36 41 9 12 5 0 71 146 2 32 51 162 49 0 113 75 76 24 94 0 117 80 71 6 25 105 123 28 72 54 81 68 46 92 7 44 0 54 127 76 0 109 74 82 68 81 73 
25 42 95 103 20 58 86 81 82 117 42 36 50 51 27 118 8 0 142 0 9 73 48 0 30 0 93 10 46 111 8 30 13 22 79 63 0 98 0 8 69 36 31 22 0 15 140 53 45 20 131 53 66 128 0 2 6 31 12 132 55 0 6 54 68 64 38 18 14 58 0 30 0 36 27 58 6 54 79 131 57 0 48 36 39 90 127 0 22 0 11 30 0 24 7 0 80 93 27 28 12 29 36 24 15 0 63 52 47 46 25 0 129 41 99 18 83 0 76 20 46 89 20 0 0 72 79 49 25 0 41 68 16 58 37 70 0 30 5 3 27 96 37 134 65 40 33 0 84 32 71 125 24 88 82 4 68 104 40 0 29 124 0 28 162 0 57 56 66 81 12 127 72 27 81 9 76 70 147 8 69 131 90 27 27 18 0 6 6 64 45 18 62 30 77 36 63 0 39 10 41 71 38 32 39 72 28 3 86 30 0 8 76 100 22 27 0 36 131 0 141 36 12 76 94 27 35 6 12 59 19 0 108 80 54 83 17 7 54 52 77 24 40 54 59 72 97 36 63 4 63 161 0 12 28 76 
41 34 38 203 103 105 25 98 45 135 15 51 113 64 69 65 29 36 54 0 106 16 133 35 133 51 96 92 68 192 3 29 3 129 0 45 84 36 42 24 184 72 0 45 79 54 125 40 132 0 0 42 108 84 70 63 92 114 121 96 51 56 81 9 67 24 54 171 16 60 24 75 117 72 236 100 53 8 99 6 30 30 83 0 76 20 45 81 16 0 10 58 68 75 55 0 49 63 21 36 88 153 24 52 33 81 27 12 40 61 106 95 20 18 24 124 39 161 96 33 30 58 49 85 17 66 60 91 109 48 57 62 82 105 0 54 16 54 70 0 91 215 35 61 58 24 98 0 84 52 0 7 58 3 122 69 80 85 105 37 157 81 74 79 101 36 129 24 53 37 189 57 65 12 6 30 16 55 81 26 175 151 38 54 45 79 36 27 50 53 3 103 56 75 41 112 74 39 120 83 135 64 92 49 63 0 43 93 179 58 48 45 150 17 40 12 165 35 92 6 0 9 75 29 63 116 39 160 118 192 78 68 8 45 63 117 51 138 84 8 4 24 63 111 98 18 177 96 0 24 169 113 84 68 104 81 
134 171 87 99 22 64 6 130 170 111 72 61 45 13 25 60 96 0 129 59 25 79 0 27 56 10 32 105 70 12 96 86 115 0 110 0 10 0 12 60 195 18 203 78 109 107 16 85 113 24 55 41 30 22 16 65 98 42 24 32 72 0 78 170 104 48 54 47 53 29 126 75 75 40 75 54 31 82 45 20 107 4 73 0 66 104 87 104 57 26 80 37 32 90 0 82 68 93 23 0 82 88 30 58 58 29 60 5 46 18 56 0 46 67 180 95 152 89 90 118 61 191 48 96 165 169 18 57 63 45 16 96 102 6 35 149 62 24 57 0 0 132 18 147 9 64 46 36 0 56 27 15 16 0 72 85 137 10 42 0 142 0 48 59 121 36 65 2 61 14 129 40 0 16 11 41 72 89 0 104 0 22 61 71 3 64 16 45 32 0 27 34 12 7 63 0 209 93 112 135 78 67 0 152 31 0 99 75 91 32 92 0 59 42 176 32 163 0 26 143 181 36 8 72 210 93 96 0 126 169 123 0 157 78 169 99 0 108 48 0 102 34 42 36 75 37 21 74 72 40 140 8 43 12 45 63 
48 133 15 87 51 123 150 50 40 5 31 93 81 25 54 37 0 30 15 10 66 0 0 80 111 0 94 44 65 100 6 36 7 12 10 56 14 0 48 13 93 11 24 18 31 26 195 40 32 53 16 39 96 113 84 26 6 60 99 45 35 72 4 87 80 0 6 12 44 75 82 120 4 27 37 61 27 54 0 84 39 0 55 80 6 128 126 72 103 138 12 17 0 54 18 9 101 96 56 16 40 18 48 1 6 9 15 0 12 20 48 63 48 28 86 8 41 36 102 36 18 90 84 35 38 73 120 7 32 68 72 0 27 26 0 76 1 42 88 77 76 169 54 47 28 54 85 16 90 76 116 135 24 58 184 47 58 114 42 16 131 45 60 63 5 0 120 51 60 100 18 0 48 10 150 81 10 0 142 104 0 20 67 72 75 30 0 6 11 63 21 6 95 10 90 54 0 54 12 90 12 0 4 83 42 27 18 20 105 0 102 0 93 104 72 102 170 24 0 64 108 64 32 16 21 88 139 45 0 106 33 86 118 49 0 0 0 0 21 18 42 83 28 137 78 157 8 203 57 41 26 91 0 87 23 96 
84 116 30 131 61 14 16 26 75 43 79 33 167 66 43 20 121 58 69 96 59 86 48 99 140 63 145 146 51 123 92 52 71 86 21 85 20 22 57 41 121 30 109 115 109 12 32 18 40 5 61 0 21 99 71 68 47 49 89 37 21 32 62 109 80 29 110 141 39 67 32 117 39 68 77 51 12 64 31 29 37 29 30 51 34 3 61 10 122 15 57 31 16 0 15 75 114 17 57 6 117 146 44 101 138 91 104 64 109 72 121 47 9 14 99 36 32 64 54 76 104 72 40 64 127 51 45 149 98 10 52 69 156 68 12 153 109 84 110 42 0 160 33 53 181 129 110 80 102 49 36 75 81 58 77 49 50 26 40 9 95 4 49 33 20 81 49 25 3 45 19 27 8 50 46 49 43 20 24 98 27 80 20 52 83 54 111 39 45 12 81 17 45 47 201 59 85 10 72 45 24 25 7 37 8 8 20 83 131 73 115 30 40 27 28 52 42 23 33 42 16 15 95 36 108 14 6 155 136 83 56 98 133 0 28 24 36 93 32 25 36 34 86 170 74 45 21 22 6 20 83 87 8 44 6 83 
98 70 40 17 14 157 25 164 134 109 61 73 240 31 13 0 39 165 72 93 101 76 37 56 70 121 156 119 43 50 66 25 103 36 90 21 12 78 28 55 78 90 136 61 61 93 45 136 40 72 0 25 6 67 130 79 61 147 81 57 12 26 178 178 129 0 27 199 109 20 194 72 101 81 63 63 146 21 116 27 66 35 90 26 0 115 180 43 49 63 52 32 4 0 0 109 40 96 36 16 63 65 63 90 51 89 40 48 6 145 65 45 71 62 99 158 36 16 12 13 86 125 148 75 61 104 108 228 33 92 60 14 83 37 0 52 46 53 4 53 7 147 16 77 104 48 266 137 63 137 158 66 89 183 143 42 12 61 103 13 89 12 79 72 45 48 52 3 31 71 81 67 2 69 18 83 144 36 43 80 125 93 61 169 13 13 57 29 82 87 85 38 8 68 102 0 116 20 50 51 0 71 14 77 26 0 103 32 76 84 104 16 110 44 168 127 326 18 6 98 56 68 163 86 69 10 141 67 96 55 93 63 165 5 54 83 64 36 86 32 81 94 69 37 37 50 63 65 56 12 215 82 107 39 70 81 
3 66 75 28 23 80 40 44 98 26 56 4 8 18 74 73 8 0 30 58 50 110 2 54 62 72 86 68 70 90 94 84 48 2 17 0 88 81 12 25 1 63 66 64 76 0 117 73 75 139 2 63 9 84 8 64 86 61 62 46 87 10 40 10 69 9 76 24 134 10 67 45 136 14 0 93 21 66 9 0 0 14 63 0 3 81 63 15 60 77 73 45 32 36 198 8 118 66 48 80 86 62 75 66 60 66 175 40 125 48 68 56 91 14 72 0 0 24 54 156 23 120 4 51 109 44 6 30 63 32 8 60 12 130 12 28 44 56 55 28 18 44 18 20 52 83 185 21 26 62 0 27 42 52 70 109 56 48 49 38 30 48 8 0 79 104 108 93 18 245 68 84 50 104 9 37 8 74 115 0 100 11 0 49 65 42 0 20 74 23 45 120 99 0 29 18 132 36 76 14 87 25 24 0 18 33 12 86 29 35 142 2 31 0 143 58 118 76 37 63 111 27 69 48 99 79 71 15 30 54 32 12 35 1 7 6 32 59 12 8 109 140 17 0 6 27 79 75 34 34 122 48 96 54 39 12 
0 100 31 5 72 0 79 67 96 61 36 100 152 10 36 6 85 93 73 42 90 21 59 62 123 16 121 8 2 7 26 6 68 0 1 16 24 0 52 62 72 8 42 7 60 25 42 68 75 0 22 0 117 0 64 90 120 31 99 54 24 20 67 18 6 4 54 60 39 11 49 63 25 28 49 56 26 72 0 6 112 7 118 0 50 3 51 75 8 48 94 42 54 72 37 0 86 36 56 14 7 18 144 116 66 10 35 0 61 52 43 8 44 16 0 2 12 48 50 31 72 56 4 0 24 72 0 0 107 0 197 36 3 8 0 6 30 6 156 41 98 34 120 112 14 45 22 36 0 24 42 12 24 44 105 99 56 50 18 44 136 8 16 0 0 14 140 60 15 66 50 63 55 39 15 28 46 11 57 76 57 29 20 100 49 68 110 5 14 57 32 96 109 0 21 81 29 18 48 173 67 40 25 54 93 28 54 39 63 69 58 0 26 91 94 98 66 0 12 24 86 0 80 53 197 56 148 0 77 114 0 0 7 35 55 65 0 69 0 75 134 161 93 49 0 49 0 89 53 0 17 26 59 108 24 55 
48 44 20 65 225 68 32 111 132 136 28 102 114 62 141 54 0 74 12 15 70 45 69 100 47 9 72 28 60 198 54 5 45 98 68 0 84 20 58 20 54 87 35 128 66 20 12 127 152 45 50 50 27 130 27 170 12 172 144 0 162 112 48 0 186 6 0 0 123 106 4 45 49 16 103 40 10 109 14 93 31 73 49 86 63 7 113 2 117 87 99 0 51 44 7 98 111 67 24 50 51 116 0 120 113 88 0 30 68 67 45 18 71 28 171 42 127 103 1 67 25 76 56 0 84 42 108 109 78 70 68 200 120 107 40 120 42 92 44 101 72 152 40 75 0 48 129 140 18 9 79 23 97 25 36 51 16 136 11 53 56 54 64 0 6 185 207 194 81 23 83 35 42 54 63 7 63 32 63 49 22 183 18 81 42 155 60 24 25 92 57 67 61 116 65 3 14 43 87 124 42 25 66 76 70 12 63 55 4 0 0 56 113 21 42 115 231 4 44 106 26 56 80 131 27 157 178 94 19 96 68 54 40 35 0 30 46 54 177 6 94 79 170 75 9 56 168 113 67 0 121 37 72 45 123 28 
11 21 35 7 0 11 45 106 78 0 8 76 71 35 42 8 56 57 146 0 32 4 44 0 5 0 1 3 21 91 32 20 77 43 34 0 0 96 4 6 24 18 75 69 32 0 162 0 27 45 20 56 56 0 0 2 74 0 23 69 35 57 11 3 19 12 84 56 0 0 37 0 0 24 0 49 91 82 35 0 62 7 42 15 7 71 31 5 190 72 14 0 56 18 24 0 18 14 77 32 72 8 20 41 21 12 0 16 6 34 4 18 45 117 18 65 2 18 68 66 56 45 49 36 52 115 39 27 6 0 5 20 0 32 0 65 0 32 14 12 3 86 28 69 4 214 39 36 61 76 39 0 48 17 64 39 48 18 15 9 21 0 27 0 0 46 40 6 39 85 42 40 0 81 99 22 38 72 115 130 24 30 31 12 7 57 55 24 45 129 35 20 10 58 48 0 67 51 44 15 0 63 0 56 51 4 58 14 73 30 27 32 64 58 5 24 9 25 11 41 105 13 9 7 139 19 137 74 21 58 109 30 127 25 37 42 0 86 54 0 39 59 21 3 70 48 21 16 0 48 83 30 0 36 37 28 
96 37 61 95 10 61 0 44 0 48 0 49 20 20 23 40 106 10 37 6 138 0 14 0 0 36 3 30 76 75 6 0 74 0 38 34 4 62 5 35 73 2 65 1 0 27 70 0 89 26 0 16 31 0 96 0 20 16 12 0 46 22 24 32 61 32 35 20 6 52 73 10 0 0 71 75 0 42 130 54 63 40 34 9 33 114 25 12 16 44 13 49 85 54 0 105 60 70 2 48 61 1 48 12 31 2 112 0 27 20 80 49 16 47 73 15 103 64 72 144 56 52 0 48 20 51 76 67 35 45 40 0 0 65 32 54 58 0 71 15 40 99 39 54 12 37 40 4 52 38 10 6 61 74 29 29 29 81 23 34 1 34 39 107 2 67 29 0 71 10 91 37 18 4 43 21 90 54 103 96 8 77 55 81 48 64 0 25 12 10 14 97 42 9 43 28 38 0 23 42 0 36 0 102 75 35 20 42 44 8 71 68 24 0 55 33 149 28 17 0 35 36 0 16 3 0 60 56 76 0 36 76 12 45 4 0 14 12 20 8 24 26 0 70 32 30 18 0 63 31 67 88 0 73 2 81 
3 27 29 56 5 86 62 142 10 165 31 70 71 73 14 37 0 24 85 35 152 67 98 92 35 0 117 38 116 40 8 49 0 0 71 0 0 81 24 23 57 76 0 28 48 18 44 36 182 66 25 48 0 43 0 20 59 150 65 3 0 34 9 144 89 3 71 24 57 14 62 25 99 61 77 113 63 54 57 15 62 0 35 0 11 59 20 66 66 35 6 44 24 0 0 81 2 92 3 42 84 47 121 0 20 85 18 0 35 82 94 87 3 13 109 24 85 0 93 143 16 124 50 0 59 32 45 117 81 22 61 60 117 74 24 71 61 40 156 0 52 95 0 63 112 14 48 35 87 9 112 63 145 26 160 60 16 57 7 0 129 4 24 81 12 64 64 21 18 35 65 0 27 61 30 0 108 60 114 77 78 0 67 88 41 0 104 8 2 4 0 83 17 116 52 38 74 105 0 98 48 58 44 80 35 3 81 12 57 45 24 0 10 5 68 43 76 36 9 13 4 47 60 52 60 27 216 42 2 82 113 0 90 15 139 130 30 8 51 21 0 51 0 18 54 22 18 91 6 62 227 102 48 14 58 29 
58 46 67 73 113 58 61 105 25 123 5 64 73 38 40 154 66 0 75 4 16 149 9 109 78 33 0 32 48 0 99 12 106 0 25 118 126 95 40 18 96 6 0 91 0 68 54 45 20 0 32 68 124 126 51 40 1 39 92 25 36 66 45 1 13 30 24 0 111 103 35 43 56 148 119 0 42 73 32 129 54 0 91 63 0 58 95 0 51 95 91 49 27 24 45 0 21 82 50 45 0 80 35 35 22 20 0 5 63 36 40 6 87 7 0 20 153 0 39 21 36 0 17 93 24 27 63 86 81 5 16 110 16 94 60 17 0 7 34 32 68 74 6 58 78 24 116 3 51 6 48 33 27 0 118 158 120 101 92 39 51 12 7 51 27 36 32 72 40 0 36 78 68 144 145 28 60 72 49 63 12 15 70 133 6 55 0 36 16 21 7 28 42 102 40 0 113 29 28 0 49 0 32 8 129 36 68 6 71 60 44 48 107 40 88 4 5 26 8 0 62 73 0 31 105 0 134 6 0 2 12 76 63 23 20 0 0 45 67 35 7 81 8 145 115 117 151 63 0 36 85 0 23 73 30 14 
45 0 121 107 5 46 18 29 34 0 40 6 80 64 6 0 0 58 125 50 107 8 95 111 48 45 134 111 14 57 4 46 4 26 69 32 43 60 72 18 31 18 75 104 118 17 164 80 38 9 59 128 141 24 48 63 89 36 35 81 49 96 28 44 86 2 80 132 12 6 0 13 26 0 66 44 28 0 117 20 52 0 143 4 75 12 12 67 116 10 72 0 76 46 150 0 102 10 35 18 52 60 54 32 9 48 0 16 59 112 40 63 19 30 0 34 0 23 72 45 20 50 94 81 83 131 18 97 54 0 51 28 17 68 36 91 8 58 63 27 58 186 18 84 12 71 116 4 24 75 44 20 48 110 196 72 70 0 81 140 16 90 11 8 80 13 24 60 73 147 18 40 30 30 75 6 88 82 58 47 2 51 43 62 0 0 49 39 22 57 0 62 120 58 86 0 36 0 167 0 29 18 63 87 67 20 51 33 132 10 8 42 51 76 64 4 59 30 24 16 109 9 83 47 137 72 123 8 23 43 16 41 59 27 20 83 20 90 22 34 72 8 49 54 76 0 96 81 50 33 48 50 0 81 51 84 
63 8 72 11 5 44 10 105 33 59 36 30 16 21 20 30 45 40 7 36 18 18 81 0 45 0 66 32 22 8 28 27 21 54 18 0 0 28 60 20 44 0 8 64 0 0 0 80 0 48 0 6 7 0 83 44 90 62 0 29 72 36 36 30 10 1 24 75 7 38 81 56 46 18 0 102 35 0 47 130 10 56 5 24 0 13 40 0 0 6 122 16 0 16 55 0 84 16 67 68 33 0 45 111 42 0 20 36 55 27 0 0 56 0 0 56 0 0 0 0 93 87 5 81 118 32 27 79 29 0 0 2 0 0 0 66 18 57 0 0 21 0 0 32 100 75 65 17 23 130 57 0 32 43 58 20 0 7 51 48 57 16 79 12 40 18 90 42 78 81 0 16 20 27 37 72 0 0 0 0 32 8 19 0 8 102 48 91 16 0 40 38 56 0 35 28 32 12 48 30 73 80 24 82 54 0 130 9 49 10 0 21 0 7 0 105 41 25 93 3 53 0 24 26 27 78 93 15 12 15 101 18 0 0 28 0 0 45 26 32 36 22 37 0 0 45 118 35 82 86 15 28 34 9 34 81 
118 6 116 60 79 99 81 75 64 32 47 50 193 0 91 40 4 80 62 133 204 29 128 228 120 22 181 102 102 142 50 0 20 26 147 14 12 24 60 16 86 168 0 104 0 23 96 60 163 82 36 42 108 41 35 32 110 101 72 85 54 45 51 24 12 0 72 48 92 0 99 61 0 40 95 100 20 0 10 132 59 0 62 133 99 27 31 108 127 128 156 98 48 75 71 63 168 33 28 69 7 37 16 54 0 0 0 78 119 61 51 25 223 6 82 36 38 39 115 30 8 132 57 10 6 206 8 102 0 3 58 47 23 46 48 147 5 107 45 134 27 152 6 203 64 92 72 15 86 168 104 12 86 150 52 20 60 40 95 120 160 77 72 24 0 8 21 9 153 145 6 108 32 0 106 103 99 27 85 0 39 169 214 30 24 8 39 15 102 39 64 56 119 18 67 0 35 12 43 20 84 32 0 56 81 36 27 128 177 15 138 83 33 41 94 108 141 9 52 73 185 89 35 84 62 0 149 0 18 103 88 14 90 21 28 55 30 36 64 82 72 154 66 28 116 63 48 46 17 100 0 128 62 15 74 83 
223 143 57 120 156 27 58 89 189 135 69 75 268 88 84 55 92 74 103 122 153 10 75 69 160 9 96 103 74 89 19 69 135 56 36 29 28 0 134 179 56 18 142 84 72 45 93 0 98 24 38 18 15 0 98 169 24 40 89 25 18 62 108 78 56 60 106 111 85 26 121 18 94 0 2 32 126 204 64 27 97 42 199 74 56 153 98 105 0 66 64 63 32 72 115 0 68 46 57 37 24 84 200 52 14 49 55 58 37 132 6 24 117 111 9 34 48 108 24 74 209 39 96 63 14 57 27 40 65 48 68 54 167 58 45 134 20 99 76 95 86 9 86 133 60 124 28 33 115 122 56 24 69 120 91 24 64 134 20 40 189 49 110 117 90 24 117 41 135 20 62 50 8 99 0 102 54 51 176 46 120 72 64 176 165 105 107 27 45 34 134 150 48 61 78 0 23 0 47 138 58 40 21 64 54 33 183 48 125 15 37 6 113 117 24 13 106 0 107 54 112 10 24 78 64 40 160 45 64 101 40 9 125 89 7 77 85 14 133 87 56 174 115 0 63 3 48 40 164 4 61 161 30 175 42 0 
65 24 39 74 6 12 106 62 45 88 18 0 116 48 67 9 87 0 95 67 49 23 5 8 90 9 127 48 15 53 108 0 9 12 21 113 24 46 37 105 161 29 87 40 48 57 100 32 29 3 0 5 68 158 52 65 78 29 120 100 0 143 25 0 79 40 0 28 40 21 0 72 86 110 66 42 63 12 22 29 87 37 93 43 0 48 130 40 48 48 37 28 0 53 12 0 118 7 52 36 27 59 36 59 80 16 0 40 13 59 81 48 33 0 112 0 39 60 86 6 65 20 48 0 38 104 45 126 0 59 64 32 66 102 129 113 20 40 36 74 12 61 44 8 39 4 80 8 39 11 29 93 97 68 42 5 23 130 138 8 38 20 26 20 64 12 30 28 48 0 24 16 71 21 38 153 81 56 56 54 82 40 47 9 0 2 60 4 66 30 28 34 9 69 44 30 95 3 48 60 9 87 15 2 59 19 12 57 123 59 131 39 78 50 60 114 75 12 76 68 32 16 54 12 70 14 89 114 3 53 40 0 156 5 63 40 52 139 0 8 4 71 30 125 178 50 167 39 0 52 73 9 27 36 0 68 
10 131 86 62 44 112 117 121 52 97 58 12 57 67 33 158 100 0 63 166 178 25 98 116 90 41 65 54 65 199 108 18 75 15 180 25 36 33 72 30 25 60 98 70 15 27 153 20 55 95 137 0 42 112 0 43 75 141 105 156 0 73 151 3 15 95 48 43 172 8 96 9 143 54 18 126 31 67 63 74 136 0 16 35 11 150 77 0 152 120 50 35 30 0 33 15 144 107 38 182 48 80 27 41 154 151 30 0 69 74 147 14 216 20 82 46 97 110 47 160 81 144 39 83 38 109 79 102 0 16 76 100 63 0 110 106 8 70 64 124 87 42 43 77 0 104 32 7 70 94 126 50 76 130 125 105 67 206 43 24 170 45 0 89 31 4 110 93 20 83 141 0 51 40 87 75 35 12 112 147 48 50 54 24 153 20 36 12 115 18 18 65 95 14 77 0 64 134 160 32 48 83 0 60 45 12 24 54 156 27 158 45 60 68 91 80 120 152 12 71 261 45 60 98 117 92 57 79 0 104 144 31 85 69 0 28 0 33 0 4 62 40 45 20 86 76 102 147 32 143 105 202 167 127 84 108 
104 28 111 119 118 48 45 225 95 84 124 111 138 70 109 81 61 118 3 134 276 54 116 40 35 46 101 72 25 24 29 0 26 78 35 65 33 170 20 51 69 29 30 132 89 35 144 38 100 121 111 124 91 146 67 156 139 136 90 7 83 18 33 106 43 48 47 9 131 42 113 55 72 63 151 76 54 0 127 82 157 21 126 0 22 205 188 65 76 99 85 82 67 135 30 177 176 65 78 96 105 44 96 110 77 128 97 30 38 216 0 49 94 143 60 50 125 112 52 43 81 125 151 0 155 47 63 130 96 126 46 111 43 101 124 202 72 89 21 82 75 28 18 40 50 124 56 89 3 30 94 67 157 54 62 120 104 192 69 16 75 94 143 62 0 143 192 133 135 67 16 58 62 140 23 63 171 26 184 72 10 97 219 178 80 51 96 22 47 124 72 87 24 93 70 0 181 20 52 46 70 62 69 49 32 14 105 32 66 0 0 45 90 144 66 163 77 26 78 49 20 115 72 178 46 93 62 24 24 44 38 43 124 53 23 77 125 53 16 16 55 180 69 40 148 39 144 91 122 82 53 107 83 76 28 85 
35 0 39 17 5 63 43 24 104 43 39 10 23 84 47 15 0 0 87 79 52 33 63 0 115 0 60 13 15 86 20 85 99 39 75 20 72 36 30 34 17 54 51 21 44 57 40 52 45 39 0 69 49 5 4 43 12 100 108 15 29 67 0 64 44 0 35 31 17 24 24 49 33 8 26 55 4 93 0 110 5 4 4 65 38 56 43 20 23 24 34 10 0 48 122 90 119 78 120 6 18 73 53 9 71 25 190 0 4 9 7 63 25 26 114 0 104 0 0 131 58 82 90 93 71 36 18 140 83 7 6 9 4 0 22 72 63 54 15 12 51 36 60 56 43 58 109 6 5 52 53 46 53 127 46 38 40 75 25 37 15 44 20 28 38 65 139 76 42 14 102 32 86 21 1 0 46 16 70 7 75 21 117 18 18 95 51 93 0 83 47 33 106 56 108 25 15 41 132 155 41 43 53 26 19 8 0 99 4 0 89 88 0 52 14 129 50 10 79 19 0 14 24 21 53 56 71 13 10 7 72 56 82 9 27 40 96 28 42 44 26 137 0 61 5 57 61 175 0 103 131 0 35 66 34 11 
70 11 34 97 35 34 4 10 63 108 20 0 24 35 17 69 81 6 10 0 42 22 8 0 88 24 2 9 81 41 0 29 9 32 32 123 27 95 3 19 58 1 109 28 0 12 4 0 12 0 104 9 95 62 20 7 11 14 0 22 56 31 18 38 67 102 37 0 2 45 0 57 10 16 45 108 24 48 139 36 80 63 28 4 64 21 111 42 46 18 42 23 65 12 57 38 8 27 21 83 9 24 126 6 0 36 0 0 32 32 65 0 56 56 42 90 74 56 15 9 26 74 9 21 40 51 65 78 31 0 75 0 8 0 28 111 48 25 23 52 7 36 0 75 63 19 30 12 20 54 0 0 55 111 21 0 44 53 32 69 76 74 2 54 61 40 25 82 63 4 79 90 22 46 37 35 24 12 37 42 67 64 75 24 0 70 21 26 0 42 26 37 26 29 34 21 67 55 14 0 8 24 28 26 35 48 86 33 27 0 27 16 34 64 60 0 4 42 25 0 0 2 0 52 89 3 27 0 122 47 33 75 75 98 0 23 6 8 0 20 124 0 2 73 88 15 45 19 92 4 0 46 11 10 26 60 
63 54 66 42 112 5 0 111 100 45 51 36 52 182 27 147 171 106 148 42 87 67 105 46 8 28 66 111 29 8 74 45 80 63 116 56 30 98 4 46 99 30 173 114 81 26 77 80 119 24 45 90 127 74 8 107 98 129 85 18 96 202 0 4 87 112 78 218 116 84 6 100 13 31 24 55 117 31 81 127 90 141 0 46 46 86 58 0 211 124 98 5 30 42 56 131 92 78 54 63 60 90 0 151 27 6 37 118 145 118 12 82 132 73 63 40 230 60 12 24 45 188 0 113 0 95 72 124 153 68 36 104 102 42 35 73 56 28 31 180 49 87 31 28 8 137 82 158 179 100 0 53 12 141 128 117 126 101 47 0 6 104 36 34 139 16 87 37 27 7 0 58 58 107 136 0 6 3 0 93 67 23 0 100 18 89 49 26 100 89 172 30 119 45 133 63 99 3 136 15 35 104 15 60 40 6 38 0 39 26 4 24 70 98 0 14 39 0 122 73 46 32 13 100 210 108 221 48 54 149 110 163 153 144 46 74 4 106 120 72 189 91 162 79 63 112 218 42 40 53 53 35 14 111 72 40 
0 33 105 129 33 12 2 123 137 191 204 185 92 38 18 65 62 70 26 99 81 16 0 83 90 49 28 103 2 107 0 107 97 9 6 40 10 26 36 24 72 0 24 73 150 42 117 0 95 97 77 63 9 57 156 58 100 66 197 51 53 32 104 82 71 64 24 143 85 36 152 4 8 16 52 16 30 52 93 31 101 9 12 6 22 0 32 36 127 56 90 27 180 0 69 69 82 93 7 63 38 20 0 40 55 66 36 54 24 123 43 62 111 27 81 100 12 28 94 58 113 132 52 69 40 53 63 77 61 61 88 26 108 69 60 137 92 62 30 170 0 82 12 117 46 71 52 40 87 26 32 34 10 58 112 0 88 67 120 77 149 62 11 0 22 83 124 0 42 89 59 0 61 18 7 56 49 50 174 32 12 16 126 108 12 126 36 102 83 6 98 57 217 67 93 33 138 68 52 91 24 24 90 132 167 0 58 68 118 29 73 47 21 28 53 47 61 6 9 15 80 104 14 63 8 81 18 150 141 58 74 12 51 22 0 49 167 35 0 18 35 4 192 7 99 62 18 70 14 63 78 163 56 141 30 47 
23 36 90 35 0 5 7 129 0 104 169 72 127 156 6 35 24 80 16 47 39 131 27 47 6 32 123 62 90 60 92 96 5 36 145 75 29 72 0 67 138 101 64 126 235 30 127 6 49 27 34 0 23 46 9 6 158 53 120 0 8 68 30 0 63 0 86 40 82 6 64 0 210 17 62 42 0 0 0 92 92 0 10 93 54 64 67 51 44 29 54 0 63 7 47 18 69 88 32 25 5 24 111 12 45 47 32 43 30 185 44 6 154 31 90 24 0 0 27 65 103 111 20 8 0 166 45 64 48 5 135 6 26 49 68 69 0 43 40 45 114 21 84 156 72 41 27 8 17 84 38 84 72 43 84 96 30 79 93 41 54 45 17 84 20 110 36 3 29 0 28 12 114 47 54 57 19 71 86 40 160 7 33 59 67 30 35 9 89 66 84 78 69 69 38 47 97 69 24 94 40 76 71 163 33 27 128 11 60 23 114 95 6 18 113 33 55 54 60 14 161 100 9 87 51 14 27 26 88 96 36 44 84 9 9 122 53 24 48 171 43 125 59 97 68 75 89 15 17 39 85 87 72 121 42 50 
12 35 0 80 46 55 105 15 145 49 37 50 153 63 48 72 18 24 50 82 68 93 102 138 145 0 76 41 54 23 36 95 8 29 53 121 18 10 30 44 113 95 27 18 32 9 78 72 15 1 40 49 0 93 32 73 94 12 44 81 10 106 0 91 76 12 81 44 45 24 16 36 45 4 83 73 63 72 0 36 22 31 20 13 44 0 101 72 83 123 44 85 0 9 48 0 97 14 137 18 75 43 184 18 0 61 37 0 69 5 46 49 13 32 126 6 7 35 73 90 67 64 62 66 66 173 100 81 40 71 80 5 28 26 4 207 42 35 70 28 25 52 8 29 136 156 48 78 35 0 54 157 50 0 73 8 42 51 35 2 24 63 69 12 37 10 93 119 0 65 7 20 0 135 52 56 4 0 180 35 51 30 14 54 20 48 151 33 34 25 14 138 77 48 52 106 4 0 40 0 0 0 35 55 34 0 51 165 91 10 18 0 101 128 62 130 54 0 84 124 47 60 0 31 144 52 57 34 20 9 0 18 99 44 0 43 10 45 13 69 80 175 78 113 28 111 58 93 29 39 0 9 24 89 10 136 
72 2 66 121 9 132 93 118 171 61 69 159 117 82 37 77 77 100 0 9 52 4 72 0 81 75 106 68 32 91 90 94 0 16 34 45 0 127 49 128 173 98 105 48 37 14 152 18 33 37 70 81 54 27 24 27 160 44 40 78 14 48 64 78 83 80 115 122 12 18 18 43 0 0 176 200 10 16 81 110 102 29 33 72 134 27 142 97 166 89 92 89 72 51 59 27 177 22 0 120 12 16 117 109 53 53 40 54 9 9 0 55 18 38 18 66 29 2 63 133 54 99 108 12 18 142 18 8 108 0 113 157 24 40 90 135 4 183 43 72 101 17 32 89 114 66 123 139 69 196 12 51 48 107 0 112 73 88 225 72 106 55 69 40 12 54 39 95 24 23 68 24 92 76 153 7 36 61 95 59 19 64 56 30 35 45 158 12 38 23 62 174 93 56 0 51 154 97 54 0 85 80 22 0 95 0 37 38 170 81 47 0 63 0 93 42 43 24 208 80 187 21 28 103 171 104 54 0 0 72 189 60 64 0 116 136 9 72 0 115 149 27 93 86 72 81 84 109 0 29 16 24 104 76 68 66 
30 75 57 55 0 0 102 56 82 0 18 57 56 58 25 24 47 65 59 48 6 84 131 18 8 0 63 45 41 10 24 70 87 45 53 25 12 88 0 55 41 96 72 98 44 8 36 0 32 12 57 9 23 12 63 15 64 34 87 32 103 126 30 45 57 0 24 40 0 5 41 71 134 62 0 0 18 144 12 68 20 27 39 64 0 33 54 8 4 110 64 12 0 29 74 87 136 46 15 0 30 12 84 0 111 70 25 50 18 74 15 50 6 20 164 46 103 0 0 0 35 25 28 100 107 10 96 58 85 10 9 72 163 75 0 16 32 29 45 25 0 12 0 0 0 76 60 113 40 18 30 125 48 57 0 56 96 119 49 14 24 36 38 0 40 4 165 148 15 85 9 9 16 135 120 54 18 27 48 0 118 58 0 46 0 4 41 84 0 0 41 0 48 0 55 16 40 42 87 42 50 15 51 24 15 0 74 42 20 53 9 12 41 30 84 97 0 24 0 149 18 48 56 0 54 18 16 108 20 55 24 163 138 0 0 16 21 32 28 24 70 79 26 30 6 0 72 16 6 104 79 9 36 0 56 54 
76 12 44 81 52 2 0 162 175 33 36 18 58 66 28 2 41 6 36 122 54 0 8 17 104 15 60 48 7 116 64 34 12 54 20 36 38 127 31 27 9 63 10 116 36 0 9 6 127 54 24 51 0 63 5 8 63 52 104 0 49 50 15 32 34 28 92 46 61 23 3 36 37 77 64 66 12 20 9 0 42 30 4 37 26 8 50 48 48 36 75 13 30 28 0 9 52 15 2 48 40 42 6 106 40 26 41 92 96 73 10 55 48 17 48 73 65 8 9 18 24 35 68 59 108 9 15 47 82 54 24 0 4 43 6 77 42 42 93 43 49 9 3 11 51 12 62 2 94 86 61 0 57 108 54 22 52 18 28 46 69 119 14 83 66 88 21 28 32 69 23 112 20 33 0 7 26 0 0 5 59 121 75 42 24 0 114 23 27 50 71 34 27 23 48 0 123 2 23 56 8 49 16 24 42 0 28 55 70 0 23 23 8 22 0 36 71 0 82 0 56 146 25 8 60 73 30 77 7 77 64 7 30 8 8 28 95 6 48 63 0 100 76 17 15 27 135 122 65 27 6 7 101 103 0 43 
86 0 0 51 74 30 3 52 90 20 76 0 47 104 120 32 28 36 125 112 141 70 118 147 96 0 64 0 120 34 115 105 31 18 43 3 32 20 115 69 4 131 37 38 5 47 81 0 110 32 72 103 18 129 6 50 72 40 0 64 24 16 2 47 56 6 27 26 79 3 34 0 124 27 0 10 76 64 48 114 62 26 111 0 144 180 137 168 104 141 161 58 23 77 35 46 112 7 199 97 98 0 109 81 0 26 90 0 45 41 40 60 40 94 72 0 55 0 48 14 70 79 94 102 0 58 81 10 6 88 192 60 54 13 66 64 88 15 89 46 78 9 4 99 40 160 36 80 88 97 16 55 48 70 34 32 48 172 56 48 80 0 116 104 9 0 121 111 56 74 40 24 32 149 8 56 44 18 0 118 32 69 32 150 162 0 175 27 70 74 70 114 48 48 36 10 32 18 52 9 37 63 32 60 100 9 105 74 69 0 32 63 55 84 143 102 149 56 55 105 16 50 37 76 114 88 102 54 0 0 57 85 124 66 32 96 0 23 0 30 177 70 4 103 0 97 105 45 77 75 33 220 74 64 20 46 
100 15 51 39 36 72 21 38 175 0 143 111 209 152 93 119 29 18 64 184 25 66 111 0 69 10 89 42 57 76 103 63 23 0 139 70 10 44 112 56 60 141 107 78 150 20 0 72 63 0 117 59 28 24 54 54 119 0 56 8 85 49 6 20 160 57 15 66 18 36 96 53 28 83 0 128 87 6 9 260 116 30 0 54 149 12 85 6 99 79 46 0 87 36 0 36 71 48 78 75 66 37 84 42 88 0 40 25 89 30 51 81 148 56 94 0 110 95 32 85 34 45 42 18 40 0 84 32 43 0 9 178 21 59 63 194 35 86 19 49 0 126 113 180 87 108 94 68 95 51 46 63 4 0 36 39 70 0 112 32 57 20 64 103 134 172 102 100 0 4 0 29 22 108 81 39 14 0 58 0 46 7 102 43 45 34 93 92 47 86 88 57 31 56 0 0 124 36 132 126 25 35 24 64 15 6 110 5 30 12 61 49 24 10 45 25 175 40 91 92 42 7 72 162 87 63 167 30 99 56 17 78 146 61 0 56 57 107 77 90 97 96 93 19 56 54 68 68 40 68 45 49 104 33 118 108 
9 63 56 10 49 10 30 165 130 28 3 40 56 62 41 70 70 0 76 19 30 79 60 31 96 11 103 18 0 25 20 32 8 32 51 7 135 68 132 19 7 6 82 4 72 12 45 66 0 2 20 16 16 73 125 25 26 88 14 9 6 93 8 81 55 8 0 34 2 36 66 59 42 89 12 15 30 189 20 73 9 45 91 73 0 72 87 24 93 4 21 17 15 63 6 16 59 26 100 54 32 48 117 88 23 16 100 10 87 28 117 100 3 36 9 14 14 42 33 6 61 18 60 10 86 12 54 77 0 75 117 79 7 24 11 72 71 33 104 30 20 57 63 87 66 139 67 48 12 42 11 30 6 0 18 6 0 43 76 7 112 69 0 26 2 12 42 28 0 12 60 32 105 54 0 39 42 14 12 87 69 35 40 30 30 82 90 72 0 114 70 63 80 50 60 4 81 51 40 119 49 0 0 36 63 0 70 87 133 21 117 46 0 61 108 30 112 15 0 6 20 59 28 16 82 12 101 48 33 125 116 38 82 21 4 0 107 13 68 0 92 78 7 57 58 15 49 21 6 56 54 60 41 3 62 4 
21 0 34 35 16 69 4 36 0 84 95 27 70 128 54 27 52 7 71 22 158 0 32 105 13 27 64 32 34 64 76 46 30 62 37 5 1 8 61 41 8 53 40 24 35 36 150 0 59 8 1 70 16 73 123 1 0 46 119 0 58 28 30 13 0 0 25 65 69 81 137 141 2 108 86 51 12 38 94 74 6 0 77 71 52 132 11 134 47 21 115 18 7 56 59 178 100 11 104 3 25 46 16 16 38 106 139 14 0 41 114 44 23 41 139 12 53 52 49 56 80 39 64 14 27 14 16 39 55 23 111 38 12 69 7 45 79 91 101 0 16 107 18 43 12 54 4 80 6 10 35 48 13 113 21 8 6 120 129 57 66 4 0 20 0 24 32 27 6 17 78 51 59 15 0 2 56 8 18 77 15 0 0 12 50 64 49 12 12 71 60 68 63 31 13 6 38 10 15 72 125 60 29 67 40 67 0 44 74 12 114 16 57 10 11 35 139 8 20 6 4 0 18 45 29 0 54 53 4 9 40 0 35 0 91 117 7 13 0 27 33 49 0 4 14 15 59 25 9 22 27 93 42 37 31 67 
32 0 0 144 16 0 28 48 16 46 0 4 29 52 53 0 18 20 18 108 32 72 6 16 66 16 156 74 12 146 2 72 73 0 26 0 18 78 19 32 0 9 57 60 32 56 104 26 0 99 28 0 41 1 111 97 6 161 100 4 125 82 0 72 8 64 18 110 20 8 40 119 158 92 56 52 19 56 24 15 99 0 12 1 53 132 86 12 168 54 75 48 0 36 83 48 54 51 20 32 78 14 113 24 148 0 63 0 36 137 2 14 8 0 28 46 4 28 40 18 54 116 40 46 176 8 48 78 73 28 24 38 77 101 49 98 70 46 80 53 8 86 87 88 88 18 217 0 8 72 2 0 52 61 52 48 54 66 22 9 83 38 10 0 38 0 10 91 33 72 52 8 65 32 8 10 20 52 78 2 64 122 38 58 24 82 15 69 43 6 59 110 12 70 131 0 95 0 61 56 103 0 17 16 6 0 12 30 21 0 141 8 18 20 12 25 19 0 36 57 8 24 51 14 167 14 6 93 8 71 171 42 58 0 64 16 72 78 74 4 8 118 0 0 48 24 38 9 6 76 39 96 8 14 0 49 
23 9 0 14 52 4 42 137 77 0 14 2 102 50 3 10 140 28 25 8 116 10 197 64 0 108 56 0 18 86 24 89 7 115 22 46 14 117 0 28 42 10 96 6 24 0 72 69 26 185 37 7 118 17 27 42 45 49 0 3 59 10 8 17 49 2 27 107 3 51 76 36 89 102 28 99 61 15 134 63 39 0 64 65 118 54 111 6 36 115 58 66 0 16 44 110 105 64 40 80 54 47 62 108 75 22 0 9 105 41 65 54 3 20 9 62 34 3 0 9 94 15 58 116 88 12 105 57 0 29 54 17 6 2 12 157 0 24 99 0 58 91 1 0 65 28 48 46 50 9 51 28 109 66 35 0 46 89 82 0 95 0 8 9 53 30 99 76 30 72 0 67 5 111 24 9 89 27 36 0 9 18 35 69 67 62 25 0 17 87 18 64 36 0 141 7 2 71 95 4 47 77 21 8 39 30 63 0 93 5 37 32 16 6 8 80 109 40 42 43 14 14 0 36 0 63 28 18 84 6 34 45 53 36 0 64 8 0 22 20 0 0 52 2 7 54 56 25 28 119 18 94 17 15 0 226 
0 57 47 71 121 0 0 63 11 60 115 44 28 125 20 74 62 20 77 27 0 40 44 75 24 86 71 0 3 86 56 27 83 28 24 35 0 26 21 0 10 28 106 25 2 12 27 116 49 7 0 110 60 67 6 46 4 0 42 2 0 0 45 38 74 0 25 36 118 80 46 2 46 42 0 108 51 71 72 125 78 117 91 5 83 18 39 0 85 38 132 66 73 32 10 96 28 39 21 32 54 24 18 12 24 28 67 0 30 30 0 69 48 0 12 40 70 16 36 19 32 102 19 21 0 6 58 54 56 69 74 49 2 65 65 93 6 42 55 64 25 62 35 42 14 34 88 36 3 18 0 19 12 62 48 45 77 119 3 14 124 0 12 0 83 26 65 106 30 48 0 30 24 98 34 1 20 69 0 48 27 28 8 46 49 58 15 18 62 49 68 0 82 22 36 47 16 49 24 85 33 89 16 99 103 12 18 6 41 12 14 54 53 84 51 0 7 0 54 18 14 30 0 28 9 24 33 81 63 7 9 52 34 15 42 28 32 89 34 15 7 53 12 9 10 7 185 49 52 24 63 14 107 40 78 27 
96 81 107 264 4 51 35 129 78 43 194 8 76 73 32 45 136 39 25 72 88 133 74 115 46 20 105 118 126 41 9 131 28 55 50 65 29 54 8 44 156 103 96 153 21 2 98 233 101 20 0 20 0 37 80 135 110 86 17 56 96 28 50 227 9 28 126 148 110 36 90 16 56 17 29 99 24 70 44 135 93 0 13 83 118 167 8 54 60 8 62 8 72 41 27 93 64 33 88 27 66 75 174 70 88 34 43 7 109 114 0 11 33 5 40 44 30 0 55 84 96 22 51 28 180 105 10 78 73 0 99 96 0 82 132 76 0 19 15 74 59 47 56 90 83 58 30 43 109 89 28 70 120 87 137 27 118 60 128 144 87 10 64 27 61 48 59 57 56 69 0 48 93 24 23 124 16 110 36 14 158 45 147 54 5 105 8 117 60 0 1 10 59 0 153 26 118 0 97 152 32 114 91 120 52 0 153 75 97 17 61 54 15 32 165 148 93 53 99 93 94 64 56 10 160 75 222 79 83 41 18 104 63 69 0 65 0 18 41 80 54 53 37 58 73 2 147 118 103 169 14 26 0 80 36 120 
0 15 72 74 52 28 48 81 29 3 0 90 25 25 6 66 0 18 15 0 72 12 0 5 79 0 0 0 32 33 0 4 15 23 36 0 7 29 8 93 21 15 40 22 45 0 126 3 20 30 8 0 42 39 8 2 75 29 36 31 51 23 54 0 41 5 98 55 0 1 72 12 0 0 53 14 2 0 6 0 0 0 0 12 32 6 145 12 27 27 0 11 0 0 18 0 24 0 0 0 0 0 30 35 0 0 73 0 30 36 0 14 35 6 25 35 15 40 10 56 12 48 38 60 45 50 36 57 4 13 0 15 33 0 7 121 0 53 10 10 9 49 1 36 103 27 0 21 0 0 20 16 30 60 24 21 0 26 49 48 52 0 56 61 3 40 72 29 0 34 0 0 0 10 69 28 6 10 175 42 18 10 4 0 0 0 90 9 51 21 12 102 2 51 2 0 0 54 20 0 15 18 45 0 3 10 129 15 132 16 0 0 10 9 3 28 35 9 89 0 12 8 0 8 42 1 0 27 0 78 32 22 50 0 30 21 4 0 0 3 0 21 45 12 6 68 40 4 41 4 27 28 28 94 0 13 
10 52 30 136 31 72 81 134 107 81 47 69 73 4 126 0 30 62 74 9 24 41 34 47 97 84 158 62 0 94 0 61 99 29 24 51 108 75 137 33 19 0 9 125 12 54 54 25 60 8 87 37 15 64 76 117 105 83 91 43 15 39 86 185 87 0 60 13 89 54 12 91 50 108 0 0 18 77 41 4 228 0 30 6 34 21 180 0 210 54 107 44 162 83 58 21 116 105 137 61 51 67 89 123 53 171 45 46 81 99 0 56 73 66 73 163 52 80 12 70 40 61 41 7 80 126 15 11 50 23 179 102 31 50 99 69 88 21 55 64 7 34 8 140 18 63 13 6 16 41 55 51 10 12 69 88 16 24 143 112 19 14 24 115 97 56 73 77 56 54 83 34 24 9 45 11 79 0 8 65 0 76 76 110 93 4 155 26 9 136 114 131 105 52 127 0 32 24 13 20 48 54 8 0 87 24 53 15 82 52 44 0 9 73 173 36 31 42 30 76 8 40 133 20 187 85 24 61 0 67 104 8 70 46 45 87 0 0 48 98 240 80 40 111 32 32 79 106 90 70 62 86 36 21 36 68 
149 58 26 89 57 68 18 238 214 131 18 81 25 49 97 20 109 61 20 27 121 8 32 9 68 6 58 27 119 118 46 59 58 14 75 25 2 80 25 74 148 126 96 48 70 83 48 36 128 82 15 0 27 143 0 44 42 70 76 14 82 111 12 0 108 28 0 46 73 48 72 87 64 12 107 95 36 66 35 42 123 72 30 81 140 64 53 18 132 45 102 39 67 60 88 36 32 150 92 104 111 105 6 117 62 44 86 5 3 51 73 41 21 44 17 0 22 16 44 100 52 97 32 31 156 46 45 48 130 63 45 122 86 84 25 47 44 135 42 45 52 73 50 82 35 106 119 45 85 8 18 62 50 12 43 44 0 88 14 60 46 118 36 44 19 54 115 135 107 5 58 38 70 76 0 14 81 4 66 39 129 89 42 98 54 93 135 20 14 18 71 118 131 22 96 30 121 54 145 149 140 10 22 73 103 0 65 63 34 0 10 48 33 49 65 75 114 30 33 108 56 39 4 134 1 246 217 0 16 142 32 52 109 85 14 64 32 10 96 66 45 48 4 36 27 27 133 256 56 48 121 0 82 98 79 40 
52 95 0 79 105 3 42 90 109 62 49 45 68 28 24 57 18 36 89 103 24 39 48 91 59 43 44 48 63 66 40 40 122 36 36 30 0 7 7 32 72 34 37 46 0 0 36 45 86 0 40 16 6 15 48 75 130 4 134 0 33 5 0 76 25 18 0 6 103 21 41 52 45 44 24 42 14 21 22 46 40 92 0 39 83 72 18 56 85 110 66 48 3 12 26 45 112 35 39 32 25 58 0 85 85 81 0 0 32 50 45 0 96 69 63 69 63 42 18 38 61 72 48 0 3 40 72 36 63 16 56 4 24 30 55 47 8 28 14 40 0 60 20 42 22 30 56 0 0 33 36 14 17 96 10 73 1 130 46 8 30 0 0 25 45 26 47 82 28 0 56 19 0 60 80 0 39 5 31 18 64 10 6 56 48 89 16 51 50 19 31 102 39 18 6 24 52 4 18 24 0 41 5 53 35 15 36 28 15 16 70 0 59 52 56 100 72 5 14 44 35 0 83 27 30 2 114 40 31 6 2 12 5 0 8 0 13 35 96 42 66 74 0 0 57 134 51 4 78 17 28 73 33 42 101 0 
80 36 99 99 37 52 148 80 139 51 0 44 110 159 33 81 44 119 59 95 84 48 227 81 105 27 114 261 66 22 110 81 24 33 84 0 27 176 65 141 29 63 63 93 60 39 74 43 121 102 184 40 12 18 60 104 133 81 0 97 49 69 86 57 90 39 54 152 15 36 83 69 34 148 15 126 21 159 24 51 160 18 54 43 184 43 14 0 270 85 118 0 56 2 80 57 230 7 52 147 116 23 121 75 115 75 67 139 98 12 151 98 28 50 8 66 113 0 63 81 22 92 14 24 45 88 52 134 10 10 67 54 61 72 18 24 75 60 228 96 46 80 72 141 196 116 62 33 63 149 2 40 18 75 11 96 16 181 91 124 130 40 6 7 18 36 123 218 57 176 139 48 103 54 67 56 92 63 0 121 141 48 120 138 145 61 340 33 8 48 93 164 155 112 123 72 56 207 136 37 12 95 47 30 110 16 84 145 63 71 102 0 0 20 70 66 81 76 35 123 88 23 108 145 33 167 162 96 63 99 276 66 60 71 14 74 78 43 93 197 241 64 55 0 62 36 8 91 5 93 123 69 127 91 8 84 
12 18 12 19 0 44 0 62 0 156 36 64 53 4 155 35 79 6 133 48 0 58 60 56 90 62 80 54 44 121 76 1 100 30 52 47 4 27 99 0 91 18 48 24 16 0 68 41 63 0 4 79 51 163 0 12 72 36 74 141 18 13 42 21 57 11 51 174 54 82 16 18 16 36 59 33 3 60 16 103 110 9 40 127 8 64 105 34 128 25 68 55 118 10 38 108 78 96 48 27 99 127 33 33 27 0 65 24 50 36 68 33 52 109 194 4 112 16 20 93 96 109 0 89 50 65 71 71 64 62 0 41 76 59 29 88 17 66 74 51 0 116 51 39 50 71 57 22 136 13 58 154 99 79 25 21 48 76 49 18 103 54 93 44 73 122 239 0 32 30 20 0 35 38 63 32 22 21 80 38 0 57 0 16 25 0 142 3 38 76 30 27 80 128 25 68 0 30 83 68 35 92 25 88 37 64 0 47 11 6 85 102 0 87 40 0 147 0 30 39 0 46 14 9 62 70 24 46 39 71 0 57 60 40 14 90 51 28 63 0 69 0 67 117 106 15 113 82 20 40 102 74 112 24 78 20 
116 167 67 62 58 98 48 101 43 102 89 129 45 81 36 113 99 94 105 42 104 122 79 204 111 15 102 104 39 146 63 54 66 108 45 31 52 42 57 113 151 85 88 84 144 52 54 0 106 20 57 150 67 142 0 54 35 6 111 62 69 102 26 144 149 0 6 150 105 107 90 56 73 46 8 22 83 83 80 56 146 27 122 0 0 48 103 90 157 34 94 37 2 3 46 89 128 132 58 45 52 40 96 60 112 133 89 88 39 254 3 74 90 40 212 23 22 28 162 79 97 192 23 119 14 45 0 117 12 48 141 58 132 119 56 123 8 105 73 75 37 63 10 138 186 24 18 138 46 90 14 28 128 139 187 77 37 100 147 46 42 56 81 62 74 2 74 82 69 92 16 43 175 51 18 89 106 196 57 68 81 55 104 24 0 44 90 25 63 4 12 87 68 0 25 60 147 39 33 86 82 0 45 136 42 0 115 17 194 48 72 46 36 63 245 112 110 55 161 80 45 122 42 71 120 27 196 14 0 88 51 16 164 0 135 152 8 68 58 39 28 63 109 78 21 138 112 79 45 14 96 9 52 28 94 6 
121 140 132 14 2 40 0 51 139 45 44 70 15 119 97 128 15 22 98 64 28 54 128 79 60 78 234 45 157 65 50 143 185 72 15 0 43 153 80 89 78 30 79 260 27 25 124 71 23 61 18 37 48 0 24 180 97 238 94 75 27 24 38 41 15 36 9 176 127 4 177 16 98 13 0 48 69 64 51 54 117 35 50 163 55 140 81 46 46 38 113 46 18 63 21 0 69 46 42 9 65 134 57 141 80 88 24 44 115 54 27 127 190 96 104 24 61 0 45 62 104 199 59 174 56 113 63 161 120 44 4 86 98 45 60 79 31 9 98 162 95 33 112 80 91 40 57 69 125 106 16 78 80 158 0 86 16 130 47 34 141 81 127 88 18 38 27 98 32 136 0 7 59 99 0 184 72 68 63 0 94 17 220 7 79 48 96 133 183 9 109 56 166 9 53 36 171 118 88 83 48 83 0 118 47 30 135 28 51 38 93 63 0 24 32 151 154 91 82 128 201 25 24 16 76 194 147 66 52 114 150 0 40 40 50 85 24 64 91 109 154 219 126 20 91 54 75 70 37 83 27 90 130 54 51 30 
9 5 10 38 50 39 6 123 54 5 64 0 126 52 6 0 75 143 137 73 81 34 236 26 15 10 157 10 0 4 53 59 54 88 35 5 28 23 3 23 22 35 66 36 0 0 30 72 80 128 49 181 18 2 34 52 46 32 48 12 102 178 54 36 88 7 0 86 76 54 60 49 0 61 48 67 24 0 43 112 79 88 88 0 65 102 66 0 152 27 110 86 42 16 44 84 55 12 68 96 109 42 85 49 81 11 0 0 106 106 0 142 34 45 0 0 121 0 49 113 109 21 94 74 66 42 56 84 28 97 1 12 2 28 12 44 28 22 64 35 98 65 10 0 62 105 0 68 10 63 0 2 104 21 16 81 35 57 24 24 74 0 66 0 71 5 149 156 9 99 0 30 36 67 109 12 2 118 77 0 49 18 65 40 3 57 0 16 0 4 46 2 141 4 74 77 16 20 71 91 49 0 0 67 127 14 111 36 18 0 0 37 58 46 24 84 137 25 89 24 4 12 0 96 105 38 41 38 0 9 66 127 32 21 14 60 9 56 4 63 0 162 113 55 93 6 45 2 99 87 61 76 0 49 12 48 
27 6 69 104 18 33 48 149 185 120 15 93 35 32 44 123 0 14 76 9 24 80 0 65 93 81 0 84 75 119 72 18 110 101 127 0 69 9 64 34 32 29 24 12 53 0 196 13 71 24 151 0 50 49 32 34 82 15 9 36 6 49 0 39 44 78 41 138 40 4 56 64 33 33 99 12 0 42 30 36 36 35 49 36 88 45 86 42 138 64 6 0 51 66 55 0 102 8 0 24 54 91 39 126 12 46 0 3 36 97 42 48 198 12 104 82 36 81 20 44 53 66 24 0 88 80 32 117 0 67 52 14 8 0 96 0 0 26 130 64 72 92 32 52 169 67 54 24 27 61 51 9 27 120 37 21 59 22 79 96 77 32 0 61 61 36 72 0 59 150 0 36 0 86 64 3 46 126 85 0 191 99 18 11 3 44 113 0 57 80 32 264 70 72 0 21 189 101 96 0 40 71 3 51 92 0 84 63 79 71 34 0 31 42 131 0 105 15 70 0 81 54 162 0 51 74 65 90 0 135 18 24 135 26 6 72 107 18 156 20 247 82 2 15 71 32 38 53 16 30 27 162 81 74 8 27 
120 0 0 40 6 9 0 97 44 63 36 18 44 55 0 25 60 39 73 30 0 42 138 42 73 0 95 39 82 35 21 19 12 40 6 80 72 24 48 112 69 72 61 70 19 40 65 4 58 0 0 4 12 18 20 6 104 61 12 0 5 0 0 36 0 0 15 78 18 12 63 78 45 60 73 96 6 136 20 28 15 0 112 0 103 27 25 140 44 15 64 39 38 24 0 57 11 16 42 30 31 14 54 48 75 46 4 0 50 63 58 76 0 36 25 12 12 18 6 49 40 78 23 0 45 60 38 25 96 0 95 96 39 74 29 0 0 74 126 8 0 59 81 72 39 0 117 60 6 59 36 4 5 47 0 37 83 152 128 0 139 0 64 23 21 0 42 114 38 129 0 25 66 18 5 99 72 102 14 30 52 35 6 66 19 73 64 55 12 0 16 48 59 25 43 60 41 25 40 108 138 4 0 108 30 18 66 24 72 30 36 14 74 38 136 48 89 20 21 32 36 40 0 0 54 10 89 98 0 47 20 57 15 15 63 62 45 43 102 0 81 96 0 18 54 48 124 34 53 16 60 14 38 0 52 25 
65 117 132 8 88 0 0 133 110 65 24 69 161 17 98 59 39 85 134 0 8 27 58 170 96 47 112 42 51 99 56 35 106 51 26 35 73 97 33 11 98 114 64 133 31 12 105 0 36 50 37 167 42 111 0 26 72 155 12 0 13 71 25 111 67 30 20 73 74 87 110 32 135 96 99 56 6 70 102 89 234 68 51 203 51 89 87 38 289 72 22 106 7 28 26 32 50 154 76 104 49 5 82 76 15 40 29 0 115 108 56 67 87 122 309 73 112 94 36 114 76 172 122 47 122 70 174 60 24 67 15 24 63 0 5 84 8 72 231 54 106 111 28 142 15 120 93 22 20 38 155 52 50 8 77 76 32 175 57 84 53 0 6 54 0 80 113 20 60 56 130 18 8 10 79 75 159 18 31 88 36 85 104 12 91 89 150 29 48 86 66 101 137 78 41 60 85 65 86 125 8 114 58 89 60 0 5 52 72 0 78 96 60 27 99 74 138 88 57 123 128 24 24 81 175 78 54 30 30 148 69 40 80 15 72 188 19 0 44 11 42 147 108 108 86 64 29 111 56 105 99 3 0 80 64 122 
35 77 42 8 2 76 0 76 121 51 54 27 38 28 24 0 0 24 64 2 100 62 32 25 36 0 87 0 99 109 48 12 30 61 65 30 47 25 38 50 59 122 0 45 54 25 15 5 8 95 38 50 18 50 28 56 8 42 19 0 0 57 6 0 58 0 18 93 17 24 16 112 31 6 48 113 0 0 0 86 0 71 69 0 141 54 29 63 96 0 63 28 0 98 4 0 25 68 26 190 66 79 48 14 112 56 0 6 0 9 1 34 0 62 25 36 14 32 56 67 36 8 30 0 60 0 191 12 15 90 56 24 28 0 42 0 4 22 162 16 21 56 57 72 53 10 0 0 0 20 33 26 78 0 87 56 30 28 0 48 51 60 0 52 0 0 62 124 15 10 22 0 28 36 7 18 8 75 0 0 120 12 51 5 20 0 83 81 0 59 37 102 54 6 12 97 135 0 49 78 79 36 8 98 96 0 84 10 32 15 0 28 12 20 117 40 37 76 50 11 149 17 13 64 24 53 10 0 0 186 4 33 44 0 21 120 42 10 108 122 8 60 27 68 6 25 50 8 26 96 97 28 10 80 0 39 
57 86 116 98 6 18 7 53 149 55 36 98 21 167 16 55 61 44 196 53 84 40 62 104 39 73 92 63 113 48 40 144 95 115 39 107 127 4 21 104 19 8 32 97 104 12 92 72 102 24 139 51 18 111 29 185 84 266 27 76 123 20 0 19 75 27 35 151 40 40 46 76 0 14 3 55 29 42 88 87 95 12 74 112 26 90 30 24 36 48 37 27 43 112 30 78 84 12 73 39 118 26 79 109 117 67 14 82 71 52 92 24 58 96 46 24 123 115 34 15 114 79 0 71 113 104 165 72 99 131 6 0 95 80 91 57 113 70 3 100 154 53 4 24 32 55 21 8 152 89 48 224 65 85 62 80 144 18 102 44 14 77 75 74 71 48 47 94 40 0 93 51 142 103 0 99 18 59 0 50 63 154 132 94 0 87 157 103 48 30 77 66 64 36 93 7 72 62 115 157 68 69 21 106 57 49 47 60 23 84 89 99 25 66 32 188 45 0 148 101 83 67 30 20 63 191 72 163 113 141 90 134 28 52 7 73 0 0 44 44 89 16 171 42 35 3 92 114 92 62 4 80 37 36 32 71 
54 42 15 143 114 49 120 50 32 0 8 8 86 61 114 0 21 43 118 43 6 26 35 5 25 54 51 130 84 193 38 34 0 135 74 64 35 53 6 123 47 103 112 127 33 49 146 8 214 63 51 77 79 53 22 72 54 64 95 193 20 76 64 0 51 72 81 178 111 0 0 58 91 33 78 90 15 111 0 115 38 60 20 9 26 36 46 2 86 54 62 18 0 41 60 10 130 6 2 9 32 97 61 71 78 49 10 91 57 131 36 45 154 33 64 21 25 30 107 12 4 67 16 15 7 179 9 79 45 29 68 98 138 65 37 24 12 72 35 75 16 137 56 212 2 93 99 85 82 75 60 106 2 93 104 141 104 114 89 98 25 58 66 95 92 14 23 95 144 121 75 25 100 67 78 36 57 50 72 11 90 121 37 23 99 24 0 89 52 83 45 29 162 45 97 116 57 0 58 46 0 8 35 69 16 35 59 114 86 48 86 27 114 46 6 80 107 28 60 113 152 6 66 41 66 7 23 153 0 129 23 103 88 38 10 51 39 51 34 0 45 35 64 31 110 106 116 143 30 35 63 128 72 64 76 36 
45 143 0 40 14 0 64 0 12 16 7 0 28 0 45 26 35 9 18 59 75 44 66 53 15 0 33 16 7 162 18 4 6 9 138 0 0 54 129 24 0 63 0 72 37 0 18 9 58 105 9 117 0 16 67 1 21 8 111 0 39 20 0 90 27 2 45 18 33 81 37 114 63 45 14 108 96 72 0 142 9 0 18 93 100 0 108 62 96 138 9 30 0 72 16 63 72 73 35 147 45 66 0 17 25 54 48 10 37 46 109 60 60 12 166 0 0 81 30 78 57 36 26 63 24 17 132 84 3 72 90 6 40 18 42 108 1 12 0 15 0 21 0 42 99 0 24 0 12 0 36 79 60 15 39 0 0 79 47 0 66 9 0 63 0 6 55 21 60 6 0 27 45 111 58 117 4 81 70 54 75 0 0 18 0 0 4 35 45 77 111 0 5 45 57 87 0 49 54 0 45 9 0 56 48 31 39 4 57 18 69 90 30 51 9 70 152 35 72 27 48 0 15 21 7 60 0 30 7 87 0 0 175 0 0 145 72 5 17 36 0 27 18 30 24 58 0 127 27 40 27 0 111 24 66 57 
45 156 92 20 0 116 42 35 197 78 129 98 22 75 72 63 42 0 77 69 34 88 10 32 121 24 173 74 59 87 51 71 120 20 112 40 27 15 18 57 44 57 22 141 24 36 123 45 94 118 49 24 40 43 69 153 105 69 57 99 37 114 84 100 82 9 87 120 113 53 141 54 40 32 145 58 57 96 74 15 64 15 99 5 14 0 117 12 89 0 74 49 27 89 28 27 6 28 55 37 56 186 36 124 12 119 43 0 72 82 105 45 22 48 42 35 64 32 21 110 173 20 40 133 142 177 73 217 65 0 47 18 42 0 46 88 71 68 6 5 68 60 12 108 65 95 186 3 37 77 92 111 38 52 113 83 31 52 22 80 111 30 149 88 18 151 36 0 18 40 61 27 0 14 63 114 16 35 62 20 4 72 113 94 88 54 175 135 71 38 23 70 35 115 70 8 48 153 44 48 60 44 35 54 94 0 129 78 191 46 23 0 0 0 65 59 56 35 10 88 160 3 59 0 157 140 87 96 151 45 136 53 15 49 109 18 44 73 42 44 26 110 18 65 40 2 72 15 124 0 99 49 8 22 28 90 
47 85 156 139 8 59 45 64 173 181 77 51 115 115 0 114 16 21 126 74 142 72 25 53 28 16 93 43 88 40 6 116 141 16 0 10 0 22 10 106 41 16 103 43 32 13 72 88 56 78 151 86 35 15 58 88 40 120 33 83 34 12 108 7 70 98 53 84 48 15 26 36 83 100 131 82 0 6 118 86 27 96 74 96 0 247 124 6 119 51 85 119 42 0 101 66 58 12 88 71 81 25 83 13 83 13 96 14 72 113 64 5 113 8 8 27 94 132 41 79 80 143 112 90 133 78 45 103 277 152 31 67 52 118 67 149 44 43 36 104 91 33 75 33 59 161 108 53 98 9 16 69 150 228 36 27 112 82 67 20 62 121 130 61 36 3 104 17 51 80 106 21 61 43 34 12 36 16 87 26 67 123 65 141 40 56 123 34 36 64 60 105 174 24 178 24 40 10 68 128 3 24 27 76 48 28 49 57 65 0 77 4 1 64 5 138 168 0 36 63 108 123 16 77 57 154 36 106 124 26 62 21 91 117 40 16 0 21 3 24 69 215 50 42 92 24 16 103 5 16 60 285 7 62 44 124 
55 44 43 110 5 74 53 33 42 9 37 3 130 94 17 18 41 80 108 15 3 66 17 104 94 32 36 44 7 58 78 63 75 52 19 8 6 58 50 5 2 24 33 5 45 24 129 0 19 28 47 77 1 156 24 39 74 8 110 0 83 60 22 47 9 6 26 147 138 60 65 41 32 66 1 27 12 42 5 49 107 3 2 17 7 109 93 86 135 78 74 34 70 60 45 77 132 114 104 103 57 29 45 72 40 128 21 8 5 154 0 114 24 107 99 4 73 44 18 41 104 125 52 21 43 9 68 28 0 80 106 0 31 36 91 113 106 17 59 81 8 58 40 40 52 81 75 114 5 130 58 113 0 79 78 20 67 8 75 55 42 11 70 63 48 7 75 24 55 84 0 8 110 109 30 69 8 43 97 99 32 9 110 67 26 35 134 16 32 0 34 71 31 6 91 0 76 32 63 54 7 0 56 30 0 56 96 28 61 2 83 67 60 2 101 69 105 44 26 83 9 12 28 41 55 0 0 17 4 75 14 45 56 84 81 63 31 10 7 0 72 76 2 20 165 8 60 124 137 105 46 151 0 26 20 36 
71 54 149 156 80 0 32 137 1 22 27 51 60 38 2 29 53 55 0 43 171 32 36 2 0 52 94 32 36 93 40 24 20 12 69 24 38 64 16 252 0 9 55 2 88 118 80 2 75 28 126 62 34 49 18 0 38 17 18 54 10 78 56 76 96 42 71 56 32 96 54 0 2 15 0 15 65 89 48 47 49 29 70 0 40 54 71 56 118 56 70 27 22 25 87 2 139 13 35 18 0 84 26 4 30 113 173 36 15 46 0 48 69 10 64 57 57 2 7 154 29 4 58 35 9 22 14 28 13 53 169 80 51 7 99 68 3 3 6 0 36 114 0 60 24 101 0 12 26 6 4 43 18 67 12 91 47 83 145 26 30 32 64 117 49 22 70 105 58 9 14 18 16 92 51 6 81 57 105 75 32 81 56 35 61 20 53 51 35 17 67 22 54 39 63 0 24 56 61 81 148 30 12 29 26 16 128 0 96 36 24 20 32 27 118 45 51 8 41 40 4 30 5 2 52 14 0 0 6 25 60 12 24 55 12 67 42 0 4 17 50 23 70 63 0 27 38 6 26 8 34 45 5 101 75 6 
56 27 10 72 64 48 46 151 104 90 96 26 106 91 53 49 102 137 69 35 107 82 60 21 139 8 62 25 3 105 104 83 75 92 56 151 18 17 64 48 84 43 116 11 62 0 18 42 80 68 14 81 99 110 99 16 80 56 48 21 111 84 48 145 55 3 32 66 54 124 96 30 28 46 44 6 81 38 178 195 76 40 0 95 55 194 10 20 80 77 79 38 73 10 0 138 98 22 30 54 14 19 56 106 112 12 54 63 78 102 46 16 17 12 81 13 129 0 62 83 172 58 116 37 133 64 54 50 7 186 174 15 0 82 161 73 81 90 9 10 98 200 43 76 60 47 54 71 4 217 70 62 48 132 16 0 8 100 146 82 101 62 36 38 48 144 210 85 9 95 0 0 82 128 116 36 106 85 0 27 40 54 36 60 34 134 64 24 51 69 63 64 149 99 40 35 195 97 0 58 79 0 50 37 91 6 63 73 16 55 120 76 68 12 70 96 113 0 63 25 72 124 72 50 184 85 89 0 125 44 91 149 60 6 64 118 108 49 0 0 48 10 41 78 60 47 46 36 41 122 2 104 9 77 46 44 
28 106 32 53 56 135 0 57 0 9 50 36 14 31 10 40 54 72 48 56 32 44 71 38 6 0 54 124 12 51 21 32 0 33 52 15 0 21 18 20 32 6 40 110 20 46 127 52 78 32 0 0 44 8 56 68 24 34 30 51 31 27 24 28 27 18 0 111 65 49 64 0 14 10 59 20 37 56 103 53 49 15 73 40 0 48 36 46 72 6 40 9 0 75 36 51 55 50 33 110 72 73 58 12 63 65 84 40 45 0 57 46 20 3 100 27 45 46 50 101 73 43 14 7 6 19 45 24 34 7 12 14 81 104 0 27 0 45 138 61 12 36 55 6 130 0 18 97 43 63 0 23 24 98 89 49 0 110 9 62 76 42 92 0 20 34 105 22 23 44 39 2 16 9 36 39 68 69 3 32 15 62 32 24 28 24 72 17 32 0 28 175 87 0 78 23 71 60 0 89 66 48 51 108 38 42 20 48 79 19 35 40 30 41 202 0 25 84 36 106 0 0 48 0 52 24 111 0 9 82 28 0 20 0 18 7 48 0 62 6 26 103 26 37 96 9 54 0 3 79 79 72 0 6 14 58 
174 75 72 28 0 142 22 144 60 24 24 73 9 94 44 96 22 0 18 12 52 0 0 64 20 0 28 18 33 50 0 72 90 57 67 10 2 81 118 50 28 72 52 45 39 40 130 0 140 9 98 61 31 63 0 27 42 104 8 3 141 25 0 32 28 4 0 62 87 16 72 47 133 76 0 12 24 59 12 47 61 6 2 156 64 17 55 0 12 64 63 48 0 56 82 22 72 85 40 78 42 9 0 0 112 183 43 16 9 16 21 16 10 10 13 16 104 50 2 134 53 63 23 42 77 31 38 51 64 27 0 24 80 12 47 44 44 51 128 34 89 43 20 16 0 42 80 13 26 101 7 89 0 45 99 193 32 67 77 91 33 90 2 24 3 8 99 46 42 72 59 18 16 108 0 22 66 0 63 9 0 10 8 60 109 27 28 0 27 54 62 138 96 40 34 24 96 181 115 113 103 29 0 4 13 12 44 141 26 52 24 0 28 28 81 64 18 125 12 17 70 18 75 35 24 132 46 4 0 79 104 0 49 23 0 13 0 9 24 13 66 62 13 4 8 42 92 112 60 34 113 3 26 56 16 8 
60 180 56 62 35 59 0 246 190 72 109 64 207 79 49 146 59 36 89 81 75 4 60 104 56 0 89 27 69 116 68 25 104 5 83 82 74 223 63 58 70 78 57 146 36 63 45 52 201 53 81 89 14 76 6 105 115 196 54 45 107 42 59 100 59 18 54 15 140 58 36 30 33 66 11 94 61 64 16 87 82 81 0 38 38 68 109 31 173 134 88 7 35 2 48 69 40 104 0 33 15 82 51 138 18 145 36 110 173 174 64 85 87 118 67 92 113 103 41 148 91 59 67 90 24 137 141 43 95 36 87 140 102 115 103 77 85 2 80 27 48 21 39 99 29 80 36 90 34 86 36 120 51 97 60 117 58 172 47 48 74 163 46 81 79 22 130 110 73 84 151 180 14 27 84 51 49 119 110 124 54 91 38 61 54 36 98 42 20 34 12 3 92 61 69 0 71 18 32 144 68 83 46 39 103 44 77 62 161 12 101 36 0 5 6 109 224 18 18 68 40 102 14 39 32 131 197 10 28 167 98 8 39 38 35 87 14 45 191 12 32 30 116 45 77 78 81 112 73 16 93 44 161 27 275 9 
8 54 78 59 105 76 0 72 154 82 127 222 94 103 21 0 16 151 16 22 71 119 235 114 5 0 70 55 56 76 69 30 10 30 12 45 6 15 23 59 0 61 25 52 81 16 129 0 65 67 112 40 54 22 40 49 68 64 70 35 0 88 24 0 234 9 59 69 78 66 63 52 35 24 68 173 37 0 35 154 84 103 15 57 76 81 1 61 169 120 95 137 0 36 109 73 165 0 12 51 4 42 4 78 40 89 14 45 88 36 81 129 99 4 57 60 120 0 14 91 12 236 38 111 12 102 0 24 13 58 28 68 5 171 30 94 34 27 101 145 38 17 0 42 28 95 15 40 115 129 22 62 61 39 47 173 88 97 128 36 159 72 65 15 70 40 71 82 72 121 35 54 33 98 0 110 55 36 39 89 108 20 78 16 38 41 12 0 110 45 46 154 64 0 14 0 156 123 87 135 38 0 75 104 71 2 20 0 10 73 113 60 138 105 34 46 37 12 70 82 72 75 75 149 54 134 175 5 0 36 47 118 31 25 6 3 50 64 167 40 121 249 27 45 40 82 76 196 10 121 65 90 24 0 68 0 
137 63 9 71 123 108 1 36 56 22 115 97 157 85 160 24 54 149 96 128 53 24 116 9 48 102 205 58 59 122 36 161 321 91 151 58 95 77 76 40 169 67 66 209 99 110 157 184 135 159 0 93 47 50 117 248 45 170 150 121 129 25 63 99 61 54 119 147 149 23 60 0 90 18 88 173 88 72 66 63 144 0 96 100 118 59 183 12 62 40 4 120 1 127 137 84 24 57 25 84 30 101 139 67 119 170 97 41 129 47 79 131 172 0 89 99 196 50 99 118 160 153 34 138 78 0 112 192 78 34 46 43 48 127 67 7 70 152 10 46 80 45 66 155 85 10 189 9 55 56 9 87 58 308 125 58 187 67 56 72 107 20 66 64 75 126 217 84 14 96 96 116 46 63 19 3 84 21 110 72 93 75 185 78 35 27 127 91 115 38 32 94 51 96 98 21 179 45 66 75 72 104 15 141 73 66 140 65 138 42 210 105 98 88 65 54 91 98 35 27 42 39 35 49 97 112 87 198 48 27 14 77 39 87 81 49 45 42 20 104 72 42 177 33 96 0 164 120 57 60 95 54 139 51 45 141 
1 0 34 62 183 79 51 27 106 49 24 0 226 44 207 33 36 114 64 52 110 8 171 29 89 64 129 49 41 192 26 60 81 48 133 0 89 48 32 27 28 211 127 53 0 53 161 28 92 119 56 146 42 40 54 12 46 62 49 81 95 94 24 69 50 2 6 170 70 176 60 59 124 43 110 82 53 35 0 167 215 0 33 67 61 105 153 86 128 62 38 56 112 92 54 27 81 44 6 49 89 18 6 36 12 49 50 0 75 69 0 188 15 39 138 77 91 20 5 133 71 0 91 42 133 104 54 85 81 30 144 48 38 84 18 18 14 134 47 6 284 38 42 107 6 93 90 89 10 52 97 10 62 77 103 16 27 71 57 57 91 36 81 129 10 85 41 61 69 14 62 40 36 43 118 11 94 67 16 0 15 72 84 42 86 64 87 0 6 88 99 76 130 83 105 45 24 114 69 87 127 72 22 79 99 49 87 58 106 22 27 0 64 50 55 0 301 54 114 105 72 50 27 0 207 10 38 18 0 49 81 93 46 47 56 51 32 0 18 17 0 156 22 98 6 0 64 77 99 43 39 116 7 180 20 58 
93 9 81 105 40 41 58 112 67 67 0 35 46 37 0 27 0 25 27 42 30 0 92 56 56 76 76 110 9 91 36 96 167 49 38 0 144 0 76 90 27 56 79 54 42 23 46 80 0 45 65 76 28 138 45 42 26 70 58 14 38 100 3 62 25 48 44 250 48 138 21 0 36 32 130 139 23 115 31 74 175 10 24 24 105 0 81 66 111 65 36 17 63 63 97 45 16 31 24 30 21 88 0 98 132 32 0 0 157 147 37 41 64 3 78 62 37 116 131 5 131 78 0 88 147 107 1 35 20 22 111 141 140 12 43 18 35 28 110 0 0 81 0 142 74 0 107 41 0 72 9 18 40 55 54 98 56 57 28 0 110 36 57 86 68 46 10 0 30 0 72 4 32 33 22 25 84 8 44 32 10 32 73 10 28 0 57 35 92 63 0 39 92 45 126 37 155 15 104 95 32 9 47 61 19 24 110 50 20 12 50 8 24 0 14 0 32 12 17 93 6 0 48 0 155 0 97 24 5 94 0 0 147 27 192 43 8 63 0 6 12 0 0 97 54 0 130 84 0 9 91 66 20 58 76 30 
5 22 8 160 115 149 121 213 195 107 112 42 73 0 118 69 129 38 49 0 138 0 87 128 87 10 56 32 69 84 10 74 140 111 16 2 91 128 36 55 92 64 15 8 0 48 64 10 36 52 50 149 86 80 118 106 49 47 75 78 75 191 31 72 104 0 30 148 27 32 50 73 123 40 54 25 47 104 0 38 88 84 91 32 35 50 116 40 63 4 47 84 57 93 165 8 45 32 14 14 40 185 12 0 10 7 99 0 97 110 3 129 32 89 145 212 90 123 27 108 126 15 33 48 87 46 117 65 121 80 30 70 118 65 32 31 8 0 17 51 147 48 2 106 110 135 131 9 163 63 61 12 0 23 160 181 49 32 149 0 82 20 24 29 0 118 25 195 0 42 54 171 0 47 105 0 58 25 196 97 114 151 90 108 0 103 136 16 8 56 133 63 108 83 25 189 1 5 28 156 43 42 0 184 168 48 21 29 0 0 24 24 48 89 73 0 156 65 32 18 110 70 96 33 125 24 128 221 91 158 28 57 52 112 8 168 0 21 109 12 44 48 42 27 126 0 0 119 48 8 177 148 0 81 56 45 
103 128 4 111 43 143 0 129 179 177 70 98 93 0 54 116 0 33 90 9 88 100 92 99 66 4 49 28 88 240 126 45 9 30 66 0 0 0 90 12 135 153 51 38 50 0 0 84 121 90 163 218 0 162 28 88 54 42 88 0 62 0 0 205 31 54 90 35 52 162 74 151 132 24 104 118 89 137 48 148 26 0 54 50 141 35 66 64 317 72 42 70 36 106 41 66 120 72 14 169 35 182 0 77 54 83 92 0 16 57 47 42 127 46 198 151 10 26 63 124 44 107 85 36 66 53 115 42 93 109 40 0 80 81 100 59 16 93 0 14 0 40 0 55 70 143 32 0 8 72 58 8 76 118 87 15 42 84 45 72 32 102 52 78 89 108 207 127 0 64 46 24 96 79 3 6 32 0 95 118 175 38 61 32 56 20 50 0 103 90 88 49 35 39 48 110 5 0 106 69 86 177 40 10 62 24 118 103 189 20 42 66 46 54 20 14 107 47 100 4 0 35 64 107 31 136 51 132 105 66 56 2 142 12 0 159 88 32 118 91 91 24 65 58 0 0 287 116 28 12 126 133 196 83 112 77 
94 124 21 57 69 76 0 88 121 0 103 106 178 42 47 45 7 100 80 54 87 106 72 30 60 28 104 68 4 18 15 60 231 63 32 0 54 36 1 28 0 0 73 68 92 36 72 166 51 123 88 104 0 41 60 86 49 157 25 63 91 63 24 36 16 12 49 191 241 37 92 72 133 16 200 84 50 46 32 32 32 155 24 54 61 176 52 8 69 58 105 154 124 70 100 70 90 42 7 22 11 79 47 203 30 23 97 35 59 102 29 65 89 118 66 101 125 96 86 100 18 73 94 96 56 18 252 42 100 178 24 95 154 173 30 38 8 94 0 21 0 29 179 148 28 160 128 62 74 14 0 80 42 63 88 128 51 98 7 32 72 0 17 5 8 63 128 69 56 99 144 101 19 0 0 14 0 34 54 64 113 121 189 83 75 25 19 77 30 0 30 69 84 0 153 4 35 0 51 253 32 64 62 60 60 12 56 15 8 48 70 66 47 70 47 53 80 27 2 10 60 71 142 72 49 88 124 18 138 63 32 25 162 108 57 70 28 25 65 127 24 40 86 93 0 0 48 111 19 72 96 40 8 65 60 20 
30 10 18 109 107 38 42 100 221 9 36 30 71 12 119 54 15 12 7 59 155 54 132 89 138 0 138 90 0 112 135 42 84 9 23 180 48 2 29 38 3 48 91 6 104 0 78 69 106 123 174 44 41 101 26 44 22 27 104 36 79 83 75 56 43 0 57 65 106 12 24 42 48 11 60 42 112 85 68 64 21 58 60 33 78 42 18 72 96 106 64 25 0 1 0 12 68 0 23 36 60 18 85 68 110 196 36 0 74 58 42 6 16 147 54 51 57 0 0 95 105 69 95 30 111 106 9 52 77 154 56 76 42 110 70 66 36 37 184 72 48 24 108 282 79 143 0 14 99 89 8 36 79 0 0 54 43 138 68 5 33 143 44 43 36 35 80 57 62 99 43 0 37 77 26 96 164 5 48 55 80 0 21 0 120 48 156 80 63 18 9 87 59 93 30 99 187 15 44 32 36 153 63 77 109 24 126 72 169 0 102 171 0 90 82 72 0 28 52 24 37 210 38 98 72 89 100 45 80 75 41 40 208 145 0 64 0 24 53 0 124 78 53 102 7 40 94 151 51 4 114 24 55 48 6 38 
23 56 48 114 0 84 129 0 36 65 61 84 121 118 95 69 0 24 42 40 70 94 41 159 24 72 4 20 83 157 0 38 81 45 36 57 37 25 57 23 76 38 15 138 3 2 158 67 149 58 36 40 89 111 60 111 14 52 90 157 0 9 136 59 78 6 5 72 33 16 40 18 0 26 68 57 3 14 37 47 60 0 0 0 2 87 131 4 81 18 85 40 7 0 55 42 12 30 28 30 0 22 73 3 89 126 0 25 12 29 131 42 145 16 21 48 63 56 139 0 26 48 72 72 0 85 9 134 24 85 16 18 37 120 17 198 4 99 73 24 8 70 58 159 88 21 27 12 118 2 75 138 28 192 113 0 98 47 32 219 110 0 53 10 5 0 105 26 30 172 0 57 29 46 98 105 28 60 191 3 48 96 99 8 22 10 48 29 116 57 91 63 78 35 45 0 140 0 57 0 83 40 42 0 68 21 79 28 142 60 125 37 1 30 17 148 96 84 38 0 94 36 28 64 118 5 310 94 0 28 0 11 71 12 44 0 0 4 22 72 155 131 80 110 53 69 0 62 0 50 13 185 56 56 8 111 
45 32 45 39 24 39 0 154 214 130 100 196 162 60 132 142 59 42 61 6 165 83 109 50 207 20 164 48 31 133 81 30 126 104 49 50 19 34 72 76 159 78 72 63 91 104 60 56 112 166 154 51 25 136 92 0 21 226 20 18 18 58 53 13 15 40 5 45 99 78 70 217 140 181 87 112 63 123 8 31 171 15 98 52 63 39 141 64 222 96 86 46 112 25 66 75 108 16 81 122 68 85 45 19 101 150 35 0 78 151 0 73 138 57 47 135 118 131 204 84 61 26 24 27 69 36 39 216 25 0 51 92 32 134 46 90 40 0 10 15 85 113 43 85 3 132 47 51 59 66 164 75 119 6 151 98 37 146 155 53 24 104 30 101 55 54 4 104 0 0 84 48 28 112 18 73 69 53 115 193 198 35 66 37 62 2 126 25 37 126 40 54 65 15 70 117 105 90 76 201 108 62 17 6 58 0 105 3 18 42 161 138 8 75 144 79 138 128 82 73 129 86 121 121 99 18 72 105 139 149 119 50 164 45 6 35 0 66 173 107 36 76 106 118 89 32 85 28 92 27 253 108 23 137 96 63 
0 119 151 164 2 66 40 165 66 35 77 36 61 72 0 52 84 9 87 78 93 32 72 123 101 0 163 64 38 58 0 84 28 70 42 83 49 71 50 130 22 42 155 123 9 52 161 95 72 96 101 10 42 0 8 82 26 55 42 76 109 107 10 36 32 18 74 160 176 20 40 1 28 18 120 68 52 16 8 59 86 0 82 36 52 61 121 16 79 21 95 19 18 0 4 0 105 73 116 90 42 33 7 43 126 138 64 0 70 84 28 38 22 14 84 55 30 99 0 152 120 56 95 24 130 61 41 119 7 28 14 48 76 20 56 208 47 27 162 63 6 0 70 64 50 71 0 0 46 0 0 61 12 71 75 30 56 52 28 29 188 41 131 40 20 26 178 28 8 105 78 0 24 66 106 51 0 37 72 0 0 103 69 51 0 74 66 65 0 75 45 93 35 0 78 8 56 46 84 66 35 32 110 31 35 0 78 32 140 0 18 0 0 0 140 147 24 81 79 54 27 14 32 0 128 103 21 35 47 138 104 2 31 54 56 77 42 64 1 21 13 102 40 66 48 59 32 0 42 85 78 101 0 89 21 57 
85 68 22 103 49 16 37 174 25 128 65 53 107 22 32 85 50 0 12 0 74 0 60 0 101 30 163 115 109 51 2 20 0 25 18 0 35 0 28 50 104 24 72 16 110 50 90 56 124 28 18 14 0 18 36 0 40 101 99 72 28 79 35 52 141 18 8 54 44 94 56 24 14 53 94 113 14 24 81 78 28 92 76 18 0 48 32 28 76 0 44 141 117 41 95 92 178 25 14 32 40 188 56 34 16 36 66 0 16 94 96 63 29 0 48 18 111 107 48 100 16 56 104 16 70 0 127 34 94 119 58 12 48 54 56 40 0 46 14 61 58 137 42 48 46 58 36 4 27 0 32 12 103 26 106 115 0 6 70 62 74 73 32 88 44 20 113 51 42 0 81 61 10 18 0 4 38 9 96 71 77 158 53 115 0 80 0 66 24 32 49 48 67 12 130 19 0 18 53 226 51 66 36 121 42 6 60 21 20 24 82 22 2 4 56 16 142 0 56 83 0 10 47 0 16 16 98 99 67 93 0 109 21 54 4 80 24 2 50 8 68 44 37 101 72 30 116 64 88 14 106 54 98 0 56 68 
0 30 0 65 61 7 18 125 87 126 40 165 130 19 3 68 24 110 18 196 64 34 99 66 89 30 67 19 28 94 24 0 28 6 57 65 0 56 18 70 87 56 28 72 0 30 5 26 49 60 151 0 35 0 73 39 209 38 126 27 42 66 96 103 141 83 0 39 42 12 72 74 0 1 12 55 56 7 91 16 21 22 0 24 134 61 26 75 173 66 102 49 0 0 42 94 186 52 35 44 8 56 32 42 95 107 76 0 24 49 40 68 112 30 66 105 30 0 79 55 61 147 78 24 0 52 60 62 22 20 97 138 55 135 42 32 0 18 93 59 8 77 14 24 107 172 72 117 36 68 98 45 20 113 127 99 3 27 3 0 51 77 63 77 94 24 36 160 0 0 34 1 15 32 63 0 31 30 42 91 36 49 15 106 64 22 69 32 26 48 24 118 90 64 72 0 90 24 18 0 54 63 28 42 40 0 12 9 91 13 59 0 90 58 107 110 16 43 86 91 29 38 125 54 0 54 134 57 32 35 84 36 56 0 21 49 86 17 112 6 123 137 12 8 18 98 16 63 14 0 6 127 34 18 0 52 
60 76 17 79 0 0 30 71 96 4 113 56 168 60 51 57 72 16 75 108 68 10 32 92 16 32 20 0 5 28 4 41 47 6 34 62 69 74 31 117 84 83 0 45 109 86 149 0 54 28 14 35 25 78 33 114 48 22 45 3 30 0 99 45 102 42 38 12 24 116 155 0 72 38 71 50 44 90 47 86 198 80 63 36 1 42 101 80 58 80 81 11 30 18 0 60 66 43 8 106 0 35 22 78 0 8 19 0 55 128 0 16 36 119 25 58 76 100 26 4 84 46 84 16 32 60 198 3 0 69 59 28 0 12 54 76 46 35 12 31 27 138 0 110 33 66 96 111 0 8 14 42 28 5 49 92 8 239 60 8 10 29 9 63 7 86 20 56 0 0 56 44 11 27 12 10 36 0 75 88 59 21 7 99 86 14 57 9 49 60 29 44 16 30 153 0 59 50 18 71 118 43 18 41 58 6 104 8 51 0 109 27 132 42 135 10 44 42 2 86 0 45 25 40 18 0 88 46 36 56 7 24 40 64 0 8 91 0 117 29 4 32 8 55 70 6 142 50 22 14 83 0 40 62 108 16 
