5526 5422 5483 5819 5789 5388 5580 5158 5639 5260 5864 5565 5671 5387 5210 5565 5392 5326 5867 5431 5571 5092 5483 5096 5652 4727 5579 5434 5628 5768 5401 5830 5480 5129 5407 5549 5436 5743 5488 5576 5510 5950 5559 5250 5168 5778 5474 5685 5530 5343 5671 5605 5447 5709 5064 5307 5213 5405 5847 5648 5383 5840 5839 5784 5187 5100 5231 5790 5941 5818 5540 5376 5138 5015 5484 5693 5353 5398 5305 5978 5930 5352 5427 5724 5280 5301 5319 5341 5384 5676 5479 5491 5299 5125 5697 5380 5823 5850 5626 5725 5447 5195 5559 5346 5839 5639 5809 5231 5491 5771 5218 5122 5748 5195 5498 5453 5327 5338 5793 6003 5193 5288 5617 5331 5339 6174 5153 5295 5704 5438 5402 5759 5516 5342 5378 5598 5382 5305 5335 5720 5400 5184 4938 5624 5675 5507 5647 5407 5354 5344 5459 5632 5208 5403 5332 5791 5358 5169 5261 5309 5144 5656 5223 5378 5535 5176 5535 5537 5504 5444 5145 5620 5150 5617 5381 5380 5373 5287 6073 5719 5133 5528 5280 5395 5644 5334 5526 5363 5242 4985 5650 5809 5315 5364 4993 6127 5482 5752 5121 5825 5598 5639 5893 5400 5225 5522 5203 5640 5481 5440 5276 5927 5420 5670 5255 5699 5232 5706 5183 5697 5543 5645 5590 5107 5406 5598 5411 5467 5822 5909 5631 5429 5898 5286 5591 5526 5627 5569 5379 5781 5942 5439 5467 5701 5541 4894 5560 5351 5412 4902 5421 5330 5944 5674 5747 5884 
5703 5624 5646 5960 5768 5480 5789 5459 6099 5676 6037 5932 5802 5700 5473 5892 5696 5724 5996 5516 5515 5477 5633 5562 5995 4976 5826 5816 5608 5743 5385 5926 5565 5621 5753 5776 5800 5900 5880 5570 5513 6045 5845 5246 5627 6212 5927 5877 5608 5376 5866 5552 5689 5622 5211 5509 5912 5673 5757 5717 5469 5794 5936 6108 5438 5140 5553 5806 6173 6398 5697 5769 5390 5480 5698 5665 5341 5464 5175 5968 6300 5432 5669 5661 5636 5709 5417 5766 5579 6028 5417 5341 5563 5428 5574 5868 6062 6041 5891 5673 5304 5459 5449 5425 5805 5894 5857 5799 5827 5986 5626 5036 5665 5365 5799 5843 5684 5632 5981 5996 5324 5459 6010 5521 5750 6391 5527 5492 5844 5493 5857 6083 5896 5562 5450 5704 5517 5324 5385 5922 5776 5543 5162 5610 5767 5564 5918 5750 5657 5517 5823 5783 5203 5716 5233 6077 5375 5476 5587 5539 5818 5733 5298 5745 5620 5555 5640 5673 6031 5725 5292 6044 5550 5807 5720 5515 5623 5424 5987 5752 5326 5625 5426 5569 5746 5426 5577 5416 5525 5626 5718 5923 5500 5624 5352 6377 5732 6238 5423 6109 5520 5328 5745 5757 5604 5809 5361 5733 5846 5946 5435 5845 5936 5663 5297 6107 5953 5876 5471 5767 5774 5603 5953 5262 5598 5811 5398 5457 5923 6328 5790 5593 5961 5643 5892 5701 5897 5863 5626 5981 6194 5454 5728 5825 5952 5327 5855 5682 5677 5351 5533 5755 6028 5991 6066 6296 
5280 4750 5150 5048 5176 5086 5275 4862 5152 5183 5738 5317 5221 5221 5197 5288 5288 5063 5341 5101 4972 4866 5409 5177 5325 4720 5169 5173 5082 5259 5229 5501 5280 5165 5138 5392 5295 5770 5217 5405 5140 5517 5416 4812 5189 5333 5557 5451 5356 5090 5544 5377 5144 5050 5273 4918 5147 5367 5163 5004 5238 5130 5518 5700 4790 5102 5200 5545 5586 5549 5050 5119 4720 4988 5331 5102 4857 4945 5063 5832 5688 4913 5150 5234 5289 5461 4751 5103 5275 5180 4868 5218 5039 4870 5060 5480 5684 5515 5300 5087 4987 4866 5243 5199 5428 5203 5360 5015 5370 5474 5160 4930 5366 4762 5495 5115 4975 5171 5212 5453 4643 4782 5370 5051 5111 5653 4876 5114 5340 5266 5313 5471 5351 5221 5217 5277 5428 5017 5069 5437 5046 5161 4803 5212 5475 4958 5661 5251 4907 5159 5397 5066 4564 5219 4715 5474 4801 4861 5150 5201 5041 5292 4988 5181 5091 5104 5090 5266 5445 5343 4857 5435 4944 4940 5081 5348 4663 4866 5687 5255 4844 5412 4902 5353 5072 5053 4942 4872 5032 5079 5296 5635 5039 5481 5010 5981 5163 5396 4965 5638 5336 5069 5388 5335 5088 5151 4755 5310 5212 5235 5183 5491 5425 5114 5071 5238 5235 5445 4957 5259 5524 5248 5122 4696 5315 5269 5067 5196 5270 5649 5410 5176 5657 5224 5426 5555 5214 5481 5091 5472 5436 5040 5390 5300 5437 4856 5130 5165 5030 4739 5224 5308 5477 5446 5513 5750 
5038 4637 4886 5038 5079 4881 5160 4716 5126 4733 5338 4953 5135 4881 4826 5196 5023 4676 5166 4888 4682 4752 5055 4866 5164 4375 4752 4877 5100 4931 5202 5216 4949 4753 4545 5146 5157 5320 5210 4961 4911 5321 5156 4427 5037 5161 5201 4581 5110 4548 5174 4896 4970 4950 4710 4817 4731 4976 4915 5016 4752 5068 5054 5013 4503 4523 4901 5078 5252 5190 4597 4909 4312 4391 5070 4935 4383 4727 4668 5146 5400 4482 5170 4995 4966 5089 4828 4764 4920 5096 4852 4715 4653 4524 4782 5243 5196 4914 4852 5029 4531 4510 4712 4979 4911 5096 5297 4738 5185 5176 4502 4603 4823 4610 4918 4940 4747 4757 5058 5065 4599 4487 4979 4741 5004 5420 4512 5020 4784 4883 5253 5005 5046 4817 4840 4910 4925 4700 5051 5021 4690 5029 4512 4810 4922 4845 5300 4863 4810 4678 5104 4722 4352 4861 4419 5023 4729 4561 4578 4703 4990 4958 4701 4904 5103 4852 4885 4965 5092 4848 4607 5137 4729 4737 4931 4579 4609 4653 5356 5036 4642 4884 4739 4932 4923 4871 4824 4747 4424 4815 4863 5065 4391 5127 4706 5414 4964 5331 4551 5338 4996 4894 4988 5051 4746 4718 4504 5057 5085 4891 4705 5078 5213 4880 4774 4952 4804 4663 4722 4809 4956 4865 5044 4413 4802 4876 4676 4913 4999 5281 5098 4619 5249 4505 5126 5126 5089 5182 4805 4868 5322 5007 4714 4824 5219 4784 4738 5035 4675 4804 4852 5158 5160 5147 5233 5249 
5260 5651 5417 5707 5918 5155 5524 5247 5563 5269 5727 5576 5421 5353 5301 5458 5232 5301 5603 5409 5342 5255 5590 5218 5642 4399 5503 5516 5611 5481 5203 5638 5440 5428 5556 5595 5325 5784 5646 5601 5208 6151 5631 5025 5144 5866 5639 5866 5334 4999 5716 5808 5536 5653 5238 5027 5328 5253 5632 5563 5393 5469 5839 5651 5152 5136 5130 5865 5913 5931 5482 5561 5216 5185 5096 5512 5112 5341 5269 5806 5930 5387 5317 5531 5382 5609 5184 5515 5260 5520 5222 5041 5247 5288 5300 5810 5815 5633 5438 5435 5238 4912 5309 5521 5545 5688 5674 5505 5569 5572 5134 5116 5369 4915 5502 5209 5307 5161 5577 5697 5207 5133 5498 4999 5223 6070 5258 5522 5660 5170 5597 5676 5470 5269 5603 5453 5294 5138 5214 5439 5374 5394 5107 5391 5254 5579 5526 5556 5449 5397 5762 5411 4957 5377 5187 5736 5122 5098 5163 5136 5215 5582 5106 5191 5615 5562 5403 5133 5660 5503 4967 5702 5258 5481 5582 5210 5402 5179 5606 5340 5079 5477 5127 5521 5405 5387 5441 5276 5463 5131 5501 5605 5163 5597 5160 6124 5819 5840 5064 5922 5441 5019 5773 5234 5299 5500 5116 5265 5356 5716 5209 5560 5617 5452 5212 5436 5696 5648 5323 5485 5262 5197 5360 5007 5697 5777 5138 5263 5873 6000 5723 5212 5897 5401 5638 5680 5512 5334 5610 5575 5865 5160 5379 5676 5464 4913 5178 5451 5325 5016 5082 5194 5594 5281 5539 6028 
5391 5128 5168 5699 5257 5270 5477 4890 5127 5203 5731 5293 5436 5090 5083 5380 5179 5410 5423 5401 5062 4982 5194 5534 5927 4763 5282 5243 5571 5427 5348 5566 5295 5075 5158 5523 5402 5725 5638 5215 5306 5978 5442 5006 5471 5459 5541 5585 5171 4927 5645 5072 5552 5367 5262 5068 5073 5273 5379 5111 5116 5493 5702 5570 5000 4957 5437 5674 5771 5700 5220 5047 4766 4783 5380 5295 4884 5213 5374 5627 5900 5167 5234 5497 5234 5330 5197 5388 5350 5545 5308 5075 5102 5133 5093 5184 5543 5511 5493 5508 4884 5163 5092 5298 5575 5498 5318 5240 5276 5545 5130 5031 5395 5042 5307 5676 5341 5310 5286 5656 4800 5172 5563 5123 5302 5935 4966 5455 5572 5153 5383 5599 5319 5340 5404 5184 5590 5127 5280 5398 5025 5678 4928 5240 5300 5407 5687 5291 5156 5048 5272 5360 4767 5123 5164 5594 5119 5194 4965 5131 5320 5306 4852 5299 5637 5238 5268 5012 5574 5720 5026 5734 5387 5231 5163 5442 5346 4803 5710 5154 5325 5413 4946 5107 5263 5215 4911 4998 5195 5323 5317 5822 4973 5357 4762 6124 5297 5706 5296 5782 5415 5275 5509 5347 5020 5538 4909 5215 5027 5226 5154 5603 5608 5490 5153 5508 5517 5203 5035 5305 5301 5575 5075 4908 5476 5549 5239 5163 5707 5809 5450 5284 5705 5145 5356 5454 5322 5424 5161 5452 5531 5070 5346 5616 5451 4880 5317 5223 5207 4717 5156 5251 5804 5392 5773 5789 
4894 4890 5129 5114 5483 4901 5071 4942 5200 5127 5895 5372 5170 5149 5041 5219 5202 4956 5145 4997 5180 4905 5359 5109 5310 4766 5299 5136 5210 4994 5006 5277 5225 5054 5123 5311 5099 5474 5082 5259 4859 5533 5079 4842 5066 5616 5286 5163 5239 4941 5455 5147 5304 5145 4834 4947 4902 5206 5362 5062 5157 5254 5129 5618 4975 4868 5028 5442 5626 5513 5043 5205 4915 4721 4928 5274 4731 5070 5201 5383 5741 4657 5104 5178 5101 5142 5033 5028 5013 5639 5007 5057 5213 4906 4935 5292 5403 5565 5125 4967 4967 4900 4946 5231 5227 5436 5062 5145 5332 5391 4925 4854 4982 4808 5423 5034 5178 5174 5346 5210 4647 4475 5043 5002 5096 5542 4864 4928 5174 5089 5404 5092 5241 4986 5175 4770 5261 4744 4884 5053 4787 4966 4912 5184 5356 5021 5075 5126 5078 4837 5150 5137 4708 5063 4785 5646 5088 5070 4984 5038 4878 4967 4931 4854 5247 5047 5191 4941 5159 4968 4814 5495 4790 5312 5211 5135 4915 4992 5241 5094 4747 5353 4784 5079 5121 4867 4919 5204 5069 5186 5433 5406 4909 5383 4599 5800 5289 5198 4983 5537 5272 5088 5363 5214 5137 5135 4662 5048 4973 5304 4748 5222 5192 5180 4896 5263 5088 5010 5093 5239 5027 5211 5281 4737 5280 5304 4865 4862 5102 5603 5027 5125 5466 5087 5406 5042 5078 5447 4895 5306 5319 5028 4952 5445 5266 4486 5372 4916 5135 4725 5133 5015 5395 5137 5372 5572 
5151 5209 4950 5623 5590 5311 5475 5119 6047 5174 5505 5508 5548 5289 5489 5429 5165 5372 5516 5147 5310 5179 5291 5042 5683 4929 5686 5587 5483 5786 5103 5617 5287 5188 5297 5430 5672 5527 5480 5615 5029 5744 5627 5103 5400 5567 5637 5852 5397 5200 5439 5408 5453 5500 5123 5094 5330 5267 5427 5532 5171 5629 5610 5588 4861 5292 5131 5663 5938 5689 5109 5331 5195 5004 5511 5438 4972 5162 5207 5787 5717 5244 5305 5700 5554 5667 5006 5446 5079 5740 5388 5475 5240 5052 5284 5636 5562 5622 5236 5308 5330 4867 5278 5326 5456 5600 5634 5421 5634 5506 5147 5074 5510 4889 5626 5453 5528 5510 5669 5575 5043 4867 5313 5177 5159 5758 4999 5615 5403 5162 5436 5572 5537 5186 4976 5438 5197 5263 5131 5710 5340 5351 5080 5306 5500 5447 5761 5416 5358 5389 5351 5396 5116 5485 5017 5704 5404 4944 5244 5300 5671 5243 5201 5487 5338 5078 5399 5390 5463 5438 5122 5579 5212 5447 5639 5473 5182 4950 5664 5279 4889 5413 5332 5307 5388 5181 5323 5199 5438 5010 5781 5808 5213 5443 4877 6197 5242 5680 5210 5848 5586 4994 5453 5086 5080 5284 4890 5499 5375 5672 4955 5882 5517 5527 5412 5422 5503 5491 5061 5467 5333 5190 5583 4855 5368 5478 5064 5313 5654 5926 5254 5327 5681 5278 5735 5563 5587 5661 5442 5615 5618 5056 5315 5723 5401 4862 5605 5340 5257 5180 5078 5431 5345 5491 5803 6081 
5641 5271 5396 5765 5802 5554 5550 5263 5879 5182 5548 5664 5703 5304 5337 5802 5344 5573 5778 5254 5663 5381 5642 5143 5782 4611 5534 5518 5863 5851 5316 5837 5545 5436 5641 5669 5472 5587 5530 5455 5601 5964 5759 5274 5540 6011 5814 6038 5350 5233 5724 5520 5437 5747 5357 5073 5521 5416 5199 5580 5454 5459 5948 5457 5381 5128 5117 5917 5778 5964 5089 5634 5162 5161 5443 5268 5265 5268 5211 5984 6065 5506 5514 5545 5760 5697 5212 5572 5485 5886 5273 5094 5529 5284 5449 5718 5802 5795 5556 5574 5154 4996 5442 5545 5826 5956 5671 5074 5741 5761 5440 5158 5503 5065 5499 5579 5253 5570 5390 5861 5176 5138 5690 5207 5442 6188 5119 5727 5810 5457 5471 5663 5663 5261 5432 5769 5579 5396 5411 5410 5297 5723 5130 5395 5310 5246 5533 5411 5431 5639 5532 5382 4990 5532 5222 5822 5401 4976 5438 5528 5708 5506 5322 5397 5721 5192 5360 5267 5729 5698 5133 5860 5334 5455 5634 5546 5399 5072 5661 5353 5344 5243 5409 5489 5652 5166 5475 5117 5536 5323 5499 5679 5261 5558 5172 6172 5818 5684 5295 5990 5349 4886 5808 5582 5541 5658 4876 5521 5489 5582 5289 5851 5398 5328 5217 5639 5941 5488 5277 5394 5489 5429 5376 5175 5730 5486 5204 5386 5835 6192 5411 5505 5819 5535 5657 5616 5915 5761 5403 5494 5808 5212 5374 5609 5320 5151 5530 5444 5279 5378 5022 5428 5717 5630 5640 6114 
5050 5266 5175 5387 5326 5112 5225 4957 5330 4923 5472 5415 5068 4853 5161 5443 5010 5211 5243 5177 5191 4811 5094 5071 5457 4490 5144 5199 5464 5287 5102 5275 5127 5073 5084 5320 5270 5434 5318 5453 5261 5636 5418 4849 4947 5497 5469 5357 5351 4844 5545 5156 5406 5037 4826 4817 4867 4932 5421 5228 4930 5375 5303 5259 4877 4779 5039 5364 5692 5606 4999 4970 4666 4865 5110 5209 4808 4991 4952 5528 5458 4976 5213 5044 5246 5118 4840 5115 5096 5426 5104 5011 4938 4858 4993 5336 5345 5491 5250 4875 4801 4891 5029 5085 5149 5483 5214 5158 5408 5215 5060 4575 5137 4996 5299 5002 5254 5008 5570 5497 4640 4947 5226 4961 5046 5511 5064 5473 5440 5093 5067 5330 5017 5009 5292 5035 5021 4856 5025 5193 4995 5100 4752 5139 5232 5227 4959 5407 4933 5044 5078 5119 4652 5031 4708 5345 4926 4805 4712 4731 4984 4955 5024 5390 5317 5360 5169 4807 5436 5298 5088 5479 4897 5049 5299 5093 4995 4872 5533 5105 4708 5058 4691 5107 5179 5173 5094 5097 5051 5020 5269 5330 4797 5237 4801 5669 5248 5685 4914 5485 5291 4877 5418 5192 5052 5195 4701 5183 5224 5245 4624 5067 5296 5438 5022 5237 5132 5364 4931 5155 5169 5200 5198 4563 4903 5409 4931 5140 5454 5458 5193 5151 5710 4937 5191 5233 5326 5140 5061 5254 5406 5026 5094 5384 5290 4591 4976 5037 5067 4732 4934 5076 5492 5495 5366 5482 
5220 5467 4987 5725 5473 5428 5474 5303 5665 5228 5683 5752 5406 5344 5425 5589 5206 5304 5727 5319 5126 5346 5308 5443 5950 4997 5750 5177 5468 5740 5106 5442 5358 5187 5426 5301 5682 5489 5374 5597 5043 6038 5481 5038 5570 5758 5839 5796 5455 5036 5789 5485 5588 5553 5156 5120 5054 5230 5245 5228 5136 5529 5556 5479 5339 5434 5203 5789 5690 5871 5320 5349 5088 4958 5768 5563 4705 5161 5057 5719 6068 5162 5495 5485 5567 5539 5126 5487 5351 5142 5248 5211 5111 5529 5492 5829 5575 5717 5270 5397 5284 5068 5482 5386 5398 5424 5516 5378 5517 5713 5003 5048 5505 5190 5773 5595 5500 5243 5411 5643 4884 4757 5518 5411 5213 5990 5231 5627 5560 5142 5578 5480 5461 5355 5536 5245 5233 5223 5333 5690 5248 5632 5266 5606 5759 5419 5865 5645 5354 5293 5455 5433 4919 5733 5146 5685 5389 5219 5162 5169 5405 5240 4980 5331 5683 5243 5418 5481 5135 5469 5388 5699 5350 5580 5420 5276 5056 5068 5729 5787 5099 5450 5079 5415 5393 5235 5172 5192 5463 5316 5383 5772 4878 5663 5018 6113 5427 5738 5185 5740 5432 5375 5652 5134 4931 5638 4994 5496 5617 5498 5138 5530 5552 5489 5472 5673 5511 5516 5069 5572 5453 5188 5557 4799 5744 5480 5423 5233 5470 6195 5379 5487 5706 5093 5817 5895 5706 5637 5145 5625 5592 5085 5689 5579 5670 4986 5760 5329 5389 4925 5321 5704 5741 5870 5701 5900 
4932 4638 4797 5147 5001 5118 5115 4925 5453 4816 5201 4890 5142 4995 5018 5227 5060 5158 5406 4838 5034 4896 4782 4841 5146 4431 5079 5071 5035 5178 4831 5345 4968 5131 4736 5046 5147 5142 5033 5041 5001 5387 5552 4926 5081 5059 5207 5193 5074 4954 5135 5155 5311 5178 5065 4795 5044 4971 4910 5073 4762 5034 5350 5468 4682 4734 4955 5268 5447 5141 4974 5068 4692 4526 5398 4803 4691 4821 4952 5511 5564 4647 5131 5162 4961 5254 4688 5175 5094 5397 4877 5236 4881 4784 4790 5044 5271 5044 5099 4910 5003 4614 5089 4840 5239 4984 5265 5107 5387 5180 4698 4735 5298 4649 5118 5122 5013 4879 5336 5265 4559 4810 5060 4999 4758 5558 4844 5094 5109 5005 5095 5422 5014 4960 5185 4851 5069 4926 5086 5259 5013 4904 4562 5070 5338 5077 5298 4949 4937 4865 5065 5143 4307 4914 4578 5246 4930 5012 4663 4884 5027 5141 4537 5074 5292 5009 4988 5068 5245 5124 4754 5058 4693 4955 5097 4893 5181 4753 5194 5232 4654 5402 5173 4752 4901 4846 4774 4903 5039 4905 5027 5469 4877 4961 4591 5518 4987 5353 4663 5335 5398 5039 4954 4969 4969 5027 4630 4974 5064 5157 4812 5171 5255 5322 4899 5092 5025 4815 5019 4994 5188 4995 5311 4408 5166 5149 4981 5113 5207 5432 4999 5171 5473 4985 5255 5226 5037 5533 5067 5153 5236 4857 5018 5154 4931 4527 5328 4979 5095 4562 4776 5244 5332 5367 5493 5752 
4999 4864 5135 5099 5166 4982 5330 4854 5301 4993 5513 5403 5179 5380 5432 5342 5082 5123 5563 5172 5164 5139 5238 4774 5389 4684 5371 5096 5493 5299 5068 5278 4996 5075 5086 5357 5117 5541 5189 5587 4769 5579 5319 4967 5209 5511 5633 5576 5265 4961 5288 5109 5337 5118 4756 4960 5176 5273 5389 4970 5119 5037 5337 5670 4749 4982 5110 5522 5629 5426 5238 5178 4580 4557 4964 5102 4765 5004 4735 5746 5853 5180 5429 5209 5053 5396 5065 5336 5058 5354 5209 4977 4989 5308 4997 5444 5540 5315 5083 5349 4899 4878 5102 5042 5329 5322 5509 4897 5448 5411 4994 4898 5148 4621 5261 5375 5165 4844 5457 5546 4654 4842 5088 4757 5190 5962 5121 5148 5079 5247 5390 5516 5441 5180 5143 5114 5209 4836 5184 5513 5020 5282 4748 5135 5452 5227 5475 5148 5067 5033 5251 5464 4774 5074 4808 5610 4964 4869 4887 4977 5069 5152 4998 5127 5464 5051 5064 5045 5468 5119 4810 5349 4937 5347 5227 5277 5010 4862 5490 5334 4933 5325 4798 5310 5037 5150 5153 5261 5175 5227 5203 5333 4754 5254 5016 5842 5254 5490 5006 5886 5280 4883 5150 4970 5034 5194 4855 5121 4921 5060 5065 5167 5455 5233 4937 5407 5336 5112 4992 5126 5093 5235 5248 4456 5010 5149 4940 4918 5360 5673 5261 4944 5425 5153 5145 5027 5263 5217 5272 5298 5558 5287 5320 5071 5170 4644 5143 5138 4945 4750 4972 5250 5400 5429 5220 5688 
5316 5198 5196 5585 5530 5253 5255 5338 5650 5121 5704 5380 5441 5435 5275 5727 5134 5266 5404 5389 5221 5302 5233 5304 5692 5113 5513 5315 5695 5493 5064 5792 5314 5436 5400 5381 5346 5594 5377 5317 5194 5980 5510 5050 5575 5535 5767 5738 5684 5194 5483 5606 5342 5597 5135 5100 5285 5293 5232 5415 5319 5531 5587 5480 5078 5063 5118 5711 6091 5933 5315 5349 4995 5083 5310 5275 4765 5234 5249 5457 5775 4963 5356 5348 5540 5341 5227 5444 5527 5852 5319 5281 5489 5285 5300 5626 5601 5721 5207 5491 5155 5224 5255 5475 5865 5488 5648 5380 5558 5657 5296 5130 5417 5144 5697 5502 5395 4935 5498 5714 5097 5021 5606 5258 5490 5926 5235 5367 5500 5157 5406 5515 5370 5316 5353 5283 5307 4905 5421 5477 5242 5581 5145 5247 5610 5442 5466 5419 5420 5156 5418 5479 4756 5258 5076 5611 5222 5438 5075 5143 5360 5388 4858 5416 5488 5287 5164 5189 5407 5606 4825 5692 5243 5689 5637 5447 5182 5034 5575 5421 5187 5609 5046 5252 5328 5071 5343 5104 5286 5233 5455 5531 5322 5411 5138 6088 5361 5568 5570 5957 5388 4830 5814 5657 5399 5379 4960 5538 5530 5518 5035 5575 5419 5496 5025 5472 5589 5397 5200 5110 5435 5465 5596 4785 5535 5620 5358 4883 5648 5716 5523 5347 5824 5319 5682 5527 5556 5757 5374 5399 5303 5209 5476 5537 5548 5007 5101 5458 5191 4920 5179 5459 5656 5571 5439 5867 
5004 5097 5239 5163 5177 4909 5045 5008 5121 5004 5364 5138 5379 4753 5105 5159 5127 5181 5308 5060 5150 4944 5064 4787 5491 4538 5163 5036 5228 5337 5280 5422 5111 4990 5023 5153 5227 5128 4973 5324 4736 5526 4981 4892 5219 5429 5360 5377 5092 4765 5357 5212 5032 5256 4783 4824 5026 5141 5150 5268 5040 5287 5063 5297 4808 5094 4911 5296 5570 5611 4826 5132 4659 4592 5218 4932 4473 4966 5093 5457 5438 4584 5073 5196 5138 5018 4820 5397 5087 5338 4944 4917 5161 4962 4840 5196 5086 5352 5185 4894 4941 4739 5229 4886 5176 5348 5385 4934 5268 5466 4897 4913 5059 4716 5267 5170 4861 5056 5376 5142 4726 4396 5319 4829 4883 5715 5019 5194 5223 5031 5341 5318 5068 5114 5025 4943 5091 5146 4830 5057 4674 5338 4855 4995 5088 5336 5347 5308 4843 4799 5360 5130 4790 5329 4715 5520 5166 4685 4678 5212 4894 4901 4763 5356 5256 5109 5110 4888 5195 5169 4964 5519 4914 5190 5160 4848 5044 4733 5190 5306 4843 5102 4916 4851 5088 4800 4881 4791 5326 4974 5509 5433 4838 4912 4606 5687 5155 5546 4934 5460 5337 4864 5309 4990 4913 5087 4612 5053 5370 5090 4776 5431 5235 5187 5246 5148 5399 5261 5256 5178 5348 5000 5208 4555 4845 5067 5077 5030 5585 5546 5042 4795 5395 5077 5239 5196 5044 5401 4878 5160 5415 5020 5281 5348 5034 4774 5150 5054 4755 4646 4812 5057 5483 5160 5355 5656 
5129 5232 5376 5466 5452 5285 5340 5364 5590 5035 5667 5404 5499 5380 5242 5584 5482 5168 5859 5284 5570 5274 5371 5046 5582 4771 5229 5397 5622 5490 5237 5385 5241 5259 5323 5162 5268 5577 5190 5706 5529 5646 5622 4900 4987 5281 5367 5553 5384 5173 5536 5387 5332 5433 4970 5237 5294 5373 5375 5516 5100 5463 5604 5445 4952 5277 5362 5525 5927 5824 5499 5165 5198 5017 5273 5123 5397 5280 5071 5610 5712 5265 5584 5558 5468 5364 5262 5248 5243 5787 5157 5220 5079 5103 5093 5527 5654 5509 5816 5478 5072 5092 5391 5207 5568 5641 5324 5200 5522 5567 5137 4657 5550 5227 5258 5494 5328 5127 5379 5585 4780 4623 5510 5013 5289 5932 5189 5242 5230 5197 5266 5893 5353 5106 5172 5382 5347 5182 5366 5468 5097 5092 4689 5480 5406 5298 5274 5607 5335 5163 5380 5177 4927 5371 4861 5348 5212 4990 5131 5099 5305 5453 5249 5316 5399 5282 5268 5331 5824 5234 5079 5587 5354 5229 5256 5277 5204 5194 5881 5315 5096 5568 5101 5378 5449 5074 5110 5082 5142 4885 5725 5827 4853 5333 5026 6093 5165 5668 5193 5641 5256 5016 5775 5048 5327 5367 4706 5341 5480 5607 5107 5458 5382 5396 4975 5349 5371 5398 5074 5449 5465 5314 5371 4744 5102 5504 5055 5289 5620 5600 5526 5169 5732 5471 5384 5278 5367 5334 5417 5555 5535 5166 5330 5601 5191 5107 5211 5371 5403 4997 5221 5225 5512 5541 5673 5909 
5306 5267 5295 5151 5535 5138 5208 5066 5693 4691 5556 5469 5393 5597 5201 5531 5037 5163 5640 5118 5381 5454 5040 5000 5368 4617 5223 5135 5234 5823 4796 5542 5340 5212 5362 5190 5407 5618 5157 5519 5096 5430 5339 5071 5171 5282 5552 5691 5441 4971 5337 5304 5549 5471 4865 5084 5156 5100 5490 5447 5165 5138 5505 5673 4776 5171 4983 5713 5864 5648 5334 5478 4882 5089 5140 5076 4931 5062 4943 5778 5878 5061 5523 5447 5203 5451 4809 5254 5046 5540 5213 5098 5040 5241 5280 5603 5470 5234 4918 5137 5049 4985 5426 5219 5479 5443 5371 5419 5565 5475 5013 4812 5302 4864 5255 5295 5190 5130 5342 5561 4755 4851 5399 5106 5250 5697 5195 5300 5282 5066 5348 5510 5221 5156 5249 5357 5045 4901 5304 5623 5045 5009 4907 5242 5531 5188 5374 5377 5068 5522 5298 5340 4694 5644 4918 5504 5076 5228 5109 5271 5195 5291 4906 5123 5289 5047 5477 5010 5325 5350 5028 5393 5028 5091 5574 5130 5062 4870 5550 5688 4859 5088 5185 5328 5186 5132 4964 5145 5378 5137 5548 5569 4902 5411 4818 6021 5549 5540 5263 5621 5358 4892 5522 5129 5247 5207 4808 5424 5244 5565 5106 5433 5226 5442 5103 5288 5223 5221 5165 5689 5289 5177 5504 4708 4958 5553 5101 5135 5445 5486 5301 5336 5690 5252 5482 5293 5316 5563 5274 5395 5536 5198 5114 5537 5382 4867 5047 5108 5240 4795 5086 5296 5461 5391 5640 5721 
5122 5049 5033 5153 5356 5026 5198 4935 5451 4969 5452 5229 5279 5349 5182 5259 5237 4960 5408 5086 5213 5230 5083 5219 5437 4479 5156 5302 5405 5402 5087 5202 5075 4966 5142 5024 5356 5609 5288 5737 4916 5777 5340 4778 5143 5279 5435 5468 4855 4956 5282 5253 5197 5227 4874 5006 4977 5033 5315 5135 5138 5334 5449 5395 4659 4976 5023 5222 5695 5549 5261 5140 4760 4805 5088 4926 4754 4779 5174 5284 5697 4987 5253 5546 5292 5369 4986 5335 4840 5250 5082 5029 4816 4992 5084 5384 5386 5334 5102 5010 4742 4773 5070 5288 5199 5448 5095 5006 5277 5110 4902 4766 5086 4709 5188 5123 5215 5211 5575 5231 4655 4713 5345 4747 5196 5550 4838 5041 5060 5092 5298 5381 5117 5068 5160 5358 4741 4766 4978 5517 5027 5032 4740 4947 5246 5039 5210 5313 5027 5099 5315 5245 4708 5204 4711 5501 4783 4859 5164 5018 5265 5256 4937 5030 5350 5202 5126 4804 5338 5063 4523 5512 5019 4803 5161 4996 4828 4773 5497 5293 4733 5023 4832 5394 5211 4982 4925 5138 5215 4838 5123 5445 4892 5244 4682 6065 5216 5503 4825 5562 5230 4982 5577 5002 4955 5279 4826 5318 5029 5236 4986 5105 5018 5041 4760 5389 5362 5105 4839 5063 4997 5134 5389 4797 5069 5259 4636 4644 5405 5310 4938 5068 5340 5051 5285 5360 5514 5320 4892 5242 5580 4858 5074 5263 5280 4636 4916 5086 4937 4957 4806 5128 5157 5181 5541 5732 
4965 4866 4878 5316 5416 5054 5136 4942 5461 4973 5521 5022 5487 5095 5147 5364 5011 5073 5558 4912 5041 4854 5107 4843 5175 4500 5079 5097 5264 5370 5236 5226 5197 4884 5039 5132 5275 5375 5230 5067 5180 5593 5460 4761 4965 5087 5329 5411 5071 4908 5312 5254 5173 5206 4958 4879 4914 5102 5315 5253 4765 5453 5375 5238 4803 5026 5263 5204 5437 5449 5079 5079 5000 4829 5223 4918 4642 4964 4972 5554 5560 5128 5270 5422 5148 5334 5129 5012 5306 5509 5068 4974 5041 4856 5045 5270 5297 5412 5261 5219 4841 5043 5064 5100 5534 5260 5231 5082 5206 5367 4877 4692 5149 4893 5213 5298 5230 5041 5447 5554 4554 4829 5220 4862 5139 5726 4875 5034 5165 5062 5198 5282 5269 5079 5129 5177 5053 4878 4966 5273 4996 4931 4532 4871 5398 5272 5206 5064 5282 5169 5262 4961 4647 4976 5024 5213 4876 4864 4934 4846 5074 5017 5084 5112 5236 4942 5050 5002 5305 5112 4870 5460 4982 5072 5220 4887 4913 4769 5408 5191 4987 5096 4797 5147 5299 5105 4994 5026 4833 5196 5253 5505 4808 5286 4745 5972 5202 5330 4747 5386 5086 4941 5229 5086 5119 5235 4717 5342 5257 5106 4986 5384 5590 5125 4798 5236 5128 5273 4855 5056 5140 4990 5278 4765 5113 5164 5154 4953 5310 5607 5159 5101 5562 4855 5498 5270 5335 5308 5018 5286 5373 4974 5035 5359 5317 4814 5106 4897 5030 4759 5013 5089 5240 5364 5528 5954 
5067 5148 5102 5393 5620 5268 5292 4939 5496 5071 5605 5470 5545 5231 5221 5580 5309 5342 5664 4951 5265 5052 5226 5028 5533 4901 5413 5174 5126 5406 5201 5573 5134 5097 5064 5278 5246 5100 5222 5276 5569 5664 5425 4818 5005 5382 5411 5330 5400 5265 5497 5209 5168 5252 5050 5022 5183 4899 5367 5474 5274 5556 5384 5469 5067 4894 5081 5628 5648 5485 5216 5152 4890 4811 5114 5142 5100 5052 5030 5577 5866 5003 5437 5361 5182 5387 5004 5240 5430 5619 5081 5176 5025 5037 5029 5691 5479 5403 5195 5030 4976 4658 5109 5220 5330 5357 5641 5240 5582 5264 5115 5182 5064 5178 5386 5367 5266 5042 5318 5734 4954 4957 5444 4942 5065 5635 5058 5157 5503 5230 5202 5535 5264 5383 5421 5332 5206 5092 5209 5406 5255 5321 4737 5139 5485 5403 5352 5434 5232 5191 5226 5095 4796 5409 5014 5204 5223 4966 4972 5154 5280 5685 4860 5110 5141 5116 5134 5295 5514 5269 5014 5478 4799 5390 5294 5196 5094 5137 5528 5636 5136 5426 5207 5114 5016 5103 5102 4992 5059 4920 5427 5438 5020 5363 4774 5952 5221 5539 5029 5548 5468 5091 5389 4950 4952 5263 4948 5239 5108 5256 4951 5733 5490 5382 5272 5398 5121 5134 5150 5280 5169 5109 5406 4668 5297 5269 5418 5245 5740 5974 5204 5328 5700 5300 5450 5589 5238 5628 4988 5445 5446 4948 5118 5600 5201 4843 5494 5188 5086 4961 4925 5041 5394 5549 5436 5928 
5572 5178 5072 5451 5424 5218 5557 5219 5571 5455 5693 5590 5510 5247 5332 5436 5273 5315 5417 5329 5186 4964 5362 5171 5590 4691 5349 5410 5298 5690 5295 5789 5422 5418 5337 5571 5466 5519 5322 5528 5292 5634 5592 5013 5345 5445 5595 5525 5336 5093 5554 5230 5308 5280 5040 4993 5330 5292 5410 5303 5226 5254 5612 5430 4884 5164 5117 5491 5753 5963 5253 5492 4773 4902 5288 5101 5067 5231 5111 5535 5892 5253 5550 5394 5329 5482 4988 5312 5524 5431 4999 5254 4962 5189 5072 5621 5554 5551 5356 5113 5215 5284 5446 5358 5361 5351 5650 5364 5456 5704 5182 4733 5395 4893 5374 5328 5339 5451 5465 5638 4877 4834 5185 5126 5369 5729 5244 5307 5473 5232 5407 5389 5553 5194 5620 5459 5280 5328 5282 5315 5059 5431 4821 5136 5639 5426 5618 5403 5260 4967 5460 5384 4742 5683 4991 5624 5152 4979 5238 5110 5317 5625 5037 5359 5329 5511 5294 5215 5349 5094 4977 5499 5167 5384 5398 5286 5188 4826 5610 5503 4924 5545 5326 5255 5362 5300 5081 5030 5222 5388 5466 5757 5031 5411 5106 6053 5525 5875 5119 5619 5550 5065 5322 5458 5057 5522 4873 5364 5251 5262 5197 5530 5512 5369 5350 5483 5349 5270 5244 5215 5467 5339 5467 4538 5327 5296 5053 5367 5675 5957 5410 5310 5963 5247 5650 5534 5288 5748 5206 5592 5656 5243 5180 5597 5461 5060 5383 5570 5053 5031 4774 5449 5499 5664 5557 5924 
5278 4951 5121 5402 5264 5207 5065 4853 5375 5075 5688 5252 5334 5267 5136 5700 5180 5051 5586 4943 5167 5185 5355 5201 5583 4594 5197 4989 5400 5371 5237 5268 5323 5263 5339 5209 5279 5472 5317 5585 5149 5586 5535 5061 5340 5733 5411 5642 5523 5098 5316 5329 5314 5392 5119 4986 4985 5114 5253 5136 5190 5260 5574 5765 5016 4918 4930 5622 5871 5577 5482 5316 4768 5125 5235 5272 5150 4803 4974 5606 5962 4770 5291 5496 5299 5166 5266 5267 5291 5687 5088 5246 5173 4931 5311 5456 5712 5486 5146 5437 4801 4793 5028 5284 5549 5163 5318 5231 5401 5488 4859 4909 5434 4980 5396 5359 5219 5010 5536 5395 4836 5057 5585 5241 5192 5851 5044 5219 5301 4985 5391 5488 5414 5400 5242 5321 5383 5141 5361 5500 5314 5198 4944 5066 5558 5413 5536 5382 5191 4959 5304 5322 4921 5243 4801 5550 5047 5220 5064 5326 5371 5171 5029 4995 5294 5095 5220 5081 5303 5390 4983 5425 5146 5504 5416 5502 5178 4934 5444 5410 5158 5506 5028 5254 5453 5196 5208 5261 5438 5227 5375 5698 4992 5387 4738 6162 5078 5590 5374 5755 5397 4825 5496 5215 4854 5197 5140 5207 5220 5302 5087 5597 5634 5610 5109 5202 5357 5139 4972 5498 5455 5221 5506 4609 5306 5437 5188 4977 5573 5779 5044 5098 5496 5257 5272 4909 5304 5532 5308 5181 5493 5086 5248 5315 5368 4645 5308 5036 4981 4885 5203 5348 5578 5441 5424 5579 
5086 4803 4750 5590 5096 4882 5094 4936 5319 5028 5497 5374 5235 5289 5206 5127 5280 5321 5481 5284 5037 4918 5279 4881 5484 4540 5256 5276 5281 5129 4921 5237 5113 5364 5115 5185 5318 5178 5302 5149 5052 5574 5182 4826 4839 5378 5347 5575 5265 4824 5300 5221 5046 5063 5087 4846 5111 5063 5212 5096 5087 4908 5380 5341 4788 4944 5230 5463 5832 5267 5033 5360 4932 4811 5156 5064 4636 5143 4737 5480 5819 4804 5244 5255 5085 5257 4840 5130 4915 5423 4801 5114 4947 4884 5124 5320 5206 5370 4877 5051 5016 4576 5174 5184 5106 5187 5286 5049 5448 5393 5146 4872 5224 4845 5342 5237 5156 4819 5249 5551 4745 4642 5258 4809 5169 5822 5075 5190 5207 4949 4873 5325 5544 4936 5026 5022 5232 4911 5085 5383 5167 5279 4833 5039 5222 5192 5345 5223 5246 5151 5349 5109 4758 5115 4653 5320 5178 4765 4929 4784 5180 5340 4887 5117 5500 4980 5144 5150 5238 5123 4875 5372 4862 5308 5100 4894 5082 4900 5278 5222 4899 5455 5056 5051 5178 5019 4880 4777 5158 4824 5210 5602 4796 5113 4863 5861 5191 5537 5060 5606 5173 4937 5277 5317 4910 5047 4706 5051 5338 5357 5082 5402 5326 5275 5098 5213 5241 5446 4723 5066 5433 4925 5462 4483 5252 5269 4932 5251 5346 5824 5154 5097 5392 4845 5214 5399 5117 5489 4900 5365 5354 4840 5313 5310 5379 4565 5112 4938 4910 4806 5026 5255 5399 5301 5148 5588 
5351 5184 5201 5655 5393 5341 5312 5205 5711 5338 5634 5420 5697 5321 5276 5576 5343 5361 5480 5180 5352 5197 5191 4975 5825 4700 5278 5288 5377 5512 5308 5504 5092 5425 5473 5208 5396 5666 5566 5573 5487 5729 5612 5112 5409 5576 5698 5602 5368 4905 5391 5222 5234 5321 5404 5105 5237 5091 5607 5727 5447 5501 5417 5529 5021 5238 5208 5505 5909 5612 5047 5564 5155 4910 5285 5493 5213 5014 5381 5830 6024 5180 5401 5398 5300 5530 4970 5389 5446 5696 5289 5291 4928 5123 5337 5590 5620 5381 5557 5303 5167 5198 5243 5212 5608 5587 5629 5472 5675 5412 5073 4987 5384 5026 5523 5419 5378 4853 5761 5620 4832 5044 5434 5181 5271 5980 4950 5174 5473 5311 5406 5659 5407 5192 5212 5128 5423 4964 5366 5896 5140 5123 4919 5253 5520 5518 5202 5350 5261 5299 5395 5072 4693 5283 4857 5462 5239 4931 5080 5370 5333 5342 4982 5124 5331 5342 5282 4984 5332 5527 4883 5632 5044 5348 5505 5308 5279 5154 5800 5368 5053 5411 5314 5115 5275 5163 4895 5135 5210 5112 5380 5670 5060 5426 5028 6225 5336 5810 5126 5772 5297 5039 5279 5131 5075 5275 5109 5390 5252 5566 5113 5838 5790 5668 4940 5435 5621 5369 5448 5226 5313 5397 5464 4868 5206 5422 5147 5271 5678 5806 5640 5124 5845 5097 5387 5475 5351 5459 5326 5539 5747 5216 5154 5358 5458 5102 5381 5110 5034 4984 5265 5406 5701 5397 5512 5988 
4949 4999 4898 5264 5129 5151 5200 4985 5320 4982 5631 5291 5263 4936 5036 5247 5061 5373 5414 5084 5038 4964 4957 4954 5232 4568 5097 5112 5225 5265 4835 5379 5059 4907 5303 5384 4953 5108 5179 5149 5206 5693 5339 4890 5238 5399 5192 5442 5277 5049 5278 5180 5263 5072 4882 4844 4905 5236 5222 5193 5095 5126 5630 5222 4909 5087 5131 5320 5635 5598 5050 5315 4788 4899 5110 5184 4844 4835 4895 5494 5641 4917 5145 5182 5042 5318 4872 5142 5043 5488 4842 4971 4955 4813 5118 5366 5177 5573 4966 4987 4866 5045 5326 4947 5546 5262 5318 5117 5566 5410 4895 4796 5453 4655 5244 5197 4985 4890 5482 5498 4855 4820 5145 5007 5162 5772 4800 5074 5331 5078 4991 5309 5149 5201 5060 5104 5197 4684 5236 5067 5086 4903 4710 5089 5285 5033 4897 5088 5130 5203 4971 4844 4623 5216 4627 5662 4921 4748 4837 4776 5020 5385 4797 5104 5291 5157 4989 4854 5345 5147 4778 5325 4868 5307 5243 4994 5055 4917 5371 5009 5019 5195 4952 5057 5309 5071 5032 4893 5276 4858 5225 5455 4615 5129 4701 5813 5202 5280 4879 5439 5285 4578 5445 5178 5054 5290 4865 5125 5093 5208 4913 5537 5356 5492 4510 5180 5382 5326 5019 5039 5044 5008 5113 4878 5336 5191 5057 5179 5498 5721 5099 5079 5735 5147 5323 5266 5374 5294 5056 5230 5422 5150 5102 5277 5153 4912 5157 4908 4790 4702 4962 5085 5564 5339 5235 5864 
5159 4933 5018 5576 5055 4981 5342 4894 5433 4969 5530 5515 5202 5389 4972 5197 4970 5126 5392 5141 5049 4860 5099 4871 5404 4637 5046 5150 5106 5370 5141 5478 5061 5203 5164 5229 5130 5297 5093 5492 4968 5668 5277 4621 4958 5095 5176 5501 5377 4845 5218 5139 5263 5556 4749 4872 4978 5022 5028 5348 5074 5239 5436 5222 4917 4663 5003 5358 5640 5541 5309 4898 4963 5009 5267 5053 5063 5006 4949 5340 5587 5194 5345 5242 5227 5287 5002 5310 5256 5657 5057 5163 4824 4796 5096 5556 5088 5468 5237 5269 5283 4924 4927 5191 5432 5475 5603 5120 5174 5284 5029 4748 5271 4886 5255 5362 5249 4985 5337 5737 4834 4805 5187 5070 5283 5711 5021 5180 5178 4927 5202 5224 5215 5329 5226 5231 4994 5299 4960 5268 4977 5240 4842 5376 5201 5341 5370 5198 5203 5116 5375 4980 4942 5168 4848 5453 5008 5064 5095 5029 4966 5245 5133 5149 4963 5051 5058 4994 5382 5236 4826 5268 4727 5200 5280 5149 5003 4667 5599 5067 5322 5305 4937 4843 5303 4985 5079 4975 5155 5017 5149 5272 5034 5432 4995 5952 5292 5387 5187 5746 5342 4766 5417 5425 4686 5288 4745 4934 5359 5143 5291 5433 5546 5129 4930 5628 5517 5272 4974 5272 5195 4949 5249 4512 5129 5237 4921 5068 5526 5523 5361 5164 5479 5194 5485 5369 5209 5328 5265 5290 5402 5136 5209 5594 5348 4856 5153 5165 5030 4690 4956 5253 5279 5232 5270 5670 
5701 5537 5186 5700 5715 5232 5557 5368 5693 5310 5884 5507 5600 5414 5152 5770 5303 5410 5637 5483 5453 5169 5352 5347 5608 4926 5381 5242 5707 5670 5478 5750 5395 5341 5516 5443 5512 5617 5375 5503 5402 5782 5636 5038 5382 5563 5776 5654 5572 5319 5475 5459 5417 5518 5134 5184 5298 5382 5499 5665 5409 5423 5899 5629 5150 5142 5363 5608 6069 5798 5395 5445 4805 5033 5194 5219 5104 5249 5291 5719 5969 5254 5789 5450 5430 5688 5099 5259 5763 5826 5384 5333 5150 5140 5293 5799 5774 5992 5401 5235 5220 5133 5523 5390 5782 5560 5445 5620 5588 5371 5173 5100 5508 5106 5491 5301 5488 5251 5581 5837 4967 5225 5491 5138 5322 6012 5038 5383 5609 5233 5348 5887 5585 5286 5398 5430 5257 5387 5320 5498 5187 5490 5147 5340 5734 5283 5690 5468 5462 5129 5438 5384 5100 5581 5179 5597 5092 5046 5046 5263 5342 5565 5154 5408 5606 5122 5531 5271 5434 5544 5152 5721 5362 5459 5714 5593 5331 5157 5806 5541 5448 5632 5221 5213 5394 5508 5255 5380 5382 5213 5478 5626 5287 5597 4958 5985 5351 5669 5249 5797 5629 5288 5580 5542 5176 5605 5001 5471 5605 5421 5457 5799 5498 5527 5114 5465 5590 5713 5317 5063 5528 5363 5473 4796 5527 5685 5350 5263 5679 5768 5296 5690 5990 5522 5621 5440 5500 5828 5450 5673 5574 5186 5619 5605 5655 4974 5400 5333 5300 4933 5242 5426 5598 5514 5903 5681 
4882 5064 5198 5266 5326 5124 5331 5030 5492 5091 5554 5463 5467 5186 5221 5332 4992 5234 5469 5164 4962 4971 5194 4890 5379 4406 5320 5255 5139 5391 4995 5322 5182 5131 5218 5390 5320 5250 4986 5413 5111 5512 5237 5024 5105 5409 5249 5297 5144 4555 5195 5194 5482 5437 5159 4890 5260 5013 5055 5299 5041 5552 5370 5390 5153 4836 4969 5559 5568 5444 4995 5110 5035 4741 5197 5004 4753 4984 4878 5417 5635 4903 5172 5351 5262 5367 4774 5356 5161 5375 5036 5237 4830 5100 5040 5462 5292 5459 5296 5268 5129 4734 5067 5096 5280 5178 5368 4952 5589 5540 4801 4782 5198 4846 5178 5251 5131 4968 5306 5486 4799 4955 5190 4899 4989 5724 4930 5221 5404 5236 5503 5323 5039 4777 5096 5033 5033 5092 5052 5329 4973 5059 4805 4968 5157 5081 5248 5147 5085 5152 5115 5132 4717 5167 4827 5411 5036 4825 5144 5022 5193 5468 4923 5124 5136 4666 5244 5073 5358 5055 4834 5263 5024 5253 5355 5154 4785 4835 5635 5415 4709 5215 5150 5049 5068 5116 5087 4916 5091 4940 5453 5560 4734 5107 4775 5832 5222 5554 4764 5455 5282 4961 5399 5186 4697 5219 4732 5422 5359 5288 4837 5363 5403 5021 5046 5478 5518 5171 4988 5168 5088 5168 5219 4530 5063 5349 4785 5213 5424 5588 5387 5067 5490 4989 5481 5368 5501 5395 5147 5302 5334 4831 5226 5327 5205 4780 5211 5269 5070 4849 4725 5030 5204 5468 5585 5791 
4823 4659 4868 5440 5008 4892 4931 4909 5144 4871 5294 5139 5045 4825 5166 5171 4949 4820 5061 4947 5063 4974 5102 4930 5237 4779 4805 5010 5106 5331 5273 5266 5028 4910 5212 5251 5031 5331 5045 5191 5006 5346 5179 4608 4935 5153 5213 5181 5057 4715 4956 5007 5152 4924 4812 4685 4714 5086 4967 5189 5031 5098 5248 5247 4861 4767 4977 5358 5457 5302 4772 5047 4631 4550 5094 4960 4617 5059 4793 5539 5613 4911 5104 5213 4991 5173 4653 4799 5186 5202 4998 4866 4980 4517 5019 5316 5193 5310 5058 4912 4963 4832 4995 4820 5178 5226 5188 5041 5209 5070 4592 4557 5098 4812 5037 4918 4875 4779 5210 5392 4411 4672 5060 4832 5134 5612 4789 5058 5130 4926 5112 5197 5015 4824 4876 5123 4917 4929 4865 5048 4785 5084 4629 4910 5239 4974 5203 5308 4948 4948 5252 4748 4537 5254 4811 5421 4930 4627 4813 4817 5018 5087 4789 4786 5024 4902 4923 5072 5139 4902 4743 5315 4806 5064 5206 5087 4798 4693 5428 4752 5001 4964 4842 5172 5085 4860 4903 4818 4958 4956 5130 5183 4780 5250 4764 5771 5096 5394 4915 5537 4960 4644 5190 5000 5015 5270 4525 5238 4993 5145 5004 5219 5319 4969 4827 5271 5217 5128 4715 5116 4980 4915 5247 4257 5005 5157 5107 4964 5363 5629 5163 4796 5403 4845 5040 5138 5070 5111 5069 4963 5254 5044 4963 5246 5064 4909 5004 4785 4902 4721 4934 4813 5240 5357 5280 5559 
4908 4663 5016 5135 4955 4761 4938 5063 5237 4943 5264 5287 4999 5252 5318 5304 5024 4965 5130 4897 5159 5105 4992 4882 5196 4590 4905 5065 4966 5139 4900 5296 5006 5170 5085 5190 4993 5657 4991 5449 4841 5483 5180 5099 5248 5197 5326 5295 5135 4977 5169 4875 5156 5258 4745 4834 5185 5018 5221 5134 4918 5141 5383 5466 4676 4807 4866 5329 5559 5679 4997 5030 4828 4707 5074 4933 4908 4947 4745 5212 5433 5005 5180 5229 5185 5074 4931 5082 5324 5318 5265 5167 5034 5082 4689 5380 5458 5272 5108 5145 4993 5119 4769 4972 5209 5124 5110 5151 5162 5318 4749 4570 5126 4854 5274 5249 4944 4833 5411 5091 4671 4753 4995 4762 5178 5446 5147 5083 4839 4848 5291 5504 5284 5164 4871 5177 5158 4630 5278 5350 4934 5050 4530 4826 5209 5123 5187 5079 5064 4831 5143 5116 4632 5115 4536 5433 4699 4817 4832 5105 4823 5094 4765 5153 5504 4943 5171 5064 5223 4869 4649 4986 5057 5165 5193 5044 4998 4739 5222 4995 4748 5430 4958 5018 5353 4920 5124 4807 4969 4966 4875 5423 4805 5184 4875 5712 5046 5247 4909 5488 5138 4772 5118 4977 4856 5210 4904 5073 5061 5244 5040 5037 5441 5284 4695 5350 5442 5061 4817 4971 5151 5096 5248 4379 4846 5358 4920 4918 5272 5755 5124 5055 5388 5090 5261 5050 5412 5342 5133 4999 5135 5070 5196 5292 5141 4980 5045 5138 4991 4661 5023 5122 5284 5207 5341 5653 
4967 4896 4496 5287 5047 5120 5234 4767 5303 4820 5131 5316 5145 5161 4917 5298 4950 5282 5322 5040 4896 5047 5142 4842 5373 4292 5388 5011 5246 5227 5139 4973 4921 4854 5110 5233 5194 5137 5194 5313 4955 5598 5319 4670 4902 5314 5345 5277 5032 4835 5354 4939 5204 5254 4880 4810 5209 4949 4908 4913 4898 4887 5280 5067 4689 4877 4794 5152 5366 5326 4908 5088 4828 4737 5205 5160 4727 4920 5038 5272 5405 4792 5178 4979 5075 5297 4813 5425 4882 5135 4817 5049 4774 4900 4954 5401 5152 5139 5270 5027 4761 4580 4930 4858 5268 5203 5151 4954 5205 5108 4613 4633 5253 4401 5038 5215 5224 4860 5259 5441 4653 4758 5133 4650 4675 5710 4977 5156 5142 4846 5165 5296 5224 4847 5011 4997 5072 4940 4956 5119 4725 5265 4408 5013 5204 4934 5456 5093 5061 4803 5003 5028 4612 4982 4707 5344 4877 4787 4720 4848 4995 5098 4640 4890 5273 4906 5123 4892 5467 4873 4643 5305 4674 4967 5202 4795 4853 4913 5658 5153 4969 5274 4676 5017 4837 4863 4968 4993 4899 4906 5027 5383 4710 5154 4804 5556 5254 5303 4675 5461 4992 4793 5215 5258 4777 5149 4513 5063 5185 5170 5101 5116 5249 5151 4825 5341 5414 5194 4984 5136 5022 5208 5298 4453 4746 5111 4485 5022 5459 5157 5434 5074 5297 4790 5022 5137 5277 5173 5054 5332 5285 4868 5065 5216 4967 4623 5066 5157 5028 4465 4886 5182 5121 4928 5275 5457 
5310 5080 5162 5432 5584 4980 5337 4704 5146 4745 5383 5426 5344 5114 5002 5456 5191 5312 5812 5065 5176 5023 4902 4870 5534 4598 5287 5024 5465 5360 5128 5328 5149 4940 5073 5292 5419 5496 5467 5316 5405 5728 5434 4901 5249 5610 5318 5470 5355 5076 5480 5297 5405 5134 4968 5113 5296 5110 5385 5229 4934 5258 5333 5192 4967 4930 4962 5223 5764 5599 5168 5323 4853 4944 5336 5292 4660 5046 5015 5505 5676 5084 5404 5346 5330 5425 4815 5268 5079 5334 4885 5211 4859 5038 5312 5457 5399 5357 5216 5219 4823 4936 5117 5135 5605 5575 5274 5102 5590 5325 4882 4708 5465 4798 5382 5558 5123 5193 5462 5346 4765 5032 5232 5063 5064 6023 5014 5384 5077 5008 5254 5211 5393 5087 5271 5134 5273 5194 5174 5477 5097 4905 4923 5139 5338 5093 5406 5374 5097 4981 5279 5184 4926 5186 4518 5602 4949 4755 4853 4966 5268 5265 5038 5319 5209 4975 5397 5113 5521 5289 5176 5298 4972 5077 5209 5224 5235 4983 5830 5344 4902 5220 4995 5085 5139 5076 5333 5245 4958 4942 5318 5382 4970 5329 4781 5856 5028 5288 5036 5645 5388 5098 5336 5042 4728 5084 5103 5105 5317 5162 5060 5630 5150 5104 4933 5382 5177 5363 4884 5239 5420 5143 5164 4807 4846 5181 5129 5138 5271 5440 5084 5054 5324 5063 5300 5241 5366 5455 5190 5422 5507 4929 5327 5479 5229 4763 4926 5100 5022 4554 5100 5231 5575 5428 5605 5521 
5068 5213 4966 5334 5430 4976 5288 4748 5361 4755 5351 5081 5223 5151 4832 5235 4829 5327 5484 5108 5015 4741 4972 4948 5517 4406 5201 4904 5237 5341 4955 5304 5267 4963 4791 5249 5140 5388 5177 5071 4839 5851 5423 4649 5395 5310 5314 5348 4927 4688 5349 5165 5011 5155 4783 5109 5105 5052 5098 5144 4644 5184 5500 5307 4651 4825 5117 5251 5428 5726 5238 5044 4782 4689 5320 5314 4546 4982 5073 5401 5510 5092 5064 5164 4921 5113 4924 5299 5028 5398 4803 4913 5018 5003 5139 5302 5284 5094 5148 5079 4897 4939 5063 4999 5445 5441 5083 4976 5478 5322 5045 4758 5345 4427 5095 5324 4851 5152 5096 5387 4830 4665 5038 4809 5083 5495 4878 4941 5167 4743 4960 5546 5395 5027 5115 5180 5038 4773 4844 5128 4952 5169 4644 5251 5084 5158 5169 5066 4929 5143 5333 5052 4662 4951 4657 5451 4901 4864 4704 4841 5147 5132 4862 5007 5201 4877 5054 5126 5322 5055 4890 5290 4886 4974 5307 5047 5078 4729 5431 5112 4933 5078 4612 5053 4999 4915 5099 4930 4875 4881 5263 5267 4650 5053 4636 5622 5000 5142 4717 5410 5174 4804 5350 4856 4795 5085 4646 4956 5075 5114 5138 5324 5122 4931 4839 5292 5277 4988 4880 5131 5105 4876 5017 4783 5234 5341 5052 4877 5214 5569 5133 5100 5333 4796 5251 5288 5232 5377 5193 5173 5468 4992 5096 5422 5099 4517 5075 4846 5166 4717 5013 5040 5520 5130 5593 5565 
5472 5085 5431 5798 5485 5441 5739 5375 5815 5583 5622 5632 5624 5440 5446 5583 5268 5684 5751 5503 5340 5219 5474 5272 5735 4913 5574 5430 5534 5723 5171 5645 5350 5609 5525 5592 5542 5524 5664 5623 5178 5986 5654 5111 5519 5665 6055 6028 5452 5194 5873 5365 5539 5402 5335 5164 5410 5121 5453 5530 5232 5469 5788 5385 5122 5397 5190 5870 5774 5899 5416 5464 5096 4853 5545 5497 5038 5323 5241 5561 5951 5390 5537 5646 5382 5722 5278 5545 5283 5441 5358 5323 5143 5449 5468 5683 5543 5734 5528 5451 5323 5245 5268 5460 5675 5466 5436 5481 5807 5691 5350 5210 5506 5007 5670 5837 5465 5215 5495 5798 5090 5230 5552 5373 5355 5753 4854 5319 5645 5508 5466 5672 5711 5251 5465 5111 5279 5029 5566 5712 5440 5653 5082 5343 5724 5471 5456 5398 5381 5290 5444 5647 4878 5326 5151 5702 5215 5165 4942 5349 5664 5381 4928 5451 5639 5407 5514 5269 5701 5387 5164 5903 5442 5426 5595 5441 5271 5089 5927 5670 5117 5465 5145 5363 5340 5300 5463 5262 5398 5364 5468 5599 5278 5839 5135 6245 5443 5580 5467 5796 5525 5268 5485 5545 5323 5416 5273 5586 5289 5714 5302 5771 5611 5518 5215 5567 5617 5671 5220 5331 5461 5562 5676 4694 5487 5667 5015 5306 5764 5892 5765 5659 5627 5201 5534 5392 5446 5627 5634 5579 5614 4951 5640 5547 5579 4770 5501 5384 5308 5038 5157 5410 5949 5645 5428 5788 
5686 5308 5219 5703 5457 5117 5460 5408 5650 5278 5736 5633 5589 5298 5428 5675 5391 5435 5723 5314 5293 5208 5371 5056 5789 4884 5321 5275 5474 5857 5303 5918 5438 5369 5391 5470 5450 5660 5308 5656 5202 5968 5692 5285 5605 5732 5803 5713 5426 5172 5771 5552 5510 5317 5231 5301 5158 5315 5659 5288 5023 5790 5845 5537 5103 5080 5389 5736 5856 5833 5313 5512 4952 5075 5401 5444 5113 5176 5263 5802 6025 5258 5553 5509 5618 5396 5213 5470 5463 5739 5141 5508 5311 5344 5306 5634 5685 5416 5270 5485 5140 5628 5467 5522 5749 5699 5439 5504 5755 5689 5060 4714 5466 5022 5623 5558 5444 5333 5514 5603 4827 5186 5385 5247 5515 6335 5093 5450 5595 5364 5559 5609 5602 5544 5562 5148 5608 5105 5381 5654 5182 5376 5276 5404 5478 5352 5703 5522 5460 5025 5615 5387 5010 5313 4787 5671 5327 5205 5267 5479 5433 5287 5054 5601 5614 5372 5575 5295 5652 5456 5331 5616 5261 5487 5519 5230 5311 5040 5957 5493 4955 5434 5178 5357 5407 5210 5202 5154 5510 5306 5435 5773 5100 5421 5046 6139 5520 5787 5213 5923 5620 5065 5710 5420 5296 5305 5102 5205 5485 5520 5214 5653 5436 5263 5228 5350 5386 5424 5308 5493 5612 5393 5582 5005 5427 5565 5327 5233 5820 5782 5468 5533 5934 5369 5680 5568 5704 5822 5559 5609 5694 5496 5526 5672 5631 5154 5303 5268 5329 5050 5196 5284 5883 5809 5853 5815 
4964 4889 4854 5310 5083 4831 5145 4980 5141 5108 5158 5325 4926 4957 5084 5057 5043 4939 4991 5107 5135 4845 5131 4971 5253 4482 5038 5088 5071 5481 5126 5360 4956 5087 5364 5207 4970 5175 5103 5231 5147 5540 5262 4692 5039 5311 5323 5319 5252 4922 5220 4972 5293 5259 4766 4825 5077 5070 5260 4965 4965 4989 5280 5225 4557 4867 4964 5456 5476 5331 4709 5003 4790 4728 5123 5114 4781 5076 4852 5437 5485 4987 5214 5062 4905 5268 4476 5005 5323 5389 4998 4894 4892 5157 4732 5355 5287 5158 5248 5144 4733 4623 4976 4924 5215 5427 5294 5401 5447 5343 4660 4722 5147 4652 5364 5160 4966 4791 5309 5461 4696 4647 5438 4868 4912 5598 4736 5172 5234 4840 5030 5406 5336 4773 5136 5129 4948 4709 5172 5293 4946 5246 4651 5258 5275 5019 5227 5092 4932 4938 5109 4724 4692 5248 4543 5221 5037 4828 4882 4802 4792 5189 5062 5021 5107 4968 4958 4683 5134 5136 4831 5656 4688 4928 5068 5055 4804 5042 5373 4930 4805 5058 4693 5050 4991 4906 4766 4998 4846 4987 5211 5177 4855 4857 4705 5852 5233 5463 4968 5730 5086 4712 5182 5082 4824 5100 4585 4983 5260 4957 4775 5321 5197 5143 4702 5313 5073 4905 5185 4856 5056 4877 5027 4430 5043 5144 4820 4850 5302 5611 5083 4940 5590 4937 5399 5217 5012 5037 5103 5139 5274 4956 5123 5233 4864 4513 5029 5033 4942 4679 4860 5001 5236 5337 5200 5596 
5096 5114 4954 5292 5162 5357 5277 4896 5349 4998 5494 5338 5265 5169 5168 5411 5060 5243 5708 5353 5233 5053 5203 5086 5434 4626 5392 5214 5208 5391 4857 5494 5258 5157 5307 5348 5365 5245 5547 5416 5072 5748 5624 4932 5313 5447 5495 5669 5451 5129 5652 5110 5299 5301 5133 4830 5189 5118 5160 5334 4964 5554 5362 5253 4888 5093 5061 5531 6074 5416 5271 5311 5046 4653 5443 4932 4955 5282 5002 5459 5904 5025 5501 5248 5268 5263 4806 5510 5093 5672 5182 5140 4884 4990 5253 5568 5559 5496 5440 5333 5038 4720 5229 5192 5450 5234 5502 5191 5457 5472 5040 5132 5192 4790 5294 5068 5402 5231 5309 5664 4659 4800 5247 5348 5097 5794 5115 5400 5329 5080 5434 5318 5318 5103 5205 5368 5328 5068 5127 5231 5041 5287 4796 5199 5133 5096 5453 5479 5099 5231 5291 5292 4767 5307 5098 5608 5140 5089 5180 5070 5424 5327 5002 5064 5480 5138 5073 5296 5505 5353 4914 5514 4921 5222 5116 5204 5101 5163 5480 5608 5079 5422 5070 5232 5099 5123 5031 4979 5083 5251 5402 5761 5099 5158 5016 6273 5291 5624 5193 5784 5286 5073 5511 5176 4830 5386 4678 5099 5467 5256 5093 5331 5455 5130 5272 5591 5390 5189 4930 5292 5425 5323 5376 4761 5158 5076 4887 5229 5563 5636 5376 5226 5441 5278 5508 5517 5371 5707 5067 5314 5557 5141 5397 5592 5200 4720 5348 5173 5150 4744 4995 5401 5627 5459 5519 5781 
5267 5071 4980 5300 5202 5096 5342 4991 5342 4940 5673 5285 5429 5145 5000 5189 5480 5356 5565 5121 5146 4818 5041 4884 5419 4721 5183 5005 5515 5360 5073 5387 5122 5117 5032 5411 5261 5425 5554 5381 5310 5705 5529 4888 5099 5595 5690 5493 5200 5011 5477 5383 5149 5244 5131 5030 5205 5157 5374 5240 5243 5488 5350 5390 5042 4955 5351 5455 5900 5303 5126 5019 4938 5013 5356 5380 4896 5055 5006 5629 5810 5084 5336 5425 5098 5192 5182 4968 5047 5609 5146 5018 4974 5002 5067 5448 5441 5350 5120 5315 5041 4875 5167 5157 5010 5502 5326 5317 5309 5193 5228 4839 5010 4862 5288 5325 5052 4780 5570 5224 4860 4703 5429 4830 5367 5661 4730 5302 5133 5168 5238 5464 5450 5094 5264 5134 5117 4890 5070 5518 5054 5027 4802 5179 5378 5145 5149 5228 5294 5245 5469 4888 4771 5123 4627 5364 4982 5081 4827 4919 5154 5258 5043 4935 5351 5158 5339 4837 5089 5207 5026 5677 5181 5184 5083 5319 5044 5118 5409 5348 5053 5281 5052 5126 5237 5002 4922 5295 4930 5299 5662 5669 4722 5311 5122 5972 5046 5585 5261 5783 5300 5022 5350 5183 4901 5027 4705 5283 5284 5333 5019 5348 5391 5361 4843 5316 5267 5158 5032 5006 5172 5533 5221 4612 4789 5508 5127 5188 5599 5825 5188 5054 5570 5194 5456 5409 5155 5349 5046 5399 5418 4993 5245 5309 5301 4873 5234 5228 4928 4789 5108 5176 5450 5414 5548 5855 
5522 5275 5187 5648 5643 5634 5560 5192 5842 5398 5855 5658 6048 5218 5515 5810 5292 5361 5905 5306 5578 5268 5419 5192 5908 4844 5461 5316 5694 5624 5418 5632 5291 5477 5729 5731 5579 5550 5696 5774 5405 5886 5886 5048 5521 5876 5963 5734 5552 5317 5498 5622 5365 5577 5203 5370 5324 5444 5434 5908 5295 5698 5873 5668 5221 5193 5270 5582 6125 5886 5429 5447 5033 4915 5626 5492 5194 5084 5078 5846 5858 5245 5503 5610 5582 5648 5058 5816 5435 5818 5405 5434 5327 5110 5226 5791 5583 5860 5565 5637 5146 5121 5343 5314 5709 5741 5684 5357 5905 5832 5306 5373 5622 5008 5754 5558 5460 5293 5744 5682 5085 5070 5638 5216 5416 6344 5404 5535 5703 5546 5415 5756 5575 5249 5410 5342 5483 5251 5379 5536 5697 5390 5012 5624 5470 5433 5659 5436 5440 5474 5408 5323 4863 5671 5236 5887 5219 5156 5294 5360 5564 5525 5124 5389 5257 5534 5447 5263 5692 5469 4973 5876 5185 5389 5838 5472 5331 5270 5947 5522 5465 5534 5345 5620 5323 5538 5543 5464 5323 5298 5563 5647 5108 5905 5231 6177 5407 5576 5290 5882 5475 5137 5681 5609 5274 5581 5150 5649 5443 5598 5072 5753 5534 5515 5145 5660 5749 5648 5394 5491 5533 5433 5498 5182 5675 5493 5487 5418 5828 6054 5757 5604 5794 5550 5668 5631 5764 5650 5552 5596 5634 5135 5390 5658 5662 5146 5545 5393 5216 5066 5132 5620 5821 5775 5778 6177 
5093 5604 5171 5612 5571 5293 5515 5248 5684 5078 5633 5720 5482 5374 5534 5644 5159 5518 5794 5121 5343 5438 5442 4968 5603 4907 5588 5283 5556 5559 5060 5566 5173 5204 5438 5443 5587 5505 5366 5547 5173 5827 5609 4958 5439 5796 5573 6038 5691 5139 5479 5303 5501 5512 5033 5201 5416 5099 5353 5432 5271 5455 5814 5356 5298 5225 5318 5709 5797 5813 5179 5260 4924 5046 5308 5273 5184 5268 5197 5856 5957 5415 5262 5534 5207 5513 5140 5430 5362 5641 5297 5274 5147 5207 5396 5577 5646 5565 5414 5526 5360 4810 5427 5074 5649 5847 5527 5238 5834 5861 5110 4982 5538 5082 5506 5468 5344 5227 5574 5811 4959 4975 5597 5109 5346 6092 5117 5390 5378 5257 5261 5706 5627 5083 5311 5459 5368 5178 5154 5469 5332 5392 5168 5380 5593 5401 5524 5175 5390 5400 5363 5125 4827 5492 5006 5550 5328 5032 5478 5122 5578 5496 5200 5416 5440 5054 5483 5340 5511 5344 5065 5669 5024 5522 5205 5454 5028 5019 5726 5552 4975 5513 4986 5519 5322 5429 5124 5323 5237 5250 5761 5636 5195 5436 4934 5901 5052 5621 5290 5970 5346 5031 5733 5329 4949 5580 5022 5410 5430 5571 5212 5616 5501 5427 5075 5892 5477 5473 5124 5294 5347 5324 5517 4699 5296 5636 5227 5239 5678 6092 5460 5411 5893 5146 5708 5642 5533 5715 5376 5482 5561 5529 5669 5576 5671 5163 5516 5250 5309 5020 5080 5439 5533 5795 5461 5867 
5127 4582 5071 5311 5113 5226 5137 4915 5480 5022 5235 5085 5431 5074 5094 5281 5159 5262 5502 5169 5146 4892 5171 4918 5504 4681 5326 4988 5538 5439 5076 5108 5143 4978 5150 5215 5135 5536 5200 5224 5128 5547 5267 4953 5214 5440 5353 5485 5146 5152 5193 5198 5419 5172 5079 4808 5333 5260 5267 5429 5068 5084 5466 5573 4633 4939 5125 5464 5808 5316 5227 5297 4614 4870 5180 5035 4763 4948 4987 5423 5651 4981 5016 5221 5015 5245 5014 5180 5260 5329 5081 4886 5088 5015 5182 5235 5666 5407 5309 5258 5013 5006 5249 4754 5173 5217 5305 4957 5230 5617 5184 4820 5377 4806 5300 5173 5070 5210 5638 5653 4709 4702 5508 4802 5219 5933 4871 5278 5360 5051 5197 5413 5236 4870 4994 5327 5031 4917 5090 5109 4993 5108 4696 4964 5240 5127 5289 5097 4943 5138 5316 5216 4622 5074 4801 5526 4946 4683 4983 4961 5161 5389 4849 5176 5307 4796 5321 5146 5471 4964 4850 5496 4951 5243 5096 5110 5004 5156 5472 5194 4883 5243 4919 5256 5148 5139 4988 5134 5280 5110 5140 5784 4845 4983 4835 6013 5195 5374 4976 5647 5312 5046 5306 5106 4964 5387 4803 5229 4893 5415 5195 5477 5406 5340 5084 5412 5428 5378 4830 5286 5264 4990 5211 4684 4902 5223 4927 4930 5411 5609 5293 5036 5548 5168 5130 5172 5320 5370 5073 5426 5401 4886 5398 5108 5073 4738 5298 4914 5011 4739 5013 5205 5384 5450 5701 5989 
5366 5556 5176 5404 5419 5173 5321 5296 5592 5174 5764 5410 5332 5303 5151 5501 5159 5227 5646 5286 5303 5006 5307 4893 5398 4595 5173 5288 5407 5642 5047 5569 5321 5406 5360 5398 5278 5358 5390 5167 5271 5374 5566 5198 4933 5204 5582 5454 5309 4981 5316 5616 5362 5269 5084 4969 5202 5125 5404 5574 5339 5473 5511 5637 4864 5179 5136 5684 5899 5446 5128 5324 4786 4993 5225 5348 5152 4737 5201 5858 5906 5086 5401 5333 5178 5526 5091 5408 5256 5690 5123 5342 5006 4867 5288 5767 5408 5632 5320 5392 5104 4819 5184 5241 5364 5409 5300 5310 5504 5446 4703 4932 5567 4753 5372 5259 5460 4918 5454 5419 4838 5033 5263 5040 5182 5983 5205 5215 5539 5025 5449 5591 5346 5114 5311 4944 5278 5000 5102 5539 5291 5055 4826 5456 5570 5231 5603 5320 5247 5152 5220 5447 4702 5241 4862 5452 5023 4861 5073 5089 5257 5354 5102 5234 5358 4950 5162 5318 5271 5367 5003 5468 4924 5326 5433 5248 5073 5193 5623 5454 5018 5620 5330 5103 5280 5283 5047 5257 5158 4878 5723 5613 5041 5193 4990 5732 5435 5553 5058 5673 5261 5134 5355 5036 4997 5228 4798 5298 5339 5287 5039 5451 5630 5391 5028 5144 5335 5316 5249 5356 5320 5403 5380 4771 5294 5657 5229 5309 5341 5497 5424 5370 5649 5152 5427 5355 5314 5562 5420 5504 5632 5327 5427 5364 5510 4960 5329 5465 4979 4855 5108 5337 5248 5461 5678 5627 
4946 4815 4824 4951 4989 4888 4869 4856 5246 4530 5194 5108 4767 5158 5066 4903 4939 4877 5407 4928 4929 4736 5033 5085 5002 4334 4883 4921 5052 5152 4860 4873 4687 4820 4961 4637 4937 5063 5069 4980 4758 5566 5352 4686 4734 4986 5119 5286 5050 4615 5103 4988 4806 5348 4618 4687 4700 4738 4986 4877 4640 4860 5156 4965 4547 4828 4604 5137 5407 5248 4839 4939 4606 4407 4959 4889 4627 4778 4650 5146 5601 4909 4969 5166 4865 4837 4863 4813 4852 5154 4770 4899 4645 4642 4777 5106 5172 5083 4914 4713 4633 4471 4926 5130 4966 5305 4834 4782 5112 5102 4694 4474 5142 4584 4826 5094 4684 4608 5082 4972 4374 4391 5181 4881 4717 5550 4802 5039 4823 4806 4871 5311 5136 4883 4831 5049 4706 4788 4837 5023 4762 4778 4480 5010 5118 4938 4974 4792 4879 4802 5067 4818 4664 5061 4618 5082 4962 4798 4631 4798 4628 5016 4764 4778 5140 4915 4625 4910 4970 5067 4751 4928 4528 4802 4754 4752 4749 4574 5292 4984 4822 5044 4815 4733 4751 4749 4887 4630 5042 4953 5018 5126 4584 4664 4319 5605 4989 5310 4651 5257 5007 4887 5232 4534 4896 4991 4600 5008 4753 4929 4782 5051 5004 4952 4619 5057 4783 4916 4784 4759 4878 4942 5227 4426 4927 5052 4650 4905 5240 5354 4944 4834 5162 5008 5155 5061 5075 5156 4828 4869 5205 4852 4904 5300 4806 4255 4915 5117 4881 4488 4640 4947 5128 5105 5205 5366 
5226 5103 4939 5406 5579 5318 5581 5149 5493 4981 5259 5324 5620 5284 5362 5353 5129 5369 5584 5126 5130 5184 5073 4856 5504 4771 5531 5170 5538 5539 4766 5374 5239 4968 5463 5420 5363 5493 5532 5587 5128 5685 5593 5032 5492 5533 5500 5650 5357 5229 5463 5360 5581 5370 4926 5033 5248 5296 5329 5398 5085 5398 5368 5201 4968 4981 4979 5660 5826 5705 5133 5452 5128 5010 5260 5347 5006 5036 5106 5551 5802 5123 5426 5267 5443 5517 4986 5413 5195 5405 5368 5280 5039 5166 5045 5702 5401 5715 5289 5147 5306 5006 5373 5196 5376 5681 5617 5117 5308 5588 5171 5003 5338 4767 5327 5341 5292 5084 5496 5655 4874 4595 5221 4905 5216 6027 4998 5457 5225 5211 5423 5378 5432 5078 5231 5183 5362 5245 5099 5267 4890 5489 4751 5412 5362 5095 5457 5438 5424 5407 5349 5271 4936 5195 4923 5662 5139 4982 4957 5255 5337 5225 5155 5330 5370 5241 5400 5299 5399 5226 5044 5499 5246 5386 5317 5051 5033 4828 5734 5329 5028 5602 5018 5288 5378 5281 5214 5046 5254 5326 5307 5853 4883 5416 4973 5844 5257 5599 5065 5757 5494 4953 5292 5235 5062 5392 4728 5347 5239 5311 5038 5485 5477 5316 5303 5251 5344 5459 5057 5393 5209 5145 5186 4738 5066 5207 5006 5378 5435 5762 5361 5358 5654 5320 5613 5693 5356 5572 5097 5222 5307 5089 5350 5466 5406 4995 5160 5416 5271 4899 5077 5258 5449 5613 5451 5760 
5263 5233 5121 5348 5396 5097 5458 5023 5544 5124 5716 5209 5441 5171 4986 5197 5480 4915 5750 5098 5074 5186 5028 4907 5413 4670 5089 5194 5272 5359 5067 5288 5232 4985 5318 5204 5400 5352 5136 5310 5176 5842 5223 4667 5187 5170 5377 5460 5310 5070 5379 5114 5348 5515 4913 4596 5057 5134 5012 5147 5151 5404 5550 4954 4965 4997 4952 5593 5567 5434 5126 5074 4943 4623 5134 5122 4785 5217 5049 5286 5977 5126 5338 5329 5429 5144 4904 5193 5299 5313 5153 5102 5103 4993 5132 5495 5304 5565 5207 5129 4933 4692 4925 5163 5388 5429 5282 5149 5232 5367 4946 4988 5412 4964 5246 5242 5084 5290 5272 5457 4655 4891 5235 5146 4937 5666 5087 5079 5278 5073 5624 5459 5358 5237 5396 4909 5069 5092 5149 5345 4906 5366 4635 5299 5269 4856 5374 5131 5293 5269 5278 4929 4793 4973 4947 5544 5038 5000 4740 5086 4974 5292 4920 5081 5473 5048 5111 4852 5448 5269 4878 5318 4874 4831 5323 4844 5037 4864 5574 5418 4867 5197 4920 5186 4980 4963 4954 4912 4974 5196 5351 5313 4792 5299 4913 5980 5398 5238 4813 5310 5219 5183 5370 5163 4867 5359 5029 5237 5123 5298 5187 5404 5309 5056 4944 5595 5033 5054 5077 5250 5271 5175 5370 4613 5270 5426 5045 5211 5486 5525 5221 5249 5396 5117 5407 5391 5560 5465 4792 5383 5528 4927 5215 5334 5134 4849 5070 5256 5093 4529 5268 5180 5420 5274 5246 5477 
5116 4958 5049 5421 5194 4936 5242 4967 5234 4914 5323 5249 5192 5367 5000 5443 5029 5243 5354 4850 5271 4949 5339 4851 5489 4652 5385 5256 5240 5278 4976 5257 4904 5259 5302 5005 5444 5161 5315 5230 5078 5711 5234 4709 4996 5516 5421 5504 5225 5198 5175 5218 5252 5453 4921 4910 5133 5111 5577 5108 5149 4911 5487 5223 4738 5011 4997 5546 5497 5392 5143 5084 4683 4893 5265 5285 5098 5000 5033 5609 5716 5074 5366 5103 5156 5456 4907 5188 5037 5391 4949 4945 4965 5004 5273 5195 5582 5247 5092 5357 4879 4686 5170 4991 5330 5455 5324 4982 5665 5415 4929 4891 5333 4667 5315 5218 5142 4957 5189 5415 4660 4776 5079 4817 5162 5871 4951 5174 5148 4859 5254 5069 5642 4938 5086 5052 5272 4984 4943 5192 5089 5041 4666 5138 5114 4997 5246 5109 5175 4932 5362 5074 4722 5281 4897 5538 5182 4537 4985 4849 5239 5109 4938 4913 5343 5042 5223 5039 5356 4973 4733 5525 4788 4990 5273 5180 4723 5022 5353 5211 5113 5270 5020 4961 5288 5051 4957 4965 5178 5016 5297 5387 5156 5261 5013 5765 5193 5405 4830 5806 5296 4962 5542 5367 4950 5161 4656 5095 5168 5362 4987 5187 5290 5215 4715 5529 5227 5121 5084 5220 4968 5193 5299 4616 5140 5228 4804 4862 5493 5735 5390 5223 5567 5151 5459 5035 5253 5380 5164 5217 5356 5214 4969 5399 5162 4697 5268 4880 5227 4969 5165 5349 5327 5280 5466 5538 
5263 5247 5157 5633 5482 5186 5327 4950 5339 5216 5706 5378 5668 5170 5304 5551 5207 5061 5519 4934 4999 5001 5288 5092 5491 4824 5215 5420 5333 5290 5094 5393 5342 5233 5327 5237 5197 5369 5430 5303 5263 5811 5344 5030 5361 5468 5538 5472 5320 5113 5630 5410 5396 5325 4988 5101 5127 5182 5365 5382 5072 5468 5568 5269 5132 5173 5119 5535 5883 5738 5431 5285 5191 5008 5211 5424 4703 5127 5240 5503 5655 4949 5458 5468 5351 5470 5143 5520 5316 5644 5180 5035 5160 5089 5145 5574 5477 5566 5210 5385 5117 4995 5326 5247 5428 5333 5356 5278 5571 5460 4749 4963 5342 4814 5430 5245 5215 5133 5328 5250 4937 4985 5385 5186 5083 5801 4973 5261 5435 5032 5591 5626 5348 5273 5191 5284 5203 5158 4972 5200 4895 5324 4963 5179 5528 5249 5204 5485 5310 5157 5334 5049 4848 5345 4984 5666 5155 5084 4806 5177 5307 4956 5029 5394 5291 5219 5126 5302 5293 5550 5014 5672 5044 5251 5616 5336 5001 5113 5594 5351 5058 5446 4931 5055 5489 4989 5280 5161 5333 5347 5462 5445 5063 5230 4702 5935 5248 5612 5133 5585 5252 5244 5138 5085 4934 5325 5221 5083 5448 5290 5307 5524 5497 5433 4992 5335 5508 5244 4944 5464 5289 5305 5351 4643 5066 5450 5218 5268 5401 5580 5055 5173 5601 5106 5599 5477 5271 5295 5462 5132 5467 5186 5213 5368 5152 4785 5169 5257 5242 4827 5055 5406 5502 5535 5649 5619 
5161 5188 4960 5526 5362 5233 5364 4799 5506 5070 5566 5268 5434 5275 5466 5511 5143 5088 5426 4966 5158 5130 5111 5241 5434 4672 5367 5199 5428 5351 5075 5269 5183 4922 5192 5160 5213 5266 5300 5322 5045 5545 5397 5003 5165 5240 5666 5632 5259 5191 5519 5029 5569 5352 5160 4727 5149 5152 5349 5350 5350 5040 5418 5466 4876 4897 5143 5635 5818 5586 5187 5094 4940 4764 5155 5210 4965 4937 5091 5503 5723 5085 5428 5343 5229 5139 4956 5224 5053 5300 5298 5101 5229 5130 4975 5523 5434 5536 5509 5367 5122 5027 5323 5051 5337 5371 5386 4959 5263 5647 4858 4807 5130 5014 5317 5259 5335 4992 5673 5511 4682 4762 5504 4808 5072 5698 5073 5252 5212 5122 5159 5364 5161 5246 5216 5434 5360 5023 5373 5224 5095 5322 4748 5152 5322 5262 5352 5402 5152 5262 5302 4926 4705 5322 4997 5460 5057 4870 4937 5028 4946 5399 5087 5218 5640 5000 5309 5189 5486 5265 4769 5404 5081 5295 5314 5219 5082 4869 5476 5172 5071 5356 4893 5248 5311 5032 5241 5143 5028 5153 4981 5702 4963 5356 4950 6015 5307 5613 5063 5445 5417 4802 5129 4976 4945 5485 4905 5156 5225 5203 5135 5252 5317 5355 5024 5455 5375 5046 4894 5190 5042 5060 5169 4706 5388 5257 5192 5110 5583 5617 5301 5087 5453 5233 5222 5367 5227 5101 5178 5464 5372 4952 5338 5457 5428 4746 5040 5078 5392 4797 4997 5557 5385 5145 5426 5793 
5151 5243 5022 5169 5291 5240 5247 5010 5574 5078 5504 5061 5354 5081 5204 5141 5120 5069 5438 5091 5178 4989 4915 5130 5348 4643 5253 5242 5100 5658 4958 5505 5139 5047 5296 5157 4899 5516 5143 5233 5260 5504 5401 4874 4946 5195 5383 5657 5156 4961 5321 5188 5150 5038 4958 4898 5134 5048 5387 5196 4927 5380 5644 5275 4901 5050 4996 5355 5665 5761 5013 5047 4734 4883 5136 4932 4918 4782 4938 5451 5485 5168 5103 5324 5089 5214 4890 5070 5048 5298 4986 4883 4851 5226 5058 5339 5366 5519 5415 5140 4987 5084 5025 4952 5470 5336 5372 5050 5498 5316 4684 4865 5215 4839 5060 5103 5075 4837 5435 5420 4780 4819 5326 5105 5086 6059 4828 4986 5151 5053 5209 5462 5194 5161 5089 5332 5045 5028 4955 5510 5146 4868 4693 5030 5453 5146 5136 4883 5292 5038 5337 5123 4904 5292 4696 5414 4940 4737 4973 5050 5111 5186 4852 5233 5292 5227 5351 4952 5124 5298 4587 5405 4924 5252 5131 5121 5138 4793 5747 5318 4907 5042 4976 4884 5052 5114 4930 5167 5268 5205 5496 5447 4940 4986 4679 5759 4931 5628 4892 5536 5343 4866 5408 5022 5009 5188 4893 5292 4996 5303 4919 5370 5332 5159 4963 5360 5170 5119 5182 5233 5015 5317 5234 4771 4947 5324 4812 5031 5572 5626 5299 5266 6023 5126 5421 5163 5099 5377 5152 5046 5309 5079 5188 5366 5133 4922 5086 5109 5111 4450 4800 5144 5240 5154 5253 5780 
5252 5005 5245 5668 5453 5309 5496 4962 5727 5382 5585 5544 5641 5354 5252 5659 5465 5270 5432 5239 5267 5110 5268 5071 5789 4882 5318 5218 5385 5448 5466 5672 5035 5144 5254 5644 5333 5528 5595 5570 5295 5782 5511 4828 5348 5546 5624 5413 5376 5277 5610 5116 5408 5229 4946 5102 5431 5424 5299 5367 5086 5592 5759 5445 5156 4883 4962 5517 5848 5746 5242 5276 5138 4770 5729 5313 4939 5188 5109 5567 5663 5343 5552 5473 5368 5559 4953 5207 5433 5698 5340 5322 4969 5048 5176 5890 5616 5484 5490 5410 4867 5151 5007 5346 5511 5350 5568 5309 5463 5439 5181 4853 5184 4962 5361 5660 5173 5524 5353 5833 5161 4994 5205 5311 5296 5848 5240 5380 5529 5250 5478 5421 5394 5109 5101 5400 5252 5093 5383 5770 5095 5336 5000 5422 5681 5527 5401 5433 5324 5182 5605 5272 5049 5455 5056 5657 5210 5206 5259 5363 5394 5321 4947 5321 5446 5166 5175 5244 5596 5446 5025 5375 5118 5365 5391 5553 5388 5099 5650 5510 4977 5308 5102 5289 5361 5069 5489 4967 5162 5208 5412 5672 5059 5364 5261 6175 5243 5376 5395 5706 5432 5073 5348 5569 5103 5284 4959 5471 5338 5343 5256 5546 5646 5369 5221 5503 5266 5371 5161 5520 5536 5303 5434 4608 5400 5251 5258 5166 5496 5778 5538 5161 5411 5112 5604 5289 5555 5632 5146 5521 5493 5349 5365 5679 5683 5066 5349 5138 5299 5121 5215 5554 6015 5784 5613 5873 
5184 4943 4949 5339 5108 5046 4942 4879 5517 5145 5336 4912 5451 5047 5020 5326 5307 5098 5211 5003 5085 4925 5081 4980 5307 4701 5043 5141 5051 5072 5191 5589 5006 4909 4824 5131 5304 5233 5179 5201 5077 5384 5200 4725 5242 5154 5433 5453 5036 5230 5334 5071 5117 5062 4927 4861 4844 4917 5280 5189 5018 5277 5232 5081 4630 5117 4957 5218 5521 5573 4974 5000 4702 4544 5237 5137 4937 4911 5083 5330 5726 5049 5109 5134 5523 5210 4797 4972 5185 5319 5134 5084 4996 5037 5030 5341 5329 5354 5272 5057 4761 4851 5150 4947 5348 5251 5155 5096 5248 5243 4937 4851 5134 4635 5365 5127 4912 5168 5411 5449 4723 4771 5132 5053 5095 5594 4870 5162 5126 4973 5166 5330 5316 5120 5075 5102 4858 4786 5130 5218 5131 5134 4772 5068 5223 5062 5161 5196 4940 4905 5287 5019 4837 5277 4622 5529 4713 4958 4724 4953 4917 5188 4813 5020 5277 5124 5117 4837 5204 5261 4546 5452 5069 5048 5026 4907 4853 4810 5310 5125 4865 5134 4897 4819 5203 4950 4999 5058 4904 5050 5194 5344 5009 4939 4548 5758 4967 5392 4997 5309 5225 4993 5524 5090 5117 5040 4557 5226 5304 5025 4963 5284 5467 5273 4713 5038 5249 4884 4833 5117 5197 5066 5146 4423 5107 5136 4773 4898 5334 5431 4908 5072 5492 4882 5398 5240 5235 5375 4925 5456 5225 4907 5159 5325 5198 4659 4874 5025 4922 4785 5000 5242 5460 5087 5378 5753 
4941 5178 5259 5165 5666 5185 5306 5081 5468 4974 5614 5098 5644 5293 5209 5389 5154 5440 5880 5048 5148 4969 5275 5077 5489 4604 5257 5052 5513 5345 4959 5480 5287 5337 5311 5287 5352 5347 5372 5620 5186 5795 5505 5017 5394 5349 5818 5214 5273 5240 5702 5269 5740 5561 5164 5166 5250 5288 5371 5354 4939 5401 5550 5317 5052 5008 5019 5540 5735 5701 5274 5418 5022 4897 5316 5248 4941 4999 4830 5531 5839 4921 5426 5504 5289 5165 4937 5380 5201 5441 5236 5060 5037 5303 5081 5152 5388 5336 5188 5325 5043 5013 5190 5228 5320 5632 5369 5189 5472 5446 4857 4990 5413 4778 5376 5442 5258 5131 5276 5423 4850 4777 5516 5031 5305 6036 5199 5270 5258 4940 5308 5661 5409 4982 5109 5190 5194 4857 4985 5401 5102 5265 4879 5233 5524 5231 5385 5234 5129 5252 5443 5363 4663 5191 5014 5387 5138 4996 4979 5151 5378 5309 4856 5265 5295 5106 5378 5251 5360 5179 4965 5189 5260 5223 5316 5063 5147 5125 5610 5351 5037 5425 5037 5346 5179 5102 5117 5124 5193 5179 5372 5597 4840 5191 5021 5972 5219 5589 5308 5564 5152 5076 5406 5169 5127 5293 5148 5508 5271 5442 5004 5440 5632 5301 5024 5307 5266 5277 4931 5409 5342 5102 5185 4972 5039 5288 5052 5105 5342 5856 5168 5169 5564 5260 5587 5500 5305 5590 5195 5463 5418 4945 5420 5559 5306 4646 5181 5290 5232 5021 5044 5182 5470 5512 5676 5660 
4988 5109 5158 5328 5376 5248 5323 5008 5206 5007 5533 5237 5659 5324 4980 5428 5150 5248 5609 5184 5218 4976 5154 5071 5299 4565 5264 5143 5310 5513 5222 5371 5344 5019 5228 5018 5376 5429 5326 5402 5165 5570 5378 5054 5177 5489 5673 5331 5475 5117 5392 5328 5504 5457 5102 5064 4952 5191 5389 5436 5072 5174 5477 5425 5000 5236 5172 5399 5641 5821 5083 5217 5162 4777 5101 5217 4936 5026 5236 5566 5634 5224 5342 5427 5317 5726 5186 5362 5308 5665 5052 5120 5115 5034 5116 5302 5664 5483 5277 5348 5109 4859 5193 5110 5307 5530 5339 5419 5373 5673 4899 4881 5424 4870 5375 5335 5098 4825 5651 5176 4741 4947 5735 5095 5053 5751 5064 5217 5320 5168 5173 5533 5285 5002 5364 5164 5034 5031 4827 5306 4812 5058 4753 5041 5609 5148 5422 5127 5185 5139 5300 5121 4766 5116 4857 5514 5001 5064 5268 5121 5081 5289 4867 5192 5125 4937 5445 4965 5283 5331 4863 5280 5126 5339 5028 5202 4981 4802 5670 5139 4911 5329 4970 5130 5314 5114 4942 5241 5214 5181 5220 5428 5045 5146 4792 5984 5264 5722 5035 5537 5501 5135 5350 5200 4917 5150 4868 5103 5226 5382 5021 5455 5454 5304 4832 5409 5323 5328 5011 5113 5047 4983 5286 4829 5176 5453 4971 5093 5392 5608 5019 5054 5830 5195 5644 5318 5196 5545 5275 5246 5480 5101 5098 5400 5392 4818 5190 5236 5110 4526 5076 5256 5247 5444 5492 5669 
5253 4859 5064 5353 5390 4914 5091 4779 5457 5242 5416 5171 5437 5235 5158 5214 5078 5062 5317 4917 5126 4883 5074 4963 5315 4611 5228 5193 5248 5395 5037 5384 5133 5011 5209 5284 4949 5324 5417 5339 4885 5707 5242 4756 5092 5294 5367 5179 5304 5116 5232 5384 5270 5113 5141 4984 5127 5155 5349 5170 5214 5337 5418 5263 4789 4812 4977 5424 5885 5442 5004 5264 4763 4813 5244 5414 4875 5062 5119 5274 5804 5179 5094 5251 5195 5264 4835 5382 5280 5310 5308 4796 5186 4997 5290 5367 5408 5386 5055 5087 4892 4977 4819 4866 5255 5376 5614 5170 5443 5420 5010 4870 5340 4903 5385 5239 5182 5261 5446 5299 4656 4859 5309 4965 5039 5773 4847 5395 5364 4880 5215 5241 5448 5121 5158 5274 5059 4941 5051 5290 5108 5326 4868 4916 5376 5310 5315 5251 4955 5153 5266 5019 4864 5197 4779 5172 5343 4907 4964 5135 5166 5499 4944 5153 5402 5050 4944 5175 5105 5398 4736 5468 5097 5242 5073 5186 5141 5001 5286 4969 4871 5390 4785 5032 5035 5232 5201 4921 5106 5284 5343 5224 5059 5009 4685 5779 5093 5664 5007 5491 5132 5101 5401 4961 4972 5266 4735 4826 5154 5158 5236 5492 5541 5230 5010 5339 5090 4943 5073 4974 5179 5206 5087 4554 5178 5213 5033 4968 5490 5569 5194 4731 5480 5088 5477 5338 5212 5245 5011 5274 5368 4885 5110 5367 5081 4647 4917 5201 5137 4794 5181 5027 5300 5519 5385 5780 
4674 4852 4933 5026 5112 4853 4919 4660 5013 4892 5145 5053 4912 4850 4917 5006 4872 5028 5334 4818 4935 4703 4762 4613 5024 4508 5004 4862 5012 5043 4653 4947 5020 5034 4876 4806 5169 4986 4670 5054 4921 5399 4803 4723 4786 5362 5115 5205 4965 4702 4985 5128 5281 4965 4697 4687 4889 4877 5073 5086 4703 4851 4945 5285 4735 4930 4843 5242 5281 5259 4991 4664 4622 4811 5061 4997 4466 4822 5021 5226 5258 4590 5071 5174 4871 5027 4718 5026 4985 5174 5136 4804 4987 4678 4569 4958 5126 5276 5023 4688 4831 4509 4847 4909 5140 5323 4965 5105 5103 5144 4876 4538 5072 4793 4994 5008 4963 4624 5178 4982 4446 4474 5252 4572 4700 5213 4932 4791 5249 4873 4957 5315 5016 4806 4810 4684 4878 4761 4685 4952 4763 4871 4494 4886 5117 4975 5006 5137 4997 4659 4999 4752 4334 4879 4502 5312 4831 4736 4747 4565 4640 5222 4591 4612 4753 4902 5011 4676 5267 4711 4575 5321 4608 4941 4731 4710 4636 4541 4964 4951 4635 5123 4774 4870 4977 4953 4731 4925 4892 4651 5097 4919 4535 4960 4403 5558 4978 5163 4737 5394 5110 4628 5237 4998 4632 4933 4411 5195 5071 5228 4615 5124 4979 5105 4789 5152 4948 4964 4671 4880 4968 5005 4999 4288 4654 4924 4769 4979 5295 5187 4814 5032 5485 4653 5137 4747 4806 5144 4919 5143 5290 5127 4814 5153 5209 4367 5155 4907 4770 4476 4821 4745 5038 5118 5295 5282 
5186 4971 5036 5127 5431 5180 5436 4923 5351 5097 5443 5074 4983 5290 5008 5165 4907 5136 5381 4795 4996 4770 4874 4723 5338 4480 5201 4833 5092 5312 4927 5276 5219 5013 4782 5086 5046 5334 5054 5334 4787 5347 5404 4676 5170 5339 5143 5185 5150 4794 5099 5165 5123 5165 4840 5056 5076 4922 5208 5114 4986 5283 5408 5230 4752 4933 5068 5271 5547 5390 5170 5033 4731 4789 5082 4916 4672 4723 4698 5286 5765 4822 5185 5191 5334 5308 4925 4994 5008 5296 5029 4858 4702 4921 5188 5247 5119 5296 5160 5075 5158 4826 4943 4910 5486 5237 5167 5081 5217 5078 4840 4478 5127 4673 5099 5255 5011 4924 5223 5119 4515 4867 5095 4746 5186 5581 4582 5006 4965 5084 5188 5164 5166 5082 5138 4922 4891 4928 4890 5267 5013 5024 4523 4937 5322 4946 5254 5106 5204 4949 5229 4930 4617 4980 4543 5232 4801 4539 4748 4951 5125 5230 4630 5009 5122 4842 5128 4845 5404 5149 4862 5373 4820 5145 4981 4870 4798 5005 5252 5135 4769 5164 5029 5044 4981 4671 4790 5037 4992 4782 5376 5223 4642 5336 4735 5611 4998 5194 4899 5591 5324 5010 5200 5036 4930 5072 4712 5109 5100 5103 4787 5299 5109 5103 4728 5454 5075 4995 5177 5100 5037 4933 5413 4739 5133 5266 4709 4708 5170 5664 4996 5050 5460 4563 5323 5175 5281 5272 4988 5144 5544 4884 5046 5470 5089 4618 4851 5041 5074 4823 4893 5070 5138 5386 5385 5719 
4910 4809 4833 5244 5398 4915 5176 4692 5118 5060 5304 4965 5225 4908 4974 5005 5029 5006 5277 5028 5108 4633 5203 4958 5447 4368 5275 4922 5220 5022 4909 5419 5111 5078 4935 4998 5177 5197 4874 5209 4837 5387 5034 4965 4852 5262 5183 5248 5325 5026 5175 4918 5265 5114 4768 4898 4876 5147 5350 5213 5177 5142 5472 5228 4734 4865 4759 5211 5296 5447 4872 5229 4763 4625 5175 4870 4715 4712 4853 5437 5208 4738 4911 5001 4982 4817 4609 5106 4899 5379 4763 4773 4908 4801 4935 5179 5164 5067 4892 4858 4743 4695 5041 5095 5144 5489 5126 4796 5140 5402 4759 4648 5013 4657 5425 4913 5037 4807 5202 5042 4706 4756 4821 4716 4974 5646 4853 4739 5159 4769 5067 5226 5166 4738 4849 4834 5000 4875 4849 5270 4596 4869 4858 4879 5221 4937 4973 5094 4697 4936 4919 5029 4611 5184 4596 5558 4923 4666 4643 4973 4930 5052 4660 4899 5202 4863 5015 4919 4970 4906 4947 5058 4755 5192 5020 4994 4775 4780 5105 4856 4553 5014 4633 4993 5144 5001 4783 4982 4879 4908 5157 5458 4808 5152 4746 5553 4714 5550 5043 5438 5276 4732 5004 5074 4829 4914 4629 4975 5235 4878 4577 5194 5103 5161 4952 5150 5088 5143 4974 4943 4909 4806 5142 4691 5185 4969 4947 4687 5624 5419 4954 4974 5522 4937 5308 5037 5055 5023 4736 5136 5183 4784 5232 5319 5172 4483 4898 4971 4988 4684 4780 5033 5294 5061 5175 5663 
4980 4731 5001 5128 5068 5017 5041 4662 5017 4812 5300 5023 5101 5083 5096 5195 4872 4923 5044 4985 4713 4818 4902 4792 5127 4683 5226 5174 5241 5229 4982 5340 5018 5170 4841 5169 5013 5445 5028 5021 5107 5284 5223 4492 4808 5331 5251 5179 4931 4783 5054 4815 5061 5004 4687 4741 4882 5008 5081 4704 4836 5087 5374 5076 4785 4740 4759 5160 5473 5055 4689 4800 4687 4278 4771 4902 4612 4690 4631 5489 5415 4763 5122 4944 5014 5227 4842 5139 4785 5175 4858 4741 4660 4887 4764 5440 5348 5367 4929 4906 4871 4639 4761 4807 4846 5137 5185 4752 5048 4982 4823 4650 4939 4519 5125 5136 4937 5022 5337 5302 4516 4829 5090 4858 4773 5642 4720 5036 5008 4636 5203 5220 4996 4661 4860 5048 4980 4832 4671 4967 4666 4925 4678 4768 5226 4821 5209 5145 4725 4774 4857 4941 4445 5014 4524 5363 4760 4638 4868 4835 5111 4956 4836 4832 5283 4549 4945 4649 5155 5200 4453 5139 4766 5016 5061 4923 5038 4652 5495 5102 4802 4913 4750 4882 4964 4860 4601 4824 4691 4940 5036 5333 4886 4890 4692 5465 4850 5512 4930 5364 5284 5049 5247 4727 4620 4958 4700 4919 4899 4854 4876 5104 4900 4996 4609 5197 5072 5247 4932 4803 4921 4993 4956 4331 4884 5234 4786 4786 5042 5510 5040 4759 5295 4894 5224 5012 5029 5050 5111 5087 5026 4743 4888 5225 5059 4447 5157 5219 4642 4683 4660 5195 5185 4969 5290 5454 
5187 4961 4982 5360 5290 5084 5281 4848 5498 4820 5489 5566 5178 5197 4997 5309 5002 5212 5344 5130 5280 4903 5065 4864 5555 4670 5339 5073 5333 5417 4860 5333 5294 5325 5025 5226 5279 5160 5099 5312 5007 5759 5136 5036 5100 5586 5232 5371 5184 5050 5209 5069 5315 5003 4786 4931 4935 5085 5095 5278 5075 5217 5442 5390 4751 4929 4889 5363 5636 5693 5321 5021 4860 4758 5296 5248 4887 4827 5019 5427 5649 5124 5212 5374 5126 5122 5022 5335 5190 5563 5162 5124 4836 4945 5159 5262 5617 5351 5148 4965 5163 4768 4869 5287 5409 5450 5118 5288 5487 5367 5098 4780 5012 4598 5636 5415 5399 4972 5390 5624 4814 4816 5047 4774 4989 5653 4959 5100 5412 4998 5138 5549 5220 5111 5158 5004 5034 4850 4845 5332 4889 5318 4689 5217 5230 5116 5215 5358 5001 5116 4975 5084 4633 5197 4533 5547 4953 5072 4818 4994 5381 5242 4836 5130 5246 5207 5046 5057 5317 5195 4828 5353 4846 5326 5292 5214 5113 4933 5292 5097 4843 5303 4855 4952 5309 4877 5017 5088 5054 4594 5093 5561 4915 5178 4842 5834 5003 5246 4857 5263 5184 4776 5123 5030 4899 5024 4678 5076 5188 5201 4729 5467 5275 5274 5012 5074 5283 5345 4720 5359 4978 5042 5151 4677 5084 5397 4879 5143 5326 5751 5117 5382 5710 5059 5295 5215 5228 5393 5148 5425 5543 4957 5243 5339 5430 4801 5368 4983 5028 4693 5032 5331 5341 5319 5497 5733 
5252 5072 5070 5439 5458 5178 5291 5094 5337 5413 5434 5614 5394 5056 5422 5607 5135 5247 5773 5298 5297 5102 5407 4965 5802 4721 5379 5334 5297 5557 5142 5479 5250 5247 5433 5445 5391 5467 5452 5342 5247 5558 5211 4832 5347 5669 5567 5538 5353 5146 5505 5133 5354 5239 4729 5034 5448 5014 5391 5527 5046 5313 5452 5442 5078 4938 5106 5598 5691 5467 5134 5302 5048 4820 5209 5231 5020 5361 5083 5648 5670 4994 5367 5147 5183 5408 4961 5088 5165 5626 5179 4975 5169 5195 5152 5632 5390 5439 5391 5408 4685 5004 4990 5137 5376 5322 5548 5239 5472 5756 5169 4842 5257 5059 5360 5204 5492 5189 5291 5547 4979 4600 5577 5098 5168 5556 4993 5369 5475 5129 5316 5370 5391 5297 5379 5387 5372 5079 5151 5309 5299 5432 4977 5262 5262 5505 5224 5435 5348 5197 5325 5214 4875 5318 4877 5620 5243 4920 5136 5186 5443 5147 5162 5518 5329 4997 5257 5228 5424 5277 5140 5696 4955 5176 5550 4950 5070 5336 5627 5530 4956 5228 5039 5291 5171 4944 5244 5330 5162 5298 5435 5579 4992 5522 5143 5985 5321 5675 5023 5695 5191 4902 5706 5121 5155 5426 4774 5125 5338 5567 5032 5419 5272 5448 5169 5385 5421 5360 5179 5420 5287 5082 5363 4866 5318 5515 5058 5306 5567 5800 5412 5209 5623 5355 5409 5142 5378 5486 5129 5460 5794 5120 5416 5503 5457 4919 5159 4953 5443 4919 5090 5244 5656 5481 5364 5733 
4821 4768 4691 5145 5274 4830 4778 4866 5342 4751 5214 4870 5073 4804 5122 5134 4899 5006 5172 4639 4935 4732 4917 4497 5109 4290 4869 4814 5077 5038 4722 5090 4895 5056 4940 4946 4956 5233 5085 4915 4816 5650 5174 4712 4806 5313 5398 5488 4979 4802 4991 5016 4902 4712 4826 4588 4723 4805 5163 5084 5011 5158 5216 5000 4535 5094 4868 5169 5562 5216 4972 4825 4527 4531 4716 4950 4779 4805 4663 5036 5449 5015 5108 4996 4812 5057 4910 4817 4846 4917 5010 4901 4604 4774 5005 5177 5258 5204 5137 4964 4724 4465 4880 5116 5119 4981 5088 4784 5215 5358 4836 4543 5092 4700 5022 5042 4837 4719 4926 5032 4489 4484 5021 4592 4730 5563 4603 5082 5021 4825 5042 5065 5090 4661 4948 4826 4783 4752 4963 4978 4988 4801 4559 4941 4893 4984 4656 4985 4828 4928 5067 4985 4266 4873 4689 5320 4649 4428 4623 4838 4971 4850 4781 4921 5072 4881 4968 4687 4995 4812 4390 5205 4720 5086 4886 4674 4873 4837 5025 5001 4720 4991 4777 4859 4812 4812 4931 4765 4851 4785 5122 5259 4711 5166 4953 5530 4890 5046 4825 5401 5047 4671 4959 5060 4618 5082 4495 4978 4982 5041 4876 5072 5042 5083 4543 5170 5098 5028 4745 4743 4922 4800 5082 4412 4775 5025 4790 4833 4886 5457 5014 4797 5201 4866 5213 5058 5145 5079 5107 5011 5054 4901 5073 5170 5076 4542 5045 4839 4964 4858 5144 4859 5306 5033 5114 5609 
4819 4877 4873 5183 5212 4663 4958 4903 5058 4560 5099 5146 5079 4873 5000 5391 4842 5127 5417 4888 4974 4620 5121 4702 5497 4569 5147 5078 5115 5230 4984 5329 4902 4847 4949 4954 5213 5106 5109 5120 4829 5186 5139 4627 5038 5258 5203 5008 5168 4824 5117 5083 4989 5142 4898 4499 5105 4760 4956 5182 4682 4922 5221 5130 4747 4768 4967 5229 5539 5318 5041 5150 4769 4689 5041 4880 4621 4832 4692 5287 5691 5016 5254 5060 5105 5050 4721 5156 5057 5332 4806 4766 4776 4829 5061 5206 5203 4974 5106 5277 4586 4538 5146 4928 5177 5091 5234 5016 4989 5305 4848 4554 4971 4615 5071 5156 4992 4779 5207 5422 4404 4492 5109 4782 5042 5513 4812 5299 4978 5005 5041 5060 5198 4926 5090 5008 5060 4812 4569 5084 4653 5070 4422 4877 5003 5031 5260 4985 5033 4994 4815 4943 4612 5036 4931 5206 5010 4516 4644 4714 4819 4852 4687 5010 5020 4918 4949 4941 5285 5046 4643 5321 4651 4980 5183 4825 4824 5030 5167 5051 4812 5161 4744 5038 4875 4730 4937 4780 4885 4866 5216 5443 4853 5096 4733 5952 5124 5233 4754 5462 5040 4852 5339 4865 5101 4895 4436 4861 5005 4976 4863 5157 5120 4870 4655 4945 5205 5141 4719 4708 4975 4817 5210 4532 5027 5036 4717 5064 5398 5411 5085 4745 5096 4893 5254 5245 5077 5421 4880 5162 5514 4837 5063 5318 5072 4439 4879 4770 4862 4531 4786 4993 5323 5302 5101 5692 
4941 4551 4631 5065 4952 4942 5008 4805 5178 4809 5255 5079 5101 4911 4951 5080 5153 4860 5344 4921 5008 4977 5182 4912 5184 4477 4849 4878 5073 4918 4885 5034 5048 5005 4995 4975 4924 5018 4931 5033 4837 5349 5004 4706 4966 5101 4885 5284 4978 4831 5071 4776 5179 5084 4941 4686 4866 5077 4979 5159 4872 4941 5152 5301 4741 4522 5069 5228 5356 5181 4918 4963 4885 4469 5045 4894 4638 4829 4569 5279 5778 4709 4984 4990 5136 4978 4846 4881 5191 5340 5082 4750 4792 4824 4768 5083 5267 5242 5200 4982 4446 4624 4920 5047 5109 4967 4733 5076 5138 5142 4662 4831 5009 4460 4888 5090 5127 4658 5312 5331 4691 4361 5076 4725 4694 5600 4667 4951 5059 4903 5142 5391 5120 4943 4912 4979 4972 4745 5172 5139 4740 4867 4451 4951 5233 4971 4972 5098 4933 4876 5187 4634 4624 4766 4623 5341 4692 4638 4614 4880 4802 4804 4773 4686 5099 4983 5008 4830 5131 4883 4818 5347 4885 4841 5015 4829 4787 4807 5109 4947 4832 5409 4795 4912 4755 4871 4581 4811 4897 5002 4912 5462 4882 4891 4716 5523 5011 5445 4808 5182 4932 4837 5356 4913 4976 4858 4534 4944 5035 5245 4987 5318 5300 5231 5001 5024 5076 4986 4649 4833 4808 4908 5043 4469 4959 5209 4433 4935 5320 5442 4850 4968 5345 4936 5099 5001 5077 5256 4958 5091 5236 4788 5071 5217 4809 4532 5018 4814 5082 4617 4821 4940 5199 4845 5201 5604 
5107 4824 5076 5348 5411 4991 5132 4816 5370 4905 5305 5394 5304 5056 5019 5110 4909 5042 5404 4890 5064 4945 4952 4787 5252 4678 5343 4861 5173 5218 5147 5303 5132 5096 5066 5356 5044 5291 5001 5430 5178 5879 5118 4714 5277 5436 5271 5465 5363 5132 5296 5319 5363 4986 4980 5122 4904 5125 4993 5128 4776 5310 5501 5192 4876 4706 4874 5280 5356 5781 4970 5127 4787 4867 5287 5027 4838 5070 4955 5591 5498 5025 5038 5329 5380 5247 4682 5415 5025 5536 4973 4751 5006 4956 5166 5348 5450 5278 4926 5247 4945 4828 5293 5197 5458 5605 5400 5145 5301 5529 4867 4999 5341 4701 5401 5116 4912 5163 5128 5737 4570 4857 4968 4832 5026 5754 4849 5237 5323 4821 5138 5375 5438 5000 5032 5052 5285 4843 5189 5275 4814 5189 4759 5171 5239 5059 5205 5236 5035 4981 5278 5182 4565 5031 4851 5457 4756 4772 5093 5021 5186 5439 4630 5025 5207 5064 5000 4935 5264 5067 4930 5345 5075 5080 5242 5120 4846 4833 5530 5212 4696 5190 4764 5111 4991 5004 5176 4879 4979 4986 5241 5564 4873 5127 4488 5758 4968 5298 5014 5690 5354 4702 5214 4997 4706 4958 4764 5025 5175 5256 5238 5588 5375 5287 4966 5355 5001 5018 4869 5192 5204 5087 5027 4789 5151 5400 5173 5056 5500 5355 5245 5098 5430 5012 5498 5236 5250 5402 5081 5148 5394 4694 5199 5168 5183 4758 5307 4868 5039 4745 5034 4973 5174 5123 5320 5727 
4920 4966 5066 5193 5065 5074 5181 5148 5255 5258 5497 5094 5347 4882 5255 5176 5196 4949 5531 5101 4998 4786 5170 4754 5301 4823 5211 5111 5292 5369 4839 5195 4977 5279 4872 5143 5259 5226 5360 5260 4862 5635 5091 4594 5108 5270 5308 5250 4997 4810 5292 5280 4875 4926 4835 4992 4980 5147 5182 5047 4916 5114 5482 5160 4945 4995 5107 5518 5547 5520 5203 5193 4803 4581 5071 4936 4781 5190 5019 5359 5690 5021 5137 5591 5389 4997 5017 4972 5277 5499 4929 4914 4761 4913 5045 5207 5282 5407 4971 5204 4942 4855 5242 5054 5324 5332 5078 5224 5201 5510 4941 4651 5373 4921 5277 5168 5048 4774 5185 5305 4545 4751 5325 4835 5163 5773 4715 4886 5177 5057 5172 5508 5183 4797 4928 4872 4986 4846 5033 5200 5124 5139 4644 4980 5259 4956 5174 5264 4994 4834 5293 4883 4551 5154 4692 5488 5004 4809 4914 5026 5245 5345 4629 5068 5444 5007 5008 4920 5066 5186 4945 5503 5034 5200 5007 5112 4763 4890 5414 5192 5107 5290 4744 5079 4772 4996 4905 4881 4932 5127 5301 5397 4649 5039 4858 5773 5008 5599 5168 5330 5216 4905 5335 5079 4981 5176 4689 5142 5237 5219 5079 5269 5353 5012 4799 5120 5203 5196 4932 4960 5282 5289 5040 4586 5118 5215 4881 4872 5352 5556 5180 4953 5675 4997 5405 5243 5120 5330 5122 5186 5098 5001 5111 5370 5147 4855 5057 5321 4935 4881 4999 4996 5372 5539 5507 5663 
5034 4997 5323 5437 5426 5214 5647 5203 5609 5076 5511 5500 5576 5191 5484 5592 5437 5359 5414 5308 5123 5118 5463 4895 5618 4849 5408 5211 5745 5456 5007 5559 5409 5225 5330 5478 5340 5680 5562 5345 5268 6005 5212 5264 5488 5497 5540 5767 5357 5164 5535 5208 5469 5236 5174 5290 5287 5230 5390 5590 5469 5387 5672 5549 5114 5167 5456 5786 5893 5801 5388 5329 5018 4911 5219 5378 4814 5274 5261 5673 5903 5079 5481 5448 5368 5564 5326 5300 5298 5760 5266 5084 5348 5405 5401 5689 5635 5480 5184 5418 5372 5141 5370 5301 5446 5697 5625 5343 5551 5551 5016 5072 5448 4950 5275 5192 5477 4979 5470 5570 5230 4994 5296 4917 5363 6331 5056 5279 5252 5460 5411 5656 5647 5240 4965 5066 5517 4772 5489 5799 5009 5318 5261 5211 5201 5189 5490 5106 5369 5267 5615 5174 4939 5102 5024 5585 5151 5030 5318 5218 5447 5487 5196 5215 5609 5150 5674 5497 5498 5357 4821 5639 5125 5227 5435 5183 5097 5024 5630 5414 4924 5491 5007 5372 5496 5246 5243 5093 5506 5347 5447 5834 5189 5268 5030 6045 5487 5521 5258 5777 5513 5071 5311 5408 5143 5293 4934 5617 5244 5713 4941 5566 5307 5484 5369 5582 5373 5323 5261 5437 5380 5517 5415 5016 5251 5812 5150 5248 5434 5898 5600 5290 5809 5435 5353 5419 5692 5648 5363 5282 5732 5308 5309 5301 5444 5222 5594 5229 5261 4752 5149 5281 5699 5635 5300 5768 
4740 4776 4711 4938 5181 4769 4800 4603 4988 4594 5344 5148 4962 4651 4702 4969 4851 4896 5191 4700 4810 4702 4838 4507 5143 4331 5009 4604 5079 4963 4713 5142 4917 4793 4883 4955 4850 5097 4937 5089 5030 5221 5047 4350 4863 4985 5105 4853 4885 4630 5127 4658 4876 4756 4547 4603 4545 4873 4975 5320 4969 5166 4931 5086 4429 4450 4546 4722 5349 5295 4648 4511 4563 4594 4801 4769 4542 4271 4438 4980 5248 4507 5004 4975 4922 4906 4708 4764 4665 5262 4629 4843 4563 4467 4560 5209 4830 4795 4828 4704 4562 4450 4794 4934 4891 5007 5183 4752 5205 4716 4718 4544 4604 4612 5153 4753 4920 4563 5016 5239 4395 4616 4928 4554 4840 5090 4597 4687 4813 4657 5046 5018 4754 4818 4812 4823 4904 4694 4526 5118 4852 4903 4214 4773 5124 5081 4638 4727 4589 4863 4838 4735 4437 4949 4336 4955 4817 4594 4480 4533 4736 4721 4580 4886 4978 4760 4624 4938 5242 4733 4703 4891 4441 4753 4953 4731 4759 4791 5094 4715 4560 4917 4570 4775 4828 4510 4781 4819 4640 4555 4945 5182 4535 4909 4662 5490 4988 5068 4862 5226 4688 4265 4915 4690 4516 4826 4379 4993 4639 4819 4444 5195 4960 4873 4433 4790 4876 4809 4686 4857 4814 4668 4916 4304 4677 5012 4845 4810 5156 5220 4922 4779 4975 4679 4902 4872 4982 4903 4845 5069 5121 4811 4886 5156 4841 4526 4783 4574 4714 4583 4545 4965 5263 4936 5137 5157 
5382 5110 5010 5494 5501 5183 5222 5118 5494 4969 5415 5658 5412 5013 5297 5116 5129 5086 5648 5089 5149 5256 5249 4951 5319 4686 5418 5202 5195 5604 5044 5343 5303 5019 5421 5084 5192 5238 5398 5440 5174 5963 5445 4977 5297 5427 5411 5681 5418 5312 5525 5398 5642 5400 4984 5150 5061 5122 5376 5384 5177 5357 5414 5444 4993 5034 4845 5672 6030 5841 5365 5134 5037 5047 5280 5175 4997 5035 5118 5353 5877 4990 5261 5436 5670 5256 4969 5357 5356 5427 5161 5320 5187 5124 5072 5328 5593 5523 5252 5041 4982 4909 5589 5352 5386 5289 5405 5353 5497 5728 5177 4851 5531 4775 5388 5349 5267 5302 5545 5596 4816 4742 5314 5137 5080 5811 5253 5561 5417 5146 5607 5364 5368 5129 5327 5253 5329 5137 5318 5361 5052 5335 4611 5173 5474 5483 5367 5634 5069 5288 5211 5403 4727 5278 4821 5509 5012 4889 5014 5366 5078 5221 4842 4880 5166 5198 5205 5167 5355 5061 4953 5383 5027 5381 5364 5178 4859 5000 5546 5236 5003 5790 5184 5273 5331 5073 5117 5195 5235 5119 5434 5682 5000 5486 5147 6000 5430 5442 5243 5708 5407 5104 5472 5335 5237 5263 4788 5217 5221 5219 5167 5501 5655 5347 5277 5560 5241 5210 5149 5488 5502 5289 5327 4883 5141 5373 4936 5346 5535 5647 5225 5476 5642 5280 5672 5601 5362 5283 5184 5728 5291 5020 5140 5575 5371 4906 5164 5302 5267 4859 4924 5314 5661 5322 5678 5787 
5395 4870 5179 5255 5191 5298 5129 5003 5475 5165 5377 5466 5320 5358 5021 5460 5254 5129 5890 5205 5513 4945 5223 4782 5388 4570 4880 5341 5340 5378 5008 5609 5112 5100 5246 5388 5249 5277 5392 5440 4959 5683 5389 5010 5312 5257 5529 5432 5250 5265 5491 5388 5364 5314 5032 5142 5064 5505 5465 5302 4981 5461 5595 5546 5045 4972 5319 5540 5651 5765 5373 5405 4924 4919 5285 5107 5082 5084 5063 5555 5950 5131 5236 5538 5542 5291 4985 5302 5173 5562 5070 5243 5180 5278 5385 5548 5578 5540 5245 5290 5079 5011 5208 5234 5568 5547 5379 5231 5331 5672 5346 4910 5399 5110 5337 5274 5308 5087 5312 5533 4811 4910 5430 5076 5207 5929 5064 5297 5492 5303 5100 5541 5458 5270 5280 5260 5260 4964 5228 5554 5311 5102 4760 5397 5271 5316 5341 5154 5325 4844 5277 5321 4724 5098 4743 5561 4906 5187 5132 5171 5321 5575 4829 5246 5372 5176 5268 5141 5561 5351 5076 5307 5045 5020 5224 4939 5196 4672 5572 5178 4993 5590 5182 5093 5234 5177 5099 5152 5504 5247 5261 5455 4878 5068 4762 5882 5423 5438 5157 5585 5349 5006 5722 5317 5195 5330 4660 5135 5163 5328 4990 5570 5555 5233 5142 5176 5291 5215 4979 5258 5365 5199 5288 4870 5375 5348 5043 5291 5730 5647 5293 5377 5613 5269 5557 5153 5302 5615 5096 5325 5696 5045 5377 5318 5430 4950 4970 5225 5070 4728 4992 5198 5395 5549 5570 5981 
5180 4949 5280 5278 5186 5216 5485 4818 5290 4854 5341 5160 5259 5478 5406 5511 4939 5169 5474 4982 5191 4791 5169 4995 5323 4694 5286 5239 5292 5406 4904 5248 4975 5160 5253 5262 5187 5460 5306 5388 5123 5619 5473 4843 5144 5284 5488 5254 5009 4972 5490 5025 5446 5315 4890 4801 5279 4984 5114 5119 4905 5248 5250 5471 4679 5035 4941 5256 5679 5394 5029 5040 4548 4891 5513 5003 4767 4915 4895 5332 5687 4940 5319 5420 5207 5275 4989 5310 5311 5360 5187 5009 4787 4868 5057 5434 5270 5260 5136 5234 4873 4794 5245 4978 5304 5400 5070 5121 5288 5641 5079 4581 5280 4876 5367 5513 4974 4998 5473 5290 4707 4972 5084 5031 5026 5713 5167 5246 5276 5095 5196 5206 5289 5011 5189 4986 5182 4686 5045 5325 5088 5476 4707 5061 5332 5159 5330 5236 5086 4885 5067 4926 4610 5294 4769 5513 4954 4669 4968 5069 5277 5527 4887 5300 5455 4939 5050 5283 5229 5306 4797 5373 5118 5045 5065 5073 4658 4998 5365 5347 4944 5348 4992 5205 5316 5111 5205 4963 4949 4913 5150 5570 4859 5167 4664 5833 5285 5554 5068 5547 5253 5045 5325 4743 4927 5125 4884 5329 5197 5327 4869 5300 5397 5107 4917 5290 5496 5145 5143 5039 5251 5393 5081 4563 5068 5111 4888 4851 5090 5763 5176 4995 5507 4939 5182 5312 5520 5466 4959 5252 5234 5158 5239 5531 5579 4690 5092 5209 5045 4798 4796 5283 5313 5448 5430 5762 
5441 5115 5135 5692 5531 5370 5575 5116 5700 5330 5755 5353 5605 5638 5397 5341 5380 5280 5513 5076 5326 5245 4948 4929 5310 4745 5426 5416 5323 5704 5047 5444 5404 5483 5310 5382 5331 5569 5126 5764 4996 5865 5511 5121 5038 5298 5619 5617 5439 5171 5386 5312 5390 5453 4991 4898 5394 5415 5458 5103 5331 5427 5710 5659 5122 5072 5101 5665 5991 5622 5299 5338 4772 4902 5357 5129 4913 5119 4886 5563 5971 5130 5464 5578 5003 5441 5287 5326 5364 5675 5398 5014 4918 5405 5109 5598 5589 5451 5388 5274 5134 5128 5089 5309 5663 5580 5373 5084 5645 5363 4915 5270 5274 4756 5489 5706 5357 4963 5589 5570 5007 5183 5249 5033 5248 6097 4987 5154 5273 5222 5386 5669 5513 5142 5335 5394 5277 5017 5340 5657 5053 5184 5043 5247 5535 5200 5413 5442 5497 5292 5291 5098 4841 5341 5155 5687 5068 4944 5326 5162 5457 5704 5075 5217 5359 5113 5366 5194 5476 5475 4826 5693 4993 5530 5108 5435 4976 5031 5384 5504 4968 5481 5090 5269 5424 5353 5007 5133 5388 4988 5565 5625 5160 5432 4928 6227 5297 5696 5418 6069 5509 5164 5442 5308 5253 5188 4879 5512 5206 5377 5192 5535 5611 5181 4910 5673 5393 5294 5423 5245 5291 5278 5282 5030 5364 5506 5114 5054 5432 5606 5140 5546 5657 5224 5646 5397 5453 5430 5364 5127 5517 5164 5359 5453 5426 4860 5368 5320 5009 5022 5029 5476 5436 5561 5496 5888 
5373 5429 5257 5641 5793 5377 5622 5135 5825 5343 5684 5578 5455 5713 5485 5724 5562 5567 5925 5230 5413 5035 5667 5312 5653 5251 5530 5558 5711 5790 5117 5970 5189 5332 5366 5626 5544 5719 5432 5420 5470 5909 5926 5241 5332 5484 5802 5782 5440 5292 5708 5339 5420 5596 5222 5162 5606 5327 5652 5601 5449 5453 5805 5525 5152 5348 5354 5897 6022 5762 5381 5408 4867 5110 5521 5496 5271 5248 5317 5691 6072 5452 5385 5829 5397 5585 5325 5607 5429 5588 5534 5190 5290 5573 5376 5654 5755 5707 5341 5450 5152 5167 5689 5323 5385 5877 5479 5341 5486 5610 5192 4959 5598 4907 5275 5560 5366 5465 5660 5637 5118 5019 5776 5301 5634 6236 5460 5741 5506 5379 5564 5568 5753 5475 5722 5481 5263 5317 5341 5808 5123 5564 5150 5425 5629 5570 5483 5384 5740 5359 5548 5170 5043 5537 5291 5726 5232 5144 5017 5245 5420 5615 5305 5419 5541 5255 5523 5320 5656 5693 5008 5720 5050 5497 5550 5354 5213 5100 5792 5507 5237 5536 5193 5392 5399 5571 5336 5336 5462 5353 5431 5691 5152 5611 5352 6172 5465 5776 5353 5884 5674 5420 5886 5312 5371 5503 5247 5509 5347 5694 5497 5611 5624 5533 5125 5668 5528 5479 5250 5248 5399 5785 5336 4724 5588 5583 5151 5464 6009 6027 5439 5478 5749 5423 5352 5657 5535 5793 5484 5880 5736 5363 5659 5805 5692 5113 5292 5309 5124 4931 5276 5443 5610 5598 5539 6211 
5185 5498 5243 5442 5614 5475 5703 5261 5773 5265 5850 5728 5477 5619 5642 5664 5361 5430 5726 5246 5608 5283 5758 5161 5609 5010 5517 5608 5560 5568 5334 5828 5313 5449 5554 5563 5245 5681 5446 5873 5363 5784 5581 4970 5278 5631 5647 5960 5356 5376 5532 5451 5679 5579 5035 5093 5241 5147 5252 5484 5387 5305 5644 5698 5371 5229 5338 5832 6184 5880 5556 5386 5069 5077 5408 5399 5280 5317 5242 5759 5932 5318 5410 5558 5598 5560 5262 5321 5494 5521 5379 5428 5376 5225 5414 5599 5613 5628 5422 5714 5437 5032 5485 5534 5583 5556 5926 5359 5668 5604 5289 4981 5597 5082 5586 5540 5241 5301 5707 5733 4921 5111 5713 5467 5512 6077 5087 5573 5496 5214 5544 5644 5595 5262 5489 5518 5493 5014 5101 5539 5200 5480 4858 5262 5934 5539 5504 5489 5246 5585 5604 5498 5008 5531 5044 5559 5301 5111 5225 5385 5250 5528 5080 5363 5609 5094 5212 5517 5791 5052 4706 5618 5232 5345 5496 5510 5286 5441 5740 5548 4896 5669 5305 5457 5515 5277 5258 5379 5429 5116 5703 5617 5096 5662 5165 6242 5455 5551 5330 5699 5397 5291 5619 5557 5321 5472 5054 5560 5411 5567 5437 5840 5200 5453 5226 5819 5406 5496 5551 5566 5659 5461 5602 4519 5518 5491 5200 5424 5642 6113 5604 5440 6049 5355 5597 5601 5872 5642 5140 5706 5702 5223 5465 5564 5466 5109 5374 5567 5370 4988 5405 5553 5669 5927 5488 6090 
5340 5259 4997 5694 5431 5058 5484 5305 5327 5146 5556 5149 5388 5125 5233 5552 5261 5258 5528 5116 5211 4933 5299 4837 5453 4491 5085 5187 5465 5412 5215 5565 4898 5250 5286 5200 5270 5383 5341 5379 5144 5687 5483 4803 5293 5479 5605 5329 5046 5127 5281 5160 5410 5092 4991 5021 5091 5083 5378 5396 4973 5243 5699 5299 4837 5072 5070 5331 5762 5477 5387 5355 4693 4750 5294 5331 4873 5056 4805 5509 5609 5041 5332 5306 5203 5249 5098 5228 5094 5516 5265 4942 4918 4916 5352 5412 5356 5266 5303 5222 4990 4730 5172 5266 5429 5675 5359 4983 5496 5364 5060 4959 5688 4898 5157 4966 4842 5173 5432 5350 4886 4821 5275 5126 5034 5965 4827 5090 5177 5339 5200 5593 5536 5014 5230 5015 5355 4694 4984 5247 4995 5062 4818 5091 5384 5329 5218 5096 5150 4927 5225 5126 4636 5276 4891 5319 5041 4754 5020 5041 5189 5217 5002 4994 5273 5060 5109 5168 5218 5147 4959 5357 5207 5201 5245 5048 5168 5219 5363 5323 4933 5335 4890 5220 5158 4966 5120 5135 5014 4936 5484 5567 5116 5048 4768 5662 4988 5481 5290 5792 5288 5051 5323 5035 5088 5028 4938 5222 5141 5201 4994 5545 5326 5228 5017 5379 5133 5332 4998 5040 5283 5375 5508 4628 5122 5370 5113 5371 5489 5538 5150 5251 5500 5074 5587 5247 5328 5209 5100 5107 5381 4992 5139 5331 5177 4557 5246 5301 5093 4984 4817 5214 5662 5326 5526 5714 
4869 4891 4875 5211 5131 5021 5000 4843 5225 4737 5288 5032 5017 4977 4953 5113 4743 5199 5499 4748 4823 4815 5018 4990 4977 4458 4920 4547 5238 5077 4757 5293 4914 4803 5037 5048 4939 5060 5168 5119 4736 5517 5240 4697 4964 5222 5358 5439 4776 4576 5408 4920 4954 4975 4911 4593 4953 5033 4927 5171 4846 5316 5100 5211 4712 4664 4891 5161 5350 5492 4985 5004 4623 4668 5297 4941 4367 4467 4816 5258 5414 4677 4956 5164 4918 5021 4777 5151 4893 5235 4626 4719 4588 4668 4925 5265 5219 5310 5010 4620 4667 4805 5111 5210 5201 5159 4969 5013 5161 5137 4859 4543 5043 4688 4985 4907 4936 4838 5243 5283 4504 4571 5144 4823 4866 5413 4664 4812 5184 4963 5029 5099 5060 4859 5119 4903 4809 4546 4981 5369 4624 4566 4735 5039 5363 5143 4776 5130 4948 4795 5111 4838 4278 4818 4540 5180 4752 4897 4660 4772 4849 5021 4621 4722 5144 5076 4791 4744 5163 4813 4583 5187 4683 4902 5261 4949 5055 4565 5157 4920 4729 4895 4849 4865 4692 4779 4813 4812 5234 4863 5208 5439 4648 5054 4837 5738 4951 5117 4895 5336 5228 4696 5042 4853 4749 5052 4653 4994 4980 5332 4788 5216 5181 5034 4860 4972 5073 4771 4783 5039 4815 4922 5254 4425 5038 5014 5026 4784 5038 5388 4820 5082 5116 4915 5241 4817 5122 5157 4994 4921 5091 4871 4925 5209 4969 4588 4779 4766 4854 4709 4598 5034 5220 5085 5075 5672 
5157 5258 5110 5613 5523 5249 5392 5217 5498 5003 5662 5401 5315 5181 5307 5584 5249 5292 5620 4973 5169 4904 5348 5202 5558 4653 5297 5111 5385 5404 5223 5649 5187 5247 5224 5322 5415 5393 5120 5604 5215 5687 5489 4962 5177 5409 5382 5235 5335 5028 5490 5349 5204 5350 5154 4990 5128 5155 5301 5281 5137 5254 5552 5523 4948 4922 4914 5521 5789 5790 5007 5391 4888 4850 5299 5318 5143 5105 4962 5503 5764 5010 5267 5559 5134 5496 5062 5019 5269 5413 5028 5395 4910 4763 5180 5411 5471 5213 5333 5383 5078 4874 5253 5087 5511 5457 5320 5480 5643 5548 4783 4869 5337 4841 5479 5275 5258 5079 5363 5552 4663 4864 5104 4995 5145 5689 4859 5216 5264 4962 5372 5815 5266 5088 5172 5253 5060 4873 5103 5195 5334 5164 4879 5216 5393 5199 5513 5279 4970 5108 5196 5196 4849 5377 4676 5741 5032 5006 4902 4890 5264 5375 5058 5232 5287 5337 5229 5415 5524 5176 5113 5439 4984 5353 5467 5224 5263 5004 5520 5358 4796 5309 4920 5344 4983 5109 5184 5132 5051 4839 5339 5664 5027 5299 4857 5855 5353 5602 4701 5634 5059 4935 5273 4918 5146 5202 5014 5272 5499 5527 4982 5683 5423 5564 4919 4969 5605 5335 5003 5253 5453 5179 5334 4598 5344 5247 5152 5244 5504 5749 5396 4921 5635 5011 5521 5436 5500 5388 5167 5460 5549 5101 5403 5320 5211 4794 5073 5314 5240 4782 5156 5215 5458 5484 5501 5815 
5328 5046 5056 5188 5309 5267 5369 5188 5451 5242 5439 5451 5209 5345 5107 5288 5295 5145 5266 5056 5275 5085 5064 5007 5398 4577 5253 5175 5227 5330 5085 5319 5120 5285 5197 5317 5229 5263 5323 5464 5095 5875 5575 4828 4856 5463 5702 5522 5323 4832 5342 5418 5047 5352 4972 4913 5064 5202 5427 5326 5463 5419 5586 5576 4574 4923 5079 5583 5789 5813 5365 5245 4834 4852 5096 5061 5045 4946 5014 5459 5742 5056 5217 5356 5419 5528 5277 5189 5197 5499 4991 5175 4889 5102 5047 5626 5418 5678 5145 5088 5052 4715 5240 5244 5380 5406 5426 5015 5353 5347 5126 5070 5294 5042 5238 4902 5144 4794 5273 5426 4854 4736 5347 4698 5033 5725 4840 5048 5155 5331 5204 5711 5128 5134 5308 5046 5045 4981 5261 5397 5292 5192 4798 5316 5361 5160 5326 5234 5069 5060 5210 5098 4854 5092 4689 5438 4872 5085 5123 4702 5426 5430 5050 5310 5570 5161 5118 4883 5198 5434 4991 5472 4764 5447 5184 5014 5068 4940 5364 5171 4966 5436 4895 5058 5240 5392 4995 5096 5124 5090 5062 5440 4802 5298 4941 5774 5355 5572 4859 5617 5409 4969 5282 5359 5026 5320 4656 5045 5294 5263 4985 5433 5376 5249 4968 5361 5235 5447 4875 4920 5051 5103 5393 4644 5306 5318 4953 5148 5494 5626 5160 5167 5576 5250 5393 5440 5228 5277 5149 5312 5398 4993 5421 5411 5226 4919 5327 5413 4978 4744 4878 5189 5338 5425 5509 5653 
5330 5052 5131 5347 5312 5137 5362 5001 5412 4967 5588 5284 5290 5234 5009 5195 5067 5244 5477 5114 5424 4895 5368 4863 5529 4383 5156 5211 5185 5366 4943 5245 5273 5314 5206 5092 4947 5469 5194 5419 5276 5746 5432 4898 4972 5372 5433 5534 5316 4798 5437 5216 5221 5240 4960 4895 5423 5110 5063 5397 4893 5111 5449 5249 4933 4970 4811 5488 5948 5656 4965 5278 4788 4773 5374 5176 4825 4923 4847 5532 5760 5284 5230 5323 5097 5125 4811 5316 5205 5523 5043 5065 4855 5015 5296 5430 5443 5404 5209 5122 4782 5023 4796 4993 5364 5398 5199 5235 5451 5248 4676 4930 5324 4557 5479 5433 5388 4892 5370 5280 4788 4784 5254 4945 5148 5725 4906 5128 5273 5015 5171 5420 5435 5109 5376 5307 5217 4888 4858 5568 5050 4986 4586 5456 5493 5290 5138 5246 5220 5212 5386 5046 4759 5212 4931 5398 5119 4706 5106 4960 5205 5344 5039 5018 5332 5093 5119 4991 5191 5214 4947 5343 4928 5043 5333 5057 5165 5188 5562 5269 5014 5299 4985 5288 5202 5129 5089 4946 5103 5003 5416 5590 5073 5153 4812 6019 5113 5337 5174 5500 5046 4894 5360 5152 4916 5255 4976 5154 5229 5377 4939 5515 5373 5169 5013 5296 5257 5340 4779 5202 5161 5159 5291 4802 5208 5335 4729 5063 5684 5688 5477 5236 5623 5154 5599 5325 5207 5478 5102 5282 5481 4906 5296 5252 5185 4849 5125 4982 5080 4629 5232 4991 5424 5033 5072 5719 
5154 5175 5089 5197 5291 4891 5400 5098 5611 4959 5790 5269 5378 5238 5147 5148 5192 5297 5479 5156 5275 5063 5105 5095 5363 4850 5269 5336 5347 5246 5216 5559 5218 5050 5130 5475 5488 5457 5652 5284 5349 5663 5594 4570 5383 5386 5666 5505 5358 5068 5605 5091 5380 5262 5248 4811 5241 5325 5450 5274 5142 5260 5581 5526 4901 5073 4885 5552 5589 5584 5187 5335 4784 4799 5207 5008 4977 5305 5103 5784 5914 5061 5529 5463 5170 5205 4836 5240 5120 5536 5123 5065 5125 5121 5085 5506 5246 5567 5482 5284 4997 4753 5159 5292 5418 5407 5337 4966 5445 5410 5176 5076 5185 4756 5463 5163 5081 5060 5557 5673 4809 4829 5355 5120 5143 5926 4951 5269 5292 5261 5400 5426 5374 5130 5291 4825 5338 4911 4991 5398 4968 5459 4953 5241 5650 5166 5356 5147 4993 5178 5208 5309 4701 5212 4812 5563 4905 4945 4851 5085 5045 5115 4953 5188 5316 5117 5196 5080 5328 5300 4777 5565 5090 5204 5310 5248 5160 5182 5389 5222 5027 5289 5058 5126 4948 5374 5049 5091 5025 5437 5462 5570 4997 5534 4885 6061 5361 5439 5004 5442 5289 4895 5228 5346 5243 5380 4834 5250 5246 5113 4997 5627 5457 5310 5074 5346 5190 5305 5228 5158 5434 5385 5404 4758 5032 5124 4984 5199 5306 5749 5320 5190 5685 5094 5374 5578 5173 5353 5160 5451 5368 5012 5264 5656 5449 4784 5457 5131 5020 4773 4927 5439 5429 5452 5541 5960 
5235 5100 5113 5460 5641 5311 5564 5156 5358 4847 5714 5350 5480 5138 5201 5334 5373 5292 5474 5140 5182 5246 5128 5098 5650 4832 5406 5005 5536 5520 4868 5577 5228 5121 5097 5279 5277 5418 5324 5519 5130 5901 5309 5219 5214 5467 5497 5463 5204 5021 5731 5085 5176 5531 5198 5114 5106 5209 5305 5235 5116 5483 5601 5471 5066 4954 5021 5613 5747 5563 5065 5089 4694 4704 5262 5151 4752 5138 5241 5716 5666 5072 5434 5373 5198 5310 4831 5113 5222 5460 5336 5179 4861 5231 5219 5337 5584 5530 5324 5066 5092 4862 5060 5635 5483 5710 5362 5117 5598 5391 4880 4707 5273 4928 5269 5273 4981 5082 5473 5674 4908 4742 5202 4944 5107 5674 4979 5130 5375 5157 5700 5647 5312 5076 5182 5002 4897 5011 5298 5409 5044 5107 5013 5069 5415 5227 5471 5423 5062 5102 5123 5216 4621 5115 4971 5378 5045 4984 4930 4862 5288 5322 4951 5129 5345 5248 5336 4934 5289 5235 4950 5590 4919 5194 5397 5234 5221 4989 5626 5436 4882 5255 4940 5090 5031 5133 4859 5052 5170 5007 5488 5597 4806 5649 4950 6011 5327 5646 5185 5590 5189 5148 5478 5075 5147 5273 4918 5393 5314 5302 4919 5351 5526 5346 5050 5307 5492 5321 5096 5179 5287 5149 5284 4675 5244 5447 5272 5201 5361 5803 5291 5304 5436 5191 5534 5357 5414 5547 4936 5352 5465 5150 5141 5458 5295 4873 5362 5222 5066 4998 5197 5073 5473 5289 5697 5572 
5190 4934 5062 5324 5240 5123 5217 5141 5389 5299 5549 5205 5088 5228 5001 5293 5221 5194 5556 5310 5289 4812 5084 4904 5499 4444 5424 5367 5313 5350 5042 5302 5234 5050 5322 5266 5243 5313 5188 5281 5038 5576 5128 4880 5017 5257 5440 5519 5093 5133 5401 5133 5342 5246 4915 4702 5107 5323 5212 5322 4940 5315 5356 5539 4989 5224 5181 5289 5663 5601 5003 5137 4870 4986 5249 5328 4653 5018 5057 5421 5676 5080 5337 5296 5168 5194 4964 5268 5230 5628 4948 5069 4992 5018 5241 5489 5064 5531 5187 5092 4823 5116 4982 5187 5297 5442 5226 5357 5261 5511 4925 4743 5528 4908 5212 5089 5125 5143 5425 5154 4720 4866 5319 5023 4950 5783 4833 5123 5393 5086 5389 5269 5323 4897 5259 4986 5249 5045 4812 5286 4898 5301 4974 5063 5333 5246 5192 5356 5415 5095 5524 4995 4916 5168 4831 5607 5042 4651 5078 5172 4892 5359 5091 5103 5429 5171 5032 4788 5274 5241 4965 5595 4946 5294 5013 5228 5041 4903 5527 5353 4793 5377 5148 5235 5249 4923 4925 5326 5268 5248 5422 5606 4739 5290 4642 5888 5262 5408 4934 5616 5248 5088 5396 5140 4905 5396 4971 5088 5289 5328 5081 5435 5369 5230 4637 5293 5214 5163 4898 5165 5129 5268 5294 4621 5519 5337 5032 5056 5617 5712 5118 5117 5458 5041 5387 5445 5177 5436 5022 5343 5407 4964 5353 5392 5299 4775 5170 5044 5064 4664 4923 5143 5250 5118 5287 5659 
5200 4923 5193 5178 5227 5162 5033 5045 5175 5111 5417 5361 5375 4965 5086 5417 5091 5228 5606 5143 5355 4827 4960 4742 4957 4680 5316 5204 5102 5278 4749 5211 5322 5068 5321 5321 5284 5190 5339 5264 5112 5553 5290 4919 5264 5426 5336 5621 5440 5009 5325 5359 5482 5125 5147 4999 5034 5021 5090 5210 4831 5260 5449 5335 5007 5098 4715 5378 5692 5459 5457 5269 4929 5124 5136 5204 5149 5041 5152 5453 5674 5083 5175 5113 5187 5229 4934 5259 5237 5563 5068 4876 5044 5101 5308 5303 5615 5458 5139 5054 5119 4888 5182 5235 5520 5322 5455 5133 5398 5644 4879 4801 5188 4584 5359 5337 5152 5103 5155 5325 4696 4845 5176 5250 5080 5624 4808 5176 5526 5221 5139 5122 5238 5123 5042 5257 5201 4885 5176 5245 5093 5080 4976 5300 5503 5160 5161 5201 5306 5115 5249 5164 4684 5209 4926 5614 5124 4995 5155 5011 5135 5250 4998 5308 5354 5234 5031 5132 5181 5207 4978 5527 5007 5347 5174 5383 5035 5041 5563 5215 5106 5296 4995 5088 5220 5214 4971 4984 5362 5188 5361 5480 4857 5318 4619 6023 5453 5375 5124 5655 5321 5027 5401 5285 4987 5367 4871 5133 5211 5260 4967 5463 5600 5088 4884 5280 5297 5225 5067 5139 5189 5190 5246 4748 5231 5298 5128 5194 5546 5505 5275 5440 5684 5013 5223 5213 5135 5469 5084 5229 5596 5085 5244 5402 5155 4807 5358 5078 5194 4765 5349 5066 5479 5534 5398 5776 
4679 4627 4602 4846 4900 4618 4892 4667 5003 4683 4990 4862 4996 4864 4783 4912 4721 4838 5407 4705 4646 4872 4821 4603 4871 4209 4980 4589 4872 5084 4707 4872 4755 4877 4781 4835 4983 4896 4806 5098 4765 5074 5012 4539 4685 5082 4862 5167 4611 4584 5005 4781 4820 4709 4554 4653 4721 4666 4776 4701 4608 5041 4898 4996 4824 4798 4742 5205 5266 4889 4629 4783 4664 4311 4915 4616 4569 4514 4531 5192 5394 4576 4784 4858 4860 4844 4713 4781 4683 5112 4892 4708 4556 4791 4823 4857 5043 4969 4711 4715 4634 4435 4908 4659 5105 5150 4801 4604 4901 4822 4431 4215 4816 4225 4883 5039 4501 4744 4937 5165 4361 4357 5031 4599 4707 5461 4529 4804 4897 4738 4862 4958 4796 4966 4592 4803 4900 4677 4735 5037 4541 4740 4542 4798 4835 4700 4806 5119 4778 4697 5000 4605 4469 4668 4389 5130 4635 4367 4927 4724 4787 4690 4696 4763 5029 4526 4715 4686 4956 4812 4433 5238 4565 4642 4578 4585 4521 4678 5080 4754 4813 4744 4747 4834 4887 4915 4739 4612 4911 4682 5008 5102 4573 4812 4417 5258 4559 5177 4597 4984 4902 4718 5068 4520 4607 4662 4462 4661 4912 4940 4663 5086 4810 4701 4704 4859 4853 4807 4810 4860 4950 4727 4906 4420 4973 4898 4575 4677 5107 5365 4696 4781 5218 4844 4921 5070 5099 5020 4672 4721 5130 4709 4748 4936 4808 4261 4986 4616 4649 4435 4683 4534 4840 4941 5043 5291 
5080 4813 4934 5047 4846 5061 4846 4769 5203 4804 5410 5287 5141 4934 5153 5227 5223 4734 5242 4934 5295 5001 4933 4928 5117 4560 4974 4877 4952 5468 4712 5324 5030 5027 5305 5299 4979 5282 5038 5344 5102 5385 5039 4783 4917 5115 5268 5528 5038 4700 4909 4939 5282 5150 4818 4758 4974 5037 4937 4905 4912 5245 5332 5198 4715 4816 4838 5448 5369 5425 4948 4687 4731 4628 5048 5150 4891 4860 4975 5333 5601 4891 4802 5020 5149 5165 4537 5289 5078 5112 5086 4988 5027 4745 4914 5430 5400 5571 5008 5131 4856 4625 4751 4960 5249 5134 5358 5151 5094 5332 4706 4728 5128 4459 5131 5227 4946 5007 5286 5439 4560 4777 5064 4833 5134 5619 4848 5079 5181 4836 5317 5199 5147 4991 4696 5184 5199 4880 5119 5303 5014 4936 4468 5146 5174 4752 5207 4910 5092 4872 5124 5118 4442 5109 4845 5476 4758 4640 4835 5059 4969 5075 4746 4903 5294 4928 4961 4766 4988 5055 4452 5144 4759 5063 5167 5188 4881 4665 5380 4903 4911 5267 5083 5048 5301 5090 4950 4679 4915 4850 4922 5442 4808 5254 4729 5770 5178 5209 5048 5434 4922 4673 5334 5089 4717 5140 4638 5162 4855 4998 4907 5310 5506 5111 4674 5204 5254 4862 5022 5322 5085 5200 5160 4364 5168 5006 4937 4911 5240 5540 5098 5092 5453 4894 5330 5224 5219 5348 5103 5150 5247 5000 5049 5289 5289 4612 5217 4994 4854 4740 5057 5256 4951 5085 5428 5787 
5509 4967 5216 5492 5427 5245 5320 5134 5733 5142 5477 5506 5444 5339 5681 5424 5229 5271 5846 5320 5264 5165 5505 5000 5493 4619 5274 5289 5334 5580 5354 5530 5424 5442 5445 5191 5482 5474 5270 5665 5351 5883 5677 5145 5300 5482 5479 5549 5625 5418 5772 5339 5576 5346 5306 5135 5029 5144 5585 5411 5283 5473 5709 5385 5088 5305 5146 5618 6049 5641 5487 5368 5039 5042 5513 5099 4865 5196 5203 5741 6023 4945 5717 5778 5575 5324 4971 5361 5334 5574 5256 5412 5226 5018 5426 5418 5632 5539 5140 5566 5173 5021 5554 5475 5616 5702 5641 5377 5663 5683 4973 4890 5667 5220 5627 5213 5575 5420 5699 5477 4609 5006 5464 4872 5383 5998 5168 5391 5480 5169 5438 5654 5513 5337 5387 5221 5226 5136 5389 5588 5422 5340 5019 5469 5273 5464 5392 5531 5338 5079 5109 5607 4706 5641 5123 5789 5327 5105 5040 5178 5517 5551 4895 5229 5365 5367 5245 5508 5694 5277 5103 5684 5310 5312 5650 5415 5042 5034 5654 5330 4969 5457 5238 5258 5496 5274 5663 5259 5476 5112 5368 5772 5077 5522 4998 6221 5426 5608 5399 5672 5641 4938 5558 5425 5261 5301 5020 5343 5411 5569 5154 5832 5408 5685 5276 5581 5322 5548 5055 5478 5665 5449 5589 4787 5340 5475 5180 5257 5567 5802 5424 5449 5626 5305 5530 5460 5485 5666 5281 5487 5607 5122 5455 5576 5598 5221 5232 4954 5245 5049 5158 5525 5656 5687 5610 6026 
5601 5570 5581 6036 5695 5673 5839 5429 5919 5200 6145 5635 5830 5581 5722 5875 5429 5734 6155 5562 5962 5272 5690 5344 5931 5232 5435 5714 5825 5746 5293 5994 5685 5762 5640 5711 5622 5523 5916 5692 5933 5889 5684 5345 5603 5892 5769 5908 5447 5336 5883 5584 5811 5594 5489 5236 5459 5732 5484 5852 5328 5832 5869 5697 5429 5463 5576 5873 6284 6172 5576 5671 5341 5170 5603 5580 5255 5225 5378 5857 6156 5535 5749 5923 5856 5736 5436 5612 5765 5990 5757 5635 5351 5293 5525 6048 5851 6060 5847 5484 5317 5203 5534 5749 5776 5743 5724 5619 5866 5985 5217 5217 5522 5309 5905 5966 5552 5508 5876 6147 5135 5108 5894 5405 5742 6293 5546 5985 5992 5473 5898 5805 5728 5538 5712 5677 5543 5283 5494 5532 5343 5563 5141 5739 5739 5747 5719 5754 5771 5419 5639 5463 5170 5597 5244 6112 5413 5221 5357 5645 5572 5616 5074 5538 5484 5582 5594 5415 6041 5632 5213 6059 5299 5783 5741 5423 5715 5407 5926 5653 5656 5727 5661 5649 5627 5597 5474 5483 5769 5366 5996 6128 5310 5642 4921 6413 5760 5812 5695 5892 5568 5499 5862 5658 5506 5711 5178 5589 5702 5710 5412 5956 5827 5837 5524 5506 5892 5628 5357 5722 5563 5772 5757 4928 5606 5937 5481 5665 5615 6058 5855 5700 6112 5483 5934 5609 5716 6161 5442 5789 5788 5501 5685 6074 5912 5200 5675 5640 5549 5211 5525 5678 6051 5813 5936 6436 
5060 4723 5159 5320 5161 4839 4911 4847 5415 5028 5338 5088 5461 4882 5160 5173 4908 5230 5372 5173 4883 4768 4975 4771 5209 4574 5040 5103 5234 5061 5022 5185 4991 4825 5107 4848 4962 5444 5270 5020 4678 5391 5357 4668 4949 5200 5369 5294 5190 4847 5362 4812 5253 5042 5032 4665 4866 5179 5434 5014 4665 5295 5383 5460 4645 4723 5159 5351 5708 5331 5053 5093 4882 4816 5041 5055 4572 5077 4930 5387 5533 4956 5324 5196 5005 5133 4788 4785 4902 5330 5077 4928 4837 4728 4958 5087 5179 5363 5042 5012 5111 4918 5068 4985 5249 5168 4904 5015 5150 5318 4965 4593 5265 4871 5107 5067 5089 5051 5376 5421 4578 4955 5097 4653 4989 5346 4934 5205 5128 4968 4955 5452 5286 4886 4825 4854 5195 4919 5042 4993 5174 4986 4548 5140 5146 5215 5126 5174 4960 4911 5011 5135 4633 4738 4632 5308 4873 4892 4979 5003 4634 5079 4896 4738 5178 4980 5084 5275 5410 5096 4862 5322 5129 5105 5027 4950 5159 4880 5279 5288 4846 5392 4775 5127 5199 4802 5147 4897 4731 5133 5227 5304 4632 5066 4521 5852 4973 5396 4877 5300 5259 4875 5127 4937 4907 5216 4694 4739 5132 5190 4931 5136 5420 5160 4808 5231 5156 4977 4963 5262 5161 4970 5084 4747 5111 5416 5051 4987 5327 5575 5113 4974 5571 4824 5080 5149 4983 5171 4986 5214 5296 5096 5099 5288 5202 4820 5114 4806 5066 4558 4892 5095 5362 5407 5231 5931 
5381 5165 5330 5264 5593 5136 5476 5055 5403 5205 5784 5565 5668 5230 5219 5623 5730 5456 5696 5513 5515 5206 5436 5242 5509 4766 5486 5371 5381 5787 5265 5600 5284 5143 5267 5389 5661 5574 5739 5515 5388 5776 5432 5100 5564 5620 5535 5642 5583 5352 5487 5432 5362 5275 5240 5019 5161 5373 5329 5556 5188 5401 5544 5931 5081 5455 5283 5731 5888 5766 5591 5431 5033 5147 5404 5142 5059 5445 5181 5665 6049 4921 5572 5821 5356 5667 5037 5571 5375 5801 5170 5291 5245 5143 5193 5598 5670 5571 5335 5290 5141 4983 5208 5465 5279 5592 5602 5498 5509 5679 5190 5042 5368 4820 5443 5376 5342 5419 5448 5555 4961 4960 5412 5046 5309 5973 5307 5196 5631 5267 5523 5880 5598 5325 5402 5242 5414 5026 5250 5747 5301 5258 5109 5361 5513 5311 5436 5495 5488 5411 5445 5311 4967 5590 5178 5774 5053 5259 5419 5350 5239 5488 5251 5223 5338 5306 5498 5459 5866 5542 5078 5555 5112 5251 5427 5235 5134 5108 5525 5457 4982 5676 5137 5563 5311 5426 5052 5321 5519 5142 5639 5711 5015 5308 5049 6332 5602 5708 5210 5699 5701 5116 5473 5479 5200 5524 4910 5542 5291 5506 5047 5615 5469 5494 5234 5229 5571 5354 5297 5586 5597 5264 5383 4919 5279 5507 5256 5338 5609 5800 5384 5414 5873 5322 5496 5420 5532 5615 5324 5421 5647 5360 5509 5468 5651 4858 5376 5069 5212 5222 5261 5514 5635 5633 5789 5937 
5357 5252 5308 5558 5375 5355 5700 5207 5529 5361 5838 5653 5468 5105 5419 5407 5494 5274 5563 5197 5212 5449 5403 5173 5496 4706 5537 5434 5506 5366 5091 5463 5270 5231 5236 5304 5619 5679 5453 5731 5212 5980 5473 4895 5542 5584 5534 5817 5372 4955 5697 5055 5434 5439 4960 5461 5380 5132 5522 5353 5242 5578 5535 5510 5298 5469 5202 5756 6007 5811 5470 5319 4964 4916 5377 5148 4972 5260 5292 5764 5967 4960 5561 5760 5215 5603 5062 5315 5248 5712 5219 5239 4957 5295 5383 5655 5771 5778 5483 5073 5110 4942 5359 5566 5681 5780 5398 5395 5717 5532 5120 4953 5309 5212 5454 5287 5281 5096 5318 5548 5089 5231 5487 5131 5267 6085 5133 5445 5412 5519 5620 5712 5222 5108 5314 5531 5397 5099 5552 5599 5291 5367 4798 5354 5476 5216 5553 5632 5388 5453 5288 5247 4795 5445 5059 5783 4807 5044 5309 5168 5377 5667 4934 5297 5380 5168 5219 5375 5530 5618 4969 5521 5110 5273 5432 5400 5177 5104 5737 5560 4924 5284 5197 5303 5349 5346 5272 4833 5372 5004 5492 5638 5178 5466 4730 5972 5203 5692 5120 5324 5421 4941 5659 5227 5364 5426 4796 5406 5452 5400 5028 5553 5323 5742 5141 5497 5341 5411 5127 5436 5482 5433 5408 4832 5272 5596 5145 5172 5803 5724 5299 5333 5818 5348 5517 5554 5577 5568 5352 5175 5665 5129 5520 5408 5416 5117 5342 5288 5357 4993 5021 5219 5680 5830 5637 5842 
5345 4740 5276 5508 5553 5354 5342 4663 5368 5153 5487 5432 5579 5198 5332 5495 5335 5190 5537 5211 5137 5136 5208 5162 5469 4432 5200 5155 5462 5535 5162 5591 5084 5004 5329 5174 5054 5348 4844 5554 5280 5565 5247 4949 4959 5479 5348 5499 5295 5154 5381 5251 5501 5348 5056 5106 5198 4964 5240 5499 4991 5336 5649 5132 5024 5037 4953 5607 5705 5524 5166 5194 4950 4770 5173 5220 4841 5102 5073 5501 5791 4868 5329 5345 5147 5288 4644 5118 5205 5429 5275 4988 5200 5082 5068 5182 5465 5930 5381 4992 5261 5061 5038 4969 5340 5461 5334 5242 5357 5415 5172 4792 5416 5186 5169 5341 5020 5232 5366 5558 4926 5082 5555 4880 5175 5793 4977 5207 5476 5198 5372 5612 5379 5074 5318 5363 5175 4932 5360 5306 4928 5143 4778 5316 5479 5074 5257 5217 5196 5227 5207 5273 4910 5268 5001 5445 5003 4838 4896 5242 4993 5512 5019 5049 5365 5242 5209 4990 5383 5194 4659 5554 4888 5032 5285 5031 5141 4954 5744 5276 4920 5202 5087 5288 5437 4909 5165 5072 5072 5183 5374 5487 4698 5296 4808 5950 5343 5569 5051 5575 5290 5196 5447 5029 5201 5413 4895 5266 5242 5377 4993 5345 5228 5400 5183 5448 5137 5137 4993 5550 5150 5346 5437 4629 5196 5346 5007 5247 5567 5750 5292 5360 5592 4964 5521 5240 5279 5443 5002 5243 5526 4912 5334 5352 4991 4585 5113 5055 5275 4999 4901 5077 5445 5455 5175 5781 
4877 5101 5076 5412 5201 5100 5208 4763 5305 4942 5360 5389 5158 4961 5147 5315 4928 4918 5241 5034 5148 5200 5189 4850 5258 4568 5039 5107 5463 5327 4839 5174 5053 5002 5220 4995 5049 5092 5307 5211 5135 5326 5039 4649 5108 5231 5223 5648 5094 4804 5216 5046 5187 5157 4832 4566 5018 4979 5049 5342 5016 5021 5244 5230 4991 4768 4716 5501 5644 5416 5186 5114 4862 4741 4728 5061 4875 5031 4946 5529 5808 4934 5312 5013 5029 5285 4668 5047 5229 5092 4925 4944 4996 4964 5129 5279 5282 5406 5101 4980 4910 4801 5277 5143 5226 5431 5332 5094 5222 5260 4650 4652 5109 4750 5337 5332 5146 4548 5223 5549 4731 4736 5125 4810 5024 5714 4992 5112 5308 4985 5301 5450 5327 5024 5054 4943 5080 4696 5039 5201 5157 5074 4543 5133 5368 5040 5123 5099 5128 4927 5072 5375 4769 5130 4994 5363 4892 4734 4733 4866 4703 5080 4588 4904 5219 5004 5180 5148 5134 4860 4623 5439 4834 5178 5413 4963 4849 4991 5579 5171 4878 5200 4850 5139 5280 5095 4942 4806 5077 4975 5024 5253 4694 5207 4761 5721 5417 5228 5015 5443 5118 4675 5066 5232 4777 5205 4674 5455 5018 5318 4907 5306 5006 5305 4623 5272 5099 5200 5087 5288 5237 5221 5238 4382 5115 5074 4895 4945 5391 5470 5190 5126 5605 4995 4961 4993 5069 5234 4944 5127 5208 5022 5005 5333 5371 4550 5245 4873 5147 4705 4915 5133 5374 5322 5252 5210 
5323 4906 4914 5434 5105 5060 5366 5142 5498 4786 5632 5363 5310 5174 5133 5442 5109 5162 5381 5138 4960 5067 5189 4978 5563 4853 5112 4949 5300 5690 5018 5573 5389 5204 5222 5287 5055 5321 5488 5425 5339 5379 5153 4734 5373 5502 5438 5240 5465 5087 5347 5347 5278 5105 5006 5218 5308 5434 5004 5405 5061 4999 5562 5394 4893 4862 5136 5289 5817 5639 5044 5401 4933 5014 5009 5069 4809 4909 5000 5655 5514 5001 5417 5427 5393 5198 4975 5235 5576 5544 5143 5085 5016 4972 5306 5654 5561 5594 5150 5024 5085 5026 5150 5287 5478 5324 5637 5358 5264 5424 4940 4870 5287 4823 5355 5244 5224 5042 5467 5799 4882 4596 5204 4749 5139 5848 4997 5397 5300 5134 5559 5593 5477 5259 5162 5111 5145 4936 5219 5425 5056 5066 4763 5204 5608 5271 5499 5373 5126 5140 5246 5134 4719 5342 4881 5440 4756 5137 5007 5083 5213 5247 4868 5115 5140 5065 5153 5009 5179 5317 4922 5482 4971 5208 5637 4991 4887 5120 5687 5368 5157 5239 4842 5253 5347 5232 5189 5091 5167 5028 5353 5546 4843 5336 4993 6096 5113 5373 5121 5647 5083 4949 5314 5377 5146 5163 4834 5379 5378 5386 5297 5524 5525 5516 5260 5200 5463 5650 4925 5200 5462 5191 5458 4547 5060 5383 5090 5281 5578 5720 5548 5239 5724 5179 5609 5514 5204 5518 5423 5506 5484 5242 5127 5231 5503 4912 5049 5273 5090 4711 5129 5085 5551 5437 5558 5770 
5195 5160 5180 5164 5323 5251 5225 5089 5245 4791 5332 5251 5425 5100 4904 5220 5122 4966 5379 5201 4978 5001 4921 4974 5435 4633 5228 5173 5205 5397 4629 5301 4961 4809 5169 5031 5116 5366 4984 5340 5362 5450 5332 4927 5259 5491 5220 5642 5282 4910 5301 5077 5081 5085 4647 4858 4909 5221 5074 5344 5104 5366 5531 5253 5167 4948 4994 5503 5585 5605 5406 5236 4912 4858 5130 4793 4816 4880 4826 5490 5860 4870 5212 5391 5066 5420 4876 5177 5038 5391 5028 4925 4750 5235 5466 5172 5108 5440 4971 4949 4830 4817 5277 5097 5080 5556 5079 4958 5188 5335 5064 4888 5134 4780 5055 5342 5289 4819 5230 5316 4701 4584 5386 4661 5138 6051 4789 5127 5386 5079 5300 5378 5258 4844 5143 4850 5063 5035 5025 5446 4966 5151 4854 5008 5385 5195 4850 5229 5247 5079 5086 5072 4745 5379 4960 5171 4997 4746 4923 4776 5153 4980 4745 4964 5184 5240 4998 4979 5234 5491 4877 5482 5177 5053 4966 4979 4832 4820 5474 5228 4845 5052 4868 5062 5242 5179 4672 4721 5308 5126 5379 5676 4598 5252 4493 5976 5109 5600 5073 5577 5487 4933 5268 4998 4741 5224 4593 5233 5097 5260 4876 5489 5127 5380 5047 4991 5310 5463 4943 5097 5096 5262 5043 4600 4951 5145 4698 5051 5505 5606 5105 5256 5530 5100 5606 5445 5290 5150 4789 5127 5257 4956 5229 5543 5225 4739 5050 5025 4722 4747 5012 5189 5470 5207 5451 5888 
5285 5222 5254 5489 5415 5558 5305 4892 5502 5245 5727 5430 5839 5504 5501 5449 5082 5438 5862 5361 5188 5090 5344 5217 5763 4672 5281 5228 5448 5663 5100 5370 5317 5120 5417 5425 5471 5379 5518 5370 5282 5676 5710 5023 5480 5647 5549 5637 5617 5031 5718 5243 5551 5533 5169 5057 5468 5377 5398 5528 5251 5547 5693 5823 5360 5099 5390 5571 6033 5943 5406 5582 5333 4898 5481 5400 5013 5375 5330 5769 5825 5077 5659 5464 5570 5635 4947 5760 5335 5645 5394 5244 5150 5286 5166 5772 5518 5894 5473 5610 5125 5291 5229 5067 5407 5642 5298 5517 5680 5671 5049 5221 5343 5040 5716 5749 5418 5308 5638 5645 4939 4890 5665 5263 5342 6102 5455 5297 5714 5233 5528 5578 5389 5322 5308 5481 5590 5260 5087 5571 5106 5228 4989 5541 5609 5381 5449 5455 5389 5518 5492 5378 4915 5325 5008 5674 5168 5466 5119 5367 5358 5374 5089 5295 5353 5287 5360 5186 5380 5604 5219 5714 5200 5293 5597 5562 5405 4992 5971 5465 5193 5521 5306 5148 5412 5321 5135 5091 5297 5368 5575 5819 5097 5438 5160 5988 5172 5757 5189 5697 5449 5067 5373 5513 5249 5345 5248 4993 5336 5414 5180 5498 5685 5698 5278 5533 5419 5406 5306 5457 5405 5357 5376 5016 5410 5429 5334 5381 5529 5709 5642 5383 5859 5322 5728 5682 5356 5576 5213 5434 5509 5068 5329 5508 5647 5071 5338 5314 5299 4714 4957 5632 5762 5678 5822 5869 
5429 5311 5162 5831 5496 5465 5812 5310 5966 5242 6012 5640 5651 5445 5549 5561 5476 5440 5882 5493 5347 5278 5319 5141 6010 5115 5654 5321 5423 5584 5061 5898 5277 5574 5497 5597 5241 5640 5344 5843 5455 6055 5692 5238 5549 5893 5573 5769 5435 5321 5605 5303 5455 5524 5257 5378 5484 5433 5446 5583 5419 5730 5853 5711 5331 5117 5360 5841 6127 5809 5507 5378 4964 5051 5565 5417 5303 5245 5173 5744 6021 5401 5603 5584 5409 5467 5214 5523 5664 5650 5452 5382 5056 5374 5776 5896 5794 5840 5540 5445 5326 5177 5215 5499 5555 5611 5772 5274 5718 5653 5313 4820 5431 5053 5589 5645 5505 5206 5735 5873 5204 4858 5457 5026 5573 6112 5405 5499 5473 5187 5848 5917 5497 5426 5380 5505 5148 4992 5358 5669 5175 5222 5033 5579 5408 5596 5613 5694 5529 5546 5628 5197 5099 5393 4966 5897 4934 5212 5163 5212 5550 5697 5101 5380 5703 5398 5384 5379 5516 5472 5103 5829 5205 5302 5639 5324 5429 5270 5844 5551 5249 5498 5207 5309 5368 5393 5212 5108 5628 5370 5413 5990 5077 5454 5328 6340 5503 5821 5219 5846 5716 5129 5704 5397 5149 5564 5133 5394 5584 5591 5333 5554 5716 5816 5136 5685 5744 5501 5218 5301 5513 5447 5654 4891 5720 5707 5495 5472 5635 5908 5512 5177 5899 5493 5598 5715 5784 5749 5271 5485 5848 5221 5292 5711 5502 5222 5350 5341 5069 4963 5289 5563 5829 5678 5663 5998 
5374 5098 5087 5396 5155 5245 5149 4834 5435 4939 5456 5408 5611 5321 5149 5283 5086 5264 5577 5266 5260 5132 4902 4955 5353 4695 5290 5406 5505 5541 5067 5333 5120 4985 5204 5105 5242 5326 5310 5325 5044 5726 5405 4986 5213 5369 5331 5624 5350 5025 5236 5411 5090 5431 5164 4986 5049 4918 5390 5287 5140 5244 5538 5216 4798 5124 4900 5453 5786 5542 5397 5179 4828 4891 5321 5108 4802 5050 4916 5668 6124 5187 5395 5451 5187 5257 5008 5282 5364 5503 5139 5055 4879 4872 5189 5288 5628 5349 5042 5223 4854 4876 5081 5165 5601 5381 5228 5235 5429 5388 5070 5021 5464 4798 5367 5168 4898 5055 5500 5481 4772 5018 5430 5023 4975 5820 5034 5127 5414 5115 5201 5639 5271 4978 4968 5071 5310 5012 4697 5383 5086 5175 4525 5305 5406 5072 5441 5345 5230 5242 5384 5103 4773 5076 4801 5400 5089 4737 5280 5053 5164 5373 4938 5000 5260 5222 5097 5203 5199 5287 4737 5534 4928 5357 5259 5297 5044 5065 5532 5259 5067 5444 4845 4907 5449 5047 5008 5146 5128 4943 5316 5572 5073 5054 4714 5825 5227 5438 5194 5466 5257 5000 5190 5178 4954 5330 4952 5253 5105 5197 5027 5322 5414 5158 5063 5314 5102 5471 4913 5149 5263 5214 5337 4810 5035 5282 4903 5168 5476 5597 5064 5335 5606 4907 5269 5384 5186 5303 5133 5248 5482 5330 5148 5151 4998 5054 5090 4931 4768 4732 5010 5367 5262 5638 5515 5706 
5246 5093 5147 5623 5365 5211 5275 5264 5355 4990 5667 5404 5455 5133 5046 5336 5210 5222 5883 5127 5250 5020 5107 4892 5340 4728 5334 5205 5320 5303 5026 5272 5384 5276 5329 5388 5276 5178 5265 5230 5228 5564 5273 4855 5090 5416 5147 5452 5188 4993 5471 5558 5430 5138 5216 4876 5158 5142 5277 5295 5146 5442 5410 5411 5295 5081 5015 5520 5532 5543 5075 5208 5032 4823 5264 5158 4681 5050 5239 5352 5778 4918 5212 5312 5186 5173 5051 5226 5410 5462 5397 5139 5049 5027 5108 5317 5460 5549 5354 5108 5200 4804 5335 5308 5331 5496 5424 5084 5589 5571 5023 4942 5340 4933 5419 5111 5119 5243 5442 5424 4909 4693 5387 4917 4892 5782 4962 5237 5670 5236 5528 5640 5376 5167 5205 5200 5249 4947 5040 5427 4961 5120 4953 5335 5255 5032 5204 5208 5233 5065 5310 4923 4865 5207 4930 5508 4921 4838 4775 5328 5151 5067 5100 5304 5432 5082 5205 5172 5314 5388 5264 5519 4862 5251 5390 5100 5076 5038 5605 5350 5109 5293 5050 4866 5262 5111 4932 5152 5184 5051 5539 5545 4945 5123 4701 5834 5201 5509 4796 5544 5353 5112 5268 5183 5076 5022 4777 4858 5340 5128 5184 5561 5485 5191 5266 5401 5551 5352 5011 5098 5402 5321 5308 4814 5293 5423 5200 5347 5756 5421 5386 5305 5677 5381 5210 5495 5452 5527 5235 5239 5484 5228 5400 5325 5245 4979 5212 5104 5149 4552 5118 5132 5461 5517 5470 5754 
4862 4725 4722 5080 5105 4949 5130 4569 4978 4864 5153 5084 5568 4859 4927 5326 4881 4993 5152 4622 4885 4993 5116 4690 5397 4377 5274 5093 5350 5218 4633 5380 5008 4912 5082 5063 5122 5180 5239 5192 4855 5439 4911 5005 4954 5199 5328 5161 5491 4883 5227 4949 5223 5253 4999 4741 4863 5135 5135 5232 5224 5272 5284 5073 4891 4819 4813 5696 5502 5231 4932 5133 5101 4470 5010 4905 4427 4587 4766 5442 5658 4932 5086 5210 5236 5138 4576 5018 5225 5262 4720 5071 4892 4917 5183 5471 5432 5268 5052 5003 4672 4901 4915 4721 5085 5478 5235 4878 5277 5393 4617 4631 4808 4693 5358 4875 5002 4931 5422 5164 4489 4741 4970 4756 5101 5494 5018 4923 5241 4880 5190 5181 5114 5051 4946 5084 5195 4998 4971 5247 4797 4902 4568 4798 5469 4901 5201 5350 4927 5123 5137 4704 4478 4877 4728 5316 5010 4736 4630 4731 4974 5166 4824 5088 5120 5010 4987 4987 5335 5123 4874 5423 4704 5147 5199 4767 4762 4956 5195 5348 4485 5332 4494 5300 5252 4826 4766 4606 5068 4801 4991 5645 4796 5198 5000 5778 4924 5150 4659 5152 4985 4961 5089 4995 4809 5446 4808 5045 5077 5065 4791 5081 5324 5079 4739 5058 5177 5226 4842 5178 5258 4892 5069 4584 5101 5227 4994 4946 5613 5575 5048 4705 5610 4955 5066 5079 5192 5246 4869 5258 5101 4840 5164 4910 5077 4816 4813 4912 5090 4524 5194 4846 5226 5340 5321 5607 
5525 5206 5488 5749 5606 5398 5672 5221 5576 5248 5619 5628 5763 5629 5376 5897 5200 5485 5751 5360 5503 5288 5326 5284 5716 4579 5620 5535 5672 5820 5363 5776 5663 5356 5519 5726 5681 5822 5497 5800 5556 5961 5724 5233 5385 5820 5910 5913 5593 5294 5471 5787 5914 5714 4997 5485 5325 5280 5652 5512 5170 5666 5575 5986 5249 5576 5465 5950 6059 6057 5494 5726 5066 5180 5531 5509 5208 5405 5291 5940 6257 5447 5528 5750 5443 5807 5344 5536 5528 5963 5333 5596 5511 5269 5552 5880 5855 5784 5386 5524 5083 5296 5541 5423 5751 5682 5750 5689 5786 5811 5397 4916 5824 5202 5762 5709 5375 5525 5898 5875 5177 5390 5520 5253 5529 6056 5302 5604 5834 5453 5363 5750 5687 5541 5573 5603 5389 5398 5431 5858 5418 5283 5186 5522 5846 5757 5670 5636 5163 5573 5603 5558 5040 5607 5085 5910 5370 5214 5558 5416 5657 5507 5226 5450 5544 5296 5561 5471 5767 5508 5365 5898 5368 5695 5707 5509 5321 5370 5609 5541 5225 5621 5317 5579 5556 5614 5611 5228 5750 5298 5774 6028 5426 5567 4960 6368 5633 5730 5459 6169 5687 5284 5895 5406 5058 5589 4916 5533 5662 5518 5118 5864 5841 5594 5267 5457 5801 5552 5467 5571 5835 5558 5461 4894 5421 5524 5386 5528 5779 6088 5543 5590 5941 5572 5922 5487 5555 5819 5384 5862 6064 5357 5631 5968 5709 4896 5648 5367 5503 5071 5477 5403 5623 5772 5792 6331 
5180 4921 4922 5309 5174 5194 5223 4855 5083 4975 5324 5314 5440 4928 5211 5217 5226 5282 5522 5119 5125 5019 4968 4906 5144 4599 5278 4968 5037 5469 5096 5229 4872 5147 5099 5289 5131 5215 5023 5418 4930 5530 5556 5021 4948 5338 5650 5495 5271 5129 5335 5342 5314 5411 5016 4844 4912 4934 5204 5097 5058 5349 5245 5318 4808 5032 5150 5438 5667 5312 5179 4965 4860 4711 5216 5026 4882 4946 4782 5695 5788 5059 5340 5184 5112 5311 5005 5234 5320 5472 4937 5225 4990 5091 4950 5290 5398 5369 5313 4976 4930 4845 5217 4992 5379 5443 5352 5027 5232 5321 4920 4864 5154 4747 5253 5134 5158 5113 5291 5347 4762 4932 5272 4764 4878 5872 4888 5085 5314 5128 5075 5420 5211 5186 5211 5155 5043 5108 4983 5148 5112 4942 4783 5144 5068 5179 5445 5346 5030 4934 5250 5004 4574 5134 4872 5237 5117 4757 5132 4817 5162 5067 4717 5046 5221 5057 5237 5091 5396 5218 5044 5402 4726 5082 5172 4885 4814 4943 5392 5225 4920 5340 4784 5017 5017 4953 5132 4935 5117 4973 5117 5674 4877 5150 4682 5874 5002 5554 5027 5545 5389 5064 5354 5016 4906 5131 4727 5167 5309 5299 4899 5126 5294 5422 5049 5249 5258 5332 4933 5062 5128 4966 5191 4724 5178 5447 5106 5060 5448 5585 5201 5227 5587 4940 5261 5315 4983 5392 5168 5444 5577 4906 5102 5294 5120 4875 5193 5042 4900 4770 4966 5044 5262 5253 5569 5710 
4969 4622 4978 5120 5047 5057 5016 4751 5208 4960 5335 5000 4991 5163 5160 5188 5032 4909 5150 4770 4925 4839 4888 4670 5253 4467 4685 4928 5243 5256 5065 5141 5076 4911 4995 5124 5032 4997 4912 5355 4711 5455 5316 4420 5053 5541 5214 5080 4885 4789 5034 4918 5192 4913 4630 5009 5108 4956 4882 5134 4824 4937 5111 5195 4714 4902 4897 4777 5196 5277 4804 4628 4457 4434 4997 4944 4509 4796 4704 5238 5551 4768 4989 5010 5068 5001 4689 5076 4917 5063 4818 4801 4856 4852 4865 5112 5122 5058 4935 5047 4596 4499 4678 4687 5259 5056 4927 4970 5178 4941 4786 4733 5136 4459 5116 5153 4703 4645 4910 5386 4675 4711 5043 4673 4860 5516 4618 5123 4914 5018 5248 5210 4886 4599 5005 4840 4922 4789 4759 5184 4769 4943 4556 4890 5070 5198 5202 4735 4744 4823 5009 4860 4657 5108 4421 5305 4735 4886 4775 4967 5164 5155 4689 5055 5053 5010 4680 4875 5096 4702 4551 5225 4804 4864 5057 4935 4856 4850 5397 5044 4661 4697 4726 4694 4934 4678 4841 4931 4809 4881 5138 5278 4790 5056 4746 5422 4945 5105 4958 5268 4957 4590 5254 4868 4835 4487 4453 5336 4981 4874 4844 5030 5065 5106 4885 5098 4884 5045 4842 4939 4915 4893 5233 4335 4835 4879 4549 4771 5036 5566 4826 4944 5155 4760 5060 4981 4879 5341 4966 4779 5331 4626 4816 5041 5175 4529 5100 4805 4860 4622 4470 5051 5268 5131 5395 5674 
5106 4953 5213 5045 5310 5116 5347 5114 5538 4987 5430 5197 5533 4878 5197 5501 5211 5211 5641 4910 5033 5209 5402 5193 5459 4847 5324 5423 5563 5374 5111 5386 5297 5182 5214 5268 5283 5589 5311 5433 5059 5867 5561 4989 5115 5633 5821 5586 5029 4893 5757 5319 5363 5151 5315 5197 5177 5025 5179 5198 5044 5066 5332 5344 5029 5202 5284 5414 5499 6097 5082 5281 4748 4910 5102 5095 4993 4959 4897 5743 5467 5077 5465 5345 5451 5431 5008 5429 5009 5342 4872 5124 4988 5317 5018 5632 5485 5649 5216 5172 5015 5195 5197 5335 5102 5462 5422 5190 5454 5327 5001 4856 5484 4827 5447 5402 5155 5035 5590 5596 4771 4637 5322 5092 5149 5868 5089 5218 5130 5130 5139 5393 5397 4890 5041 5272 5420 5031 5128 5480 5189 4982 5007 5104 5338 5107 5422 5250 5074 4913 5368 5329 4712 5348 4954 5294 5170 4963 4992 5014 5181 5317 5093 5292 5438 5195 5438 5170 5536 5197 5061 5255 5065 5281 5427 5228 5184 4722 5646 5555 5008 5529 5210 5410 5176 5164 5386 4969 5237 5158 5221 5632 4860 5231 5079 5872 5211 5665 4886 5375 5183 4757 5470 5111 5127 5318 4782 5625 5163 5441 4883 5527 5530 5274 5039 5315 5489 5369 5088 5240 5128 5165 5297 4784 5129 5552 5070 5332 5496 5825 5475 5377 5673 5326 5233 5179 5493 5467 5281 5528 5418 5150 5141 5126 5328 4963 5406 5102 5171 4909 5163 5220 5302 5589 5591 5720 
4712 4645 4879 4984 4772 4713 4637 4664 4838 4438 5115 4901 4660 4695 4603 5115 4806 4631 4537 4455 4506 4373 5062 4736 5060 4277 4932 4621 5003 4758 4714 5202 4545 4582 4682 4679 4827 4834 4704 4778 4793 5138 4841 4349 4823 4904 4963 5025 4738 4546 4916 4760 4995 4855 4428 4616 4521 4971 4892 4928 4649 4746 5123 4907 4462 4509 4512 5111 5126 5200 4770 4572 4350 4588 4692 4767 4675 4573 4595 4949 5284 4708 4910 5009 4852 4907 4510 4831 4758 4897 4818 4693 4906 4614 4811 4951 5150 5139 4946 4943 4681 4389 4887 4673 4934 5062 4657 4733 5016 4808 4615 4533 4803 4434 4867 4669 4553 4453 4988 5145 4211 4525 4932 4585 4822 5154 4558 5070 4848 4665 4836 4903 4862 4777 4571 4825 4755 4655 4818 4624 4546 4960 4207 4631 4877 4975 4807 4775 4702 4860 4887 4751 4404 4860 4478 5051 4557 4338 4481 4649 4572 4652 4481 4543 4827 4852 4742 4897 4972 4984 4256 4970 4734 4632 4910 4819 4627 4625 4980 4777 4408 4834 4435 4461 4799 4459 4589 4340 4967 4614 4922 5263 4612 4748 4368 5334 4724 4997 4445 5111 4716 4331 5067 4646 4792 4850 4421 4843 4783 4680 4642 5023 5075 5029 4514 4789 4984 5020 4477 4649 4899 4923 4738 4295 4797 4903 4285 4574 5211 5433 4851 4554 5225 4640 4997 4930 4854 4871 4931 5007 4847 4701 4654 5084 4959 4403 5043 4601 4664 4398 4614 4574 4964 4676 5127 5248 
4994 5157 4810 5458 5204 5021 5384 4940 5290 5087 5346 5377 5237 5123 5102 5277 4948 5354 5522 5346 5021 4908 5329 5389 5557 4549 5331 4956 5196 5528 5400 5273 5049 5077 5224 5143 5355 5179 5547 5223 5044 5673 5498 4959 5164 5299 5485 5175 5204 5159 5432 5124 5326 5304 4989 4808 5130 5126 5278 5365 4965 5132 5365 5187 4787 4904 5394 5347 5680 5554 5192 5267 5013 4990 5312 5043 4680 4865 5202 5446 5622 5211 5352 5574 5243 5382 5019 5334 5352 5419 4965 4977 4945 4923 5052 5419 5158 5563 5323 5358 4929 4961 5167 5244 5141 5558 5209 5147 5426 5268 4994 5044 5240 4875 5087 5374 5241 5294 5600 5371 4818 4512 5487 4766 5231 5749 5128 5453 5362 5006 5152 5311 5094 5238 5398 5371 5076 4966 4953 5050 4780 5393 5059 5289 5432 5471 5302 5489 5172 5174 5085 5129 4784 5483 5124 5513 5181 5068 4967 4965 4927 5417 5100 5157 5173 5151 5148 4991 5551 5174 4909 5691 4972 5080 5257 5185 5038 4902 5263 5344 5188 5422 4933 5024 5043 5250 5181 5072 5078 5069 5230 5608 4838 4949 4785 6183 5246 5545 5151 5813 5401 5003 5482 5167 5141 5227 4663 5103 5439 5412 5040 5764 5294 5247 5168 5411 5473 5282 5156 4999 5015 5105 5170 4575 5168 5231 4804 5364 5598 5642 5132 5040 5693 5216 5651 5414 5334 5318 5123 5370 5549 5079 5360 5483 5200 4520 5345 5336 5128 4660 4838 5239 5368 5342 5511 5748 
5363 5164 5204 5618 5233 5164 5186 5186 5451 5247 5464 5505 5368 5263 5172 5236 5260 5173 5489 5100 5358 5097 5352 4974 5512 4691 5083 5071 5287 5422 5439 5207 5093 5136 4951 5293 5468 5389 5238 5327 5070 5662 5539 5038 5032 5385 5550 5629 5463 5164 5088 5126 5148 5365 4642 5130 5043 5124 5388 5205 5209 5435 5394 5598 4931 5074 5199 5666 5506 5603 5017 5165 4610 4756 5312 5084 4991 5262 4969 5597 5678 5156 5240 5283 5112 5713 4982 5251 5352 5699 4816 5179 5085 5054 4983 5406 5708 5654 5239 5134 5035 4940 5253 5341 5362 5243 5385 5111 5479 5664 5224 4981 5350 4824 5398 5226 5241 5051 5182 5459 4918 4787 5169 5127 5108 6041 4988 5032 5478 5216 5154 5642 5445 5016 5193 5284 5317 5041 5332 5634 5044 5342 4782 5038 5126 5351 5405 5305 5001 5100 5248 5226 4704 5373 4927 5406 4845 4981 5271 5248 5164 5094 4970 5158 5390 5070 5209 5176 5317 5276 5013 5262 5124 5154 5439 5370 4760 4868 5464 5320 5047 5420 5030 5264 5072 5110 4946 5200 5113 4878 5357 5622 5049 5460 5036 5898 5121 5445 4971 5575 5365 5206 5451 5461 5056 5105 4824 5224 5346 5335 5017 5542 5483 5197 5135 5268 5405 5339 5247 5217 5483 5204 5349 4648 5357 5345 4924 5111 5329 5716 5399 5515 5695 5067 5577 5467 5207 5472 5243 5195 5326 5136 5412 5460 5427 4948 5141 5261 5237 5006 5054 5376 5613 5514 5299 5891 
4980 5054 4969 5176 5110 4885 5125 4581 5014 4585 5308 5071 4910 5041 4864 5433 5127 5132 5404 4957 4748 4795 5081 4894 5133 4468 5049 5040 5122 5051 5061 5333 5136 4983 4982 4956 5043 5462 5020 5295 5186 5473 5042 4888 4981 5184 5044 5459 5219 4594 5236 4914 4777 5273 5065 4834 4987 4794 5097 4943 4953 5163 5355 4959 4863 5063 4888 5335 5387 5693 4993 4937 4806 4906 4881 5103 4891 4713 5137 5384 5645 4721 5260 5167 5106 4993 4838 5227 4990 5172 4896 4886 4781 5038 5000 5375 5495 5314 5063 5187 4896 4629 5046 5022 5303 5440 5160 5154 5173 5149 4847 4661 4882 4620 5184 5347 4912 4754 5024 5469 4483 4546 5266 4864 4803 5442 4852 4849 5143 4671 5237 5340 5116 5063 4797 4848 4887 4967 4665 5223 4636 4876 4676 5199 5178 4844 5348 5141 5288 4492 4910 4943 4670 5119 4637 5388 5018 4748 4754 4749 5079 4882 4787 4990 4928 4971 5084 4894 5372 5086 4695 5484 4783 5043 5177 4862 4556 4755 5647 5054 4881 5121 4902 4921 5280 4899 4757 4513 5184 4795 5354 5316 4811 5095 4807 5736 4987 5177 4830 5245 4921 4830 5583 4974 4888 5011 4544 5074 4966 5295 4755 5445 5084 5150 4853 5087 5182 5319 4991 5236 5183 5110 5166 4546 4865 5015 4870 4881 5152 5295 4882 5015 5493 4986 5292 4969 5174 5241 4939 4939 5564 4837 5049 4982 5165 4490 5159 5001 4970 4450 4868 4993 5258 5120 5452 5431 
4950 5005 4956 5341 5164 5021 5337 4827 5196 5070 5857 5233 5109 5058 4969 5129 5209 5085 5299 5158 4983 4759 5433 4900 5650 4553 5268 5116 5169 5200 4963 5473 5323 4973 5052 5287 5106 5407 5589 5287 5016 5543 5166 4622 5137 5172 5436 5000 5029 5130 5577 5288 5426 5036 4941 5138 4818 5143 5490 5225 4950 5187 5567 5489 4901 5147 5535 5529 5756 5741 4919 5152 4851 4832 5196 5377 4881 4906 5032 5398 5561 4672 5310 5214 5302 5322 4978 5394 5191 5449 5362 5125 4997 4856 5011 5434 5153 5241 5214 5208 4998 5045 4887 5185 5238 5533 5443 5261 5375 5342 4739 4842 5107 4971 5213 5086 4975 5442 5191 5392 4737 4918 5082 4750 4925 5784 5143 5068 5061 5102 5260 5562 5332 5244 5127 4998 5161 4737 5077 5361 4780 5054 4772 5108 5244 4957 5609 5397 4910 5222 5131 4805 4740 5113 4754 5365 4891 4795 5081 5072 5087 5255 4996 4806 5135 5193 5078 5005 5269 5359 4716 5553 4906 5249 5113 5080 5113 4876 5467 5197 4834 5247 4903 5012 5395 5075 4955 5142 5177 5013 5343 5465 4963 5181 4683 5797 4985 5532 5015 5890 5165 5020 5360 5081 4907 4945 4669 5029 5137 5242 4730 5240 5383 5148 5041 5287 5063 5102 4902 5246 5232 5074 5151 4843 5251 5187 5014 5219 5297 5622 5134 4996 5552 4958 5454 5342 5092 5365 5176 5277 5494 4966 5157 5402 5344 4706 5154 5229 5067 4967 5061 4893 5273 5256 5568 5540 
5110 5288 5155 5386 5358 5016 5029 4979 5580 4783 5747 5403 5158 4989 5200 5509 5186 4949 5469 5085 5227 4911 5162 5075 5387 5001 5140 5230 5493 5565 4835 5665 5087 4964 5176 5116 5200 5379 5515 5070 5233 5633 5258 4921 5350 5446 5500 5373 5210 5016 5346 5081 5290 4963 4961 4823 5195 5011 5151 5652 4972 5393 5401 5106 5061 4943 4908 5553 5815 5501 5000 5095 4882 4855 5072 4999 5043 5048 4998 5649 5699 4920 5374 5683 5306 5245 4974 5022 5086 5570 5346 5086 5078 4984 5108 5388 5501 5405 5272 5415 5009 5137 5222 5460 5447 5368 5249 5188 5091 5494 4863 4514 5176 4985 5248 5416 5148 4857 5243 5499 4667 4667 5274 4986 5301 5612 5009 5259 5296 4940 5299 5241 5226 5228 4920 5296 5290 4829 5051 5547 4926 4919 5011 5310 5332 5268 5098 5347 5321 5308 5220 5126 4646 5248 5017 5278 4874 4989 4940 4875 5092 5112 5024 5271 5170 5039 5192 5157 5185 5512 4780 5510 5049 5170 5483 5161 5229 5084 5715 5115 4988 5216 5058 5076 4904 5062 5059 4943 5134 5015 5281 5599 5085 5449 4966 5780 5205 5431 5332 5292 5084 4933 5351 5233 5148 5154 4815 5126 5103 5588 4888 5357 5321 5173 4826 5028 5157 5085 5224 5038 5157 5420 5326 4583 5241 5207 4984 5175 5371 5592 5271 5137 5712 5087 5382 5265 5288 5316 5423 5048 5367 5058 5104 5428 5558 4787 5233 5064 4877 4863 5053 5326 5360 5240 5433 5717 
4915 4749 4722 4950 5061 5051 4926 4630 5022 4773 5184 5084 5177 4826 4840 5162 4827 4819 5359 4996 4833 4562 4968 4604 4958 4250 4777 4842 5077 5021 4930 5125 4729 4772 4884 4921 5029 5040 4793 5144 4974 5259 5086 4684 4903 4936 4961 5313 4835 4861 5166 4838 5066 4721 4943 4651 4802 4733 5206 4992 4565 4982 5233 5012 4508 4866 4713 4972 5432 5022 5027 4966 4426 4488 5066 4895 4558 4637 4610 5166 5303 4651 4902 5260 4770 5090 4767 5006 4761 5058 4755 4995 4730 4857 4731 4998 5378 5167 4862 4881 4674 4593 5078 5118 5190 4985 5047 4851 5101 5139 4543 4464 5113 4360 4799 5167 4685 4840 4935 5151 4492 4653 5121 4506 4669 5526 4658 4885 4994 4893 4884 5022 5108 4909 5093 5095 4802 4727 4725 5091 4633 4605 4660 4961 4979 4946 5038 5024 4956 4861 4896 4986 4468 4807 4637 5257 4535 4676 4835 4718 4797 4842 4693 4644 4642 4788 4832 4725 5288 4870 4703 5149 4839 4868 5079 4839 4930 4541 5026 5119 4658 4888 4716 4999 4856 5081 4658 4913 4928 4727 4892 5016 4744 5192 4443 5452 4913 5027 4801 5157 5160 4840 5303 4753 4536 5033 4631 5021 4865 4994 4784 5142 5210 5115 4850 5021 4924 4950 4640 5085 4976 4757 4817 4527 4790 5013 4914 4746 5010 5230 4844 5026 5313 4792 5202 5142 4896 4974 4773 4934 5149 4714 4872 4949 4968 4557 4803 4512 4801 4449 5013 4972 5088 4818 5267 5595 
5171 5136 5312 5296 5485 5249 5290 5129 5481 5085 5562 5423 5157 5074 5125 5591 5213 5288 5278 5226 5401 5067 5183 4763 5443 4874 5047 5474 5231 5529 5319 5472 5307 5139 5032 5430 5183 5514 5147 5529 5250 5675 5253 5051 5269 5468 5462 5549 5312 5149 5334 5283 5474 5351 4971 5033 5107 5024 5258 5282 5142 5393 5564 5574 5075 5035 5003 5589 5665 5693 5113 5074 5057 4777 5125 5255 5004 5140 5216 5540 5976 5055 5507 5248 5215 5392 4850 5196 5285 5643 5318 5428 4995 4986 5290 5274 5533 5564 5485 5187 5349 5012 5105 5305 5730 5428 5680 5411 5302 5434 5012 4675 5201 4934 5445 5387 5236 5175 5362 5663 4605 5056 5029 4964 5169 5898 4863 5258 5111 4989 5447 5465 5287 4957 5156 5120 5151 5166 5098 5349 5163 5336 4772 5220 5183 5256 5418 5378 5147 4924 5507 5074 5039 5162 4781 5420 5072 4941 5266 5200 5207 5152 5060 5113 5375 5166 5188 5003 5498 5477 4859 5603 4949 5105 5269 5236 5073 4878 5915 5186 5102 5447 5070 5163 5412 5147 4842 4894 4986 5064 5444 5445 5201 5398 4828 5840 5522 5391 5106 5563 5450 5038 5471 5195 4903 5186 4883 5355 5205 5191 4824 5402 5440 5153 4912 5247 5342 5471 5105 5249 5227 5224 5273 4680 5097 5634 5149 5311 5572 5529 5242 5375 5593 5012 5466 5349 5334 5461 5117 5544 5797 5158 5377 5519 5296 5050 5285 5085 5033 4774 5283 4971 5459 5295 5581 5853 
5093 5105 4944 5483 5338 5455 5373 5065 5677 5254 5372 5368 5298 5490 5067 5099 5327 5107 5444 4974 5545 5113 5113 5112 5503 4732 5155 5177 5185 5348 5033 5220 4979 5221 5208 5199 5267 5272 5201 5389 4976 5585 5372 4873 5167 5381 5379 5381 5029 5139 5275 5170 5343 5207 5010 4865 5387 4982 5270 5472 5205 5173 5385 5488 4855 4856 4866 5346 5716 5496 5181 4981 4755 4598 5448 5051 4934 5159 5126 5644 5662 4940 5032 5271 5242 5205 5072 5042 5249 5442 5360 4988 4896 4944 4848 5471 5630 5272 5430 4935 4846 4856 5001 5216 5283 5416 5636 5171 5462 5180 4927 4854 5247 4628 5348 5209 5111 5015 5476 5430 4877 4786 5285 4888 4991 5784 4896 5217 5178 5208 5301 5679 5376 4896 4919 5348 5093 4997 4989 5501 5125 5100 4831 5214 5219 5222 5348 5245 5215 5036 5167 4964 4869 5207 4713 5705 5039 5140 4972 4964 5353 5393 4901 5125 5178 5110 5019 5013 5151 5195 4770 5577 4755 5186 5173 5183 5197 4948 5337 5114 4847 5337 4934 4959 5166 5146 4929 5364 4929 5147 4966 5174 4993 5197 4730 5969 5377 5386 5101 5622 5233 4903 5181 5085 5197 4898 4721 5058 5263 5336 4891 5483 5405 5279 4895 5372 5254 5117 5099 5209 5280 5216 5347 4621 5325 5409 4825 5227 5722 5667 5119 5407 5550 5106 5560 4990 5142 5379 5104 5382 5639 4962 5033 5444 5208 4779 5421 4880 5054 4744 4905 5092 5513 5270 5524 5794 
5249 4906 5035 5189 5169 5152 5209 4886 5220 5026 5597 5424 5290 5254 5031 5369 5162 4999 5563 4915 5095 4845 5168 4984 5466 4772 5316 4798 5138 5281 4972 5475 5081 4912 5197 5088 5026 5507 5102 5476 5277 5591 5418 5090 5119 5118 5616 5618 5092 5281 5493 5213 5126 5260 4815 4945 4981 4969 5139 5228 4953 5328 5373 5368 4876 5051 4969 5752 5773 5573 5223 5103 4565 4830 5193 5040 4817 4697 4781 5287 5948 5185 5168 5333 5070 5324 5203 5102 5157 5191 5180 5116 5175 5443 5182 5449 5478 5406 5121 5109 4916 4955 5281 5197 5203 5128 5273 4993 5399 5190 4862 4933 5160 4730 5101 5279 5060 4981 5379 5292 4865 4842 5543 5153 4941 5756 5153 5020 5262 5187 5359 5453 5265 5309 5132 5406 4948 4921 5204 5429 4869 5072 4691 4898 5464 5242 5411 5200 5101 5025 5276 5170 4567 5363 4866 5395 4823 4813 5005 5084 5102 5077 4928 5139 5409 5100 5368 4942 5248 5209 4917 5165 5066 5212 5443 5213 4917 4774 5371 5394 4845 5041 4968 5286 5239 5132 5170 4893 5254 5057 5170 5506 4890 5212 4763 5824 4996 5460 5045 5412 5356 4998 5236 4759 4884 5242 5105 5148 5143 5220 4975 5514 5348 5375 5119 5107 5265 5235 4962 5188 5212 5153 5010 4534 5318 5233 4955 5069 5479 5474 5185 5141 5639 4969 5333 5185 5539 5506 5092 5418 5358 4846 5298 5111 4969 4729 5188 5018 4874 4830 5301 5121 5564 5363 5323 5708 
4875 5209 5013 5258 5314 4912 4896 4976 5545 4852 5383 5230 5161 5290 5364 5299 4854 5063 5493 4844 5063 5021 5050 5037 5421 4558 5006 5266 5459 5411 5080 5466 5159 4840 5229 5090 5403 5377 5123 5103 4830 5537 5498 4883 5139 5359 5487 5377 5179 4969 5241 4893 5174 5254 4764 4790 4971 5057 5239 5186 5160 5216 5431 5240 4949 4884 4959 5372 5667 5499 4926 4939 4758 4974 5226 5213 4759 4818 5022 5242 5737 5134 5472 5332 5148 5329 4994 5051 4912 5420 5039 4855 4852 4884 5054 5425 5205 5458 4916 5304 4884 4670 5154 5121 5292 5509 4997 5233 5254 5358 4905 4985 5213 4775 5198 4957 5247 4953 5352 5173 4763 4618 5357 4885 5129 5676 4894 5201 4957 4965 5401 5336 5378 4905 4992 5191 5278 4812 4935 5141 4985 5274 4517 5053 5101 5107 5090 5114 5036 5154 5029 5061 4658 5312 4654 5511 5161 4913 4917 5224 5215 5172 5114 4774 5193 5105 5036 4964 5119 5118 4804 5419 5213 5032 5358 5267 4938 4940 5329 5287 4966 5174 4861 5189 5177 4809 5067 4928 4930 5156 5094 5554 4734 5164 4983 5855 5064 5392 4953 5455 5292 4532 5242 4905 5021 5135 4862 5184 5115 5219 4813 5274 5191 5383 4824 5267 5372 5103 4916 5229 4986 5213 5173 4566 5156 5270 4975 4980 5325 5399 5040 5009 5284 4892 5551 5235 5198 5238 4917 5185 5295 5139 5221 5448 5101 4890 5109 4889 4999 4702 5109 5374 5319 5430 5361 5911 
4922 5123 5274 5321 5572 5030 5305 5108 5108 4900 5780 5559 5377 5100 5151 5383 5064 5284 5676 5183 5413 5152 5498 5152 5362 4536 5230 5273 5534 5473 5209 5751 5162 5080 5255 5364 5718 5478 5334 5602 5275 5890 5501 5176 5284 5528 5507 5426 5295 5040 5412 5328 5293 5322 4878 5048 5061 5343 5232 5496 5039 5610 5370 5612 5048 4904 5195 5455 5651 5678 5119 5358 5020 4860 5383 5215 4908 5130 5063 5635 5766 4956 5254 5430 5676 5499 5155 5285 5252 5632 5053 5172 4948 4915 5353 5536 5534 5685 5156 5163 5032 4722 5338 5309 5412 5682 5267 5256 5694 5507 5088 4988 5327 4963 5436 5113 5136 5178 5493 5402 4948 4869 5230 5189 5117 5871 4924 5410 5277 5289 5432 5579 5294 5320 5367 5082 5267 5017 5154 5247 5275 5073 5025 5121 5471 5318 5409 5429 5327 5294 5230 5220 4894 5113 4925 5715 4867 4983 5140 5266 5346 5336 4942 5267 5349 5299 5351 5493 5515 5193 5107 5593 5075 5202 5403 5139 5198 5171 5499 5290 5032 5462 5075 5227 5001 5257 5183 5145 5262 5165 5380 5535 4933 5411 4785 6022 5456 5783 4921 5825 5673 5308 5684 5091 5060 5242 4965 5396 5583 5344 5127 5680 5439 5432 5137 5447 5353 5588 5091 5388 5213 5103 5261 4808 5326 5390 5133 5273 5621 5655 5211 5148 5559 5359 5468 5412 5575 5606 5171 5360 5725 5249 5328 5722 5179 4618 5473 5051 5166 4799 5161 5105 5338 5499 5840 5829 
5328 5220 5298 5599 5538 5464 5599 4979 5903 5394 5652 5507 5739 5630 5529 5641 5422 5496 5903 5305 5439 5277 5265 5365 5717 4908 5662 5596 5551 5637 5501 5672 5309 5486 5321 5721 5571 5704 5584 5675 5446 5971 5649 5125 5416 5783 5733 5669 5546 5445 5598 5390 5561 5613 5438 5255 5135 5519 5610 5596 5295 5663 5791 5821 5325 5124 5443 5901 5901 5839 5439 5422 4993 5096 5759 5279 5026 5342 5257 5834 6057 5009 5818 5948 5518 5517 5239 5431 5603 5638 5408 5412 5208 5148 5368 5776 5716 5901 5553 5572 5326 5172 5307 5450 5571 5715 5805 5402 5716 5756 5442 5190 5546 5267 5738 5633 5627 5399 5813 6020 4912 4965 5686 5353 5410 6156 5276 5557 5597 5107 5598 5733 5605 5369 5372 5433 5373 5200 5514 5762 5268 5483 5103 5401 5543 5622 5800 5705 5611 5187 5660 5400 4889 5570 4936 6069 5297 5251 5228 5406 5532 5699 5125 5547 5643 5468 5468 5506 5809 5457 5139 5873 5475 5538 5516 5307 5241 5094 5594 5465 5283 5654 5330 5457 5425 5206 5514 5381 5509 5311 5432 6117 5254 5403 5135 6406 5612 5885 5177 5981 5699 5279 5457 5544 5258 5621 5233 5516 5562 5792 5222 5924 5737 5509 5322 5523 5488 5493 5382 5567 5756 5504 5542 4988 5553 5564 5350 5345 5713 6122 5569 5331 5977 5490 5623 5449 5533 5816 5355 5730 5795 5332 5516 5843 5750 5007 5443 5336 5258 5221 5151 5890 5607 5569 5900 6181 
5184 4996 4777 5371 5239 5082 5113 4716 5607 5079 5420 5256 5438 5255 5224 5377 5129 5043 5493 4900 5067 4785 5057 4946 5433 4548 5252 5233 5347 5420 5142 5515 5154 5102 5320 5378 5206 5509 5223 5444 5115 5629 5399 4974 5214 5367 5446 5348 5053 4763 5303 5172 5168 5023 5132 4866 5057 5093 5409 5101 4968 5141 5373 5654 4908 5004 5127 5496 5708 5393 5035 5088 4901 4672 5363 5132 4673 4981 4907 5559 5692 4875 5237 5146 5190 5175 4848 5303 5172 5410 5409 5123 4982 4956 5104 5131 5217 5553 5248 5272 4779 4841 4952 5299 5261 5294 5552 5085 5549 5475 4985 4944 5306 4910 5277 5275 5259 5003 5221 5528 4368 4911 5278 5043 5056 5528 4809 5514 5296 4969 5249 5347 5349 5124 5071 5127 5169 5083 5255 5439 5121 5065 4828 5066 5144 5165 5282 5124 5282 5081 5407 5200 4511 5076 4926 5544 5116 4959 5098 4859 5085 5042 4978 5185 5445 4852 5184 5101 5227 5347 4828 5339 4993 5195 5331 4944 5255 4696 5421 5107 5025 5145 5049 5013 5021 5017 5057 5105 5174 5158 5332 5521 4993 5252 4930 6137 5278 5574 4811 5757 5322 4959 5201 5117 4887 5253 4697 5117 5287 5371 5261 5412 5254 5302 4989 5158 5425 5248 4634 5222 5239 5167 5300 4656 5304 5339 5063 5465 5398 5619 5127 5161 5225 4957 5337 5128 5273 5203 5195 5033 5534 5063 5118 5423 5365 4732 5149 4695 5043 4601 5031 5218 5368 5290 5583 5764 
5270 5141 5268 5477 5527 5246 5405 5250 5367 5241 5474 5288 5927 5330 5339 5585 5293 5539 5610 5152 5189 5027 5486 5047 5584 4965 5520 5127 5478 5368 5207 5549 5571 5316 5287 5282 5227 5530 5636 5559 5554 5796 5681 4932 5521 5645 5744 5454 5474 5280 5801 5585 5358 5343 5326 5110 5322 5266 5445 5556 4979 5349 5731 5451 5247 5016 5084 5648 5877 5973 5377 5502 4896 5035 5294 5239 4654 5072 5068 5685 5927 5342 5377 5616 5458 5605 5014 5348 5628 5772 4941 5256 5530 5546 5442 5664 5675 5735 5528 5402 5114 5156 5320 5381 5471 5523 5556 5280 5426 5612 4894 5045 5341 4990 5544 5328 5270 5283 5504 5515 4960 4876 5473 5071 5364 5997 5236 5133 5396 4953 5536 5741 5578 5190 5375 5454 5378 5029 5345 5780 5358 5348 5130 5244 5577 5417 5475 5395 5342 5408 5626 5251 4795 5450 4948 5543 5221 5191 5055 5184 5367 5509 5152 5339 5390 5219 5517 5313 5564 5315 5193 5564 5269 5411 5567 5340 5204 5191 5787 5650 5030 5595 5094 5464 5137 5377 5222 5323 5356 5192 5529 5888 5114 5282 5131 6220 5263 5714 5245 5841 5435 5138 5514 5385 5151 5391 5361 5448 5369 5667 5220 5740 5458 5409 5250 5458 5576 5318 5097 5179 5630 5288 5379 4875 5457 5521 5244 5330 5711 6016 5444 5524 5946 5506 5362 5582 5245 5729 5574 5628 5607 4991 5644 5323 5493 5102 5246 5319 5346 4970 5451 5337 5450 5624 5613 6039 
5112 5101 4899 5385 5219 4975 5354 4991 5447 5065 5514 5325 5283 5056 5302 5301 5210 5232 5454 5090 5072 5182 5141 4956 5342 4706 4942 5001 5282 5311 4948 5432 5108 5271 4890 5116 5110 5456 5243 5530 5106 5665 5363 4834 4968 5372 5409 5441 5350 5114 5406 5239 5345 5214 5000 4842 5175 4984 5189 5115 5073 5747 5517 5202 5266 4983 5129 5727 5818 5430 4969 5090 4836 4754 5352 4797 4903 5252 5044 5498 5946 4901 5352 5128 5200 5098 4878 5219 5258 5282 5007 5323 4954 5039 5242 5237 5468 5492 5159 5051 5291 4989 5045 5095 5420 5457 5389 4951 5463 5202 4917 4499 5221 4884 5450 5131 5127 5127 5238 5539 4729 4877 5201 4827 5115 5963 4826 5117 5447 5061 5263 5472 5417 5254 4909 5120 5284 5087 5003 5346 4996 5245 4819 5072 5188 5217 5341 5357 4970 4964 5231 5267 4747 5243 4754 5386 4982 4712 4950 5217 5060 5269 4690 5328 5192 4995 5087 5272 5412 5138 4750 5385 5114 4886 4987 5034 5001 4984 5507 5227 4994 5218 4959 5073 5196 4851 5421 4673 5029 5120 5347 5533 4953 5194 4877 5860 4988 5574 5231 5532 5188 4860 5350 5173 5057 5242 4913 5178 5408 5374 4856 5567 5358 5134 5014 5348 5321 5230 5158 5247 5427 5484 5477 4287 5030 5524 5045 5081 5282 5581 5262 5122 5489 5021 5464 5386 5294 5567 5275 5406 5647 4868 5506 5484 5331 4812 4948 5302 5204 4953 5225 5195 5204 5462 5390 5620 
5331 5105 5151 5490 5704 5229 5333 5292 5554 5179 5835 5429 5466 5517 5282 5298 5350 5207 5872 5170 5365 5268 5444 5392 5533 4847 5418 5243 5586 5662 5183 5594 5450 5416 5224 5410 5500 5461 5358 5493 5219 5578 5692 5039 5389 5584 5813 5561 5376 5267 5668 5490 5196 5513 4995 5001 5261 5224 5327 5504 5330 5561 5456 5525 5096 5117 5182 5398 5991 5735 5250 5457 4966 4726 5526 5337 4952 4924 4952 5572 5833 5275 5484 5427 5535 5304 5505 5389 5434 5972 5458 5196 5032 5184 5114 5659 5456 5488 5309 5349 4905 5184 5053 5573 5117 5561 5412 5172 5489 5420 5302 5184 5435 4932 5170 5281 5320 5103 5487 5596 4977 4822 5423 4963 5587 5961 5076 5300 5241 5259 5524 5631 5395 5215 5580 5453 5151 5150 5219 5600 5063 5217 4830 5100 5382 5263 5418 5453 5264 5250 5480 5203 5009 5345 5041 5654 5326 5180 5043 5220 5369 5484 4999 5280 5554 5220 5342 5203 5250 5279 5046 5555 5153 5452 5397 5146 5003 5054 5737 5270 5241 5272 5169 5214 5193 5308 5370 5208 5388 5377 5243 5789 4972 5186 5187 6033 5275 5926 5175 5807 5288 5166 5650 5468 5232 5312 4806 5268 5436 5476 5070 5334 5491 5457 5040 5616 5415 5423 4788 5132 5244 5201 5473 4665 5211 5597 5195 5227 5752 6008 5309 5384 5494 5282 5771 5452 5512 5708 5324 5428 5465 5262 5375 5660 5092 5026 5456 5283 5146 4983 5065 5471 5592 5745 5604 5994 
4970 4812 4723 5294 4944 4967 5095 4682 5288 5032 5355 5103 5225 5015 5008 4947 5028 4838 5251 4919 4929 4999 4834 5134 5129 4582 5004 4955 5064 5051 4846 5212 5103 5149 4957 5215 4914 5144 5261 5347 4859 5458 5172 4676 5042 5200 5420 5205 4795 4859 5140 5022 5188 5142 5140 4906 4769 4981 5048 5193 4970 4960 5302 5110 4756 4726 5077 5262 5628 5484 4986 4971 4667 4544 5013 5025 4777 4826 4730 5358 5570 4742 5189 5137 5055 4957 4892 5004 5180 5044 5082 4708 4693 4967 4974 5007 5218 5173 5185 4936 4523 4806 4917 5176 5177 5278 5160 4773 5355 5256 4987 4803 4890 4697 5136 5209 5274 4799 5154 5192 4787 4538 4989 4591 4905 5540 4900 5102 5021 4872 4949 5269 5235 4978 5057 4913 5045 4793 5177 5300 5081 5181 4666 4885 5150 4917 5325 5121 4892 4917 5295 5120 4530 5096 4600 5235 4714 4962 4585 4838 5094 5217 4931 5020 5273 5214 4894 4894 5022 4811 4363 5281 4873 5193 5196 4883 5025 4726 5319 4893 4800 5282 4728 4762 4981 4857 5112 4962 4911 4991 4962 5296 4958 4912 4601 5856 5161 5326 4951 5471 4725 4856 5050 4975 4895 4953 4720 5127 5110 4956 4971 4994 5079 5102 4950 5162 4984 4917 4717 4928 4932 4797 5225 4267 5145 5112 4767 5061 5366 5617 5076 5053 5344 5003 4853 5219 5040 5053 4813 5006 5284 4700 4952 4907 4931 4697 4786 4946 5007 4705 4839 5282 5355 5121 5224 5599 
5056 4797 4983 5121 5095 4691 5059 4523 5223 4936 5161 5387 5082 4832 5108 5121 4787 5017 5160 5094 5127 4836 5111 4913 5142 4393 4703 4995 4985 5247 4904 5151 4959 4779 5135 4973 5031 4815 5086 5104 4778 5280 5277 4627 4860 4996 4976 5327 4961 4988 5028 4658 4931 4954 4696 4568 4971 5065 4944 5076 4877 4945 5171 5125 4612 4806 4794 5216 5517 5320 4899 4964 4464 4366 5141 4992 4727 5071 4802 5250 5464 5179 5245 4929 5109 5239 4636 5020 5075 5276 4989 4960 4644 4646 4733 5239 5191 5189 5100 4619 4755 4469 4794 4953 5396 5359 4938 5059 5259 5274 4909 4522 4954 4462 5157 4961 4821 4830 5092 5363 4653 4577 4716 4644 4730 5452 4697 5021 5105 4929 5176 5158 4991 4923 4987 4986 4791 4672 4948 4939 4719 4965 4456 4801 5003 4984 5057 4939 4644 4825 4858 4942 4652 5034 4346 5404 4817 4615 4769 4701 4671 5134 4830 4995 4949 4887 4786 4748 5099 4799 4495 5265 4607 4858 4923 4968 4778 4807 5181 4783 4687 5094 4812 5043 4901 4910 5232 4811 5008 4624 4930 5119 4543 5236 4612 5615 5129 5063 4720 4948 4849 4737 5380 4830 4905 4850 4785 4918 4927 4981 4869 5307 5021 5107 4912 4948 4987 5060 4572 4909 5026 5164 5063 4166 4671 4739 4537 5022 4950 5495 5076 4921 5224 4763 5113 5072 5141 5174 4830 5141 5155 5133 5212 5160 5121 4443 4838 4943 4614 4479 4547 5181 5015 5070 5329 5584 
5552 5102 5367 5621 5433 5402 5772 5196 5627 5443 5779 5619 5620 5524 5147 5520 5192 5441 5666 5301 5436 5098 5255 5169 5740 4920 5402 5343 5451 5563 5453 5456 5163 5245 5336 5531 5568 5456 5286 5567 5209 5873 5752 5006 5510 5524 5746 5682 5347 5339 5551 5499 5479 5534 5119 5387 5285 5261 5407 5549 5303 5402 5643 5585 4985 4969 5284 5866 5840 5779 5326 5321 4760 4820 5565 5439 5139 5551 5275 5557 6036 5335 5770 5423 5447 5704 5044 5477 5400 5764 5282 5255 5256 5071 5231 5728 5678 5742 5443 5358 4928 5278 5296 5343 5754 5792 5581 5274 5685 5363 5207 5015 5630 4965 5429 5458 5427 5366 5426 5828 4976 5243 5317 5075 5130 5913 5185 5438 5570 5239 5529 5630 5422 5220 5390 5518 5384 5167 5350 5628 5283 5487 5111 5280 5758 5576 5549 5362 5308 5248 5486 5319 4753 5285 4991 5542 5183 5141 5163 5178 5569 5428 5057 5197 5703 5209 5277 4955 5566 5553 5201 5631 5066 5372 5512 5413 5275 5154 5552 5481 5163 5575 5095 5163 5167 5462 5172 5209 5418 5250 5686 5623 5242 5721 5047 5944 5449 5695 5443 5874 5586 5422 5535 5360 5214 5375 5220 5515 5353 5583 5312 5593 5485 5385 5276 5670 5247 5469 5206 5323 5477 5443 5740 4685 5701 5458 5185 5236 5568 5817 5497 5558 5925 5074 5697 5608 5593 5770 5374 5665 5549 5451 5277 5762 5516 4831 5387 5530 5284 5057 5090 5562 5568 5760 5757 5810 
4905 4780 4755 5280 5168 4870 5129 4792 5138 4595 5376 4907 4862 5043 4998 5116 4803 5000 5054 4601 4985 4484 4929 4573 5137 4498 5084 4984 5248 5091 4682 5335 4813 4729 4875 5153 4911 5137 4963 5115 4895 5393 5068 4559 4813 4962 5126 5039 5076 4719 5108 4787 4856 4814 4711 4728 4816 4956 5179 4918 4874 5083 5379 5252 4512 4706 4655 5209 5625 4922 4702 4930 4516 4724 4960 4884 4755 4644 4752 5348 5236 4810 5092 4983 4871 4945 4616 4949 4993 5171 5145 4523 4455 4874 4952 5183 5428 4939 4742 5033 4691 4582 4846 5099 5126 5338 5066 4842 5124 5325 4669 4748 5060 4702 5246 4831 4693 4815 4826 5101 4586 4476 4999 4761 4679 5247 4508 4825 5006 4699 5188 5096 5185 5093 4735 4814 5094 4536 4898 4972 4575 4916 4644 4932 5116 4850 4864 5100 4835 4777 4842 4627 4177 4798 4584 5219 4671 4616 4855 4725 4881 4974 4556 4679 5013 4846 4795 4744 4927 4854 4369 5329 4739 4955 5043 5065 4810 4793 5079 4961 4598 4851 4752 4800 4709 4638 4664 4761 5026 4560 5090 5330 4878 5276 4682 5541 4711 5020 4923 5482 5076 4911 4972 4848 4600 4846 4870 4887 4952 5038 4651 5289 5167 5131 4509 4927 5138 4994 4899 4757 4783 4957 4814 4303 5049 5103 4752 5038 5049 5362 4825 5000 5234 4793 5008 4909 4952 5062 4987 5140 4980 4686 4826 5288 4852 4439 5022 4945 4872 4817 4801 4906 5043 5076 5076 5417 
5159 5025 5307 5314 5699 5242 5566 4986 5561 5052 5544 5266 5239 5390 5143 5268 5042 5470 5306 5136 5151 4893 5354 4969 5471 4989 5421 5203 5342 5302 4906 5588 5192 5159 5232 5519 5306 5622 5366 5193 5136 5744 5421 4794 5286 5667 5415 5602 5246 4916 5378 5310 5432 5466 4845 4998 5294 5132 5467 5328 5212 5146 5460 5426 4908 5063 4864 5686 5768 5462 5186 5073 4948 5033 5307 5215 4846 5001 5293 5569 5757 5198 5372 5327 5235 5410 5112 5143 5148 5463 5448 5059 5060 5087 4903 5379 5462 5576 5169 5200 5139 5129 5053 5293 5651 5568 5459 4964 5232 5444 5050 4922 5351 4914 5460 5136 5080 4977 5173 5466 4990 5098 5302 4928 5136 5707 5079 5256 5059 5163 5255 5320 5255 5188 5233 5080 5161 5239 5044 5352 4950 5346 4991 5218 5339 5203 5438 5152 5203 5318 5355 5207 4784 4998 5045 5481 4927 5139 5217 5064 5307 5441 4944 5145 5392 5096 5216 5030 5155 5579 4784 5374 4996 5342 5152 5117 5164 4945 5558 5440 4897 5256 5120 4931 5268 5283 4939 4975 5216 5355 5224 5541 5061 5406 5120 5777 5236 5465 4995 5612 5447 5028 5481 5442 5182 5196 4881 5247 5237 5325 5037 5278 5227 5534 5001 5504 5464 5538 5130 5102 5167 5277 5333 4572 5332 5413 4909 5127 5301 5660 5353 5251 5697 5228 5485 5254 5252 5616 5079 5367 5413 4940 5126 5706 5354 4955 5502 5223 5113 4759 5077 5392 5843 5582 5404 5697 
5067 4946 5089 5312 5422 5035 5272 4956 5393 4992 5380 5333 5460 5071 5100 5456 5085 4958 5319 5019 5193 5138 5044 4950 5137 4592 4921 5069 5150 5550 5270 5277 5253 5218 5172 5059 5169 5415 5232 5301 5013 5627 5400 4935 4980 5551 5558 5469 5193 4839 5269 5196 5491 5041 4917 5048 5007 4945 5160 5175 4919 5296 5294 5427 4731 4953 4904 5368 5449 5472 5038 4929 4473 4912 5073 5139 4727 4886 4851 5668 5480 5036 5186 5148 5022 5359 4788 5136 5104 5450 4976 4943 4979 4790 4914 5299 5555 5336 5140 5240 4911 4695 5145 5249 5398 5393 5271 5028 5409 5360 4872 4835 5147 4639 5409 5270 4999 5201 5301 5364 4744 4911 5165 4931 5119 6050 4905 5406 5380 5036 5191 5495 5048 5034 4936 5151 4943 4981 5240 5316 5143 5028 4621 5022 5377 5408 5252 5192 4949 5147 5403 5277 4514 5281 4759 5323 4929 4781 4811 5198 5225 5239 4765 4973 4937 5091 4912 5176 5523 5106 4966 5268 4906 5192 5227 5321 4916 5066 5359 5263 4977 5249 4973 5226 5094 5128 4815 4917 5028 5038 5190 5338 4594 5335 4877 5889 5371 5372 5032 5491 5326 4907 5295 4992 5060 5025 4724 5301 5322 5141 4900 5457 5433 5328 5000 5215 5341 5151 4906 5270 5288 5142 5112 4804 5140 5300 5004 4991 5300 5315 5275 5000 5486 5119 5336 5194 5172 5215 5169 5249 5595 5099 4985 5353 5159 4862 4916 5076 4872 4848 4992 5297 5427 5411 5414 5768 
5493 5109 5307 5565 5387 5406 5572 4904 5524 5285 5435 5411 5426 5269 5263 5580 5240 5491 5584 5332 5567 5229 5501 5003 5802 4899 5429 5284 5460 5741 5417 5743 5326 5237 5370 5516 5540 5573 5516 5490 5504 5777 5653 5261 5557 5563 5746 5684 5382 5037 5604 5175 5485 5097 5391 5230 5366 5313 5420 5561 5096 5181 5662 5455 5139 5312 5084 5794 5919 5818 5271 5498 4971 4984 5324 5488 4910 5156 5135 5788 5795 5206 5704 5522 5310 5631 4938 5457 5238 5632 5313 5190 5435 5291 5463 5729 5962 5724 5321 5505 5235 5261 5300 5335 5532 5553 5737 5405 5440 5601 5112 5131 5685 4840 5634 5455 5239 5382 5345 5491 4765 5155 5398 5261 5267 6212 5018 5619 5397 5048 5225 5555 5633 5379 5269 5437 5589 5155 5310 5657 5164 5333 5078 5381 5603 5300 5438 5487 5355 5128 5482 5390 4837 5406 5046 5671 5135 4870 5236 5228 5561 5373 5232 5198 5623 5405 5344 5346 5381 5406 4929 5677 5374 5262 5469 5201 5225 5131 5652 5406 4945 5636 5503 5067 5314 5629 5269 4946 5363 5262 5754 5668 5048 5454 5123 6096 5314 5877 5263 5685 5513 5370 5621 5447 5045 5220 4927 5364 5353 5528 5075 5823 5688 5634 5186 5297 5490 5397 5129 5446 5489 5452 5402 4727 5518 5537 5321 5390 5686 5747 5549 5510 5909 5361 5472 5364 5185 5688 5570 5719 5789 5277 5385 5669 5349 5177 5349 5271 5068 4839 5331 5208 5493 5415 5651 5902 
5024 5101 5036 5307 5328 5047 5343 5039 5270 4935 5532 5266 5276 5306 5026 5430 5192 5188 5466 5162 5203 5128 5092 4744 5301 4513 5360 5231 5381 5360 4976 5403 4975 5277 5194 5180 5349 5379 5292 5362 5056 5680 5211 4885 5052 5487 5588 5460 5270 4854 5403 5335 5220 5119 4991 4944 5033 5005 5198 5386 5004 5191 5250 5533 4782 5049 5019 5384 5495 5680 5178 5229 4914 4603 4928 5339 4869 4984 5085 5416 5379 4997 5324 5350 5128 5340 5115 5261 4938 5434 5206 4906 4890 4947 5076 5311 5436 5466 5452 5311 4904 4941 5200 5216 5220 5380 5413 5082 5260 5344 4739 4784 5225 4833 5358 5342 4977 4891 5370 5378 4776 4516 5410 5035 5170 5663 4915 5197 5399 5216 5087 5281 5267 5155 5178 5048 4976 5082 5033 5298 5206 5029 4795 4949 5385 5306 5054 5074 5066 5069 5493 5140 4830 5126 4789 5313 5014 4617 4861 5038 5132 5196 4886 4977 5182 4873 5423 4985 5215 5012 4800 5499 5126 5228 5208 4815 5101 5184 5591 5298 4842 5417 4759 5044 5093 5135 4894 4918 5236 4908 5570 5344 4865 5430 4754 6044 5220 5712 4968 5655 5404 4945 5426 4862 5044 5039 4802 5090 5257 5326 4939 5296 5271 5292 4790 5226 5133 5350 5170 5055 5057 4999 5446 4727 5149 5348 4790 5093 5260 5819 5276 5097 5435 5292 5297 5292 5290 5481 4810 5037 5464 4844 5095 5491 5159 4603 5213 5170 4932 4699 4886 5218 5405 5196 5482 5575 
4994 5040 5172 5354 5166 4975 5263 4942 5549 4994 5380 5269 4983 5358 4955 5435 4985 5032 5556 4937 5189 5136 5045 4828 5288 4710 5312 5028 5326 5277 4973 5167 5230 4788 5151 5095 5607 5442 5367 5080 5026 5892 5200 4937 5338 5310 5322 5374 5217 5274 5485 5158 5353 5376 4797 4818 4995 5321 5391 5584 5198 5381 5464 5394 4892 5096 4778 5621 5574 5379 5109 4923 4864 4918 5258 5169 4844 5007 5249 5723 5851 5099 5363 5634 5163 5425 4820 5211 5183 5389 5271 5191 5066 4879 5128 5259 5529 5585 5332 5120 5053 4918 5039 5207 5584 5485 5346 5215 5376 5404 4884 4728 5355 4778 5518 5119 5316 5070 5247 5416 4839 4754 5336 5119 5054 5556 5180 5286 5404 5030 5420 5355 5252 5020 5263 5316 5043 5084 4963 5478 5090 5257 4868 5111 5651 5330 5346 5124 4952 5262 5352 5111 4743 5147 4769 5509 4733 4829 5070 4999 5087 5125 4984 5195 5130 5055 5168 5025 5193 5306 4888 5464 4960 5209 5415 5345 5147 4844 5602 5234 5179 5205 4849 5078 5328 4948 4901 5176 5283 5109 5249 5327 4972 5386 4860 6041 5321 5275 4971 5375 5342 4932 5281 5087 4939 5267 5016 5130 5168 5106 5159 5514 5490 5331 4793 5099 5363 5370 5057 5240 5184 5038 5253 4649 5199 5023 4949 5176 5322 5673 5108 5120 5609 5182 5376 5222 5468 5693 5175 5335 5536 5124 5323 5469 5300 4947 5216 4967 5146 4787 5094 5245 5411 5465 5677 5656 
5372 5039 5159 5783 5323 5456 5767 4964 5656 5444 5691 5434 5713 5251 5421 5382 5328 5191 5484 5326 5170 5364 5530 5371 5646 4775 5452 5396 5550 5572 5153 5632 5577 5329 5520 5642 5320 5355 5554 5444 5390 5503 5499 5085 5175 5564 5662 5607 5337 5264 5743 5321 5584 5527 5165 5159 5341 5418 5268 5455 5385 5439 5735 5495 5187 5104 5292 6030 5696 5782 5419 5312 5210 4911 5522 5251 4960 5180 5280 5883 5827 5162 5329 5503 5513 5564 5133 5359 5589 5399 5375 5305 5278 5115 5151 5835 5628 5761 5294 5260 5178 4834 5212 5521 5337 5708 5722 5126 5623 5732 4982 5079 5509 5180 5429 5441 5237 4978 5554 5756 5241 5106 5571 4966 5257 5873 5067 5269 5367 5248 5603 5885 5470 5254 5210 5325 5233 5090 5341 5511 5078 5310 5117 5159 5679 5357 5720 5498 5271 5546 5524 5241 4951 5441 4997 5643 5076 5121 5067 5194 5435 5313 4947 5324 5748 5220 5148 5449 5381 5630 5199 5787 5022 5468 5619 5317 5325 5169 5655 5121 5351 5480 4916 5239 5330 5415 5271 5198 5312 5318 5223 5668 5237 5309 5317 6095 5484 5670 5285 5902 5439 5314 5449 5504 5127 5472 5122 5440 5499 5464 5367 5428 5633 5424 5295 5569 5543 5407 4896 5499 5392 5298 5541 4756 5353 5372 5116 5375 5596 5796 5266 5281 5899 5257 5511 5468 5665 5629 5425 5233 5723 5265 5289 5522 5523 4944 5381 5182 5147 4799 5067 5463 5513 5767 5600 5819 
5520 5517 5438 5721 5656 5479 5654 5205 5733 5349 5902 5747 5898 5621 5497 5746 5338 5547 5809 5431 5539 5502 5577 5356 6082 4888 5599 5483 6045 5974 5529 5951 5571 5532 5723 5809 5797 5482 5807 5706 5652 6020 5656 5174 5246 5804 6009 5545 5310 5188 5874 5297 5827 5483 5304 5287 5512 5568 5321 6037 5286 5851 5620 5731 5278 5284 5391 5757 6152 5987 5404 5583 5277 5085 5706 5503 5331 5185 5344 5859 6057 5177 5792 5672 5609 5874 5148 5445 5556 5982 5324 5530 5302 5351 5393 5745 5604 5849 5674 5439 5132 5355 5566 5489 5595 5504 5649 5594 5665 5453 5368 5059 5417 5353 5595 5718 5557 5590 5625 5935 5155 5202 5484 5208 5473 5907 5262 5498 5740 5395 5698 5936 5430 5498 5470 5506 5686 5139 5519 5749 5440 5619 5083 5595 5721 5714 5736 5591 5386 5602 5442 5521 4927 5831 5199 5897 5522 5324 5229 5139 5541 5525 5325 5671 5787 5477 5362 5376 5680 5354 5241 6011 5368 5637 5969 5362 5550 5452 5834 5398 5399 5507 5608 5623 5447 5403 5491 5464 5403 5303 5685 5971 5031 5676 5207 6180 5826 5845 5492 5813 5362 5231 5633 5490 5464 5651 5153 5590 5667 5646 5403 5852 5701 5646 5481 5577 5702 5380 5317 5564 5448 5631 5807 4924 5481 5815 5483 5400 5815 6056 5558 5568 5956 5364 5905 5494 5750 5739 5525 5752 5971 5397 5585 5919 5535 5021 5526 5335 5632 5231 5091 5535 5864 5598 5973 6100 
5309 5399 5441 5753 5794 5522 5812 5321 5944 5410 5793 5583 5643 5588 5457 5724 5599 5414 5635 5159 5376 5437 5446 5137 5556 5044 5510 5438 5680 5824 5495 5831 5462 5444 5419 5657 5557 5859 5520 5747 5468 6201 5606 5206 5450 5937 5776 5721 5662 5356 5685 5773 5716 5413 5213 5117 5459 5231 5739 5470 5303 5656 5797 5761 5195 5227 5252 5819 6140 5682 5450 5450 5061 5127 5593 5755 5164 5261 5385 5652 6085 5276 5618 5634 5369 5769 5297 5497 5544 5989 5603 5441 5413 5316 5650 5754 5837 5748 5474 5472 5196 5128 5556 5418 5719 5652 5562 5550 5624 5653 5514 5198 5571 4976 5491 5453 5509 5422 5661 5880 5095 5147 5378 5291 5264 6228 5292 5691 5296 5487 5615 5617 5641 5356 5759 5639 5174 5325 5462 5726 5201 5497 5172 5195 5527 5482 5868 5510 5382 5377 5648 5190 5306 5474 4949 5790 5067 5207 5115 5436 5586 5529 5135 5279 5325 5333 5306 5410 5454 5634 5250 5924 5270 5686 5522 5237 5223 5199 5785 5862 5448 5538 5286 5542 5460 5369 5278 5362 5400 5642 5984 5708 5138 5320 5042 6191 5465 5879 5345 6054 5642 5353 5700 5413 5333 5162 4980 5575 5707 5619 5376 5712 5979 5788 5411 5690 5566 5355 5464 5496 5561 5551 5576 4863 5492 5735 5463 5390 6044 5655 5569 5466 6019 5506 5771 5408 5462 5342 5724 5374 5882 5423 5419 5806 5525 5205 5340 5549 5439 5111 5267 5352 5745 5643 5804 6010 
4936 4729 4807 5097 5132 4876 4965 4776 5116 4933 5288 5225 4982 4798 4642 5085 5096 5083 5186 4949 5127 4609 5318 4669 5017 4543 4955 4904 4795 4956 4823 5003 4745 4961 5100 4944 5111 5051 5194 5061 4756 5448 5210 4777 4953 5019 5166 5144 4754 4886 5110 4930 5349 4958 4924 4599 5038 4776 5140 4931 4707 5123 5087 5260 4799 5096 4832 5209 5602 5204 4887 4861 4522 4709 5360 4918 4485 4937 4728 5024 5330 4445 5076 5127 4712 5348 4725 4825 4877 5093 5051 4575 4766 4542 4751 5094 5271 5114 5038 4915 5007 4804 4681 4939 5193 5115 5053 4996 5366 5155 4879 4609 4898 4628 5005 5036 5119 4965 4963 5072 4326 4640 4924 4571 4711 5570 4748 4879 4955 4959 4903 4835 4990 4498 4899 5131 4871 4755 4898 5068 4936 4999 4467 4684 5000 4851 5044 4995 5039 4851 4858 4927 4512 4838 4444 5319 4891 4610 5032 4718 5155 5048 4930 4688 5058 4807 4880 4965 5050 4963 4554 4910 4754 4800 5035 4930 4896 4666 5082 5192 4626 4988 4841 4766 4819 5180 4741 4814 4782 4995 5209 5079 4699 5232 4395 5486 5098 5061 4882 5063 4933 4871 5099 4827 4682 5039 4741 4944 4844 5452 4809 5120 5224 4997 4855 5054 4913 5158 4703 4854 4972 5042 5233 4486 4892 5197 4915 4647 5312 5186 4924 4850 5274 4704 5168 5024 5014 5166 4826 5050 5426 4763 4897 5000 4848 4597 4906 4756 4860 4718 5021 4681 5115 5289 5364 5388 
5270 4913 4884 4998 5101 4961 4959 4794 5528 4974 5361 5123 5064 5067 5250 5185 5128 4925 5555 4962 4996 4823 4892 4621 5018 4407 5099 5363 4968 5202 4684 5342 4907 4927 5101 5162 5355 5052 5051 5150 4898 5331 5043 4847 4937 5015 5197 5438 5203 4809 5176 5096 5142 4817 5012 4940 4834 5183 5027 5004 4942 5375 5284 5190 4982 4779 5053 5360 5433 5364 4946 5144 4858 4590 5100 4827 4789 4817 4758 5303 5764 4938 4933 5241 5197 4969 4914 5095 5106 5098 5044 4934 4866 5022 5073 5267 5271 5159 5095 4780 5097 4726 5086 4982 5193 5340 5137 4901 5253 5403 4686 4650 5002 4671 5148 5196 5135 4691 5466 5435 4642 4430 5328 4912 5019 5844 4766 4902 5360 5158 5233 5369 5282 5063 4951 4988 4967 4934 4922 5207 4762 4872 4621 4964 5122 4847 5248 5036 5241 5024 5032 4947 4323 5011 4789 5375 4665 4735 4700 5177 5033 5181 4635 5125 5422 5024 5050 5015 5170 5197 4775 5294 4943 5257 5102 4867 4978 4759 5536 5037 4852 5124 4751 4927 4742 4826 4681 4968 5256 5006 4993 5383 4743 5005 4719 5823 5329 5501 4763 5314 5229 4914 5135 4890 4981 5221 4745 5070 5071 4957 4999 5417 5369 5066 4967 5109 5103 5213 5005 5341 5018 4935 5202 4725 5092 5154 4811 4949 5173 5429 4981 4999 5421 4816 5314 5152 5458 5214 4933 4913 5313 4827 4904 5282 5210 4665 4936 4816 4898 4570 5031 5417 5093 5273 5584 5724 
5095 4463 4732 5240 4835 4875 5217 4852 5440 4983 5165 5144 5154 4916 5028 4958 4685 5100 5156 4936 4934 4881 4837 4838 5132 4468 4923 4944 5107 5155 4959 5236 4990 5047 5277 5080 4926 5250 4952 5089 4971 5428 5291 4822 4966 5000 4998 5462 5185 4670 5195 4834 5215 4797 4802 4635 4960 4792 4953 5043 5068 5371 5272 5259 4728 4903 4806 5085 5693 5467 5075 5085 4930 4959 5119 4821 4536 4657 4748 5487 5447 4739 5028 5129 4997 5236 4651 5084 5088 5084 4739 4861 4683 4785 4860 5341 5110 5459 4971 4763 4948 4739 5105 5014 5270 4921 4984 5101 4976 5341 4891 4798 5177 4645 5119 5118 4905 4939 5053 5309 4548 4567 5044 4929 4989 5462 4870 5023 5062 4871 5016 5470 5008 4878 4893 4901 5082 4676 5136 5218 4953 4714 4770 5276 5358 4996 4884 5174 5038 5008 4979 4972 4321 4913 4784 5210 4774 4864 4882 4724 4843 5116 4635 5018 4963 5027 4831 4920 5181 5054 4661 5445 4877 4862 5372 5003 4860 4703 5074 4976 4814 4939 4844 4930 4865 4875 4791 4823 5135 4785 5233 5202 4730 5292 4771 5633 4872 5124 4907 5243 5110 4613 4919 5211 5106 4921 4675 4907 5232 5038 4691 5205 5459 5212 4816 4995 5480 4962 4879 5094 4910 5091 5249 4580 4880 5224 4808 4918 5139 5521 5090 5218 5417 4875 5239 5231 5034 4926 5044 5113 5223 4952 4883 5026 5084 4816 4880 5061 5159 4473 5085 5138 5214 5119 5013 5761 
5868 5743 5528 5674 5785 5428 5719 5385 5960 5595 6105 5740 5662 5694 5626 5898 5945 5606 6067 5374 5601 5293 5410 5265 5972 5174 5527 5624 5673 6076 5361 5979 5561 5600 5567 5693 5489 5936 5738 5683 5662 6134 5909 5274 5596 6009 6109 5818 5757 5472 5765 5754 5558 5456 5342 5578 5442 5478 5592 5710 5339 5796 5857 5860 5136 5165 5413 5670 6018 6098 5446 5488 5093 5229 5552 5664 5581 5346 5500 5945 6156 5595 5644 5682 5783 5662 5286 5748 5576 5781 5322 5433 5453 5428 5656 5956 5859 5849 5540 5667 5328 5546 5392 5541 5699 5640 5986 5420 5597 5657 5233 5253 5688 4981 5804 5741 5569 5661 5809 5816 5201 5034 5676 5552 5546 6370 5440 5699 5765 5441 5557 5795 5820 5748 5569 5419 5594 5507 5507 5745 5576 5580 5321 5746 5732 5815 6088 5615 5502 5532 5600 5649 5162 5709 5328 6081 5443 5367 5401 5632 5581 5803 5439 5773 5639 5735 5607 5489 5783 5846 5385 5918 5394 5569 5705 5497 5410 5343 5993 5798 5438 5654 5432 5535 5488 5347 5780 5489 5446 5310 5739 5875 5405 5870 5394 6203 5809 5968 5464 6016 5804 5282 5891 5750 5486 5553 5363 5776 5775 5768 5389 6004 5864 5893 5592 5857 5554 5581 5544 5579 5778 5706 5594 5302 5798 6070 5483 5296 5807 6152 5751 5754 5996 5430 5767 5948 5870 6006 5839 5923 6089 5540 5797 6116 6041 5205 5648 5539 5476 5111 5617 5672 5764 5632 5812 6212 
5034 5079 5052 5444 5336 5054 5281 4935 5513 5003 5482 4962 5215 5124 5084 5398 5155 5083 5604 4929 4840 4970 5106 5072 5332 4790 5183 5151 5186 5398 4919 5351 4874 5103 4885 5097 5429 5139 5228 5329 4993 5618 5209 4871 5084 5279 5655 5365 4966 5122 5392 5229 5294 5090 4812 4794 5046 4758 5187 5292 5141 5290 5486 5121 4838 5091 4990 5521 5376 5366 5007 4888 4701 4663 5205 4903 4870 4745 4972 5416 5440 4773 5498 5239 5096 5027 5105 5039 4810 5237 5219 5177 4917 5002 5265 5203 5278 5130 4989 4979 4832 4668 5068 5099 5230 5314 5196 4834 5261 5161 4937 4540 5202 4953 5391 5151 5060 4899 5128 5504 4523 4745 5075 4892 4882 5532 4684 5223 5085 5118 5124 5241 5301 5131 5046 4941 5072 4884 5074 5274 4846 5295 4724 5104 5100 5186 5476 5218 4991 5171 5054 4942 4499 4937 4818 5267 4736 5117 4714 5014 5303 5180 4814 5013 5286 5110 5224 5094 5149 5129 4722 5416 4928 5142 5086 4874 5031 5094 5210 5305 4871 5151 4807 4875 5044 4933 5035 4580 4944 5080 5005 5714 5024 5246 4650 5918 4904 5359 5066 5401 5125 4945 5071 5046 4879 4760 4482 5267 5234 5101 4789 5109 5101 4987 4922 5103 4815 4958 4983 5022 5186 5076 5302 4677 5117 5330 4852 5123 5651 5428 5388 5234 5224 5162 5181 5487 5187 5260 5153 5337 5302 4726 5046 5255 5334 4811 4957 4953 4895 4754 5072 5043 5523 5127 5364 5531 
5098 4877 5129 5431 5243 4981 5143 5011 5328 4964 5508 5312 5587 4985 5223 5200 5178 5200 5466 5060 5291 4947 5266 4690 5426 4674 4992 5227 5207 5392 4965 5484 4903 5022 5280 5140 5522 5332 5147 5326 5175 5550 5285 4783 5220 5112 5433 5772 5227 4914 5237 5040 5351 5524 4915 5265 5081 5135 5305 5323 4961 5250 5509 5289 4991 4847 5040 5611 5726 5219 5183 5141 4983 4772 5287 5131 4927 5159 5012 5582 5582 5150 5550 5333 5228 5224 4851 5093 5022 5424 5199 5219 5090 5359 5070 5497 5350 5340 5300 5071 4976 4646 5057 4981 5405 5324 5074 5141 5413 5478 4797 4994 5258 4921 5158 5338 4897 5002 5311 5505 4728 4858 5239 5053 5153 5873 5108 5395 5230 5140 5286 5479 5179 5035 4935 5164 5299 5116 5366 5266 4903 4857 4737 4873 5297 5188 5266 5237 5163 5494 5381 5088 4656 5000 4832 5371 5160 4970 4931 5117 5100 5326 4772 4884 5284 5034 5212 5244 5200 5271 5057 5410 5046 4987 5275 4923 5199 4896 5513 5305 4911 5278 4851 5066 5020 5107 4911 4828 5057 5099 5491 5657 4853 5420 4882 5875 5267 5461 5253 5452 5436 5033 5540 5198 5113 4979 4697 5375 5256 4926 5099 5149 5521 5372 5253 5216 5225 5188 4717 5322 5148 5247 5098 4771 4878 5260 4866 5450 5613 5742 5394 5270 5482 4966 5571 5295 5045 5326 5205 5376 5144 5074 5157 5535 5110 5010 5049 5188 5268 4787 4976 5207 5512 5302 5708 5834 
5052 4980 5113 5243 5370 4927 5128 5022 5646 5157 5480 5349 5381 5347 4988 5319 5269 4899 5537 5015 5327 5016 5292 5042 5615 4509 4947 5052 5283 5194 5162 5294 4923 5306 5404 5049 5448 5441 5402 5370 5103 5835 5346 4935 5339 5456 5475 5748 5285 4900 5187 5196 5332 5362 4768 5018 5086 5226 5358 5465 5167 5144 5437 5344 4772 5170 5078 5330 5620 5721 5166 5264 4809 4870 5188 5186 5011 5112 5113 5598 5569 5011 5321 5503 5401 5312 4960 5221 5326 5489 4944 5075 5023 5078 5157 5324 5644 5589 5319 5262 5031 4888 5318 5235 5429 5617 5430 5271 5350 5557 4872 4962 5319 4783 5149 5347 5004 5033 5178 5454 4782 4571 5184 5086 5377 6113 5038 5267 5231 5124 5429 5462 5338 5090 5112 5266 5066 4862 5258 5508 5002 5181 4907 5351 5285 5332 5301 5152 5241 5036 5327 5397 4847 5393 5058 5375 4885 4987 5060 5088 5080 5319 4854 5050 5199 5132 5009 4928 5352 5214 5006 5330 4966 5352 5125 5030 4823 4809 5569 5293 5149 5160 5073 5146 5352 5265 5138 4870 5349 5180 5144 5282 4933 5374 4944 5824 5330 5373 4886 5615 5449 4989 5437 5170 5295 5193 4792 5302 5173 5257 5143 5395 5641 5394 4957 5397 5314 5134 4992 5349 5198 5228 5291 4730 5256 5393 5173 5144 5519 5599 5450 5160 5647 5109 5556 5339 5268 5447 5258 5269 5556 5096 5274 5388 5303 4817 5207 5288 5169 4945 4932 4990 5525 5337 5634 5727 
5622 5330 5504 5785 5730 5550 5716 5208 5726 5487 5822 5684 5818 5537 5502 5602 5697 5706 5879 5470 5428 5375 5739 5499 5823 4986 5702 5668 5759 5870 5384 6041 5567 5563 5606 5500 5749 5890 5766 5841 5530 6286 5725 5383 5713 5988 5753 5845 5512 5452 5979 5529 6146 5608 5511 5263 5463 5504 5441 5740 5409 5772 5908 5755 5384 5527 5404 6010 6414 6074 5600 5561 5248 5260 5787 5721 5091 5591 5384 6104 6180 5314 5733 5954 5656 5657 5204 5666 5659 6115 5426 5441 5280 5489 5560 5723 5981 5898 5818 5555 5248 5381 5393 5746 5603 5840 5520 5555 5679 5879 5307 5424 5613 5017 5849 5717 5614 5611 5827 5897 5025 5364 5591 5320 5233 6416 5318 5571 5965 5292 5976 5954 5873 5508 5702 5438 5452 5135 5485 5840 5228 5365 5430 5387 5805 5601 5877 5727 5549 5650 5528 5563 5096 5661 5458 5823 5440 5478 5467 5497 5747 5573 5403 5492 5566 5452 5392 5298 5887 5725 5192 5821 5537 5669 5518 5639 5553 5451 6035 5836 5303 5803 5344 5450 5518 5604 5370 5283 5628 5532 5881 5896 5385 5697 5121 6372 5621 6004 5517 5839 5736 5569 5788 5475 5537 5510 5339 5544 5618 6115 5529 5740 6012 5843 5522 5772 5664 5552 5379 5813 5722 5873 5522 4870 5645 5811 5363 5640 5986 6042 5774 5627 6039 5442 5975 5726 5772 5648 5596 5693 5838 5269 5681 5740 5841 5100 5631 5722 5660 5140 5574 5611 5693 5521 6185 6331 
4913 4648 4908 5108 5053 4782 5135 4655 5094 4806 5178 4919 4966 4869 4897 4983 4808 4892 5232 4949 4812 4651 4850 4521 5133 4320 4963 5163 4836 5111 4753 5131 5029 4981 4730 4974 4990 5367 4852 5041 4742 5382 5040 4767 4734 5067 5380 4982 4896 4722 5151 4945 5049 5207 4639 4553 4805 4683 4984 4768 4752 4931 5149 5053 4595 4992 4810 5395 5406 5094 5048 4941 4664 4531 4991 4872 4362 4740 4657 5147 5369 4731 4986 5179 4771 4742 4730 4666 4771 5074 4819 4884 4735 4752 5047 5187 4875 5012 4875 4949 4798 4516 4609 4853 4902 5052 5262 4610 5068 5114 4626 4496 4938 4806 5029 4786 4882 4802 5055 5028 4588 4721 5072 4612 5008 5388 4470 5036 4906 4858 4837 4976 4959 4649 5088 4949 4856 4715 4875 5120 4753 4767 4498 4814 4873 5077 4920 5053 4942 4671 5010 4727 4438 4684 4591 5195 4941 4505 4770 4807 4886 4908 4486 4812 5022 4775 4921 5002 5122 4847 4611 5043 4711 4923 4869 4671 4848 4735 5316 4944 4508 4967 4813 4993 4813 4669 4736 4721 4850 4861 5132 5395 4560 4919 4408 5779 4766 5049 4641 5291 5078 4552 5018 4854 4794 4808 4539 4802 4842 4909 4486 5258 4996 4997 4623 4924 4933 4925 4823 4827 4876 4810 5031 4417 4990 4963 4623 4966 5519 5395 4991 4785 5463 4799 4764 4878 4845 5147 4596 4917 5241 4752 4742 4928 4894 4827 4911 4834 4634 4479 4900 4714 5151 5410 5060 5732 
5172 5255 5161 5443 5501 5285 5384 5148 5561 5214 5336 5388 5286 5478 5368 5711 5241 5114 5457 4951 5310 5230 5372 5205 5604 4773 5246 5458 5327 5562 5106 5589 5288 5439 5174 5208 5441 5526 5101 5785 5086 5828 5518 5252 5237 5506 5705 5685 5187 5161 5477 5311 5190 5211 5170 4987 5376 5071 5442 5472 5099 5440 5675 5616 4908 5232 5104 5623 5748 5710 5308 5154 4812 4780 5260 4961 5120 4916 5040 5774 5865 5140 5433 5192 5381 5085 4955 5253 5514 5664 5085 5270 5082 5203 5256 5521 5751 5453 5281 5254 5050 5099 5371 5397 5669 5623 5356 5058 5693 5686 5077 4888 5453 5066 5579 5452 5286 4952 5498 5569 4720 4778 5317 5112 5236 5856 4863 5436 5239 4993 5239 5454 5471 5121 5159 5312 5309 4985 5334 5658 5237 5193 4889 5335 5363 5507 5301 5169 5068 5174 5303 5320 4706 5331 4887 5800 5067 4917 5194 5146 5333 5434 5114 5292 5354 4944 5342 4987 5387 5202 4683 5549 4979 5414 5221 5215 4968 5183 5468 5230 4906 5457 5179 5074 5074 5064 5421 5055 5336 5015 5448 5760 5127 5433 5090 6080 5216 5540 5107 5652 5471 4973 5562 5208 5026 5397 4879 5572 5325 5307 5017 5667 5410 5341 4840 5345 5266 5119 4820 5135 5123 5122 5314 4782 5475 5474 4936 5087 5667 5927 5429 5483 5588 5179 5418 5413 5413 5714 5488 5406 5583 5210 5520 5670 5425 5106 5228 5051 4978 5021 5163 5294 5553 5305 5503 6006 
5488 5300 5351 5884 5682 5323 5790 5394 5588 5567 5737 5636 5438 5395 5413 5712 5603 5552 5863 5456 5520 5156 5372 5438 5663 4981 5670 5530 5528 5858 5083 5825 5271 5657 5680 5562 5676 5638 5739 5379 5691 5904 5617 5218 5573 5564 5556 5805 5570 5348 5837 5452 5606 5310 5140 5141 5396 5074 5604 5683 5418 5681 5842 5713 5011 5388 5154 5823 6018 5947 5272 5414 5055 5149 5737 5415 5028 5346 5265 5797 5596 5380 5463 5468 5480 5628 5179 5510 5544 5895 5454 5041 5138 5276 5240 5741 5709 5805 5661 5291 5211 5082 5312 5632 5657 5786 6009 5622 5822 5833 5058 4822 5594 5393 5690 5308 5276 5234 5643 5863 5040 5204 5637 5432 5584 5885 5160 5568 5832 5316 5665 5504 5833 5186 5312 5436 5254 5019 5447 5614 5332 5365 5241 5211 5720 5415 5416 5491 5484 5293 5543 5291 4923 5464 4980 5692 5306 5107 5586 5195 5482 5433 5326 5459 5828 5442 5408 5148 5614 5674 5045 5787 5243 5314 5568 5463 5356 5252 5972 5327 5089 5503 5168 5127 5451 5338 5338 5142 5586 5126 5447 5718 5246 5384 5203 6229 5432 6026 5370 5917 5736 5445 5577 5434 5150 5549 5023 5522 5591 5666 5204 5512 5812 5750 5067 5639 5482 5423 5334 5286 5284 5466 5610 4760 5426 5732 5389 5356 5543 5816 5702 5588 5917 5250 5674 5492 5815 5594 5303 5500 5723 5385 5320 5666 5608 5186 5518 5508 5199 5179 5278 5390 5760 5811 5858 5880 
5134 5270 5004 5303 5509 5198 5460 5181 5474 5040 5581 5115 5452 5370 4885 5439 5022 5285 5558 5267 5203 5010 5325 4880 5469 4743 5374 5187 5640 5420 5170 5620 5454 5213 5130 5328 5396 5390 5597 5312 4951 5600 5592 4710 5130 5497 5510 5397 5327 5203 5448 5695 5302 5346 5120 4884 5301 4930 5401 5362 4980 5269 5503 5651 5041 5189 4943 5501 5585 5772 5041 5378 4930 4837 5258 5341 4741 4919 5252 5964 5752 5163 5346 5194 5479 5362 4984 5245 5110 5858 5111 5219 4990 5051 5072 5445 5405 5333 5447 5311 5112 4919 5284 5190 5427 5574 5710 5169 5471 5335 5022 4863 5300 4892 5377 5311 5106 5005 5348 5685 5041 4763 5244 5067 4972 5864 5310 5260 5189 5130 5346 5184 5209 5018 5403 5335 5145 5256 4967 5481 5100 5341 4826 5197 5435 5342 5595 5404 4981 5290 5393 5295 4893 5248 4828 5445 5262 5069 5001 4812 5321 5344 4812 5270 5179 4940 5304 5085 5290 5261 5081 5616 5046 5401 5380 4921 5257 5178 5805 5312 4961 5343 5163 5305 5069 5018 5016 5103 5184 4960 5507 5618 5224 5214 4884 5963 5292 5748 4921 5490 5452 4961 5690 5310 5093 5248 4714 5315 5198 5481 4804 5594 5091 5308 5061 5417 5415 5331 5200 5072 5422 4802 5361 4972 5250 5428 5188 5224 5590 5662 5330 5252 5642 5182 5326 5369 5132 5714 5255 5285 5570 5059 5289 5386 5270 4929 5287 5191 5027 4784 5030 5003 5639 5509 5803 5755 
4459 4334 4410 4860 4694 4773 4812 4465 4525 4603 4994 4478 4700 4529 4487 4790 4481 4582 5052 4438 4916 4365 4909 4305 4848 4066 4555 4619 4908 4742 4309 4734 4675 4501 4609 4692 4646 4391 4662 4607 4343 4993 4831 4260 4314 4872 4846 4695 4758 4456 4857 4534 4783 4712 4506 4484 4440 4461 4602 4673 4494 4584 4778 4647 4324 4625 4280 4716 5116 4779 4433 4716 4183 4144 4697 4564 4299 4529 4529 5158 4950 4484 4731 4991 4535 4923 4322 4767 4577 4815 4522 4340 4405 4502 4539 5029 4992 4885 4599 4689 4422 4011 4489 4724 4540 4951 4600 4472 4792 5132 4319 4255 4724 4385 4826 4853 4448 4608 4668 4668 4164 4227 4575 4279 4607 5124 4457 4600 4782 4477 4660 4704 4677 4231 4696 4411 4461 4189 4356 4643 4325 4573 4505 4697 4732 4621 4488 4643 4455 4681 4625 4387 4148 4629 4398 4878 4297 4292 4282 4353 4537 4769 4512 4680 4699 4656 4458 4420 4636 4585 4507 4963 4313 4460 4726 4542 4760 4470 4752 4611 4481 4484 4424 4575 4501 4541 4284 4544 4404 4376 4640 4902 4317 4602 4422 5304 5013 4750 4483 4909 4480 4742 4721 4377 4426 4569 4094 4420 4622 4607 4309 4572 5018 4682 4197 4575 4909 4503 4331 4493 4422 4411 4508 4170 4835 4619 4569 4684 4754 4874 4454 4475 4745 4608 4713 4471 4758 4960 4670 4728 4804 4436 4544 4877 4388 3976 4509 4524 4466 4322 4465 4559 4767 4753 4683 5093 
5104 5216 5291 5344 5417 5260 5418 5150 5511 4966 5412 5522 5314 5370 5314 5444 5271 5455 5772 5179 5386 5267 5201 5123 5569 4902 5381 5344 5388 5611 5016 5506 5221 5178 5297 5299 5456 5640 5437 5472 5133 6026 5595 5193 5438 5628 5694 5485 5222 5303 5636 5207 5525 5504 4922 4923 5279 5205 5383 5513 5293 5302 5623 5545 5144 4955 5092 5421 5786 5756 5262 5306 4749 5026 5443 5335 4810 5076 4956 5786 5924 5250 5377 5650 5152 5499 5106 5448 5100 5810 5191 5112 5056 5421 5370 5543 5541 5484 5375 5225 4776 4904 5381 5100 5742 5821 5406 5010 5521 5458 5236 4920 5350 4869 5390 5413 5197 5290 5642 5720 5077 5203 5522 4959 5288 6177 4855 5376 5363 5136 5605 5513 5297 4956 5377 5423 5361 5195 4965 5562 5426 5378 4883 5243 5259 5382 5403 5084 5064 5263 5515 5259 5079 5273 4753 5851 5252 5105 5194 5247 5423 5262 5223 5371 5379 5018 5319 5166 5444 5456 5135 5473 5117 5367 5419 5063 5134 5105 5621 5561 5175 5409 5158 5277 5199 5253 5253 5076 5165 5487 5503 5674 4957 5182 4946 5992 5225 5675 5372 5836 5514 5002 5751 5339 5357 5158 4784 5262 5365 5394 5035 5476 5566 5251 5100 5635 5519 5425 5143 5333 5422 5123 5242 5035 5383 5515 5032 5057 5801 5799 5444 5443 5662 5161 5683 5366 5542 5485 5245 5629 5653 5376 5420 5458 5356 5100 5473 5012 5250 5046 5109 5273 5588 5407 5789 6128 
5355 4922 5286 5529 5398 5225 5414 5142 5555 5249 5523 5575 5671 5237 5215 5555 5287 5543 5570 5331 5298 5098 5256 5203 5536 4761 5444 5108 5300 5599 5185 5566 5400 5216 5525 5473 5441 5586 5275 5479 5344 5718 5618 4965 5227 5599 5607 5660 5368 5193 5613 5211 5228 5373 5173 5249 5114 5274 5432 5366 5176 5451 5789 5645 5126 4953 5312 5597 5798 5741 5292 5439 5027 4979 5589 5129 4940 5145 5110 5905 5863 4692 5464 5519 5260 5422 5115 5486 5177 5813 5239 5087 5216 5215 4996 5696 5613 5628 5250 5250 5129 5241 5428 5248 5584 5803 5204 5434 5519 5760 5217 5098 5712 5048 5437 5272 5415 5135 5373 5691 4695 4943 5324 5086 4955 5827 5071 5092 5633 5151 5507 5785 5504 5300 4981 5089 5371 5058 5190 5627 5149 5130 4926 5146 5694 5292 5368 5512 5106 5285 5280 5216 4727 5344 4701 5788 5062 5007 5100 5277 5291 5378 5191 5259 5411 5052 5143 5156 5603 5206 5171 5603 5343 5411 5404 5256 5165 5126 5756 5359 5037 5399 4970 5367 5358 5140 5087 5340 5281 5146 5447 5776 5043 5392 4817 6099 5353 5764 5118 5655 5275 5206 5492 5374 5148 5418 4946 5402 5326 5545 5167 5832 5455 5370 5090 5478 5567 5730 5037 5636 5531 5473 5442 5015 5250 5483 5266 5203 5701 5811 5455 5595 5831 5209 5410 5142 5634 5522 5249 5728 5544 5089 5525 5526 5521 4944 5394 5068 5213 4989 4904 5411 5490 5554 5819 6015 
5396 4770 5191 5274 5342 5079 5388 5160 5515 4978 5292 5275 5249 5207 5208 5355 5157 5006 5278 5077 5165 4954 5134 4889 5396 4677 5131 5385 5057 5436 4822 5481 5144 5090 5251 5073 5147 5380 5098 5286 5144 5480 5114 5092 5217 5443 5354 5439 5069 5077 5160 5126 5460 5169 4858 4719 5011 5127 5319 5371 5005 5102 5451 5341 4814 4912 5024 5569 5612 5406 5111 5107 4872 5007 5142 5159 5163 4728 4854 5435 5756 5139 5284 5241 5109 5086 4832 4909 5284 5265 5318 4972 4799 5115 5139 5219 5351 5231 5172 5111 4972 5127 4711 4966 5386 5246 5032 5232 5407 5501 4908 4796 5316 4829 5237 5326 4981 4946 5694 5265 4785 4820 5392 4856 4815 5792 4806 5390 5141 4884 5262 5544 5170 5021 5352 5256 5246 4990 5126 5334 4960 5213 4818 5059 5255 5100 5435 5323 5051 5194 5040 4929 4532 5332 4648 5405 5089 4726 4808 5072 5156 5107 5012 4954 5374 4993 4884 5042 5085 5340 4884 5728 5054 5284 5359 5044 5021 4987 5239 5313 4866 5351 4975 5049 5354 5099 4960 5270 5015 4889 5327 5625 4860 5174 4835 5958 5199 5543 5188 5658 5204 4871 5346 5184 5155 5133 4823 5245 5442 5224 5051 5438 5314 5296 5067 5325 5310 5250 4993 5096 4992 5261 5206 4567 5070 5276 4782 5197 5468 5803 5054 5344 5686 4951 5563 5201 5059 5130 5237 5040 5489 5059 5113 5188 5152 4988 5115 4998 5210 4914 5160 5321 5371 5257 5429 5647 
4800 4840 4930 5091 5181 5168 5227 4700 5148 4872 5362 5246 5022 4987 5326 5319 5165 5319 5382 5136 5175 4839 5300 4930 5409 4345 5168 4861 5141 5281 5050 5308 5084 4924 5169 5323 5250 5373 4980 5355 5352 5566 5097 5008 5050 5392 5502 5288 5298 4968 5296 5048 5325 5071 4976 4822 5194 5052 5105 5313 4921 5225 5330 5153 4808 4913 5140 5499 5461 5433 5016 5231 4762 4833 5315 4961 4747 5051 4779 5597 5776 4941 5028 5419 5121 5262 4683 4944 4984 5395 4998 5104 5101 4873 5049 5273 5452 5245 4982 5209 4717 4822 5001 5037 5036 5246 5234 5171 5369 5359 4889 4827 5344 4832 5056 5445 5066 5046 5135 5419 4462 4865 5489 4872 5101 5777 4727 5192 5204 4920 4938 5341 5273 5114 4953 5170 5043 4758 5104 5476 5015 5022 4558 5002 5353 5263 5098 5222 5113 5294 5155 5084 4997 5258 4737 5384 5047 4635 4902 4677 5093 5226 5129 5268 5147 4968 5125 5056 5409 5054 4891 5191 4740 5060 5175 5156 4958 4935 5482 5017 4614 5219 5245 5028 4962 5221 4987 4912 5204 4914 5225 5419 4689 5014 4756 5898 5201 5327 5053 5692 5148 4894 5445 4978 4830 5331 4749 5039 5061 5350 4850 5734 5506 5300 4923 5188 5166 5223 4989 5298 5397 4727 5050 4704 5014 5177 5048 5167 5368 5597 4945 5048 5648 5030 5220 4992 5436 5538 4945 5245 5504 4914 5185 5259 4996 4686 5177 4599 5002 4760 5043 4862 5406 5421 5326 5719 
5239 5468 5141 5476 5558 5388 5427 5188 5649 5220 5544 5595 5538 5515 5210 5677 5260 5254 5710 5317 5453 5218 5510 5248 5841 4834 5533 5287 5762 5668 5125 5661 5273 5314 5759 5338 5500 5445 5619 5614 5139 5887 5531 5284 5620 5617 5839 5656 5379 5207 5406 5455 5530 5492 5137 5117 5316 5380 5556 5641 5384 5624 5585 5707 5224 5637 5315 5748 6041 6070 5512 5581 5186 5324 5446 5514 5273 5225 5239 5659 5935 5240 5500 5422 5664 5507 5080 5375 5478 5691 5297 5353 5392 5200 5383 5769 5743 5830 5547 5600 5156 5371 5546 5416 5602 5623 5663 5418 5491 5770 5146 5134 5716 5107 5510 5735 5299 5265 5641 5571 5104 5099 5563 5200 5510 6060 5357 5586 5440 5222 5282 5711 5350 5488 5208 5474 5502 5181 5558 5816 5240 5466 5095 5502 5784 5448 5516 5693 5355 5442 5423 5563 5010 5756 5103 5844 5319 5072 5425 5055 5432 5670 5153 5383 5559 5290 5591 5160 5247 5433 5074 5587 5383 5592 5640 5535 5121 5161 5637 5607 5118 5715 5428 5456 5470 5515 5463 5133 5605 5290 5566 5890 5211 5496 5224 5908 5321 5745 5220 5726 5516 5070 5887 5221 5387 5816 4952 5762 5549 5563 5301 5742 5417 5728 5124 5544 5791 5397 5358 5321 5612 5416 5621 4987 5432 5633 5321 5213 5724 5984 5378 5230 5984 5568 5780 5626 5517 5998 5549 5539 5714 5286 5362 5746 5561 5043 5700 5442 5499 4936 5284 5358 5747 5867 5832 5924 
5160 5077 5014 5498 5008 4597 5102 4713 5361 4969 5365 5372 5071 5356 5050 5310 4731 5152 5304 4940 4913 5028 5000 4885 5462 4626 5110 5045 5157 5598 4982 5331 4907 5121 5149 4936 5380 5321 5472 4974 4873 5587 5638 4565 5014 5178 5491 5117 5013 4658 5092 5215 5133 5366 4811 4914 4982 4864 5133 5106 4993 5003 5452 5227 4849 5039 5014 5144 5559 5618 4788 4805 4664 4613 5208 5094 4840 4973 4816 5479 5262 5196 5195 5103 4964 5272 4760 5135 4915 5417 4753 5016 4777 5042 5017 5293 5389 5305 5303 5163 4949 4758 4856 4802 5125 5113 5256 5101 5378 5053 4456 4699 5111 4564 5289 5259 5100 4876 5213 5615 4776 4811 4997 5091 5099 5702 5046 5093 5287 4825 5258 5139 5126 4857 5090 5042 5253 4877 4914 5199 5057 5063 4846 5091 5241 5309 5502 5051 4928 5023 4950 5024 4731 5262 4580 5295 5401 4746 4786 4581 5238 5248 4850 4973 4959 5010 5104 4892 5080 4976 4908 5270 4800 5185 5313 5383 4817 4889 5347 5205 4801 5378 4888 5014 5082 5019 5168 4899 4898 4990 5214 5218 4844 5285 4802 5766 4975 5586 4856 5592 5233 4752 5238 4930 4750 5074 4562 5259 5272 5231 4825 5444 5165 5220 4812 5294 5391 4968 4987 5080 5069 5066 5166 4575 5097 5087 4794 5220 5175 5847 5222 5178 5461 4783 5687 5286 5226 5511 5193 5230 5062 5003 5066 5480 5226 4575 5193 5102 5030 4860 4656 5163 5256 5414 5702 5715 
5158 5171 5038 5496 5568 5211 5563 5334 5629 5211 5744 5541 5534 5441 5421 5529 5508 5197 5782 5000 5445 5274 5336 5286 5499 4610 5553 5581 5265 5523 5193 5481 5511 5258 5528 5522 5493 5558 5379 5494 5350 5956 5521 5082 5157 5766 5540 5480 5372 5301 5496 5511 5623 5365 5277 5302 5188 5284 5520 5296 5244 5569 5710 5626 5341 5208 5453 5574 5701 5926 5337 5596 4914 5070 5439 5476 4967 5196 5173 5852 6060 5095 5516 5781 5469 5480 5133 5434 5254 5531 5214 5222 5167 5282 5279 5665 5692 5599 5494 5414 4897 5035 5312 5263 5273 5592 5215 5456 5679 5419 4915 4974 5440 5012 5246 5434 5396 5364 5534 5649 4849 4941 5453 5125 5373 6117 5334 5349 5292 5133 5414 5807 5330 5166 5388 5188 5397 4908 5308 5693 5283 5276 5036 5355 5631 5109 5569 5475 5368 5187 5597 5121 4741 5526 4922 5697 4897 4944 5169 5083 5610 5671 5066 5437 5311 5204 5539 5294 5567 5229 4814 5876 5116 5410 5225 5146 5227 5166 5642 5667 5042 5393 5252 5404 5503 5246 5096 5187 5407 5018 5424 5550 5063 5340 4961 6070 5435 5611 4919 5897 5421 5096 5688 5108 5298 5495 4904 5333 5541 5515 4942 5491 5585 5248 5008 5509 5604 5481 5194 5488 5401 5353 5535 5134 5296 5472 5132 5449 5516 5888 5348 5301 5870 5354 5612 5490 5646 5482 5508 5668 5793 5372 5353 5375 5438 4954 5278 5291 5231 4945 5240 5313 5415 5571 5710 5905 
4841 5059 4992 5219 5432 5048 4996 4667 5122 4782 5321 5325 5147 5208 5126 5052 5160 4909 5280 4685 5243 4655 4816 4728 4944 4528 5268 4893 4983 5394 4596 5389 5071 4873 5107 4999 4877 5164 5056 5059 4957 5714 4942 4674 4932 5303 5317 5044 4884 4932 5134 5203 5158 5014 4671 4602 5036 4881 4895 5418 4855 5227 5092 5263 4846 4745 4719 5191 5309 5343 4997 4791 4989 4889 5093 5127 4511 4809 5059 5369 5632 4704 4937 5177 5022 5304 4637 4914 5009 5269 5012 4947 4933 4818 5078 5220 5050 5237 4970 4862 4950 4578 4947 4870 4854 5098 5059 5038 5115 5347 4879 4749 5116 4648 4931 4909 4995 5221 5221 5060 4681 4729 5113 4883 4937 5317 4643 5098 5072 4841 5269 5299 5038 4886 4954 4809 4758 4565 4684 5064 4851 4773 4580 5122 5299 5350 4945 4985 4992 5213 5230 4789 4394 5104 4841 5056 4761 4726 4870 4826 4674 5059 4639 5007 5234 4981 5085 5002 5160 4870 4633 5119 4784 5104 5160 4732 4802 4822 5371 4949 4637 5030 4882 4911 4945 4648 4915 4784 4916 4935 5106 5261 4448 5154 4452 5629 5164 5217 4879 5315 5015 4913 5267 4949 4642 4853 4571 4972 5021 5188 4849 5057 5420 5104 4553 5053 5148 4935 4867 4992 4949 4945 5041 4466 5198 5185 4861 4981 5064 5502 4943 4870 5405 4815 5337 5217 5167 5393 4988 5231 5312 4848 4984 5396 5203 4389 5191 4835 4919 4774 4860 4994 4976 5247 5220 5610 
5003 4720 4923 5135 5209 4900 5130 4854 5169 4484 5216 5060 4998 4721 4949 5026 4594 5111 5054 4882 4955 4707 4951 4637 5106 4546 5066 4820 5121 5210 4827 5264 4916 4973 4699 4977 4811 5042 4606 5105 4824 5455 5007 4611 4845 5067 4982 5041 4991 4832 4966 4838 5170 5110 4504 4769 4708 4834 5057 5123 4855 4790 5118 5180 4874 4734 4582 5069 5500 5378 4776 4810 4495 4579 4889 4966 4774 4861 4712 5335 5043 4670 5301 5131 4955 4993 4446 5039 4946 5201 4748 4854 4618 4722 4843 5118 5111 5137 5044 5002 4840 4705 4819 4802 5226 5336 5062 5110 5329 4982 4544 4385 5099 4648 5229 5029 5046 4890 5324 4962 4490 4591 5105 4725 4803 5638 4562 4992 5051 4588 5152 5054 4969 4496 5130 5121 4797 4676 4726 4994 4832 4847 4608 4839 5347 4918 4963 4930 4797 4831 4801 4824 4499 5093 4546 5141 4736 4644 4861 4611 4776 4897 4684 4716 5023 4643 5052 4766 5277 4902 4624 5174 4464 4858 5200 5178 5012 4895 5261 4836 4684 5058 4920 4704 4768 4893 4645 4702 5059 4711 5207 5132 4561 5156 4505 5509 4982 5156 4957 5434 5028 4686 5132 4922 4776 5117 4465 4878 5145 4801 4620 5136 4950 4781 4563 5174 4989 4799 4798 4737 4820 4673 4960 4473 4777 5124 4633 4955 5137 5331 4969 4906 5295 4833 5348 5075 5063 5160 4867 4916 5145 4796 4720 5117 4898 4787 5012 4922 4886 4598 4841 4949 5215 5011 5197 5176 
5264 4989 4914 5646 4893 5018 5358 4750 5180 5108 5471 5095 5388 5180 4931 5290 5236 5064 5317 5086 4861 5081 4882 4795 5450 4397 4946 5161 5247 5249 4855 5320 4842 5139 5040 5050 5140 5243 5455 5114 4932 5453 5092 4744 4638 5206 5413 5302 5074 4836 5259 5141 5129 5123 5001 4634 5289 4945 5081 5081 4898 5264 5541 5206 4757 4808 5085 5448 5502 5441 4965 4942 4767 4778 5043 4949 4749 4733 5086 5349 5611 4835 5243 5145 5077 5396 4811 5032 4869 5144 4773 4934 4675 4803 4906 5303 5284 5323 5038 5192 4931 4708 4977 5051 5135 5049 5357 4755 5363 5187 4751 4837 4953 4787 5185 5221 5090 5022 5027 5330 4747 4670 5199 4757 5028 5778 4875 5090 5127 5027 4978 5103 4944 5067 5128 5113 5089 5045 4724 5259 4757 5018 4822 5180 5248 5015 5255 5202 4867 5071 4878 5160 4717 5164 4640 5239 4891 4781 4891 4870 5460 5205 4792 5225 5222 4760 5285 4789 5213 5109 4751 5525 4931 5181 5046 5130 5036 4758 5291 5099 4791 4980 4706 4706 5069 4908 5089 4642 5011 4824 5046 5360 4813 5125 4750 5850 5106 5417 4885 5333 5217 4654 4959 5101 4979 5099 4798 5155 5240 5299 5051 5161 5034 5247 4886 5156 5164 4982 5037 5296 5128 4965 5245 4501 4978 5143 5009 4908 5261 5547 5150 5045 5345 4982 5252 5233 5047 5386 4981 5112 5311 4905 5166 5169 5120 4876 4806 5071 5132 4772 5024 5273 5410 5501 5478 5559 
5150 5079 5213 5236 5348 5079 5319 5240 5508 4764 5733 5267 5422 5253 5382 5177 5351 5144 5580 5470 5460 5254 5154 5070 5361 4744 5280 5427 5401 5869 4992 5408 5318 5059 5607 5233 5295 5609 5451 5451 5284 5823 5312 4831 4991 5592 5423 5853 5360 5276 5582 5184 5322 5156 4905 4809 5246 5299 5604 5288 5273 5524 5690 5458 5035 5184 5209 5366 6021 5512 5182 5382 4977 5016 5231 5129 4991 5112 5178 5663 5641 5132 5375 5670 5352 5603 4989 5426 5078 5567 5112 5308 5029 5069 5228 5691 5509 5451 5389 5132 4955 4851 5233 5209 5233 5414 5217 5301 5252 5411 5030 5019 5542 4889 5144 5243 5275 5359 5708 5507 4927 4578 5373 4832 5361 6007 5355 5232 5198 4974 5529 5557 5398 5100 5003 5175 4905 5185 5198 5427 5041 5162 5076 5568 5512 5358 5559 5344 5141 5243 5386 5239 4987 5439 4710 5590 4909 5121 5110 5173 5107 5305 5333 5343 5450 5237 5267 5058 5466 5387 5083 5521 4769 5179 5296 5128 5387 4900 5981 5371 5155 5456 5172 5403 5321 5283 5016 5220 5544 4866 5440 5561 4943 4980 5020 6060 5424 5329 5436 5759 5440 5044 5541 5318 5131 5154 4971 5090 5485 5345 4907 5557 5427 5424 5311 5501 5536 5676 5120 5504 5273 5121 5433 4863 4961 5423 4842 5535 5238 5773 5270 5223 5817 5153 5602 5277 5567 5394 5242 5340 5495 5132 4992 5390 5241 5003 5285 5119 5030 4579 5149 5592 5489 5410 5530 5898 
5373 5105 5412 5655 5611 5321 5197 5235 5510 5249 5823 5657 5458 5397 5351 5505 5652 5137 5813 5310 5449 5159 5485 5256 5881 4781 5442 5480 5477 5677 5090 5470 5304 5332 5590 5235 5443 5440 5757 5292 5404 5824 5334 5176 5535 5673 5403 5956 5549 5302 5760 5440 5298 5371 5212 5157 5338 5561 5255 5679 5234 5591 5898 5519 5162 5377 5477 5606 5997 5655 5603 5373 5214 5257 5361 5266 4803 5038 5111 5650 6095 5366 5079 5651 5472 5414 5033 5366 5414 5618 4987 5279 5321 5267 5565 5669 5541 5711 5304 5089 5241 5017 5355 5279 5532 5530 5358 5311 5412 5717 5029 5107 5408 4980 5240 5479 4859 5166 5581 5737 5061 4820 5728 5253 5538 6021 5286 5537 5535 5185 5573 5744 5473 5244 5213 5564 5479 5169 5184 5302 5206 5312 4987 5380 5562 5529 5592 5476 5212 5353 5576 5132 5151 5491 5271 5443 5237 5187 5245 5255 5285 5688 5021 5377 5405 5164 5196 5264 5356 5738 5276 5797 5145 5526 5085 5056 5121 5161 5811 5580 5482 5468 5012 5401 5319 5274 5211 5249 5505 5125 5468 5729 5027 5500 5004 5957 5190 5471 5437 5693 5517 5198 5582 5451 5444 5415 4980 5269 5497 5551 5562 5486 5770 5532 5289 5379 5517 5493 4926 5511 5532 5391 5534 4897 5458 5290 5048 5191 5501 6255 5539 5332 5912 5216 5871 5607 5504 5727 5413 5499 5462 5277 5510 5839 5468 4831 5354 5163 5171 4909 5551 5440 5758 5527 5771 6206 
5251 4735 5110 5492 5201 5166 5200 5155 5280 5071 5460 5251 5685 5073 5238 5358 4887 5099 5480 5023 5174 5028 5419 5003 5372 4699 5114 5058 5331 5381 5004 5363 5007 5291 5246 5172 5361 5571 5112 5575 5018 5589 5512 4773 5335 5308 5660 5521 5215 4914 5348 5108 5394 5335 4991 5005 4965 4928 5437 5094 5228 5065 5475 5271 5006 5031 5205 5547 5811 5585 5178 5440 4657 4617 5202 5008 4836 5072 4766 5474 5846 5131 5449 5387 5304 5227 5134 5159 5308 5642 5358 4959 4893 5188 4979 5545 5360 5301 5052 5515 5004 5081 5148 5182 5409 5412 5074 5315 5422 5335 4985 5086 5038 5042 5386 5376 5140 4747 5410 5247 4640 4989 5284 5041 5069 5915 4912 5271 5102 4944 5147 5535 5392 5274 5085 5210 5276 4607 5456 5329 4968 5223 5060 5006 5333 4932 5386 5436 5108 5097 5278 5085 4579 5222 4868 5593 5088 4986 5004 5120 5409 5453 4945 5142 5229 4918 5080 5152 5136 5240 5034 5501 5177 5120 5316 5187 5275 4890 5143 5342 4666 5244 4953 5180 5230 5142 5155 5160 5253 5077 5295 5504 5109 5469 4692 5887 5211 5456 5314 5695 5076 4692 5426 5080 5034 5277 4867 5048 5214 5452 4846 5517 5307 5278 5056 5204 5492 5189 5081 4824 5116 5089 4979 4583 5173 5407 5120 5172 5401 5806 4929 5225 5556 5027 5436 5232 5316 5398 5227 5270 5218 5068 5559 5116 5253 4904 5281 5061 5121 4878 4956 5198 5342 5497 5156 5661 
4686 5026 4957 5257 5276 5079 5482 4741 5418 4950 5480 5264 5383 5119 5261 5377 5185 5119 5559 5212 4988 5107 5263 4990 5375 4596 5305 5273 5568 5522 4847 5220 4996 5106 5247 5194 5046 5119 5320 5443 5075 5567 5169 4958 5078 5344 5566 5425 5195 4966 5342 4943 5242 5031 5050 4634 5163 5059 4933 5367 5188 5156 5383 5330 4964 5014 4920 5413 5682 5539 4999 5153 4761 4601 5140 5095 4768 4949 4834 5781 5601 4934 5217 5331 5223 5171 4780 5311 5020 5418 4952 4724 4812 5051 5239 5520 5237 5478 5240 5246 4886 4864 5025 4935 4906 5295 5437 5130 5086 5451 4711 4719 5216 4900 5345 5487 5300 4753 5200 5364 4927 4578 5176 5102 5001 5823 5008 5502 5171 5042 5123 5273 5152 4874 5176 4999 5070 4933 4997 5370 5103 5057 4954 5086 5363 4979 5182 5176 5259 4888 4972 4937 4773 5303 4889 5429 5054 4782 4736 4745 5180 5210 4910 5262 5277 4954 5226 5059 5215 5136 4728 5464 4944 5284 5135 5087 5324 5197 5596 5396 4884 5413 4954 5173 4989 5293 5119 4948 5261 5051 5243 5465 4815 5209 4908 6043 5382 5753 5268 5470 5294 4879 5161 5147 4892 5041 4542 5302 5339 5553 4741 5591 5190 5346 4977 5415 5228 5194 5094 5270 5059 5204 5298 4658 5150 4999 4820 5120 5518 5807 5182 5142 5556 5202 5212 5126 5309 5353 5020 4860 5133 4757 5181 5374 5342 4642 5392 5175 4982 4702 4672 5115 5385 5355 5235 5648 
5178 5105 5478 5449 5504 5515 5574 5127 5597 5014 5903 5606 5509 5376 5294 5657 5340 5312 5841 5377 5246 5182 5603 5370 5581 5059 5400 5391 5650 5722 5230 5780 5494 5177 5373 5534 5543 5521 5482 5462 5401 5940 5642 5109 5263 5784 5557 5681 5541 5272 5583 5630 5466 5564 5143 5118 5217 5400 5172 5329 5471 5661 5717 5647 5476 5245 5204 5740 5866 5888 5579 5416 5080 5107 5497 5285 5266 5210 5220 5716 6058 4907 5571 5441 5456 5806 5372 5487 5458 5514 5329 5245 5117 5305 5247 5583 5705 5841 5362 5329 5102 4874 5449 5447 5491 5587 5364 5235 5740 5474 5215 5277 5633 5066 5490 5497 5494 5383 5583 5763 4995 4822 5802 5356 5305 5730 4817 5446 5487 5336 5633 5521 5495 5281 5486 5361 5159 5193 5264 5509 5296 5406 5209 5249 5712 5423 5428 5545 5352 5564 5568 5345 4985 5492 4906 5774 5272 5309 5298 5125 5515 5404 5133 5303 5550 5039 5277 5337 5611 5426 5091 5763 5284 5238 5490 5330 5201 5357 5619 5556 5096 5318 5020 5210 5183 5267 5210 5208 5446 5459 5772 5564 5057 5575 4917 6159 5609 5878 5240 5948 5651 5260 5537 5585 5372 5545 4853 5327 5538 5483 5145 5829 5425 5451 5283 5570 5615 5610 5193 5266 5332 5541 5482 4883 5366 5664 5033 5324 5659 5702 5304 5333 5729 5160 5802 5425 5569 5711 5292 5376 5790 5277 5347 5785 5316 4914 5464 5487 5188 5146 5119 5497 5607 5751 5723 5987 
4986 4870 4910 5461 5209 4813 5136 4985 5388 5070 5230 5187 5385 5043 5026 5169 4890 4888 5323 4854 5017 5186 4970 5069 5436 4688 5132 4975 5032 5339 4767 5024 4923 5029 5151 4874 5039 4800 5041 5328 4723 5365 5206 4596 4943 5502 5212 5328 5081 4916 5310 5034 5434 4901 4851 4575 5032 5028 5135 5152 5039 5124 5249 5147 5085 4725 4843 5317 5591 5205 5076 5254 4844 4768 5096 5100 4701 4824 4686 5471 5416 4750 5116 5039 5127 5095 4711 4902 5067 5395 5055 4704 4607 4663 4920 5114 5443 5316 5104 4852 4908 4676 5208 4996 5129 5052 5126 5075 5080 5440 4706 4680 4959 4731 5150 5111 5221 4994 5090 5314 4746 4645 4995 4742 5118 5663 4815 5079 5037 4896 5326 5457 4938 5123 4882 5147 5146 4754 5057 5164 4906 4829 4701 5015 5214 4875 5016 5352 5026 4993 5146 4892 4617 5057 4785 5369 5110 4921 4694 4762 5092 5153 4704 5090 5265 4898 4919 4922 5135 5089 4735 5313 4900 5262 5016 4931 4767 4903 5406 5194 4704 5343 4665 5219 4963 5089 4802 4976 4918 4853 4892 5289 4562 4975 4907 5666 4937 5375 4731 5171 5271 4838 5220 5041 4745 5050 4817 4928 5284 5300 5142 5292 5266 5085 4826 5230 5445 5133 4611 5137 5080 5144 5139 4547 4813 5210 4873 5091 5497 5577 5183 4972 5376 5136 5441 5106 5123 5129 5032 5440 5151 4994 4989 5090 5087 4650 4977 4889 5203 4787 5100 4975 5290 5422 5217 5611 
4908 4826 4860 4981 5152 4943 5032 4965 5483 4800 5170 4970 5295 4893 5056 5200 4967 5261 5255 4857 5205 4820 4976 4866 5159 4664 4987 4855 4951 5035 4896 5180 4890 4958 4864 4886 5103 5369 5082 5282 5051 5428 5329 4774 5155 5401 5455 5283 5061 4816 5248 4825 5199 4890 4825 4790 4891 4788 5185 5014 4976 5049 5268 5049 4875 4788 4741 5182 5474 5729 4708 5238 4514 4581 5046 4751 4707 4542 4781 5446 5460 4914 5094 5096 5023 5039 4636 4872 4920 5369 4789 4993 4812 4895 4753 5247 5207 5149 4969 5075 4700 4722 5028 4823 5002 5095 5106 4773 4976 5385 4849 4478 5160 4590 4991 5196 4789 4771 5334 5021 4499 4394 4982 4711 5018 5666 4857 4964 4950 4821 5095 5036 5101 4719 4864 4887 5056 4731 4976 5144 4721 4932 4722 5007 5057 4943 4835 5233 4810 4898 5021 4921 4532 5038 4752 5401 4710 4727 4806 4893 5047 4908 4716 5252 4967 4793 5074 4733 5186 4915 4622 5066 4900 5127 4843 4965 4849 4588 5342 5152 4606 5067 5031 5004 4906 4990 4911 4997 4733 4892 5025 5211 4847 4918 4650 5520 4924 5242 4887 5318 5221 4873 5128 5115 4642 4981 4596 4989 4702 5180 4640 5253 5266 4793 4655 5167 5177 4685 4978 4882 4948 4949 5061 4501 4807 4926 4607 5076 5157 5308 4693 4959 5415 4985 5233 5206 5242 5142 5052 5122 5028 5021 5107 5161 5369 4672 5043 5024 4812 4642 4883 5094 5247 5123 5185 5688 
5575 5321 5322 5709 5391 5339 5490 5353 5555 5230 5863 5460 5784 5351 5177 5562 5401 5301 5507 5242 5228 5184 5443 5314 6049 4945 5687 5304 5337 5452 5415 5494 5450 5394 5290 5376 5610 5602 5576 5396 5288 5809 5624 5033 5393 5807 5708 5455 5275 5296 5469 5519 5740 5655 5049 5141 5190 5199 5730 5268 5447 5472 5537 5717 5160 5323 5381 5716 5760 5732 5360 5578 5015 4988 5446 5350 5024 5305 5102 5620 6030 5306 5654 5389 5584 5669 5385 5396 5512 5792 5344 5340 5222 5101 5510 5802 5553 5722 5458 5575 5254 5220 5384 5306 5666 5447 5741 5311 5863 5466 5228 5094 5264 5147 5472 5585 5361 5149 5568 5876 5025 5362 5289 5224 5265 6177 5213 5306 5408 5426 5717 5444 5478 5079 5358 5377 5450 5144 5496 5334 5407 5461 4947 5348 5413 5389 5631 5457 5360 5263 5596 5521 4935 5258 5097 5671 5378 5181 5107 5270 5726 5422 4892 5343 5626 5113 5213 5388 5553 5828 5340 5548 5080 5340 5742 5403 5240 5249 5544 5744 5126 5511 5251 5319 5349 5221 5442 5243 5203 5230 5643 5606 5238 5673 4993 6102 5317 5823 5018 5780 5487 5071 5539 5259 5287 5396 5195 5462 5413 5446 5190 5716 5633 5367 5193 5436 5668 5499 5262 5424 5517 5323 5579 4714 5488 5473 5320 5299 5727 5812 5452 5115 5853 5299 5714 5871 5661 5422 5356 5711 5726 5131 5377 5569 5512 4767 5563 5319 5460 5071 5345 5460 5876 5778 5753 6024 
5124 5117 5126 5412 5198 5070 5044 5067 5310 4761 5231 5056 5403 5110 5185 5214 4692 5223 5538 5167 5180 4859 5016 4912 5391 4640 5256 5108 5394 5378 4816 5518 5065 5269 5134 5285 4942 5371 5326 5017 4840 5643 5399 5118 4999 5357 5279 5587 4850 4766 5272 4893 5229 4990 4883 5069 4794 5115 5377 5285 4992 5288 5258 5405 4750 5128 5078 5276 5643 5633 5048 5113 4803 4671 5097 5240 4626 4780 4819 5461 5577 5040 5116 5441 5272 5378 4763 5216 4915 5539 5245 4841 4390 4943 5127 5360 5399 5108 5079 5040 4795 4890 4966 5210 5489 5226 5126 5274 5410 5417 5056 4840 5125 4486 5253 5264 5036 5036 5047 5520 4666 4608 5149 4928 4785 5675 4945 5161 5114 4875 5334 5358 5259 4779 4992 5175 4869 4875 4890 5152 4945 5008 4428 5090 5323 5619 5257 5315 5134 5041 5380 4942 4639 5083 4953 5452 5221 4923 4983 4964 5152 5096 4788 4867 5088 4939 5153 5082 5107 4989 4816 5461 5186 5242 5209 4952 5029 4521 5462 5031 4909 5181 4932 4971 4867 5004 4747 4932 5029 4623 5530 5569 4847 5024 4756 5654 4895 5804 5051 5330 5369 5047 5591 5022 4772 5076 4820 5188 4852 5315 4883 5355 5299 5005 4899 5256 5288 5063 4971 5073 5062 5010 4961 4757 5176 5414 4938 5078 5479 5628 5308 5122 5585 4785 5253 5410 4918 5327 5096 5310 5279 5309 5183 5271 5262 4903 5179 5168 5039 4690 4665 5067 5279 4971 5477 5762 
5313 4970 5239 5727 5621 5473 5325 4904 5892 5078 5485 5387 5414 5312 5317 5383 5107 5278 5760 5326 5465 5225 5115 5004 5572 4539 5286 5347 5284 5534 5155 5679 5315 5528 5312 5385 5238 5372 5246 5399 5489 5784 5483 5105 5349 5568 5636 5553 5468 5262 5469 5338 5519 5254 5003 5026 5071 5261 5454 5629 5159 5458 5681 5406 4891 5117 5281 5677 5849 5667 5449 5396 5288 4830 5403 5168 4925 5082 4976 5662 5829 5177 5235 5267 5417 5431 5002 5284 5409 5475 5283 4997 5103 4927 5494 5571 5516 5568 5416 5252 5011 5087 5004 5264 5364 5470 5646 5087 5543 5519 5110 5265 5352 4965 5394 5235 5261 5098 5568 5625 4973 5042 5461 4857 5319 6088 5028 5467 5529 5270 5361 5639 5495 5148 5337 5304 5053 5151 5291 5321 5050 5199 5009 5361 5531 5476 5497 5323 5070 5341 5563 5061 4864 5351 5106 5813 5069 5053 5131 5196 5232 5446 5135 5365 5532 5506 5117 4902 5329 5383 5048 5513 5054 5389 5327 5145 5313 4932 5568 5490 5055 5324 5113 5330 5436 5211 5159 5220 5143 5169 5391 5617 4990 4999 4813 5916 5554 5712 5145 5787 5441 5250 5462 5391 5200 5063 4900 5371 5378 5454 5076 5666 5590 5590 5243 5430 5341 5461 5218 5413 5246 5149 5474 4758 5256 5486 5004 5416 5549 5866 5305 5384 5760 5260 5568 5317 5522 5584 5152 5180 5749 5226 5225 5567 5283 4840 5400 5145 5165 4620 5338 5388 5726 5597 5388 6014 
5027 5285 5201 5454 5419 5341 5465 5049 5596 4977 5422 5587 5451 5115 5209 5657 5443 5337 5621 5560 5668 5278 5484 5389 5793 5022 5566 5339 5507 5794 5312 5399 5279 5276 5207 5188 5513 5475 5629 5579 5355 5965 5459 5201 5388 5631 5695 5487 5507 5318 5660 5384 5680 5400 5162 5117 4969 5239 5673 5576 5249 5452 5713 5512 5223 5225 5333 5424 5829 5885 5233 5350 5059 4991 5412 5205 5041 5053 5090 5739 5517 5237 5444 5515 5550 5682 5512 5419 5492 5747 5328 5279 5175 5387 5399 5646 5869 5578 5308 5243 5131 5094 5462 5318 5715 5501 5587 5370 5546 5464 5239 4888 5310 5071 5473 5572 5138 5337 5627 5826 5213 5001 5554 5133 5246 5989 5204 5780 5426 5454 5385 5772 5488 5325 5260 5506 5406 5297 5395 5341 5220 5177 5158 5363 5472 5478 5645 5420 5110 5164 5285 5348 4840 5469 5022 5730 5180 5059 4877 5305 5267 5364 4889 5288 5491 5376 5340 5262 5672 5486 4987 5748 5061 5435 5726 5202 5181 5049 5774 5614 5242 5362 5033 5172 5224 5314 5261 5401 5496 5196 5355 5519 4988 5481 4800 6065 5357 5772 5367 5754 5507 5013 5710 5206 5390 5186 4962 5537 5371 5410 5201 5760 5669 5365 5210 5432 5542 5641 5257 5464 5265 5266 5440 4907 5349 5545 5121 5178 5694 5898 5379 5160 5967 5339 5777 5647 5385 5583 5381 5523 5717 5218 5242 5629 5525 5100 5520 5424 5230 4944 5207 5410 5472 5425 5805 5887 
5178 5033 4875 5355 5374 5118 5272 5023 5203 5101 5576 5448 5388 4995 5120 5105 5268 5097 5376 5047 5473 4950 5327 4941 5501 4646 5210 4877 5106 5317 4749 5527 5182 5146 5280 5360 5175 5132 5084 5257 5087 5404 5083 4663 5175 5591 5219 5380 4843 5004 5350 4815 5404 5097 4646 4997 5028 5222 5087 5533 4836 5128 5318 5315 4865 4735 4883 5164 5468 5632 5086 5140 4933 4738 5371 5238 4909 4924 4915 5552 5572 5073 5073 5367 5101 5316 4653 5081 5099 5660 4940 4986 5101 4861 5179 5430 5347 5396 5191 5164 4731 5110 5234 5116 5226 5281 5249 4996 5210 5570 5089 4755 5170 4769 5320 5121 4920 4981 5385 5425 4598 4789 5296 5081 4953 5716 4948 5063 5366 5187 5251 5450 5221 4869 5110 5104 5023 4850 4990 5070 4876 5269 4689 5144 5244 5250 5232 5055 5092 5307 4968 5138 4782 5404 4772 5540 4892 5004 4609 5137 5094 5064 4917 5114 5199 5071 5060 5142 5058 5213 4818 5366 4822 5109 5238 5372 5060 4874 5471 5262 4730 5262 5026 5200 5109 5125 4832 5124 4866 5036 5271 5780 4867 5204 4824 5837 5119 5429 5005 5313 4787 4956 5528 5090 5008 4967 4693 5145 5470 5046 4997 5457 5416 5257 4892 5570 5223 5163 4844 5219 5221 5176 5179 4499 5431 5005 4984 5150 5604 5600 5261 5107 5551 4991 5440 5222 5136 5177 5052 5564 5395 4921 5190 5616 5408 4703 5289 4852 5232 4716 4898 5229 5560 5230 5377 5546 
5369 5093 5275 5454 5393 5223 5301 4898 5372 4989 5517 5288 5610 5283 5099 5297 5148 5196 5528 5066 4967 5141 4968 4955 5463 4874 5044 4932 5370 5311 4939 5418 5245 4895 5134 5130 5211 5458 5320 5209 5182 5815 5229 4673 5197 5608 5403 5237 5132 4943 5427 5075 5311 5223 4780 5048 5015 5236 5081 5113 5069 5284 5556 5248 4907 4947 4827 5328 5764 5503 5057 5014 4828 4802 5072 5038 4968 5116 4839 5376 5714 4917 5417 5461 5104 5287 4804 5005 5127 5463 4934 4680 4894 5026 5195 5354 5467 5619 5310 5124 5022 4834 5043 5154 5272 5356 5164 4709 5361 5204 5046 4801 5090 4803 5411 5312 4877 4993 5381 5427 4778 4715 5390 4936 4892 5831 4668 4922 5312 5054 5452 5352 5445 4902 5304 5328 5072 5189 4973 5002 4846 5205 4723 5042 5313 5161 5156 5202 4896 5121 5087 4971 4834 5119 4659 5351 4984 4820 4945 5005 5066 5134 5080 4985 5153 5050 5248 5088 5312 5209 4827 5530 4954 4970 5266 5265 4988 5060 5412 5459 4807 5261 4891 5112 4961 5101 5044 4789 4890 5361 5630 5413 4751 5223 4742 5937 5259 5756 5037 5638 5220 5106 5517 5008 4980 5125 4853 5317 5124 5232 4958 5546 5249 5192 5140 5299 5025 4977 5256 5195 5198 5129 5244 4750 5048 5276 5094 5189 5414 5638 5215 5311 5520 5121 5443 5339 5271 5173 5072 5140 5471 5136 4973 5467 5340 4648 5154 5250 5181 4935 4975 5074 5699 5443 5477 5596 
5058 4724 4836 5144 5161 5060 5102 4509 5314 4701 5110 4892 5269 5086 5126 5291 4853 4925 5488 4861 4764 4791 4926 4536 5180 4448 5124 4942 5252 5096 4687 5242 5116 4719 4999 5008 5041 5302 5231 5145 4955 5282 5181 4566 5061 5246 5443 5404 4923 4692 5164 5006 5120 5060 4690 4756 4945 4879 5089 5156 4712 5113 5012 5007 4745 4519 4951 5394 5551 5249 5118 4728 4653 4639 4876 5000 4388 4489 4853 5195 5640 4897 5173 5138 5062 5167 4829 4857 5006 5307 5103 4982 5245 5013 4753 5175 5132 4994 5081 5112 4664 4615 4810 4837 5096 5259 5181 5022 5013 5128 5024 4815 5045 4730 5092 5103 4999 4701 5240 5149 4579 4695 5225 4851 5095 5386 4744 4925 4946 4844 4992 5215 5224 5274 4970 5070 5148 4749 5073 5288 4931 5099 4355 5002 5140 4968 5094 5014 5237 5102 5217 4921 4431 4858 4678 5064 4808 4576 4691 4902 4959 5031 4655 4805 4861 4753 5131 5075 5009 5049 4516 5177 4867 4964 5093 4600 4990 4702 5256 4962 4573 5025 4700 4959 4847 4612 4807 4879 4802 4660 5179 5374 4598 5140 4748 5717 4818 5170 4944 5429 5022 4726 5063 4844 4860 4854 4563 5104 4627 5301 4792 5219 5059 4938 5057 4876 4851 4776 4786 4982 4687 5049 4980 4551 5079 4982 4775 4888 5104 5347 4880 5026 5254 4694 5286 5083 5174 5165 4979 5001 5208 4823 5089 5097 5125 4452 4611 5011 4973 4544 4734 5363 5089 5253 5128 5617 
4816 5253 5105 5509 5398 5029 5192 5008 5323 5001 5589 5339 5319 5279 5307 5283 5214 5286 5524 5187 5393 4791 5134 5089 5486 4488 5231 5347 5307 5415 5104 5363 5217 5495 5257 5046 5326 5429 5114 5295 5211 5784 5420 4835 5119 5307 5516 5602 5158 4949 5465 5016 5323 5313 4989 4833 5148 5196 5236 5275 5090 5160 5437 5274 4913 5106 5043 5449 5842 5647 4909 5110 4529 4722 5334 5368 4814 4983 5142 5365 5668 5156 5262 5352 5199 5200 4699 5280 5086 5610 4906 5173 5085 4991 5140 5408 5308 5204 5116 5240 4701 4776 5187 5227 5240 5288 5362 5225 5336 5612 4965 4806 5394 4916 5208 5318 5132 5101 5210 5179 4753 4711 5335 4928 5167 5784 5129 5109 5137 5029 5308 5226 5384 5030 5223 5307 5092 5168 5186 5287 4791 5127 4750 5132 5083 5302 5353 5123 5149 5061 5306 4972 4855 5373 4979 5639 5103 4809 4910 5144 5008 5653 5108 5159 5372 5150 5288 4946 5478 5087 4783 5200 4883 5232 5107 5182 5205 4862 5616 5123 4948 5306 5156 5217 4957 5210 5078 5161 5323 5061 5244 5521 4938 5027 4836 5944 5437 5454 5106 5716 5477 4989 5537 5091 4779 5237 5030 5129 5054 5312 4931 5325 5338 5195 4828 5404 5321 5063 5008 5218 5153 5342 5276 4833 5142 5387 5131 5085 5405 5827 5092 5235 5451 5258 5467 5162 5153 5307 4955 5190 5312 5079 5072 5371 5309 4627 5175 4988 4963 4595 4968 5278 5647 5203 5268 5841 
5144 5330 5206 5756 5532 5378 5795 5151 5462 5079 5527 5547 5747 5261 5080 5583 5196 5366 5765 5163 5095 5205 5319 5323 5771 4975 5410 5283 5605 5549 5052 5688 5281 5225 5554 5573 5455 5560 5576 5384 5300 6045 5714 5047 5435 5624 5827 5591 5398 5099 5909 5313 5705 5331 5347 5205 5386 5227 5437 5535 5188 5557 5512 5526 4983 5237 5225 5634 6020 5729 5320 5407 5007 5160 5280 5178 4939 5078 5019 5759 5956 4917 5297 5683 5287 5559 4955 5562 5304 5768 5197 5176 5032 5215 5151 5610 5424 5578 5480 5362 5095 5148 5546 5491 5511 5660 5504 5364 5658 5461 5020 5150 5501 5009 5647 5289 5287 5210 5526 5791 4957 5069 5008 5156 5286 5895 5006 5527 5397 5342 5366 5605 5490 5162 5451 5271 5489 4989 5240 5645 5276 5201 5180 5205 5678 5396 5526 5477 5332 5473 5486 5326 4913 5444 5218 5643 5113 4984 5234 4863 5369 5253 5163 5277 5434 5189 5405 5408 5606 5395 5073 5702 5030 5455 5523 5524 5118 5167 5634 5409 5227 5377 5063 5289 5307 5514 5148 5201 5308 5133 5677 5938 5021 5532 5061 6116 5532 5705 5127 6060 5434 5070 5507 5413 4883 5651 4747 5496 5181 5426 5096 5673 5597 5394 5075 5554 5702 5390 5178 5267 5242 5426 5300 4927 5354 5612 5389 5406 5860 6112 5557 5538 5730 5376 5520 5585 5407 5483 5316 5389 5641 5199 5525 5591 5401 5150 5413 5182 5120 4966 4661 5110 5360 5555 5723 5931 
5026 4974 5144 5234 5286 4839 5154 4775 5436 4765 5239 5180 5271 4941 4975 5343 5328 5052 5254 4750 5131 4819 4780 4929 5414 4678 5299 4991 5008 5396 4830 5407 4744 4877 5056 5045 5049 5312 5032 5267 5247 5631 5022 4982 5007 5137 5427 5267 5048 5143 5119 5145 5007 5025 4778 4797 4943 4906 5097 5276 4937 5199 5216 5444 4790 4759 4813 5258 5550 5418 5111 5057 4855 4842 4907 4668 4680 4882 4765 5201 5389 4855 5227 5116 5165 5273 4858 5191 5214 5367 4844 4886 4879 4820 4842 5375 5252 5221 5089 4914 4680 4795 4847 5208 5224 5370 5233 4854 5259 5113 4823 4660 5127 4686 5302 5290 4941 4935 5508 5341 4445 4728 5103 4999 5030 5518 5007 4999 5211 4778 5300 5342 4834 4981 4838 4847 4961 4638 5114 5314 4940 4792 4752 4913 5494 5122 4967 5074 4980 5119 5033 5115 4513 4792 4649 5316 4950 4952 4992 4937 5043 5119 4636 5203 5206 4706 5146 4799 5353 5024 4614 5222 4631 5075 5114 5022 4918 4909 5256 5037 4611 5258 4777 4971 4824 4915 5054 4790 5067 4763 5110 5193 4646 5290 4729 5577 5145 5323 4838 5205 5141 4682 5111 4878 5063 5103 4661 5004 4955 5178 4815 5503 5141 5047 4629 4929 5077 5069 5137 4870 5208 4983 5070 4350 5107 5037 4906 4949 5230 5459 5103 5070 5418 5044 5331 5172 5292 5227 4971 5203 5240 4805 4976 5315 5305 4738 5200 5008 4993 4655 4990 5108 5123 5298 5406 5639 
5192 5025 5187 5339 5297 5522 5394 5091 5521 4831 5522 5322 5297 5419 4933 5411 5255 5281 5528 5243 5346 4993 5403 4879 5429 4645 5426 5297 5430 5339 5013 5505 5069 5132 5347 5532 5534 5212 5181 5208 5210 5716 5449 4852 5308 5476 5389 5516 5472 5051 5454 5379 5360 5369 5082 4943 5131 5022 5290 5322 5263 5401 5600 5251 4870 5176 4978 5439 5685 5531 5151 5533 4906 4738 5153 5320 4999 5034 4861 5724 6012 5087 5157 5391 5445 5373 4913 5223 5366 5517 5122 5257 5109 5079 5228 5794 5534 5431 5405 5095 4992 5116 5291 5280 5465 5602 5419 5093 5486 5188 4889 4997 5563 4851 5555 5423 5163 5147 5638 5637 4799 4835 5287 5209 5042 6069 4780 5296 5552 5015 5070 5423 5410 5031 5169 5201 5111 4921 5215 5373 5135 5403 4701 5030 5544 5200 5407 5227 5186 4972 5257 5247 4929 5230 4780 5536 4966 4627 5027 5013 5209 5090 5058 5146 5288 5021 5182 5195 5323 5244 4982 5373 5069 5542 5414 5166 5140 4853 5483 5325 5212 5320 5116 4822 5261 5094 5003 5058 5238 5109 5283 5522 4970 5424 4787 5843 5379 5321 5157 5610 5255 5089 5474 5164 5167 5074 4758 5123 5397 4943 5133 5687 5498 5194 5099 5464 5283 5493 4899 5072 5263 5211 5403 4854 5358 5159 4765 5223 5487 5936 5370 5195 5673 4920 5532 5348 5479 5623 5018 5593 5421 4736 5008 5356 5262 4891 5437 5128 4955 5021 4902 5134 5427 5420 5440 5912 
5040 4928 5268 4976 5210 5227 5000 4920 5307 5203 5771 5574 5234 5128 5306 5358 5018 5315 5576 5308 5580 4971 5418 5078 5610 4835 5185 5169 5394 5216 5147 5611 5317 5267 5202 5347 5196 5319 5407 5368 4944 5674 5277 4891 5246 5442 5404 5382 5237 5078 5275 5197 5260 5345 4913 4827 4943 4954 5192 5542 5157 5446 5445 5458 5133 5087 5101 5334 6037 5557 4996 5102 4850 4786 5118 5000 4796 5038 5100 5734 5984 4911 5315 5515 5277 5572 4809 5230 5100 5777 5050 4955 4993 5065 5444 5465 5245 5554 5158 5167 4967 4890 5162 5429 5393 5475 5377 5274 5285 5420 5031 4866 5384 4980 5256 5159 5372 4958 5339 5446 4669 4714 5235 5130 4931 5852 4895 5297 5152 5080 5443 5619 5255 5131 5268 5245 5067 4994 5132 5288 4957 5227 4869 5135 5294 5350 5364 5387 5154 5039 5167 5143 4690 5260 5018 5469 5280 4918 5244 5041 5267 5039 4920 5266 5359 5030 5081 5121 5294 5490 4921 5562 4979 5356 5266 5039 5118 5058 5545 5250 5169 5520 5144 5148 5047 5106 4814 4948 5347 5191 5507 5532 4975 5257 4619 5849 5225 5780 5198 5583 5179 5131 5523 5141 4962 5185 4715 5109 5136 5556 4888 5564 5390 5451 4901 5401 5508 5268 5098 4978 5242 5344 5478 4657 5359 5568 5208 5147 5614 5535 5172 5308 5639 5042 5485 5401 5272 5502 4878 5262 5646 4931 5244 5526 5307 5012 5393 5275 5186 4843 5158 5115 5600 5305 5469 5922 
5240 5419 5361 5602 5541 5349 5638 5107 5497 5192 5673 5359 5701 5218 5481 5627 5259 5437 5667 5422 5263 5253 5418 4969 5522 5005 5444 5150 5720 5515 5130 5566 5493 5296 5404 5542 5417 5588 5723 5476 5210 5675 5515 5226 5342 5600 5866 5756 5418 5136 5841 5536 5564 5508 5221 5142 5510 5317 5351 5472 5409 5574 5766 5561 5045 4903 5479 5743 5944 5514 5283 5400 5240 5121 5217 5260 5235 5206 5463 5900 5996 5064 5580 5348 5297 5721 5195 5449 5263 5940 5383 5179 5164 5192 5399 5602 5568 5522 5353 5582 5376 5156 5428 5228 5447 5529 5633 5227 5486 5489 5020 5080 5128 5025 5684 5599 5417 5207 5436 5479 5118 4840 5388 4942 5430 6146 5132 5266 5363 5225 5333 5760 5536 5505 5152 5297 5302 5169 5303 5403 5072 5309 5096 5298 5447 5235 5481 5555 5383 5336 5506 5490 4936 5407 5056 5580 5251 5154 5169 5005 5501 5406 5143 5392 5529 5332 5589 5327 5457 5296 5190 5914 5175 5480 5424 5666 5274 5169 5717 5407 5268 5482 5092 5138 5320 5408 5043 5189 5422 5412 5462 5819 5157 5703 5161 6156 5445 5880 5440 6012 5513 5080 5438 5643 5248 5516 4950 5250 5478 5680 5144 5650 5665 5415 5104 5514 5859 5501 5310 5432 5404 5289 5574 4984 5304 5677 5266 5041 5489 5901 5485 5387 6022 5351 5553 5644 5356 5508 5488 5333 5627 5441 5521 5600 5556 5104 5170 5274 5212 5110 5050 5370 5484 5626 5600 5862 
5122 4858 5097 5026 5175 4758 5095 4787 4732 4830 5258 5168 5039 5220 4599 5054 4693 5044 4848 5004 4707 4836 4897 4778 5156 4276 5097 4904 5034 5174 4734 5243 4845 4878 5050 4873 5014 5074 5075 5191 4767 5567 4945 4721 4789 5031 5340 5236 5041 4766 5325 4960 5135 5177 4920 4712 4816 5017 5104 4979 5001 5070 5073 5204 4564 5011 4779 5370 5483 5475 4943 5061 4369 4326 4796 4944 4618 4806 4750 5183 5211 4837 4936 4889 4896 5154 4533 5043 4847 5261 4715 4816 4602 5050 5015 5350 5150 5222 5057 4894 4784 4596 4977 4905 5504 4879 5120 5068 5252 5063 4943 4518 4951 4375 5165 4912 5070 4676 5013 5221 4550 4643 4704 4800 4731 5487 4664 4846 4967 4845 4958 5234 4891 4756 5134 4804 4820 4644 4957 5095 4836 4819 4538 4831 5162 4949 5188 4963 4795 4959 4863 5048 4268 4871 4623 5108 4749 4575 4484 4717 4992 5001 4610 4837 5095 4659 4871 4858 4924 4914 4563 5071 4690 4940 5164 4815 4656 4822 5322 5144 4576 5153 4658 4697 4734 4891 4914 4818 4746 4632 4945 5187 4590 5140 4517 5635 4998 5168 4706 5285 5012 4692 5055 4669 4666 5041 4541 5098 5131 4838 4714 5274 5030 4988 4647 5084 4968 4874 4918 4694 4960 4829 5056 4416 5041 4809 4848 4624 5217 5417 5212 4971 5283 4973 5436 5365 4816 5189 4933 4966 5154 4950 5016 5151 5112 4469 4696 4965 4886 4573 4852 5020 5179 5062 5184 5380 
4813 4772 4436 4986 4914 4782 4853 4535 5330 4656 4947 5402 4757 4865 4987 4963 4986 4867 5229 4923 4920 4984 4852 4628 4959 4526 4958 4793 5007 4915 4699 4798 4953 4495 4896 4710 5024 4893 5087 4939 4826 5181 4810 4624 5022 5001 5063 5454 4900 4745 4982 4943 4926 5051 4672 4641 4811 4747 4853 5104 4784 5071 4962 5085 4593 4518 4921 5357 5434 5167 4791 4870 4534 4549 4876 4776 4582 4631 4713 5187 5405 4870 4840 4770 5086 5049 4607 4976 4899 5118 4815 4919 4780 4732 4731 5149 5240 5123 4903 4897 4738 4529 4997 4958 5084 5068 5101 4923 4969 5135 4686 4244 5050 4428 5007 4881 4813 4824 5038 5191 4563 4367 5082 4690 4805 5434 4831 5029 5014 4835 4929 5287 5126 4854 4951 4712 4893 4712 4915 5036 4709 4929 4570 4998 4796 4750 4963 5035 4987 4748 4978 4843 4224 4757 4557 5380 4574 4599 4621 4781 4656 5018 4515 4868 4635 4630 4968 4942 5069 4729 4471 5038 4690 4875 5141 4638 4628 4683 5201 5182 4734 5222 4731 4940 4973 4357 4677 4795 4748 4716 4764 5070 4537 4859 4544 5592 5170 5109 4805 5239 4962 4617 5189 4957 4831 4897 4268 4912 4977 5177 4556 5125 4957 4772 4715 5211 5302 5011 4786 5041 4965 4978 5004 4314 5094 5015 4732 4891 5164 5322 5001 4973 5116 4887 5206 5092 5006 5065 4980 4772 5198 4819 5099 5062 4909 4679 4820 4768 4914 4525 4613 4975 4981 5119 5110 5471 
5319 5702 5713 5634 5846 5321 5591 5353 5696 5345 6115 5491 5772 5724 5448 5826 5451 5334 6076 5446 5530 5205 5501 5248 5701 4979 5769 5530 5483 5813 5091 5857 5556 5543 5763 5752 5738 5548 5658 5482 5387 5861 5600 5256 5631 5753 5707 5525 5448 5476 5719 5621 5477 5247 5287 5463 5408 5750 5567 5832 5315 5716 5873 5841 5339 5327 5510 5866 5940 6033 5468 5587 5217 4804 5559 5799 5162 5256 5123 5972 6196 5420 5647 5701 5529 5500 5167 5633 5573 5807 5429 5477 5208 5324 5709 5826 5778 5984 5851 5483 5378 5069 5391 5296 5579 5803 5795 5241 5810 5942 5192 5180 5422 5176 5736 5623 5521 5427 5751 5701 4943 4971 5557 5243 5573 5882 5316 5684 5636 5165 5593 5844 5459 5640 5581 5450 5268 5139 5240 5584 5439 5380 5186 5593 5508 5516 5829 5337 5405 5531 5432 5217 5167 5634 5332 5989 5443 5114 5191 5381 5699 5677 5492 5840 5779 5352 5437 5329 5484 5518 5033 6044 5481 5673 5524 5208 5320 5405 5937 5743 5318 5557 5480 5398 5364 5578 5332 5192 5642 5587 5717 5715 5046 5465 5040 6065 5511 5926 5100 5930 5633 5430 6053 5445 5264 5727 4985 5344 5733 5297 5283 5859 5854 5604 5291 5746 5672 5701 5197 5230 5436 5394 5776 5151 5808 5637 5776 5353 5673 6106 5475 5382 6072 5464 5956 5676 5884 5927 5118 5511 5754 5621 5508 5967 6048 4843 5438 5537 5324 5062 5455 5532 5510 5611 5943 6139 
5461 4963 5231 5565 5403 5242 5599 5096 5646 4979 5777 5587 5617 5097 5271 5693 5422 5485 5686 5255 5264 5124 5367 5147 5762 4921 5442 5521 5256 5673 5138 5571 5257 5059 5564 5359 5424 5731 5540 5462 5698 5749 5612 5022 5345 5774 5676 5723 5475 5285 5605 5388 5463 5419 5124 5158 5223 5344 5356 5421 5153 5447 5864 5507 5190 5188 5291 5784 5906 5745 5288 5374 4998 5234 5596 5372 5131 5341 5136 5559 5719 4978 5567 5325 5233 5565 4850 5532 5358 5380 5462 5334 5139 5103 5291 5440 5492 5494 5365 5443 5107 5216 5175 5219 5540 5452 5475 5321 5517 5628 4979 5074 5421 4953 5505 5714 5418 5358 5672 5908 4820 5008 5786 5061 5372 6017 5329 5239 5540 5161 5554 5673 5416 5402 5227 5161 5483 5303 5403 5613 5242 5210 4788 5412 5598 5487 5462 5488 5362 5176 5642 5332 4893 5487 5184 5633 5404 5186 5372 5163 5470 5340 5009 5237 5229 5305 5320 5124 5520 5513 5114 5528 5183 5143 5384 5397 4932 4990 6021 5488 5426 5396 4998 5513 5475 5359 5128 5147 5269 5381 5677 5694 5027 5557 5182 6203 5291 5840 5110 5803 5643 4970 5637 5546 5174 5758 5194 5488 5242 5673 5218 5614 5593 5502 5277 5468 5443 5600 5042 5691 5461 5645 5491 4633 5038 5390 5150 5152 5662 5658 5770 5440 5809 5283 5662 5480 5418 5627 5314 5627 5592 5317 5400 5498 5551 5085 5189 5185 5279 4875 5326 5701 5652 5711 5533 5859 
5047 4950 4884 5554 5160 5122 5441 4756 5271 5100 5438 5228 5527 5317 4935 5285 4945 5117 5448 4865 5028 4683 4975 5193 5418 4489 5198 5261 5228 5397 4903 5375 5136 5101 5092 5090 5290 5450 5187 5418 5293 5737 5479 4870 4765 5520 5512 5118 5194 5091 5220 5199 5162 5033 5156 5081 5043 5170 5395 5282 5268 5318 5496 5492 5041 4919 5090 5267 5680 5654 4949 5211 4736 4967 5179 5427 4884 4803 4930 5518 5675 4922 5315 5559 5149 5358 4871 5312 4921 5473 4795 5148 4827 4885 5408 5421 5520 5336 4950 4976 4741 4814 5028 5234 5238 5668 5269 4914 5709 5187 4843 4798 5259 4749 5215 5167 5317 5137 5460 5265 4678 4778 5251 4922 5261 5601 4899 5035 5313 4893 5124 5120 5150 5050 5174 5065 5113 4923 4791 5619 4997 4655 5066 5165 5320 5240 5105 5240 5179 5216 5228 5111 4690 5261 4692 5427 5002 4911 5109 5018 5335 5371 4969 5216 5181 5043 5256 5141 5516 5057 4773 5275 4928 5174 5191 5229 5040 4764 5475 4966 4795 5055 4926 5156 5164 5144 5172 5103 5288 4761 5323 5507 4989 5247 4769 5813 5138 5585 4763 5586 5335 5041 5429 4846 4894 5182 4588 5187 5075 5227 5001 5452 5281 4986 4709 5258 5123 5260 5017 5002 4972 5118 5323 4717 5247 5435 4895 5145 5380 5610 4747 5313 5563 5262 5347 5275 5196 5598 5060 5086 5537 4958 4994 5113 5270 4710 5223 5081 4884 4720 4931 5160 5264 5467 5490 5811 
4408 4512 4733 4967 4879 4854 4769 4500 4632 4553 5043 4652 5041 4850 4739 4917 4580 4969 5061 4801 4751 4523 4766 4727 5130 4195 4705 4551 4712 4982 4551 4755 4622 4583 4840 4567 4958 4830 4802 4935 4762 5185 4940 4344 4987 4750 4854 4794 4646 4518 5110 4661 4678 4725 4496 4485 4751 4809 4732 4879 4612 4865 4785 4803 4479 4427 4451 5059 5236 5133 4881 4767 4551 4324 4906 4640 4160 4645 4645 4751 5337 4394 5110 5221 4878 4896 4592 4857 4796 4888 4564 4451 4690 4501 4560 4991 4733 5047 4777 4739 4535 4190 4699 4815 4847 5055 4792 4894 4978 4949 4848 4619 4827 4881 5033 4843 4957 4620 4729 4776 4339 4330 4940 4699 4943 5230 4391 4743 4748 4563 5025 5211 4912 4656 4741 4747 4549 4190 4712 4984 4590 5009 4343 4911 5106 4841 4777 4778 4714 4815 4788 4905 4288 4842 4442 4928 4527 4682 4705 4817 4764 4863 4425 4584 4940 4674 4571 4868 4812 4762 4440 4968 4879 4580 4489 4655 4504 4615 4979 4535 4641 4780 4534 4731 4579 4509 4537 4408 4888 4652 4967 5149 4389 4765 4267 5708 4956 5085 4754 5281 4943 4624 4831 4773 4282 4845 4507 4807 4689 4860 4408 5162 4773 4967 4638 4687 4660 4652 4341 4850 4836 4814 4716 4158 4616 4658 4726 4549 4868 5054 4858 4718 4996 4680 5150 5063 4881 5009 4475 4878 4894 4550 4876 5439 4721 4190 4699 4802 4706 4567 4515 4785 4996 5033 4886 5143 
5402 5561 5562 5931 5820 5424 5718 5537 5713 5226 5682 5810 5940 5602 5725 5891 5512 5547 5890 5455 5472 5366 5694 5412 5811 5082 5464 5716 5970 5938 5406 5871 5411 5536 5763 5375 5580 5771 5988 6034 5628 6163 5926 4933 5582 5889 6044 5938 5848 5547 5782 5505 5729 5472 5271 5447 5370 5539 5855 5775 5488 5758 6131 5781 5345 5402 5430 6015 6406 6028 5689 5656 5145 5356 5581 5493 5458 5485 5589 5745 6196 5284 5789 5731 5755 5902 5235 5536 5687 5849 5445 5448 5483 5415 5462 5766 5984 6033 5765 5569 5675 5029 5819 5319 5738 5924 5736 5766 5860 5814 5425 5380 5756 5435 5725 5627 5526 5340 5617 6073 5128 5365 5798 5296 5675 6332 5255 5660 5860 5488 5658 5886 5585 5450 5426 5528 5648 5240 5590 5680 5659 5508 5255 5554 5690 5556 5732 5579 5501 5616 5679 5613 4843 5904 5137 5863 5408 5380 5462 5384 5708 5783 5238 5483 5674 5749 5572 5528 6010 5592 5345 5917 5432 5667 5734 5777 5624 5622 5966 5696 5475 5721 5319 5761 5721 5570 5567 5261 5651 5187 5582 5926 5485 5684 5395 6377 5904 5847 5409 5989 5779 5194 5886 5482 5559 5688 5106 5609 5457 5719 5484 5922 5601 5781 5494 5565 5775 5873 5470 5765 5559 5771 5370 4948 5423 5486 5273 5447 5957 6142 5729 5886 6204 5531 5871 5751 5604 5825 5765 5655 5767 5370 5558 5797 5776 5122 5586 5553 5547 5265 5186 5504 6079 6068 5946 6383 
5575 5354 5349 5778 5740 5731 5470 5179 5581 5267 5899 5617 5978 5398 5755 5620 5433 5493 5861 5472 5383 5451 5605 5372 5758 4933 5560 5349 5585 5934 5301 5742 5484 5492 5623 5536 5626 5323 5617 5715 5644 6090 5683 5213 5574 5862 5848 5898 5792 5444 6021 5688 5754 5656 5341 5196 5284 5483 5344 5689 5644 5677 5850 5437 5418 5242 5253 5821 5990 5920 5565 5690 5451 5089 5672 5521 5203 5154 5039 5928 6218 5459 5517 5640 5846 5789 5140 5643 5690 5774 5438 5282 5344 5481 5511 5810 5605 5984 5429 5350 5174 5054 5509 5454 5518 5905 5663 5511 5769 5795 5331 5501 5618 5248 5692 5540 5519 5159 5856 5896 5073 5188 5746 5351 5549 6057 5167 5277 5863 5261 5737 5996 5872 5311 5571 5333 5248 5225 5469 5494 5567 5518 5268 5266 5620 5554 5631 5614 5563 5486 5657 5498 5140 5731 5360 5541 5516 5273 5124 5301 5530 5486 5049 5313 5562 5566 5441 5227 5700 5603 5389 5858 5227 5451 5702 5386 5309 5221 6043 5573 5393 5667 5509 5430 5327 5465 5511 5592 5367 5314 5542 5814 5134 5585 5153 6173 5460 5927 5568 6173 5466 5435 5922 5352 5359 5606 5255 5582 5620 5648 5426 5970 5975 5820 5307 5749 5867 5368 5348 5433 5418 5519 5461 4947 5532 5465 5267 5743 5923 5970 5443 5534 6110 5432 6045 5691 5743 5662 5385 5716 5406 5022 5399 5830 5601 4921 5528 5681 5468 5099 5185 5550 5967 5530 5784 6154 
5231 4888 5162 5512 5497 5054 5212 5119 5199 5027 5540 5370 5386 5105 5362 5397 5213 5105 5407 4984 5268 4859 5493 5106 5569 4576 5287 5104 5582 5516 5185 5571 5400 4973 5290 5282 5410 5381 5622 5140 5185 5748 5300 4838 5361 5463 5461 5437 5182 5131 5357 5321 5408 5242 5085 4992 4970 5119 5367 5502 5018 5356 5403 5222 4938 4956 5042 5731 5813 5402 5160 5400 4864 4850 5242 5244 4908 5447 5032 5379 5814 4873 5211 5422 5381 5416 4876 5128 5124 5552 5109 5092 5151 4918 4958 5457 5315 5626 5110 5558 5064 4825 5104 5285 5430 5527 5069 5465 5560 5716 5025 5003 5538 4780 5130 4864 5040 5167 5424 5303 4674 4912 5182 5035 5094 5705 5045 5263 5307 4889 5448 5384 5427 5009 5338 5171 5137 4758 5140 5060 5141 5314 5068 5074 5618 5105 5478 5260 5081 5304 5332 5352 4663 5406 4910 5495 5112 4883 5127 5227 5171 5182 5004 5107 5301 4857 5173 5007 5200 5138 5073 5426 4955 5283 5491 5108 4966 4993 5623 5329 5059 5364 4995 5513 5083 5046 5239 5109 5059 4941 5375 5548 4823 5319 5078 5682 5414 5484 5037 5590 5187 5180 5602 5159 5034 5619 5042 5472 5108 5379 5124 5689 5246 5487 5192 5279 5295 5400 4966 5147 5377 5459 5342 4366 5005 5145 5218 5122 5355 5599 5325 5140 5546 4922 5498 5218 5474 5518 5244 5340 5567 5077 5695 5673 5218 4506 5213 5346 5428 5055 5082 5201 5372 5582 5552 5591 
4822 4743 4738 5183 4930 5123 5181 4621 5110 4633 4971 4932 5056 4887 4880 4940 4748 4901 5016 4772 4505 4628 4877 4526 5286 4413 4988 4954 4936 4993 4765 5111 4899 4704 5073 5070 4962 5098 5097 5027 4870 5278 4965 4563 4894 5055 5251 5001 4901 4636 5240 4984 5200 4928 4725 4861 4989 4874 5012 4968 4838 4962 5226 4956 4548 4472 4770 5159 5367 5142 4851 5114 4596 4662 4683 5151 4562 4497 4662 5084 5594 4836 4861 5022 4876 5128 4464 5064 5264 4848 4643 4902 4826 4688 4789 5403 5019 5047 4953 4996 4767 4682 4789 4687 4946 5326 5136 4987 5045 5044 4610 4638 4857 4595 5031 5250 4874 4699 5275 5029 4588 4747 4857 4545 4794 5495 4550 4689 4646 4756 5163 5342 5299 4836 4807 4736 4700 4531 4866 5192 4811 4959 4469 4997 5095 4853 5134 4956 4989 4743 5063 4891 4539 4948 4409 5147 4622 4612 4710 4788 4914 4961 4630 4811 4795 4891 4977 4778 5005 4930 4491 5121 4591 4828 5198 4847 4797 4581 5310 4808 4492 4967 4642 4692 4832 4839 4777 4665 4727 4799 5077 5187 4793 4910 4555 5553 5008 5037 4532 5494 5001 4849 4869 4750 4720 4867 4750 5082 4698 5100 4506 5167 5348 4851 4699 4987 5117 5021 4835 4876 4927 4747 4728 4540 5037 5056 4744 4889 5272 5343 5325 4683 5492 4955 5255 5032 5002 5028 5066 4977 5176 4717 4705 5026 5035 4585 5041 4754 4993 4451 4888 4833 4975 5141 5084 5425 
4943 4976 4876 5001 5303 4980 5066 4879 5096 5048 5634 5088 4996 4806 5012 5183 4984 4882 5128 5019 5010 4866 4998 4866 5230 4445 5141 5118 5059 5288 5041 5232 5168 4789 5039 5199 5253 5277 4991 5163 5128 5444 4872 4967 5067 5199 5199 5118 5046 4945 5241 5168 5123 5001 4884 4773 4995 4887 5138 5369 4884 5197 4955 5264 4853 5227 5095 5211 5384 5271 4786 5017 4849 4558 4986 5013 4709 5015 4906 5185 5683 4657 5336 5285 5087 5043 4749 5297 4954 5205 4958 5168 4753 4860 4881 5100 5092 5276 5173 4753 4858 4918 4898 5087 5057 5274 5211 5116 5372 4961 4704 4773 5159 4763 4992 4957 4979 5151 5184 5118 4451 4776 4928 4840 4816 5389 4751 5032 5093 4988 5208 5263 5057 4981 5054 4888 4920 4748 4731 5047 4694 4859 4530 5104 5290 4892 5153 5158 4877 5093 4987 5014 4597 5323 4715 5345 4751 4723 4829 4782 4837 5199 4906 5107 5229 4985 4881 5093 5217 4981 4859 5372 4777 4927 5180 4783 4813 4948 5230 4901 4788 5069 4968 5021 5177 4799 4915 4790 4956 4869 5132 5329 4954 5151 4492 5843 5098 5232 5037 5364 5172 4841 5071 4970 4827 5246 4538 5030 5254 5198 4931 5222 5195 5088 4735 5095 5212 5112 4872 5006 5061 4700 5265 4455 4972 5097 4849 5035 5278 5546 4976 5128 5389 5073 5229 5185 5237 5239 5054 5073 5465 4758 4980 5217 4883 4687 5089 4759 5050 4761 4931 5020 5280 5132 5406 5435 
5452 5228 5189 5463 5652 5353 5304 5084 5599 5304 5729 5218 5566 5258 5242 5602 5357 5263 5850 5200 5021 5244 5282 5314 5885 4617 5416 5232 5232 5521 5218 5774 5318 5481 5529 5345 5572 5419 5335 5550 5178 5599 5446 5136 5501 5684 5531 5341 5470 5199 5353 5093 5486 5537 5135 5076 5242 5202 5567 5689 5071 5383 5880 5312 5015 5346 5314 5649 5712 5603 5179 5563 4849 4815 5295 5115 4967 5055 5068 5653 5914 5110 5636 5555 5316 5434 5089 5318 5640 5446 5551 5272 4879 5193 5220 5605 5520 5603 5501 5227 5225 5068 5312 5283 5693 5599 5382 5287 5744 5540 4984 4966 5285 5161 5488 5442 5247 5348 5716 5623 4912 5067 5457 5207 5248 5976 5081 5494 5497 5118 5540 5414 5179 5329 5602 5168 5170 5073 5430 5178 5175 5438 4821 5419 5480 5266 5427 5415 5025 5182 5283 5173 4776 5437 4962 5786 5013 4946 4832 5080 5317 5501 5115 5303 5588 5259 5334 5005 5497 5422 4853 5660 5144 5423 5384 5145 5447 5227 5747 5635 5124 5452 5132 5152 5304 5189 5209 5277 5184 5181 5287 5500 5223 5560 5003 6052 5334 5339 5103 5603 5381 5096 5431 5242 5358 5334 5000 5158 5583 5235 5129 5535 5555 5370 5109 5553 5484 5126 5080 5220 5283 5270 5593 4746 5291 5193 5045 5088 5544 5920 5345 5248 5623 5452 5735 5511 5544 5837 5191 5479 5528 5236 5434 5898 5439 4930 5054 5172 4993 5052 5061 5247 5647 5512 5646 5879 
5226 5215 5132 5298 5684 5259 5212 5188 5496 5046 5474 5332 5655 5402 5388 5585 4987 5279 5647 5136 5215 5126 5164 5124 5725 4778 5485 5128 5736 5686 5248 5626 5321 5267 5566 5446 5222 5438 5255 5778 5165 6095 5399 5235 5458 5539 5626 5596 5377 5325 5439 5413 5516 5407 5033 4842 5256 5095 5389 5367 5397 5416 5571 5646 5112 5175 5093 5559 5732 5934 5551 5315 4838 4814 5253 5269 4858 5166 5003 5540 5891 5251 5467 5554 5462 5343 5193 5351 5502 5343 5368 5038 5020 5528 5047 5512 5587 5534 5629 5412 4909 5201 5237 5267 5551 5628 5440 5198 5836 5391 5105 5113 5466 4943 5602 5610 5548 5096 5682 5577 4887 5048 5546 5061 5173 6044 5401 5581 5489 4991 5270 5714 5036 5178 5388 5406 5388 4984 5292 5637 5461 5592 5216 5286 5569 5383 5585 5367 5463 5327 5391 5338 4690 5399 4952 5664 5406 5049 5112 4986 5438 5400 5078 5404 5530 5167 5285 5268 5393 5307 5035 5588 5261 5635 5472 5265 5199 4928 5627 5466 5161 5659 5171 5234 5167 5316 5277 5080 5221 4954 5396 5726 5183 5138 5038 6101 5271 5893 5311 5599 5478 4936 5385 5224 5254 5390 5010 5378 5236 5340 5254 5835 5231 5359 5222 5530 5542 5377 5144 5076 5377 5182 5201 4886 5449 5466 5227 5181 5549 6010 5371 5325 5912 5246 5535 5312 5465 5528 5319 5424 5650 5172 5233 5302 5498 4952 5370 5152 5139 4869 5020 5240 5560 5537 5672 5814 
5184 5056 4951 5511 5145 4969 4886 4957 5244 4992 5548 4934 5282 4918 5198 5085 5063 5112 5512 5018 5010 4765 5101 4939 5453 4490 5138 5191 5123 5444 5005 5335 5008 5180 5204 5319 5379 5394 5253 5145 5235 5732 5415 4749 5244 5236 5235 5508 5190 4838 5202 5378 5027 5349 4749 5003 5051 5023 5427 5150 5214 5330 5749 5237 4887 4940 5302 5308 5702 5605 5083 5117 4787 4833 5343 5362 4881 5037 4897 5247 5704 5202 5101 5325 5098 5130 4929 5232 5233 5388 5058 4892 5132 5053 5298 5295 5246 5239 5159 5156 4863 4859 5183 4929 5253 5311 5150 5222 5342 5376 4809 5027 5195 4763 5268 5158 5298 4889 5461 5382 4682 4599 5378 4901 5381 5577 5026 5052 5137 4829 5195 5333 5452 5181 5165 4975 5019 5005 5063 5293 5046 5185 4656 5003 5116 5109 5346 5228 5440 4931 5432 4913 4821 4998 4836 5324 5163 4918 4885 4964 5338 5237 5000 5035 5235 5340 5038 4979 5158 5161 4803 5457 4997 4874 5246 5086 4927 4715 5443 4958 5038 5224 5024 5018 5047 4950 5053 5105 5252 5142 5476 5574 5020 5115 4964 5703 5065 5499 5028 5986 5214 4711 5456 5145 5048 4999 4845 4972 5324 5254 4953 5250 5403 5289 5139 5439 5236 5257 5137 5033 5249 5134 5442 4569 5038 5402 4980 5053 5396 6036 5144 4987 5573 5010 5621 5370 5104 5445 5097 5455 5317 4968 5012 5355 5324 4735 5225 5101 4968 4718 4914 5197 5270 5342 5398 5830 
5122 5203 5194 5562 5590 5197 5284 5094 5386 4969 5614 5304 5393 5229 5099 5500 5054 5123 5541 4975 5188 4989 5330 5139 5285 4605 5378 5152 5226 5446 5136 5654 5348 5177 5157 5325 5469 5382 5194 5216 5338 5690 5279 5021 5119 5524 5401 5404 5042 5064 5652 5314 5335 5349 5175 5011 5115 5107 5148 5373 5050 5551 5633 5262 4980 4646 4977 5751 5656 5436 5356 5078 5108 4901 5262 5181 5093 4956 5065 5577 5964 5002 5604 5400 5412 5391 5156 5391 5187 5764 5243 5191 4879 4639 4970 5592 5545 5692 5359 5281 4925 4764 5140 5487 5608 5382 5537 5183 5412 5683 5066 4930 5084 5187 5385 5074 5122 5345 5377 5499 4649 4906 5177 4963 4965 5780 4883 5380 5241 5043 5425 5453 5277 5093 5212 5471 5387 4955 5019 5333 4897 5205 4897 5203 5140 5334 5457 5213 5100 5075 5371 5137 4895 5240 4982 5708 5212 5099 4892 5320 5246 5399 4971 5218 5399 5064 5021 4924 5331 5382 4903 5659 4986 5281 5264 5147 5118 4914 5610 5444 5127 5494 5168 5089 5197 5147 4918 5152 5209 5041 5486 5655 4833 5239 4740 5965 5284 5725 5160 5564 5318 4991 5444 5345 5037 5065 5056 5149 5092 5310 5223 5616 5291 5396 5029 5443 5189 5167 4739 5252 5355 5419 5353 4791 5396 5160 5158 5496 5567 5546 5114 5369 5645 5224 5406 5206 5506 5299 5180 5554 5251 5239 5303 5633 5197 4761 5119 5186 5136 4908 5085 5120 5387 5251 5662 5668 
5288 5095 5070 5357 5346 4983 5260 4901 5343 4708 5305 5147 5441 5537 5146 5367 5169 5211 5426 5222 5186 4988 5267 4746 5621 4891 5180 5307 5405 5446 4911 5459 4982 5233 5285 5133 5147 5461 5459 5355 5035 5526 5446 4969 5226 5418 5338 5418 5325 5143 5331 5199 5344 5384 4900 4991 5228 5036 5240 5140 5256 4989 5454 5366 4764 5125 4972 5534 5684 5421 5112 5278 4898 5052 5129 5159 4714 4796 4898 5318 5633 5113 5287 5289 5329 5250 4774 5262 5280 5354 5045 5006 4945 5190 5145 5531 5393 5486 5299 5215 4963 4592 5152 5053 5360 5614 5662 4929 5087 5354 5192 4656 5331 4722 5143 5210 4933 4980 5258 5312 4886 4731 5390 4975 5093 6066 5095 5246 5076 5188 5283 5568 5430 4865 5049 5099 5102 4997 5021 5467 5113 5250 4809 5219 5330 5137 5500 5229 5379 5026 5232 5044 4745 5201 4879 5604 5224 4959 5095 4905 5342 5355 5009 5093 5317 4997 5251 5022 5338 5254 4855 5341 4807 5051 5221 5072 4870 4968 5537 5253 4877 5386 5049 5017 5059 4970 5118 4760 5087 4965 5169 5554 4873 5151 4943 5733 5195 5548 5038 5461 5360 5021 5441 5256 4998 5319 4996 5575 4962 5524 4950 5409 5346 5162 4809 5246 5505 5376 5082 5106 5221 5136 5272 4589 5271 5309 4940 5239 5597 5786 5287 5321 5720 5128 5307 5221 5149 5317 5169 5157 5458 5128 5118 5368 5330 4978 5085 5341 5120 4729 5420 5253 5516 5406 5410 5903 
5276 5099 5018 5593 5522 5227 5324 5156 5395 5319 5656 5508 5482 5073 5204 5439 5246 5348 5471 5059 5025 5146 5464 5376 5471 4555 5741 5071 5191 5584 5207 5726 5397 5103 5484 5404 5469 5451 5578 5254 5190 5789 5542 4980 5116 5613 5523 5582 5275 5005 5614 5227 5462 5267 5093 5205 5143 5176 5431 5159 5231 5568 5576 5379 5077 5017 5061 5752 5896 5900 5256 5379 5078 4827 5250 5206 5046 5274 5032 5519 5827 4974 5286 5520 5479 5538 5143 5219 5337 5556 5236 5211 5242 5328 5054 5776 5585 5511 5618 5320 5107 4954 5412 5281 5266 5430 5458 5366 5503 5703 5064 4907 5196 5027 5480 5481 5079 5265 5391 5505 4715 4891 5310 5376 5132 5871 5098 5260 5375 5095 5575 5592 5396 5236 5458 5357 4961 5152 5609 5284 5098 5387 4950 5172 5491 5321 5572 5409 5243 5371 5464 5198 4758 5406 4894 5611 5193 4795 4780 5439 5290 5434 4866 5352 5439 5186 5392 5329 5431 5130 5154 5759 5080 5381 5434 5199 5131 5185 5558 5418 5031 5397 5042 5389 5054 5096 5013 5050 5269 5285 5631 5634 4991 5254 5078 6067 5659 5919 4949 5906 5205 5112 5590 5347 5311 5345 4903 5303 5398 5318 5150 5603 5515 5454 5100 5681 5500 5313 5257 5415 5485 5506 5353 4905 5377 5381 5214 5170 5746 5782 5467 5142 5570 5302 5618 5546 5662 5470 5274 5620 5483 5026 5431 5710 5329 4694 5265 5182 5474 4911 5028 5192 5527 5371 5752 5867 
5247 4787 5060 5353 5077 5230 5250 5235 5172 4866 5695 5060 5170 5079 5051 5081 5040 5145 5570 4916 5086 4808 5305 5064 5422 4727 5171 5162 5042 5222 4869 5602 5055 5071 5109 5493 5219 5142 5392 5028 5265 5712 5467 4676 4949 5360 5385 5300 5187 4999 5471 5178 5384 5216 5012 4814 4905 5107 5027 5213 5027 5462 5204 5192 4911 5230 5100 5487 5713 5488 5000 5145 4934 4869 5067 5046 4977 5100 4671 5258 5871 4899 5475 5556 5293 5259 5041 5176 5084 5375 4910 5025 4640 4986 5265 5525 5239 5510 5104 5046 4861 4725 5151 5293 5286 5181 5345 5225 5373 5305 4841 4705 5151 5000 5257 5200 5012 5092 5260 5353 4666 4850 5337 5208 5102 5830 4823 5051 5372 5092 5325 5519 5315 5109 5225 5137 5067 4848 5065 5200 5132 5083 4631 5143 5070 5093 5288 5369 5212 5020 5289 5345 4584 5126 4980 5477 5005 4708 5086 4862 5371 5294 4773 4969 5472 5294 5028 5201 5562 5155 4947 5344 4750 5083 5319 5036 5020 4838 5541 5165 5091 5025 5150 4906 4985 5060 4993 4909 5419 4943 5388 5730 4805 5200 4844 5922 5127 5542 5105 5669 5328 4816 5464 5036 4946 5209 4936 5087 5118 5063 5176 5386 5404 5187 4957 5349 5245 5220 4848 4997 5167 5116 5290 4676 5280 5433 5141 5105 5353 5593 5390 5177 5529 5100 5391 5207 5184 5394 5173 5331 5437 4798 5165 5377 5110 4898 5223 5038 5077 5005 5047 4840 5449 5192 5463 5578 
5022 4887 4937 5267 5248 5008 5229 4936 5121 4619 5150 5201 5175 5045 4961 5285 4992 5059 5272 4987 4909 4999 5185 4773 5056 4438 5063 4907 5140 5461 4751 5318 5100 4998 5162 4962 4935 5211 5106 5148 5065 5379 5169 4631 4981 5257 5164 5174 5227 4826 5238 4895 5148 5043 4762 4792 5169 4759 5184 5221 4837 4916 5633 5262 4899 4824 4743 5196 5536 5354 5067 5025 5005 4864 5021 4845 4782 4593 4679 5383 5588 4820 5034 4965 5013 5173 4907 5129 5330 5214 5071 4862 4647 4778 5111 5235 5233 5199 5145 5195 5058 4559 4991 4889 5260 5395 5143 5124 5102 5554 4917 4783 4927 4685 5318 5193 4993 4736 5327 5409 4838 4859 4894 4595 4964 5469 4942 4975 4966 4970 5185 5475 5371 4895 4922 5029 5083 4863 5008 5204 4810 4909 4482 4989 5138 4936 5134 4988 4920 4796 4918 4786 4507 5130 4794 5300 4984 4888 4768 4939 5174 5334 4715 4789 4884 4958 5085 5218 5038 5059 4794 5148 4719 4750 5217 4903 4656 4821 5289 5063 4613 4989 4892 5002 5005 4789 4954 4882 4761 4790 5260 5398 4758 4900 4741 5681 4980 5367 4738 5542 4998 4583 5078 4923 4886 4745 4733 5045 5226 5315 4882 5342 5187 5192 4864 5114 5497 5342 4897 4895 5065 4901 5169 4415 4948 5252 4623 5209 5413 5435 5102 5001 5403 4957 5386 5233 5115 5196 5009 5296 5353 5186 5015 5482 4996 4694 5000 5159 4868 4510 4881 5295 5040 5248 5137 5404 
5088 5051 5292 5398 5354 5525 5314 5150 5466 5221 5718 5665 5572 5412 5122 5393 5479 5211 5646 5342 5115 5081 5412 4933 5397 4654 5425 5208 5602 5309 5288 5530 5132 5301 5266 5362 5407 5309 5328 5652 5325 5836 5529 5074 5234 5549 5692 5581 5128 5309 5534 5381 5489 5190 5059 5243 5118 5321 5298 5367 5000 5354 5530 5690 5150 5314 5018 5721 6087 5674 5289 5197 4821 4797 5299 5437 5071 5031 5062 5569 5873 4907 5580 5626 5379 5401 5084 5556 5064 5870 4983 5094 5117 5286 5120 5664 5678 5900 5511 5259 5056 4897 5302 5407 5582 5540 5478 5090 5733 5576 5331 5206 5293 4829 5396 5441 5033 5033 5149 5350 4756 5034 5195 5110 5050 5945 5159 5113 5281 5099 5320 5600 5332 5188 5198 5589 5028 5230 5265 5748 5111 4988 4885 5066 5397 5324 5398 5346 5336 5365 5457 5276 4940 5441 4682 5616 4969 4944 5487 5379 5429 5183 5138 4965 5443 5075 5177 5027 5593 5061 4691 5516 5093 5224 5534 5283 5204 4897 5658 5388 5226 5322 5249 4988 5017 5456 5168 5312 5673 5159 5690 5555 5254 5191 4653 5791 5426 5796 5009 5659 5677 5110 5662 5246 5203 5101 4840 5164 5235 5435 5212 5640 5530 5294 5236 5374 5157 5508 5148 5221 5236 5455 5530 4820 5287 5182 5110 5114 5634 5555 5253 5768 5896 5368 5627 5379 5167 5607 5175 5016 5494 5259 5417 5560 5495 4911 5355 5328 4994 4780 4880 5321 5588 5289 5606 5830 
5409 5438 5257 5794 5769 5455 5699 5332 5763 5257 5624 5502 5722 5247 5247 5782 5401 5526 5818 5323 5639 5454 5505 5486 6036 4823 5619 5467 5602 5658 5262 5832 5446 5441 5546 5491 5427 5861 5623 5625 5285 5993 5774 4953 5592 5747 5835 6002 5693 5226 5640 5222 5726 5435 5034 5328 5497 5708 5641 5538 5342 5512 5746 5888 5064 5268 5399 5674 6101 5865 5221 5730 5080 5015 5361 5562 4917 5104 5249 5926 5908 5052 5703 5568 5260 5661 5044 5423 5496 6072 5486 5184 5189 5427 5404 5953 5668 5664 5452 5242 5155 5154 5302 5489 5804 5788 5784 5579 5744 5676 5215 5161 5721 5028 5544 5420 5369 5180 5784 5688 5329 5072 5734 5159 5405 6150 5175 5520 5570 5448 5575 5832 5650 5525 5367 5498 5675 5194 5420 5874 5453 5387 5211 5572 5713 5468 5532 5456 5393 5155 5616 5551 4977 5455 5014 5779 5342 5328 5307 5489 5356 5437 5035 5551 5470 5204 5441 5274 5710 5729 5154 5927 5164 5555 5439 5195 5284 5438 5920 5631 5264 5643 5139 5747 5369 5384 5403 5314 5580 5158 5681 5717 5146 5756 4951 6279 5163 5756 5379 5915 5454 5205 5693 5370 5236 5563 5159 5306 5349 5621 5298 5793 5619 5574 5428 5674 5560 5494 5364 5457 5520 5484 5643 4870 5644 5696 5341 5359 5878 6052 5674 5627 6115 5482 5695 5566 5616 5955 5364 5608 5934 5287 5789 5782 5726 5137 5468 5317 5280 5098 5402 5465 5894 5706 5699 6355 
5389 5181 5051 5398 5338 5168 5437 5134 5620 5023 5621 5476 5379 5391 5405 5611 5378 5520 5449 5197 5237 5391 5458 5378 5543 4733 5486 5437 5346 5540 5401 5610 5141 5295 5396 5433 5470 5480 5415 5591 5295 5736 5640 5294 5208 5539 5780 5536 5547 5197 5649 5355 5311 5446 5024 4937 5199 5167 5671 5226 5222 5218 5753 5623 5127 4984 5394 5626 5665 5676 5228 5433 5200 4958 5443 5295 5003 5261 5027 6170 5511 5186 5521 5432 5319 5553 5139 5584 5250 5660 5300 5289 5187 5141 5241 5626 5493 5468 5388 5254 4806 4947 5446 5449 5403 5750 5616 5299 5496 5536 5096 4932 5492 4925 5555 5559 5405 5139 5840 5693 4923 5155 5520 4990 5256 6091 5247 5482 5443 5238 5445 5681 5360 5401 5156 5140 5314 5286 5306 5580 5306 5304 5166 5277 5528 5295 5662 5513 5162 5302 5217 5312 4928 5527 4813 5546 5381 4940 5108 4989 5285 5236 4993 5287 5648 5242 5312 5136 5446 5586 5128 5513 5001 5528 5543 5355 5169 5234 5761 5463 5238 5605 4963 5284 5551 5373 5304 5074 5252 5223 5467 5857 5151 5250 5105 6254 5143 5975 5167 5581 5554 5070 5527 5228 5167 5321 5056 5411 5385 5559 5110 5529 5457 5574 5077 5383 5280 5436 5141 5509 5505 5125 5585 4700 5200 5419 5255 5202 5612 5944 5330 5355 5701 5412 5630 5537 5528 5402 5398 5462 5620 5117 5247 5589 5655 5081 5524 5162 5286 4921 5163 5544 5528 5356 5680 5865 
5109 4667 5007 5350 5025 4993 5370 4822 5167 4905 5051 5015 4895 5009 4932 5178 5110 4904 4988 4795 4627 4797 4673 5102 5354 4655 5128 4915 5019 4983 4979 5245 5029 4767 4841 4849 4919 5274 4999 5136 5097 5408 5195 4724 4961 4999 5146 5202 5109 4906 5214 4965 5083 5120 4842 4874 4916 5003 4971 4992 4814 4976 5255 5052 4683 4723 4905 5327 5351 5321 4995 4778 4391 4591 5099 4921 4723 4974 4968 5127 5417 4895 5074 4948 5044 4993 4665 4953 5178 5115 5115 4882 4687 5055 4913 5093 5127 5280 5262 4747 4691 4603 4807 4997 5366 5238 5003 4994 5323 4993 4608 4737 5220 4580 4997 5095 5138 4997 5058 5535 4655 4595 5053 4871 4824 5457 4819 4992 5020 4917 4959 5074 4927 4790 5145 4931 5051 4948 5107 5326 4954 4876 4594 4897 5235 5027 5116 4936 5088 4953 5291 4935 4596 4942 4561 5155 4942 4622 4751 4641 4852 5276 4733 4710 5007 4927 4995 4853 5134 5129 4718 5214 4677 4832 4868 4825 4785 4748 5328 5246 4829 4997 4544 4816 4842 4656 4725 5032 4936 4718 5186 5226 4584 5130 4684 5948 5039 5163 4763 5510 5401 4793 5222 5074 4742 5140 4659 5114 4919 5014 4802 5147 5115 5097 4785 5286 5047 4993 4778 5031 5092 5250 5152 4615 5207 5004 4732 4953 5495 5718 5064 5129 5298 4918 5144 5226 4929 5157 4871 5053 5299 4928 5063 5150 4992 4557 4968 4805 4900 4546 4857 5005 5053 5167 5312 5684 
5495 5268 5004 5800 5787 5220 5532 5090 5445 5154 5503 5637 5485 5468 5489 5745 5543 5461 5867 5257 5450 5070 5310 5193 5562 5023 5738 5204 5552 5809 5036 5689 5245 5403 5417 5390 5619 5659 5494 5654 5268 5888 5461 5272 5391 5562 5655 5612 5452 5066 5494 5424 5662 5349 5171 5242 5378 5236 5607 5627 5119 5083 5676 5519 5116 5403 5245 5634 5814 5678 5203 5427 5075 4970 5621 5398 5101 5126 5044 5533 5747 5411 5445 5563 5349 5508 5255 5287 5305 5582 5526 5145 5006 5193 5269 5523 5673 5389 5628 5570 5206 5243 5204 5242 5656 5670 5618 5380 5732 5656 5095 5252 5353 5078 5550 5526 5345 5137 5686 5737 4898 4959 5284 5089 5289 5943 5028 5441 5513 5214 5241 5541 5503 5147 5244 5654 5334 5006 5379 5665 5304 5297 4882 5250 5718 5458 5469 5131 5494 5244 5283 5141 5086 5636 4992 5787 5358 4954 5348 5237 5400 5552 5302 5233 5652 5294 5577 5142 5455 5242 5009 5451 5268 5403 5420 5496 4971 5066 5770 5380 4926 5536 5199 5254 5290 5527 5438 5447 5463 5006 5490 5649 5198 5444 4984 6159 5317 5856 5295 5956 5518 5214 5761 5133 5245 5325 5195 5479 5375 5680 5267 5564 5498 5688 5155 5543 5592 5392 5001 5319 5252 5165 5542 4698 5226 5334 4948 5289 5653 6015 5321 5259 5835 5042 5701 5611 5736 5565 5254 5512 5782 5296 5511 5552 5492 4887 5387 5137 5260 4937 5106 5476 5593 5721 5656 5956 
5244 5220 5040 5544 5479 5252 5482 5098 5366 5291 5633 5392 5526 5304 5532 5413 5570 5331 5487 5183 5280 5217 5403 5049 5540 4774 5290 5633 5634 5493 5173 5594 5474 5411 5431 5431 5271 5833 5666 5589 5430 5943 5406 5244 5190 5422 5710 5802 5083 5223 5554 5295 5478 5434 5194 4843 5384 5255 5554 5409 5289 5533 5615 5557 5278 5295 5311 5844 6040 5663 5341 5300 5055 4884 5410 5369 4960 5170 5415 5736 5704 5126 5488 5413 5326 5650 4946 5386 5339 5426 5330 5008 5245 5272 5124 5474 5671 5572 5359 5292 5037 5208 5278 5304 5369 5591 5524 5270 5677 5518 5184 4864 5468 4963 5464 5553 5267 5395 5448 5675 4754 4955 5539 5123 5342 6009 5266 5321 5476 5160 5446 5594 5450 5046 5374 5269 5214 5246 5325 5596 5268 5242 4982 5159 5496 5380 5559 5408 5587 5496 5410 5462 4770 5267 5116 5403 5248 5020 5412 4947 5436 5525 5239 5319 5347 5129 5550 4961 5343 5333 4930 5494 5153 5457 5540 5270 5348 5086 5750 5280 5055 5375 5522 5186 5329 5404 5226 5035 5151 5137 5694 5700 5100 5483 5163 5966 5438 5714 5271 5753 5487 5252 5500 5172 5148 5545 5032 5446 5298 5520 5075 5631 5506 5424 5199 5662 5144 5278 5291 5498 5395 5135 5420 4799 5311 5654 5345 5314 5706 5766 5501 5406 5903 5347 5683 5562 5405 5471 5328 5480 5618 5353 5594 5673 5514 5189 5435 5367 5393 5017 5430 5536 5546 5672 5880 5942 
5559 5478 5616 5664 5913 5580 5504 5502 5867 5727 6103 5963 5828 5572 5728 5833 5674 5409 6028 5288 5733 5580 5476 5246 5738 4859 5675 5604 5956 5807 5507 5563 5572 5694 5771 5776 5876 5929 5761 6036 5565 6155 5536 5254 5528 6039 5696 6281 5894 5375 5680 5887 6016 5664 5357 5307 5315 5659 5707 5678 5585 5916 5891 6123 5580 5226 5221 6128 6367 6012 5616 5326 5238 5166 5534 5696 5283 5561 5364 5984 6386 5456 5856 5804 5716 5680 5449 5386 5523 6145 5620 5503 5726 5372 5646 5542 5668 6163 5742 5681 5408 5156 5233 5471 5818 5804 5728 5618 5949 6177 5824 5260 5764 5484 5877 5801 5714 5477 5934 5996 5155 5265 5812 5551 5741 6229 5514 5486 5830 5385 5707 5900 5932 5448 5649 5484 5440 5451 5735 5737 5517 5862 5301 5506 6104 5791 5644 5472 5534 5623 5708 5538 5046 5319 5142 5824 5397 5245 5473 5584 5489 5691 5552 5493 5945 5504 5767 5286 5859 5311 5223 5963 5322 5565 5696 5323 5767 5195 5903 5564 5365 5689 5244 5602 5514 5503 5445 5555 5616 5711 5978 5739 5507 5764 5070 6397 5886 5987 5629 6341 5765 5442 5789 5600 5428 5546 5416 5580 5863 5606 5438 5869 5993 6026 5492 5854 5730 5588 5514 5724 5677 5476 5712 4944 5539 5907 5654 5411 5850 5962 5878 5663 5830 5436 5847 5673 5673 5896 5594 5876 5998 5464 5835 5881 5914 5139 5495 5625 5614 5119 5593 5713 5923 5698 5862 5996 
5163 5365 5271 5667 5586 5345 5296 5198 5572 5306 5496 5410 5656 5364 5409 5539 5131 5237 5390 5146 5258 5288 5095 5142 5658 4651 5485 5238 5536 5482 5159 5431 5249 5610 5294 5330 5404 5365 5357 5445 5237 5870 5473 4932 5234 5342 5470 5896 5792 5148 5683 5233 5376 5300 5094 5012 5167 5182 5335 5542 5417 5605 5623 5393 5019 5162 5038 5598 5768 6089 5493 5092 4818 4843 5394 5146 5012 5182 5258 5720 5943 5226 5317 5425 5406 5548 4844 5316 5401 5696 5124 5112 5123 5072 5269 5534 5563 5540 5519 5340 5135 5000 5408 5164 5338 5295 5510 5581 5732 5611 5063 4978 5374 4994 5487 5413 5337 5095 5760 5709 4934 4997 5339 5199 5483 5960 5036 5490 5413 5087 5363 5591 5340 5159 5337 5413 5391 5081 5452 5363 5410 5462 4725 5171 5570 5617 5409 5437 5167 5380 5643 5163 4780 5647 5303 5373 5100 5014 5004 5129 5426 5519 5045 5609 5422 5456 5404 5209 5427 5572 5060 5885 5046 5400 5423 5451 5207 5176 5586 5282 5156 5449 5055 5163 5150 5214 5218 4976 5349 4992 5176 5734 4951 5405 5112 6275 5362 5546 5316 5965 5656 4743 5465 5384 5010 5358 5090 5292 5433 5294 4959 5467 5586 5518 5154 5481 5511 5367 5319 5312 5352 5169 5332 5014 5355 5459 5369 5157 5740 5968 5581 5219 5797 5317 5512 5417 5424 5477 5522 5619 5590 5257 5387 5302 5411 4845 5338 4991 5103 4827 5255 5357 5608 5645 5726 5992 
5617 5221 5441 5885 5407 5464 5461 5094 5543 5202 5830 5554 5520 5470 5410 5671 5051 5442 5770 5323 5294 5080 5585 5102 5932 5029 5387 5346 5454 5460 5279 5501 5531 5482 5617 5324 5314 5781 5511 5510 5453 5776 5530 5208 5516 5551 5575 5859 5498 5247 5824 5568 5581 5564 5149 5279 5268 5419 5624 5379 5328 5476 5790 5773 5180 5076 5658 5762 5961 5842 5624 5502 5163 5201 5401 5504 5218 5065 5355 5683 5947 5290 5667 5703 5490 5477 5222 5645 5537 5626 5450 5464 5571 5211 5498 5668 5430 5658 5642 5658 5156 5217 5141 5389 5759 5716 5489 5624 5773 5471 5262 5392 5683 5267 5520 5572 5585 5310 5812 5706 5112 5198 5735 5247 5632 5933 5405 5431 5609 5264 5293 5685 5672 5589 5457 5600 5468 5077 5343 5476 5654 5570 4986 5507 5754 5478 5628 5520 5608 5489 5505 5357 4920 5459 5045 5722 5233 5329 5243 5227 5438 5655 4954 5271 5596 5469 5301 5555 5621 5653 5200 5729 5287 5463 5666 5322 5461 5183 5646 5629 5360 5544 5227 5344 5668 5249 5415 5270 5435 5143 5289 6008 5198 5653 4779 6172 5391 5762 5304 5867 5515 5162 5702 5474 5091 5527 4904 5325 5532 5714 5460 5876 5722 5721 5482 5469 5663 5711 5156 5576 5248 5238 5653 4903 5447 5634 5300 5210 5711 6279 5507 5468 6058 5229 5587 5582 5527 5697 5539 5676 5931 5246 5446 5657 5591 4956 5397 5093 5509 5002 5374 5588 5670 5739 5677 6114 
4941 4853 5015 5207 5124 5077 5077 4936 5113 4703 5079 5057 5313 4937 5047 5367 5014 4798 5174 4659 4895 4692 4938 4733 5063 4654 4974 4588 5042 4854 4756 5332 4793 4745 5050 4900 4808 5006 4884 5062 4817 5263 5340 4491 5162 5113 5139 5275 4898 4848 5089 4905 5274 4889 4688 4927 4675 4796 4979 4881 4853 5009 5076 5120 4680 4643 4582 5280 5241 5225 5055 4936 4490 4484 4918 4791 4701 4934 4499 5040 5296 4504 4910 4927 4946 5278 4767 4992 4967 4996 5033 4673 4710 4744 4678 5027 5054 5294 5038 4859 4868 4449 4814 5035 5113 5046 5068 4938 5378 5222 4796 4454 5214 4469 5042 5249 4687 4799 5224 5060 4315 4731 4962 4745 4961 5319 4966 5013 5181 4903 4935 5172 4985 4750 4909 4908 5149 4757 5072 5022 4892 4990 4448 4663 5364 4949 4686 5101 4823 5047 5098 5051 4309 4863 4616 4952 4734 4787 4727 5007 4954 4866 4545 4692 5110 4839 4956 4990 5134 4899 4570 5051 4699 4700 5038 4903 4788 4552 5096 5094 4571 5182 4764 4782 4765 4799 4577 4762 4818 4534 4861 5227 4623 5236 4896 5497 4992 5369 4920 5257 5127 4837 5158 5111 4655 5028 4576 5116 4781 4956 4909 4939 5174 4972 4717 5264 5020 4963 4961 4947 5104 4921 4953 4203 4892 4905 4787 5061 5066 5560 5034 4959 5319 4599 4971 5075 5227 5061 4835 5165 4978 4893 4847 5326 5166 4490 4977 4936 4854 4793 4814 5170 5101 5221 5134 5532 
5406 5175 5024 5581 5439 5391 5622 5407 5584 5358 5750 5623 5857 5449 5496 5552 5288 5660 5789 5190 5150 5152 5289 5012 5826 4827 5304 5185 5385 5377 5389 5607 5626 5480 5566 5390 5356 5620 5582 5705 5295 5924 5533 4755 5546 5741 5725 5654 5235 5271 5634 5570 5658 5312 5339 5270 5151 5255 5512 5422 5270 5531 5645 5509 5310 5146 5486 5668 5746 5875 5436 5440 5072 5092 5763 5447 4831 5119 5387 5933 6028 5082 5362 5618 5460 5581 5120 5347 5367 5423 5185 5379 5282 5229 5251 5586 5564 5349 5379 5421 5275 4992 5571 5381 5505 5496 5577 5464 5775 5703 5126 5005 5390 5044 5358 5464 5370 5092 5403 5520 4775 5012 5769 5346 5303 6065 5126 5182 5563 5330 5588 5594 5447 5404 5458 5222 5432 5242 5224 5557 5209 5451 5011 5428 5590 5295 5781 5508 5402 5586 5730 5263 4665 5431 4920 5530 5204 5126 5137 5285 5414 5507 5065 5353 5363 5179 5682 5374 5582 5296 5145 5654 5105 5145 5453 5323 5320 4994 5805 5579 5015 5377 5202 5499 5225 5175 5122 5211 5251 5317 5573 5759 5140 5631 5208 6223 5435 5708 5073 5839 5511 5121 5513 5439 4962 5567 4879 5351 5548 5494 5292 5821 5498 5098 5329 5450 5533 5362 5080 5507 5565 5368 5330 5045 5333 5595 5495 5482 5594 5890 5340 5440 5711 5358 5571 5457 5573 5734 5265 5667 5744 4990 5510 5431 5805 5055 5177 5297 5375 4836 5195 5636 5717 5696 5789 5870 
5581 5505 5512 5631 5793 5347 6007 5507 5793 5399 5852 5715 5791 5563 5546 5764 5729 5611 6050 5735 5390 5520 5612 5173 5862 5021 5682 5477 5362 5595 5261 5885 5544 5698 5447 5684 5618 5834 5616 5753 5615 6097 5585 5162 5667 5765 5901 5864 5936 5325 5823 5543 5585 5620 5089 5365 5518 5389 5688 5357 5401 5736 5802 5737 5457 5320 5397 5943 6116 5969 5532 5360 5433 5087 5664 5396 5181 5506 5195 5756 6157 5464 5690 5635 5787 5508 5334 5645 5711 6014 5627 5269 5331 5575 5782 5959 5647 5722 5845 5755 5315 5170 5266 5451 5780 6017 5880 5419 5610 5902 5622 5191 5685 5398 5819 5789 5368 5303 5602 5948 5262 5117 5772 5426 5472 6348 5407 5520 5697 5381 5748 5785 5877 5645 5589 5367 5409 5587 5581 5768 5504 5708 5188 5499 5558 5483 5560 5685 5588 5404 5757 5403 5167 5684 5076 6001 5261 5345 5373 5327 5378 5707 5478 5616 5661 5454 5633 5484 5892 5719 5271 5939 5260 5483 5412 5503 5474 5425 5720 5828 5324 5542 5282 5433 5538 5359 5651 5494 5510 5508 5852 5951 5334 5622 5505 6430 5591 5776 5748 6160 5805 5492 5870 5732 5225 5435 5180 5547 5988 5749 5291 5939 5714 5353 5485 5816 5611 5663 5480 5937 5625 5456 5644 5090 5422 5534 5441 5672 5748 6308 5727 5608 5938 5435 5770 5802 5779 5567 5564 5825 5955 5361 5773 5805 5740 5135 5468 5707 5524 4978 5284 5697 5986 5983 5673 6184 
5385 5322 5164 5627 5410 5183 5369 4962 5567 5186 5829 5489 5503 5395 5257 5214 5052 5408 5503 5310 5263 5419 5287 5042 5488 4668 5422 5431 5577 5360 5070 5262 5317 5295 5718 5390 5346 5473 5421 5567 5117 5933 5409 4852 5265 5647 5542 5681 5335 4734 5462 5232 5541 5534 5237 4991 5214 5258 5499 5486 5400 5176 5781 5543 5121 5361 4978 5348 5839 5619 5223 5537 5050 4860 5175 5634 4876 5071 5156 5612 5769 5074 5576 5545 5324 5485 4930 5536 5444 5396 5454 5046 4791 5380 5503 5537 5652 5655 5377 5224 5092 4869 5313 5391 5553 5663 5261 5406 5323 5559 4952 4892 5370 4950 5352 5447 5306 5010 5372 5650 5148 4998 5470 5082 5068 5998 5045 5197 5269 5255 5596 5533 5517 5173 5321 5344 5370 4848 5313 5703 5109 5301 5023 5212 5460 5252 5432 5299 5363 5177 5586 5270 4998 5295 4938 5598 5269 5015 5096 5072 5187 5456 4888 5159 5106 5222 5343 5055 5306 5321 4895 5648 5166 5445 5383 5130 5287 5162 5798 5430 5111 5450 4951 5420 5407 5243 5022 5038 5514 5299 5391 5586 4961 5638 4877 6122 5361 5549 5060 5482 5436 5068 5506 5311 5150 5262 5157 5501 5252 5621 5032 5390 5448 5499 4872 5521 5508 5382 5123 5313 5370 5397 5544 5062 5326 5413 5026 5408 5481 5960 5526 5445 5824 5282 5272 5416 5361 5449 5242 5276 5559 5095 5282 5482 5586 5047 5273 5212 5297 4873 5141 5309 5842 5534 5647 5814 
4981 5069 4846 5444 5518 5251 5376 4814 5591 5160 5688 5502 5434 5326 5529 5372 5201 5430 5571 5340 4977 4865 5289 5114 5511 4710 5187 5235 5486 5372 4988 5341 5258 5253 5496 5326 5119 5619 5423 5417 5150 5685 5434 4956 5151 5486 5445 5533 5472 5165 5498 5139 5430 5164 5111 5151 5267 5237 5412 5169 4903 5245 5753 5524 4886 4654 5082 5484 6250 5534 4974 5431 4805 5008 5401 5267 4556 4959 5212 5604 5817 5009 5173 5418 5421 5382 4827 5155 5382 5680 5047 5113 5299 5328 4879 5381 5499 5427 5104 5277 4913 5085 5152 5060 5365 5541 5348 5162 5525 5485 4849 4703 5431 4779 5268 5419 5342 4980 5511 5461 4802 4895 5330 5003 5137 5744 5016 5256 5293 4894 5490 5458 5232 5179 5199 5327 5183 5005 5131 5395 5100 5164 4920 5058 5517 5333 5248 5306 5192 4949 5125 5116 4763 5097 4382 5724 4928 4985 5097 5039 5402 5210 4861 5134 5055 5140 5278 4777 5462 5041 4779 5470 4990 5244 5308 5388 4993 5040 5712 5106 4764 5455 5020 5193 5045 5186 5221 5172 5423 5458 5342 5459 5020 5085 4785 5896 5240 5575 5298 5737 5280 4860 5443 5069 5184 5244 5127 4975 5125 5504 5172 5551 5575 5326 5183 5485 5354 5248 5005 5336 5226 5443 5174 4676 5267 5407 5014 4939 5337 5746 4930 5207 5704 5271 5488 4977 5391 5317 5259 5142 5243 4878 5161 5351 5379 4739 5002 5067 5013 4889 4884 5301 5585 5581 5440 5932 
4914 4821 5027 5041 4643 4959 4980 4848 5220 5005 5137 5327 5039 5086 4609 4980 4906 4953 4999 5118 5054 4737 5000 4965 5412 4508 4892 4977 4821 5239 4783 5180 5048 5039 4960 5133 5169 5242 4753 5220 4797 5376 4877 4840 4712 5272 5187 5416 5033 4664 5048 5065 5105 4981 4654 4543 4895 4772 5000 5027 4884 5233 5159 5190 4626 4793 5004 5330 5233 5519 4840 5053 4721 4808 5104 4849 4660 4797 4799 5416 5421 4871 5085 5195 5167 5278 4641 5159 4910 5166 4551 5266 4792 4818 5039 5173 5125 5062 4789 4899 4949 4847 5203 4741 5152 5230 5325 5096 5233 5213 4850 4488 5210 4731 4989 5179 4839 4836 5390 5358 4459 4734 5139 4912 4833 5596 4655 5043 5074 4973 4756 5374 5061 4984 5044 4888 4647 4713 4812 5221 5019 4892 4679 5122 4832 5027 5338 4939 4812 5014 5105 5188 4527 5165 4824 5296 4739 4675 4686 4838 4992 5005 4658 5177 5221 4897 4964 4977 5156 5109 4895 5286 4748 5212 5200 4911 4867 4733 5390 4989 4693 4858 4771 4768 5161 4773 4935 4712 4988 4776 4990 5233 4784 4922 4621 5581 5218 5383 4787 5552 5162 4649 5404 4964 4782 5018 4395 4903 5034 4944 4735 5167 5261 4754 4654 5047 5388 5143 4784 5075 4962 4916 5099 4816 4995 5272 4707 4758 5480 5181 4985 4943 5440 5051 5432 5084 5160 5128 4910 4977 5497 4641 4870 5095 5021 4845 5197 4633 4896 4608 4841 4940 5416 4980 5227 5588 
5372 5122 4944 5528 5474 5291 5322 5289 5414 5127 5633 5463 5610 5153 5573 5559 5240 5116 5650 5463 5058 5268 5210 5238 5574 4647 5569 5187 5510 5652 5001 5728 5542 5256 5467 5521 5292 5570 5511 5540 5451 5718 5503 5175 5316 5593 5453 5650 5173 5177 5627 5374 5763 5219 5128 5171 5345 5081 5246 5537 4947 5267 5498 5365 5043 5081 5151 5736 5732 5671 5464 5077 5083 5036 5239 5366 4994 4978 5175 5431 5749 5141 5375 5540 5470 5535 5164 5338 5178 5588 5185 5240 5244 5129 5296 5425 5388 5730 5360 5373 5062 5069 5319 5417 5543 5551 5468 5552 5387 5757 5165 4820 5329 5000 5547 5587 5163 5296 5501 5530 4916 5082 5393 5041 5510 5723 4881 5510 5591 5317 5534 5545 5595 5140 5325 5232 5339 4878 5315 5526 5118 5277 5130 5365 5285 5318 5223 5384 5375 5232 5411 5216 4931 5507 5083 5682 4995 5105 5144 5467 5119 5396 5086 5064 5474 5178 5383 5123 5641 5264 4889 5628 5099 5022 5483 5142 5136 4994 5753 5154 4890 5463 5215 5246 5174 5203 5190 5271 5206 5217 5358 5749 5147 5343 4851 6234 5273 5551 5266 5836 5501 5098 5621 5235 5220 5205 5018 5419 5419 5347 5251 5596 5438 5513 4988 5334 5415 5274 5085 5360 5251 5403 5192 4929 5340 5400 5105 5705 5342 5536 5290 5316 5901 5272 5451 5497 5512 5449 5173 5500 5544 5095 5389 5640 5461 4894 4946 5346 5139 4689 5039 5269 5582 5461 5595 5837 
5353 5015 5024 5589 5149 5191 5386 5123 5602 5326 5622 5414 5494 5576 5215 5324 5447 5292 5388 5134 5534 5048 5228 5109 5647 4872 5327 5077 5305 5545 4993 5508 5290 5269 5340 5367 5346 5658 5235 5402 5028 5763 5380 4968 5087 5464 5582 5655 5289 5189 5558 5239 5540 5297 5143 5067 5176 5121 5329 5534 5517 5567 5570 5543 4942 5150 5350 5496 5834 5668 5280 5073 4983 5013 5556 5311 5087 5230 4977 5569 5736 5089 5392 5293 5332 5414 5185 5267 5424 5558 5315 5140 4855 5062 5137 5776 5470 5446 5570 5172 5115 4676 5293 5420 5398 5374 5483 5160 5361 5546 5095 4971 5361 4943 5339 5536 5299 5124 5578 5529 5076 4859 5347 4829 5241 6090 4926 5459 5047 5249 5482 5654 5610 5119 5287 5315 5212 4947 5270 5767 5291 5014 4933 5310 5473 5261 5410 5185 5263 5375 5847 5310 5039 5424 4811 5563 5186 4923 5102 5400 5262 5644 5231 5095 5327 5269 5256 5085 5413 5146 4992 5530 5029 5303 5361 5192 4861 4961 5583 5289 5189 5393 4983 5345 5443 5169 5224 5220 5203 5164 5266 5601 4965 5470 4901 5935 5438 5522 5240 5877 5670 5046 5397 5170 4936 5284 5036 5515 5186 5550 5355 5516 5569 5294 4866 5418 5592 5259 5052 5376 5455 5352 5440 4811 5520 5490 5461 5159 5695 5914 5578 5449 5651 5232 5579 5553 5388 5517 5190 5642 5356 5175 5497 5507 5466 5057 5120 5117 5301 5021 5330 5452 5558 5487 5665 6085 
5446 5157 4943 5405 5657 5169 5375 5132 5869 5209 5524 5560 5760 5495 5414 5622 5264 5183 5910 5256 5397 5359 5268 5046 5721 4837 5580 5196 5405 5731 5152 5307 5300 5359 5822 5464 5394 5459 5422 5647 5319 5673 5670 5164 5271 5577 5503 5719 5661 4936 5345 5351 5551 5697 5296 5023 5147 5217 5256 5546 5476 5425 5611 5653 5297 5203 5086 5679 5926 5950 5588 5507 5421 4965 5307 5253 5320 5141 5104 5729 6210 5424 5485 5492 5502 5527 5222 5539 5296 5693 5373 5278 5139 5204 5233 5754 5437 5629 5598 5573 5183 5018 5223 5158 5634 5437 5481 5155 5444 5692 4853 5117 5292 5135 5596 5617 5451 5130 5460 5985 4896 5005 5407 5239 5378 6014 5139 5262 5402 5149 5328 5618 5458 5211 4991 5238 5516 5092 5528 5489 5269 5392 5047 5264 5510 5335 5407 5257 5402 5403 5547 5141 4954 5514 5050 5758 5316 5028 5413 5212 5396 5498 5259 5298 5367 5122 5316 5344 5305 5428 5092 5580 5434 5544 5497 5379 5277 4946 5675 5344 5179 5435 5184 5435 5456 5386 5352 5218 5176 5347 5476 5689 5206 5490 5103 6015 5348 5773 5166 5760 5600 4828 5251 5315 5212 5531 4906 5225 5644 5603 5213 5608 5664 5377 5178 5356 5606 5382 5201 5449 5118 5167 5400 5000 5441 5432 5061 5268 5602 5767 5501 5128 5667 5130 5727 5486 5571 5505 5386 5413 5647 5016 5344 5627 5542 5047 5420 5388 5316 5008 5094 5362 5415 5416 5549 5880 
4817 5050 4903 5419 5196 5008 5102 5027 5616 4845 5442 5067 5169 5046 5128 5120 4685 5140 5544 4881 5016 4993 5082 5049 5372 4639 4896 4874 5295 5283 4857 5351 5102 5065 4674 5190 5135 5272 5179 5135 4849 5565 5302 4619 5120 5256 5126 5334 5201 4739 5441 4983 5007 5088 4922 5089 5015 5189 5201 5316 4786 5342 5389 5164 4770 4782 5018 5248 5579 5496 4944 5019 4736 4785 5112 5102 4694 4768 4914 5458 5553 5149 5098 5189 4979 4973 5106 5352 4977 5421 5144 5033 4779 4864 4890 5238 5179 5095 5288 4964 4958 4784 5141 5123 5471 5501 5070 5156 5359 5239 4774 4705 5142 4400 5191 4996 5126 4986 5313 5641 4570 4736 4913 4918 5226 5458 4685 4993 5095 5107 5103 5411 5094 5355 4933 5164 5081 4771 4904 5495 4759 4897 4817 5004 5327 5209 5016 5214 4897 4863 5280 5018 4687 4866 4572 5387 5046 4986 4581 5017 4943 5198 4710 5060 5205 4957 5090 4966 5263 4851 4665 5541 4839 5141 4995 4881 5021 4970 5345 5097 4871 5029 4697 5152 5033 4830 4968 4982 5041 4891 5153 5706 4804 5102 4628 5823 4803 5261 4576 5395 4968 4764 5229 4819 4873 5075 4812 4937 4996 5365 4981 5392 5166 4982 4816 5269 5253 5204 4905 4799 5105 5233 5449 4430 5067 5267 4932 4941 5333 5966 4997 4968 5366 5278 5184 5322 5041 5518 5154 5333 5524 5108 5117 5593 5113 4756 5163 4966 4895 4509 4960 4961 5397 5185 5359 5923 
5093 4851 5190 5428 5243 5240 5316 5054 5360 4968 5453 5243 5780 5343 5247 5228 5188 5154 5554 5169 4989 4866 5311 5016 5540 4560 4998 5311 5415 5400 4935 5391 5113 4985 5082 5162 5005 5356 5233 5250 5162 5886 5130 4954 5040 5505 5415 5330 5378 5280 5418 5086 5508 5135 5150 4872 5040 5099 5175 5292 5043 5362 5406 5250 4947 5123 4959 5488 5606 5483 4999 5301 4913 4813 5232 5135 4859 5199 4983 5476 5605 4997 5250 5527 5412 5233 4996 5445 5268 5463 5202 5220 4974 5082 5017 5464 5414 5385 5193 5077 4849 5051 4977 5188 5201 5458 5415 5147 5341 5409 4838 4885 5275 4929 5396 5366 4884 5289 5251 5410 4850 4668 5200 5016 4972 5788 5045 5390 5504 5403 5603 5346 5062 5142 5233 5118 5208 4917 5004 5371 4763 4996 4969 5417 5187 5195 5217 5183 5162 5318 5469 5111 4620 5255 4861 5427 4985 4960 4954 5559 5067 5049 4766 4833 5095 5139 5312 4974 5187 5269 4760 5492 4868 5086 5330 5164 5252 4845 5662 5327 5088 5186 4864 5018 5169 5104 5190 4783 5346 5093 5258 5778 4900 5186 4812 5979 5401 5572 5279 5519 5440 5100 5481 5271 5027 5076 4846 5174 5150 5204 5106 5436 5300 5292 5178 5257 5101 5381 5077 5151 5282 5433 5247 4801 5161 5402 4892 5414 5516 5725 5400 5328 5644 5272 5601 5283 5305 5300 4933 5126 5193 4926 4989 5462 5219 4871 5202 5210 4928 4813 4821 5229 5663 5242 5298 5790 
5127 4408 4615 4860 5142 4915 4999 4700 5140 4722 5518 5118 5273 5180 5068 5057 5190 5045 5326 5069 5297 4801 4954 4560 5106 4333 4942 5010 4857 5364 4802 4983 5128 4900 4931 5304 4771 5189 5105 5342 5095 5619 5157 4835 4967 5433 5296 5121 5032 4752 5257 5147 4951 5003 4731 4773 4900 4598 5058 5016 4979 5235 5153 5299 4828 4981 4850 5321 5537 5170 4956 5006 4513 4661 5062 5042 4468 4752 4682 5263 5362 4911 4939 5138 4754 4984 4839 5096 5089 5070 4852 4882 4966 4782 4919 5200 5068 5030 4864 4907 4659 4668 4621 4935 5088 5146 5035 4916 5068 5054 4843 4849 4922 4534 5036 5093 4965 4966 5165 5212 4765 4715 5178 4566 4975 5681 4798 4906 5334 4955 5001 5508 5245 4843 5007 5013 4982 4696 5031 5280 5022 5050 4659 4993 5201 4833 5232 5288 4908 4984 4883 4752 4448 5008 4597 5102 4843 4855 4969 4737 5195 5453 4934 4751 5083 4808 5054 4824 5033 5052 4712 5073 4442 5051 5111 4897 4765 4731 5207 5229 4617 5016 4797 5062 5004 5108 4937 4898 4855 4634 5046 5306 4532 4983 4522 5724 5144 4968 4865 5148 4938 4947 5050 4846 4603 4873 4666 5007 5025 4996 4877 5278 5120 5093 4940 4834 5032 5143 4792 4964 5174 4951 4861 4672 4731 5035 4902 5057 5086 5582 4896 4869 5254 4891 5156 5054 5217 5271 4848 5124 5317 4775 4934 5125 4967 4764 4967 5000 4702 4652 5107 4859 5462 5244 5218 5529 
5068 4796 5067 5049 5195 4910 5175 5215 5278 5188 5589 5315 5374 4991 5129 5103 5040 4918 5403 5003 5067 5142 5151 4989 5270 4569 4951 4905 5223 5272 5187 5381 4998 5148 5312 5087 5196 5433 5151 5401 5007 5366 5388 4694 5271 5248 5387 5457 5215 5072 5334 5233 5246 5049 4803 4974 5064 5071 5091 5214 4980 5188 5456 5441 4890 4812 5093 5082 5494 5656 4983 5105 4727 4885 5232 5165 4748 4878 4961 5432 5519 5021 4878 5230 5175 5190 5168 5107 4967 5395 4986 4729 4854 5065 5164 5042 5119 5337 5510 5280 4952 4926 4975 4916 5417 5522 5333 5044 5289 5454 4967 4854 5238 4794 5153 5280 5092 4742 5370 5314 4845 4632 5464 4720 5147 5845 4852 5006 5001 5103 5119 5549 5137 5147 5071 5059 5345 4926 5115 5424 5088 4966 4846 5007 5264 5042 5032 5227 5116 4982 5320 4988 4651 5163 4696 5465 5115 5156 5047 4883 5315 5125 4959 5029 5231 5188 4974 4844 5239 5039 4859 5586 5060 4955 5069 5120 5083 5046 5566 5293 4935 5169 4879 5158 5364 4925 5010 5167 5051 5222 4988 5401 4865 5017 4746 5814 4966 5353 4991 5854 5310 4770 5338 5056 5036 5233 4776 5004 5221 5349 5003 5439 5241 5343 4747 5510 5398 5305 5030 5071 5239 5088 5243 4692 5157 5255 5054 4995 5375 5688 5210 4986 5461 5155 5471 5137 5127 5227 5112 5054 5621 5003 5138 4988 5085 4842 5089 4856 5209 4456 5063 5077 5339 5511 5321 5738 
5326 5044 4888 5524 5480 4986 5109 4935 5234 4866 5543 5065 5599 5611 5140 5450 5176 5000 5837 5061 5031 5043 5080 4767 5206 4694 5178 4930 5440 5398 5014 5452 5176 5005 5154 4933 5228 5446 5109 5284 5024 5600 5323 4815 5016 5143 5394 5525 5384 4985 5427 5427 5327 5417 5002 4918 4945 5020 5243 5247 4993 5170 5427 5361 4703 4984 4970 5150 5667 5523 5221 5047 4676 4906 5204 5049 4768 4856 4997 5568 5727 4964 4992 5092 5240 5014 4971 5135 5115 5522 5238 5083 5221 5053 4875 5247 5208 5451 5304 5197 4846 5010 5233 5326 5234 5400 5391 4964 5354 5266 4620 4797 5394 4681 5210 5357 5050 4948 5346 5430 4792 4906 5280 4905 5180 5738 4880 5129 5241 5004 5339 5281 5459 5145 5052 5228 5199 5009 4991 5422 4987 5015 4797 4933 5540 5377 5330 5338 5037 5192 5513 5024 4827 5377 4920 5389 5094 4643 5056 5230 5040 5030 4703 5109 5293 4723 5325 4957 5236 5067 4855 5412 4805 5151 5164 5033 4904 4874 5488 5092 5011 5256 4960 5264 5253 5057 5052 4935 5123 4970 5264 5657 4872 5329 4920 6015 5242 5481 4983 5712 5201 4925 5371 5236 5074 5421 4817 5611 5123 5482 5299 5346 5333 5308 4787 5367 5103 5250 5121 5308 5304 5094 5200 4651 5094 5301 5126 5078 5547 5524 5125 5305 5414 4922 5332 5279 5416 5548 5253 5300 5445 4948 5327 5370 5189 4622 5090 4816 5152 4914 5190 5010 5385 5476 5516 5837 
5058 4886 4977 5302 5286 5112 5122 4818 5392 4898 5107 5043 5148 5193 5399 5243 5045 5116 5439 5138 4959 4864 5079 4792 5506 4530 5099 4928 5247 5286 4974 5084 4745 5184 5119 4897 4942 5453 4970 5112 5112 5688 5251 4957 4847 5259 5529 5437 5005 5014 5370 4938 5246 4930 4932 4749 5010 5004 5289 5250 4885 5128 5096 5045 4935 4859 4916 5212 5624 5264 4964 5072 4887 4860 4902 5010 4486 4829 4961 5555 5624 5058 5426 5317 5080 5169 4824 4965 5061 5431 4906 5073 4845 4906 5188 5241 5288 5209 5240 5153 4523 4873 4940 5311 5439 5468 5248 5023 5076 5339 4751 4524 5312 4944 5040 5075 4927 4958 5272 5203 4657 4728 5082 4733 4972 5820 4727 5031 4988 4918 5350 5325 5189 4867 4869 4897 5009 4695 4865 5413 5018 5083 4645 5069 5171 5178 4935 5269 5101 5101 5191 5267 4643 5141 4755 5387 4989 4869 5039 4910 5197 5047 4783 5023 5187 4923 5005 4966 5177 5322 4754 5232 4856 5185 5121 4953 4927 4879 5329 5161 4774 5079 4957 4925 5309 5010 5158 4962 4972 4984 5093 5599 4652 5194 4858 5738 4896 5575 5208 5551 5145 4785 5175 5098 4837 4886 4651 5169 4942 5291 4863 5207 5216 5184 4916 5294 5070 5059 4873 4929 5059 4932 5175 4734 5192 5399 4818 5362 5301 5486 5141 5142 5560 5033 5247 5163 5381 5298 4814 5275 5362 4742 5200 5076 5157 4934 4917 4951 5187 4768 5107 5177 5125 5226 5194 5667 
4916 4900 4838 5070 5596 5154 5244 4681 5190 4919 5508 5126 5220 4938 5026 5223 5103 4771 5499 4965 5117 4827 4968 4743 5253 4441 5133 5090 5570 5585 5064 5243 5156 4929 4988 5130 5156 5331 5071 5338 4994 5482 5038 5048 5192 5387 5308 5358 5134 5021 5110 5104 5018 5200 4831 4864 4979 5013 4878 5302 5005 5327 5239 5031 4855 4905 4868 5518 5607 5548 5130 5169 4666 4493 5287 5133 4656 4715 4860 5159 5649 4994 5280 5190 5209 5017 4990 5137 4979 5381 5137 4896 4727 5010 5047 5254 5254 5257 4945 5065 4509 5036 4999 5033 5307 5358 5430 4827 5253 5199 5038 4903 5205 4689 4741 5248 4989 4897 5183 5279 4543 4800 5142 4872 5063 5960 4761 4994 4934 4847 5294 5246 5061 4984 5027 5218 5128 4824 5078 5174 4624 4905 4540 4735 5247 5061 5097 5206 5283 5056 5163 5005 4284 5025 4674 5367 4970 4824 4801 4740 4825 5438 4823 4943 5369 4962 4932 4822 5324 4857 4576 5379 4879 5069 5034 4843 4896 4696 5423 5287 4863 5021 4684 5143 5006 5122 4845 4710 4909 4986 5098 5493 4783 4976 4670 5837 5118 5196 4912 5518 5127 4901 5305 4906 4945 5217 4791 5209 5191 5161 4938 5273 5068 4995 4707 5126 4933 5066 5042 5193 5083 5165 5060 4608 4874 5105 5113 4815 5545 5389 5010 4936 5482 4853 5488 4829 5021 5187 5120 5002 5378 5131 5074 5074 4964 4722 4925 4957 4879 4680 4803 4965 5465 5284 5453 5616 
5680 5385 5310 5755 5772 5580 5919 5434 6102 5472 6210 5739 5663 5519 5502 5767 5602 5505 6152 5724 5529 5376 5722 5419 5900 4893 5768 5679 5868 5942 5503 5924 5526 5497 5731 5912 5834 5710 5783 5576 5726 6285 5921 5370 5867 5853 5876 5838 5640 5644 5724 5657 5827 5766 5431 5400 5729 5462 5466 5689 5543 5951 6116 5822 5213 5519 5395 5862 6062 5956 5512 5593 5330 5115 5877 5812 5300 5615 5505 5922 6112 5469 5791 6043 5904 5760 5381 5975 5478 5861 5542 5603 5204 5455 5672 6148 5774 5683 5791 5569 5254 5125 5492 5673 5750 5910 5799 5618 5925 5696 5142 5240 5789 5090 5443 5798 5573 5924 5589 5938 5191 5211 5557 5682 5353 6479 5342 5732 5885 5474 5888 5981 5723 5527 5655 5631 5563 5508 5656 5773 5415 5625 5344 5530 5619 5408 5899 5574 5589 5568 5549 5531 5087 5785 5138 6015 5442 5427 5288 5429 5786 5748 5350 5693 5962 5715 5455 5506 5978 5822 5532 5913 5301 5439 5906 5665 5509 5295 6141 5791 5554 5616 5432 5744 5566 5577 5380 5387 5682 5588 5833 6089 5504 5743 5234 6311 5841 5757 5528 6000 5815 5327 5812 5542 5393 5534 5163 5543 5715 5623 5501 5982 5737 5629 5465 5857 5756 5584 5448 5606 5644 5804 5813 5259 5610 5708 5520 5513 5893 6149 5497 5752 5975 5594 5886 5786 5957 5957 5627 5321 5809 5450 5609 5826 5481 5200 5752 5560 5539 5206 5255 5654 6066 5833 6221 6166 
5594 5254 5573 5490 5756 5559 5541 5265 5623 5061 5856 5628 5364 5371 5640 5585 5484 5359 5428 5327 5326 5230 5453 5434 5550 5139 5393 5643 5622 5820 5392 5998 5407 5240 5430 5607 5595 5519 5347 5437 5538 6015 5758 5274 5337 5866 5817 5746 5485 5304 5745 5647 5654 5784 5107 5133 5380 5442 5529 5619 5352 5719 5718 5772 5248 5246 5429 5932 5748 5913 5368 5457 5317 5136 5609 5660 5172 5270 5171 5856 6229 5088 5701 5552 5562 5530 5218 5639 5329 5662 5257 5569 5294 5389 5595 5545 5721 5878 5416 5371 5278 5415 5530 5562 5766 5814 5617 5309 5687 5664 5150 5088 5512 5226 5603 5596 5182 5537 5714 5743 4874 5367 5719 5364 5355 6139 5111 5363 5621 5418 5797 5773 5268 5499 5660 5277 5655 5430 5316 5896 5084 5446 4952 5528 5710 5271 5341 5576 5195 5401 5381 5527 4929 5527 5153 5556 5492 5435 5055 5391 5406 5494 5123 5408 5951 5423 5384 5373 5889 5703 5126 5716 5041 5305 5608 5420 5213 5118 5850 5382 5130 5574 5442 5211 5634 5168 5158 5414 5500 5349 5455 6035 5217 5559 4984 6153 5581 5774 5300 5942 5694 5223 5513 5404 5691 5441 5141 5621 5519 5339 5435 5758 5412 5467 5345 5561 5659 5782 5359 5461 5540 5530 5733 4971 5530 5674 5269 5512 5721 5990 5452 5613 5943 5449 5855 5618 5497 5661 5420 5737 5573 5419 5434 5702 5615 5198 5379 5442 5615 5047 5371 5856 5820 5835 5970 6105 
5014 5091 5098 5343 5238 5068 5261 4998 5382 5293 5622 5344 5422 5351 5328 5301 5217 5059 5398 5032 5136 4966 5265 5219 5615 4614 5221 5090 5263 5450 5005 5514 5196 5230 5181 5312 5291 5492 5444 5507 5193 5602 5446 4801 5342 5358 5767 5635 5090 5308 5556 5274 5251 5125 5089 4958 5097 5236 5275 5328 4932 5320 5439 5464 5051 4907 5146 5709 5776 5536 5013 5322 4839 4837 5380 5065 5079 5085 4886 5538 5921 5087 5310 5401 5323 5190 4793 5252 5065 5583 4914 4891 5026 5322 5079 5451 5355 5618 5151 5276 4806 5112 4874 5000 5250 5395 5131 5207 5390 5433 5090 4974 5164 4949 5433 5312 5481 5081 5103 5474 4792 4631 5257 4973 5296 5762 4954 5044 5318 4881 5351 5367 5122 5009 5160 5070 5306 4760 5105 5676 5056 5248 4777 5167 5191 5195 5423 5272 5210 5250 5518 5219 4712 5172 4914 5523 4857 5210 5251 5133 5293 5279 5016 5072 5645 5031 5139 5075 5318 5147 4934 5424 5155 5070 5134 5138 5083 4847 5626 5073 4900 5267 5096 5294 5174 5278 5023 5125 5265 5187 5271 5711 5083 5253 4861 5922 5103 5526 5350 5822 5189 4872 5361 5226 4786 5541 5165 5075 5190 5449 5009 5428 5346 5444 5135 5350 5345 5095 4880 5050 5440 5026 5187 4819 5557 5333 4823 5207 5626 5830 4958 5235 5703 5208 5374 5385 5313 5558 5187 5299 5373 4853 5185 5344 5217 4861 5224 5077 4979 4884 4649 5314 5374 5469 5417 5726 
4532 4758 4936 4815 5008 4847 5271 4612 5238 4879 5046 4982 4940 4919 4971 4990 4868 4986 5211 5032 4971 4706 4840 4760 4965 4447 4878 4958 4865 5140 4806 5008 4743 4760 4963 4910 4969 4936 4950 5280 4775 5249 5091 4653 4827 5112 5255 5217 4931 4828 5162 4916 4910 4978 4728 4607 4876 4802 5055 4960 5113 4996 5484 5082 4756 4851 4677 5228 5290 5389 4786 5084 4500 4567 4959 4829 4791 4806 4697 5431 5334 4603 5257 5133 4847 5060 4626 5154 4704 5367 4913 4905 4596 4876 4615 5221 5054 5032 4910 4970 4782 4571 4895 4879 5138 5161 5096 5041 5214 4969 4637 4738 4917 4514 4945 4947 4844 4713 5034 5134 4543 4680 4730 4594 4658 5572 4744 4986 4705 4771 5024 5326 4990 4911 4805 4718 4953 4570 4916 5252 4852 4834 4493 4880 5017 4604 4954 4814 4921 4885 4923 4896 4416 4976 4500 5140 4847 4777 4560 4500 4892 5164 4401 5071 5027 4762 4930 4963 5227 4986 4494 5275 4847 5088 4749 4778 4794 4760 5143 5075 4441 5040 4602 4803 4881 5013 4790 4771 5007 4734 4985 5033 4502 5125 4497 5817 5138 5439 4759 5184 5158 4436 5003 5116 4833 4720 4188 4890 4829 5197 4430 5185 4868 4888 4600 4931 5247 5175 4783 4929 4849 5000 5122 4525 4839 5066 4641 5028 5300 5550 5192 5063 5367 4816 5009 5034 4757 5025 5031 5034 4985 4955 4993 5135 5123 4754 4866 5011 4680 4747 4566 4852 5029 5109 5237 5466 
5161 5256 5096 5810 5518 5387 5545 5492 5742 5148 5531 5596 5548 5395 5124 5605 5327 5488 5538 5167 5154 5157 5235 5083 5559 5075 5373 4941 5389 5581 5065 5879 5196 5168 5393 5482 5328 5582 5400 5452 5424 5879 5509 4996 5580 5323 5538 5649 5400 5567 5517 5335 5684 5607 5020 5230 5509 5430 5461 5488 5314 5548 5626 5483 5001 5010 5076 5690 5719 5755 5284 5482 5059 5196 5625 5161 5039 5139 5175 5595 5627 4925 5470 5410 5308 5360 5275 5507 5361 5669 5202 5234 5212 5275 5112 5762 5610 5729 5437 5344 5245 5150 5341 5349 5634 5571 5785 5268 5439 5744 5201 5033 5354 4996 5324 5350 5265 5348 5404 5579 4955 4957 5427 5089 5390 6055 5336 5441 5435 5343 5553 5604 5506 5419 5251 5279 5298 5082 5310 5622 5049 5313 5019 5358 5615 5716 5485 5411 5433 5491 5484 5341 4748 5306 5043 5983 4838 5141 5034 5314 5207 5403 4821 5306 5304 5337 5301 5348 5508 5234 4967 5536 5207 5340 5466 5156 5070 4922 5598 5675 5137 5426 5090 5073 5245 5186 5182 5137 5224 5558 5457 5745 5096 5553 5163 6020 5329 5636 5259 5907 5467 5074 5515 5503 5250 5488 5081 5704 5444 5609 5268 5669 5851 5694 5092 5656 5541 5397 5264 5451 5644 5332 5428 5027 5301 5502 5332 5425 5793 6012 5716 5352 5750 5469 5680 5742 5383 5588 5432 5495 5693 5286 5429 5666 5514 5271 5209 5295 5307 4953 5161 5372 5499 5503 5423 6096 
4668 4805 4770 4960 5004 4772 4775 4564 5074 4764 4916 5070 5098 4969 4808 4935 4850 4906 5188 4735 4979 4753 5004 4648 5048 4640 4954 4754 4984 4991 4785 5031 4835 4758 5125 4866 4898 5084 4906 5139 4775 5255 5039 4465 4932 4976 5167 5133 4885 4643 5012 4774 4971 4969 4546 4770 4974 4690 4668 5139 4911 4869 4947 5228 4924 4649 4697 5101 5525 5254 4849 4895 4291 4553 4936 4791 4385 4565 4755 5271 5155 4781 5087 4932 4951 5060 4768 4852 4855 5410 4787 4635 4800 4795 4765 5426 5149 5214 5010 4694 4586 4438 4700 4891 5111 5256 5207 4876 5039 4769 4678 4695 4727 4541 5145 5038 4938 4684 5201 5258 4548 4798 4702 4739 4998 5431 4823 5041 4795 4595 4929 5089 4887 4800 4752 4924 4902 4562 5003 5216 4731 4598 4359 4854 5182 5019 5001 4885 5041 4971 4954 5168 4306 4770 4663 5248 4641 4876 4628 4688 5143 5130 4491 4680 4758 4713 4630 4767 4867 4796 4596 4988 4542 5045 5267 4960 4936 4870 5197 5002 4512 4971 4731 4686 4656 4980 4943 4761 4805 4626 4723 4747 4708 5089 4576 5451 4911 5063 4779 5007 5040 4688 5205 4636 4743 4844 4664 4886 4610 5280 4730 5249 5020 5085 4676 5102 5045 4852 4868 4866 5034 4782 4870 4225 4890 5096 4894 4833 5382 5241 4980 4872 5318 4690 5109 4803 4981 5096 5040 5049 5133 4762 4803 4981 4924 4781 5105 4730 4721 4405 4768 4833 5100 5061 5064 5587 
4919 4820 5223 5140 5151 4938 5320 4793 5194 4979 5305 5178 5320 5077 5138 5245 5063 5234 5447 5232 5055 4863 4864 4718 5227 4370 5100 5051 5007 5079 5239 5079 4933 4956 4953 5228 5124 5331 5037 5373 5104 5553 5135 4671 4960 5135 5015 5187 5157 4768 5104 4919 5128 4997 4912 4999 4945 4917 5025 4823 4924 5144 5195 5359 4913 5045 4883 5320 5623 5424 5051 5186 4838 4751 4993 4754 4769 4992 4940 5313 5467 4972 5223 5123 4825 5028 4695 5127 4967 5492 5075 4926 4928 5036 4921 5241 5301 5153 5188 4989 4928 4692 4812 4959 5402 5179 5467 5063 5274 5067 4865 4473 5017 4539 5094 5343 4971 4766 5216 5342 4672 4834 5219 4865 4978 5628 4978 5049 5190 5093 5142 5419 5084 5004 4900 5139 5167 4968 4944 5208 4887 5033 4482 5013 5438 4981 5194 5275 5068 5042 5112 4907 4614 5015 4768 5281 4783 4874 5208 4776 4966 5168 4720 4959 5273 4915 5206 5029 5401 4957 4622 5482 4796 5218 4854 5097 4968 4966 5297 4940 4697 5266 5059 5152 4987 5158 4798 4593 4957 4854 5088 5322 4761 5162 4678 5878 5057 5441 4947 5322 5378 5038 5310 5133 4801 5211 4580 5284 4878 5116 4938 5365 5231 5084 5025 5182 5178 5349 5081 5276 5213 4933 5282 4808 4742 5259 4953 4891 5330 5689 5162 4957 5731 4899 5294 5097 5049 5191 4900 4885 5476 4886 4981 5296 5351 4692 5294 4894 5086 4487 4827 4979 5605 5491 5440 5792 
5167 5236 5172 5345 5493 5076 5389 5020 5372 5004 5447 5277 5565 5365 5331 5349 5201 5225 5654 5041 5190 5032 5077 5032 5598 4701 5332 5225 5530 5605 5091 5647 5446 5324 5363 5243 5333 5428 5376 5520 5072 5512 5498 4927 5424 5490 5601 5501 5270 5179 5434 5198 5490 5481 4938 4926 5142 5184 5367 5193 5227 5479 5577 5602 4966 5130 4898 5482 5702 5845 5279 5281 4639 4869 5299 5340 4727 4861 5295 5343 5817 5004 5132 5470 5442 5332 5129 5534 5111 5447 5198 5079 5152 5159 4951 5457 5357 5401 5465 5122 5137 4783 5044 5107 5147 5659 5608 5161 5604 5388 5130 4883 5470 4836 5549 5257 5402 5064 5698 5318 4715 5040 5421 4912 5501 6086 5145 5230 5146 5051 5413 5457 5443 5028 5217 5375 4847 5088 5123 5653 5186 5231 4912 5039 5274 5177 5568 5093 5167 5330 5134 5289 4889 5433 4677 5671 5180 5213 4980 5380 5275 5326 5251 5323 5414 5110 5382 5126 5486 5178 4984 5341 5235 5399 5562 5131 5402 4975 5799 5262 4965 5197 4983 5270 5168 5222 5037 5007 5149 4858 5255 5511 5033 5084 4877 6008 5295 5722 5016 5688 5381 5166 5481 4892 5012 5320 4936 5124 4998 5337 4896 5367 5395 5177 4853 5300 5415 5345 5146 5451 5257 5131 5150 4845 5066 5496 5127 5095 5537 5344 5236 5132 5694 5192 5419 5260 5450 5373 5084 5259 5629 5093 5301 5325 5314 4622 5299 5196 5040 4636 4967 5223 5441 5673 5533 5968 
5455 5312 5262 5827 5646 5378 5611 5212 5520 5264 6002 5708 5609 5613 5454 5559 5378 5549 5809 5535 5567 5436 5488 5212 5545 4913 5574 5332 5775 5882 4897 5487 5283 5414 5441 5419 5520 5772 5602 5436 5516 6031 5858 5147 5569 5501 5762 5934 5705 5259 5832 5370 5469 5383 5153 5256 5610 5287 5791 5597 5493 5784 5996 5811 5200 5220 5227 5686 6223 5746 5467 5480 5300 5150 5608 5325 5149 5274 5351 6052 6125 5172 5508 5564 5477 5735 5253 5577 5180 5810 5540 5323 5151 5403 5403 5900 5822 5920 5491 5316 5111 5101 5704 5476 5379 5579 5501 5386 5685 5838 5275 5253 5458 5083 5427 5549 5417 5464 5505 5603 5243 4974 5451 5190 5563 6174 5300 5652 5372 5419 5733 5689 5612 5257 5469 5520 5479 5250 5491 5646 5293 5168 5116 5312 5770 5593 5523 5562 5424 5245 5655 5381 5196 5544 5262 5735 5222 4944 5391 5237 5550 5518 5284 5316 5433 5311 5548 5216 5290 5833 5299 5794 5407 5484 5645 5634 5399 5133 5792 5607 5467 5485 5389 5543 5469 5483 5403 5294 5539 5322 5716 6003 5261 5697 5240 6240 5446 5914 5520 6168 5584 5123 5699 5243 5224 5442 5169 5378 5400 5604 5118 5504 5906 5763 5138 5619 5731 5534 5176 5405 5500 5712 5688 5102 5342 5750 5168 5374 5658 6138 5275 5420 5607 5481 5792 5873 5555 5779 5595 5593 5531 5215 5413 5796 5297 5048 5431 5366 5154 5234 5289 5437 5819 5505 5788 6339 
5260 5096 5349 5443 5329 5193 5272 5255 5460 5122 5724 5482 5494 5391 4895 5349 5218 4919 5563 5350 5436 5094 5403 4854 5641 4779 5187 5399 5793 5338 5181 5463 5313 5305 5437 5386 5240 5654 5281 5638 5306 5908 5247 4781 5037 5323 5585 5548 5398 5074 5391 5202 5350 5495 4793 4978 5165 5213 5471 5265 5246 5554 5604 5542 4923 5065 5192 5688 5961 5617 5227 5071 4800 4775 5185 5157 4988 5193 5156 5674 6042 5218 5373 5393 5338 5431 5106 5234 5325 5535 5283 5257 5072 5066 5342 5642 5681 5692 5291 5436 4860 4902 5253 5282 5324 5442 5444 5164 5198 5708 5380 4972 5322 5251 5446 5431 5449 5438 5421 5706 4949 4811 5545 4902 5226 5970 5090 5294 5290 5075 5380 5799 5245 5265 5186 5435 5039 4982 5158 5413 5262 5265 4763 5400 5462 5371 5750 5386 5133 5219 5277 5323 4925 5422 4999 5678 5058 4994 5223 4782 5364 5363 5249 5477 5517 5078 5139 5133 5104 5483 5121 5696 5102 5424 5433 5338 5135 5105 5593 5545 5236 5120 5313 5178 5402 5148 5394 5030 5156 5095 5188 5626 5050 5317 5112 5922 5484 5412 5095 5804 5243 5265 5559 5242 5024 5446 4923 5376 5375 5179 5117 5515 5531 5363 5025 5478 5353 5278 4964 5395 5376 5356 5316 4723 5218 5296 5318 5131 5566 5652 5302 5154 5379 5193 5510 5269 5353 5346 5116 5499 5691 5363 5334 5299 5379 4820 5304 5306 5057 4968 5319 5345 5393 5337 5627 5576 
5257 5039 5059 5649 5087 5253 5299 5282 5490 5225 5538 5367 5405 5226 5367 5355 5209 5170 5390 4949 5295 5244 5325 4911 5609 4933 4845 5064 5122 5581 5157 5376 5312 5320 5008 5226 5224 5480 5189 5220 5087 5439 5500 4768 5192 5209 5564 5654 5246 5041 5439 5385 5400 5422 4862 4876 5056 5163 5212 5337 5160 5515 5444 5386 5006 4934 5363 5640 5566 5520 5273 5069 4917 4821 5488 5138 5052 5122 5105 5622 5969 5048 5298 5243 5336 5388 4947 5202 5428 5277 5140 5207 5198 5044 4937 5628 5468 5508 5350 5230 4957 5070 5112 5064 5260 5305 5127 5015 5505 5497 4985 5063 5330 4895 5391 5172 5186 4982 5347 5593 4760 4845 5255 4908 5135 5748 5207 5181 5256 5241 5343 5668 5208 5161 5104 5379 5058 4866 5274 5429 5283 5317 4624 5112 5367 5227 5658 5472 5340 5477 5226 5108 4758 5337 5054 5673 5052 5138 4929 5248 5198 5093 4785 5246 5248 5138 4930 5335 5279 5443 5178 5398 4953 5156 5317 5312 5063 4971 5442 5293 5045 5264 5060 5094 5407 5188 5114 5134 5099 5009 5496 5534 4712 5185 4939 5807 5205 5470 5007 5650 5145 5034 5388 5279 5114 5332 4846 5225 5375 5387 5281 5214 5650 5316 5040 5349 5533 5260 4829 5452 5444 5232 5370 4448 5137 5640 4956 5200 5507 5505 5102 5401 5742 5103 5483 5350 5420 5390 5459 5422 5560 5179 5168 5334 5269 4784 5300 5451 5379 4960 5084 5291 5372 5446 5607 5595 
5357 5293 5292 5580 5635 5345 5495 5189 5624 5200 5716 5304 5797 5319 5292 5808 5180 5474 5795 5399 5108 5084 5367 5170 5661 4852 5602 5571 5555 5747 5072 5415 5427 5181 5486 5570 5443 5744 5562 5518 5345 6049 5608 5096 5579 5694 5754 5671 5415 5160 5814 5613 5778 5577 5223 5004 5335 5322 5476 5461 5433 5484 5578 5740 5232 5304 5286 5785 6098 5848 5601 5379 5236 5056 5340 5510 5118 5293 5281 5669 6033 5374 5762 5731 5375 5555 5288 5576 5451 5722 5411 5314 5158 5470 5545 5460 5540 5361 5631 5582 5270 5202 5315 5120 5547 5710 5702 5362 5586 5645 5240 5237 5556 5059 5628 5762 5460 5142 5799 5678 5152 5138 5816 5218 5317 6091 5248 5374 5549 5436 5443 5670 5779 5340 5715 5435 5280 5620 5464 5525 5404 5574 5004 5260 5687 5601 5694 5494 5341 5271 5681 5481 4735 5350 5026 5622 5209 5197 5116 5120 5706 5683 5178 5408 5405 5231 5614 5353 5484 5383 5159 5720 5061 5402 5602 5360 5197 5261 5760 5808 5265 5613 5042 5394 5391 5265 5393 5207 5456 5500 5792 5937 5210 5456 5290 6338 5607 5991 5330 6027 5601 5106 5440 5393 5093 5581 5269 5282 5509 5577 5325 5608 5655 5588 5233 5549 5543 5405 5271 5436 5549 5358 5384 5006 5305 5593 5103 5695 5780 6093 5497 5372 5839 5384 5626 5564 5409 5609 5649 5504 5776 5071 5274 5684 5535 5165 5380 5360 5388 4953 5072 5589 5664 5774 5685 5947 
5579 5329 5495 5773 5703 5400 5690 5114 5699 5591 5734 5655 5451 5479 5579 5541 5430 5371 5620 5446 5480 5235 5528 5298 5741 5123 5614 5404 5651 5649 5429 5851 5567 5427 5797 5513 5531 5836 5716 5699 5376 6028 5752 5299 5621 5605 5861 5969 5640 5319 6190 5468 5739 5574 5250 5378 5625 5475 5676 5679 5416 5723 6040 6004 5366 5236 5352 5746 6232 6247 5627 5572 5222 5177 5658 5555 5227 5337 5372 6139 6104 5397 5670 5600 5480 5317 4990 5451 5614 5758 5452 5453 5312 5303 5392 5936 5898 6010 5871 5462 5521 5383 5477 5454 5657 5733 5867 5469 5823 5722 5206 5330 5657 5337 5711 5477 5595 5242 5734 5951 5185 5267 5463 5423 5575 6023 5471 5471 5645 5402 5412 5778 5690 5398 5264 5704 5521 5369 5768 5612 5735 5484 5015 5405 5589 5691 5638 5684 5517 5486 5429 5757 5120 5723 5206 6010 5562 5340 5144 5202 5590 5737 5245 5393 5389 5563 5514 5545 5771 5593 5175 5661 5373 5495 5818 5726 5393 5197 5835 5922 5378 5819 5638 5516 5582 5364 5665 5283 5473 5484 5591 5749 5291 5753 5362 6262 5329 5868 5276 5945 5666 5238 5888 5330 5526 5743 5039 5665 5476 5679 5164 5680 5902 5826 5282 6046 5664 5440 5199 5691 5621 5574 5634 5109 5693 5643 5260 5478 5959 6272 5748 5607 5990 5499 5936 5662 5773 5732 5568 5703 5887 5406 5622 5735 5800 4932 5579 5286 5622 4833 5262 5248 5705 5659 5725 6277 
5434 5324 5202 5867 5655 5450 5552 5274 5607 5398 5815 5632 5530 5473 5720 5631 5247 5627 6031 5480 5527 5233 5460 5500 5650 4778 5560 5371 5480 5698 5374 5984 5441 5662 5738 5523 5424 5670 5596 5697 5271 6114 5788 5523 5510 5922 5811 5873 5547 5329 5747 5566 5533 5613 5365 5472 5472 5330 5578 5742 5262 5734 5690 5777 5197 5533 5349 5755 6186 5943 5745 5506 5082 5168 5669 5472 4815 5344 5281 5935 5908 5341 5630 5875 5518 5369 5463 5868 5636 5964 5426 5198 5404 5420 5511 5746 5749 5628 5713 5471 5221 5435 5606 5637 5589 5840 5701 5650 6021 5751 5297 5077 5954 5270 5639 5606 5584 5436 5635 5619 5099 5273 5612 5693 5476 6227 5444 5594 5791 5203 5524 5883 5420 5700 5576 5646 5519 5227 5546 5745 5310 5341 5236 5510 5690 5654 5423 5669 5456 5458 5618 5648 4912 5644 4901 5843 5387 5422 5164 5503 5533 5638 5305 5613 5749 5610 5669 5595 5816 5346 5008 5606 5249 5492 5646 5418 5619 5323 5827 5561 5368 5617 5348 5265 5180 5449 5509 5308 5854 5435 5532 5990 5335 5532 5282 6302 5538 5875 5453 6027 5704 5380 5782 5617 5169 5590 4941 5361 5770 5665 5401 5869 5605 5593 5164 5832 5837 5646 5393 5429 5769 5497 5688 5001 5376 5715 5431 5263 5833 6136 5620 5610 5984 5767 5534 5287 5601 5955 5843 5843 5697 5322 5788 5774 5499 5090 5582 5341 5142 5045 5266 5494 5962 5660 5750 6211 
5177 4997 5152 5238 5316 5411 5396 5094 5507 5009 5667 5383 5549 5370 5367 5427 4913 5215 5719 5036 5186 5154 5145 4818 5297 4514 5339 5292 5529 5439 5175 5407 5275 5225 5168 5343 5201 5439 5275 5416 5063 5706 5733 5086 5151 5578 5618 5324 4922 4914 5397 5356 5234 5226 5185 4939 5234 5084 5305 5402 5060 5449 5477 5496 4909 5038 4739 5447 5934 5502 5249 4980 4820 4809 5171 5236 5057 4834 4876 5513 5607 5255 5409 5403 5146 5348 4971 5178 4882 5645 5050 5209 5079 5151 5305 5394 5470 5523 5341 5225 5023 4861 5422 5356 5584 5508 5447 4946 5433 5496 5273 4665 5174 4879 5385 5264 5025 5028 5154 5420 4822 4845 5180 4983 5099 5761 4995 5257 5252 5124 5303 5471 5115 4877 5217 5480 5271 5258 4833 5426 5086 5380 4891 5263 5183 5402 5260 5239 5067 5186 5233 5267 4870 5169 4760 5570 5066 4850 5057 5163 4990 5320 5288 5118 5409 4966 5020 5297 5394 5223 4884 5375 5110 5402 5154 5091 5339 4899 5582 5319 4938 5503 5055 5198 5173 5010 5103 5125 5054 5093 5642 5638 5098 5157 4923 5879 5104 5429 5016 5512 5214 4853 5381 4990 5242 5058 4812 5358 5359 5081 5033 5465 5357 5171 4854 5293 5442 5139 5080 5126 5193 5201 5255 4698 5333 5313 5045 5228 5372 5599 5244 5236 5643 5366 5225 5377 5216 5439 5141 5267 5463 5123 5241 5411 5372 5028 5327 5134 5457 4742 4859 5243 5654 5424 5599 6112 
5049 4979 4714 5493 5122 5022 5190 4800 5058 4864 5403 5126 5175 5198 5137 5497 5182 5244 5494 5197 4917 5155 4865 4670 5347 4506 5234 5075 5121 5226 4988 5427 5264 5033 4878 4807 5104 5437 5208 5198 4797 5388 4959 4913 4943 5417 5478 5172 5199 5008 5196 4938 5057 5016 4955 4767 4980 5030 5122 5192 4985 5235 5257 5207 4858 4976 5090 5360 5606 5583 4964 5153 4824 4549 4897 4992 4606 4828 5036 5562 5553 4888 5246 4954 5233 5172 4914 4990 5152 5535 5214 4843 4892 4716 5099 5402 5471 5330 5367 5008 4820 4796 4988 5075 5353 5219 5239 4990 5319 5213 4916 4810 5109 4817 5218 5174 5037 5160 5245 5465 4677 4877 5113 4759 5009 5432 4827 4914 5396 4980 5120 5469 5313 5127 4845 4870 5166 4941 4950 5229 4869 4977 4556 5064 5357 5084 5171 5429 5002 5164 5282 4869 4738 5116 4570 5399 4914 4724 4977 5136 5000 5274 4884 4928 5007 4833 5173 5004 5360 5023 4591 5476 5017 5129 4987 5040 5026 5045 5220 5220 4726 5255 4755 4999 5291 4688 4934 4846 4879 4671 5344 5302 5138 5288 4484 5805 4955 5276 4931 5503 5156 4778 5118 5236 4817 5067 4563 4859 5326 5221 4965 5207 5076 5019 4862 5224 5220 5205 4989 5135 5147 4978 5163 4614 4947 5201 4885 5252 5244 5613 5082 4926 5411 5093 5274 5412 5185 5735 4869 5282 5528 4931 5153 5273 5161 4763 5059 4945 4919 4766 4947 5226 5237 5228 5183 5768 
5150 5334 5040 5516 5310 5121 5229 4975 5375 5036 5506 5287 5456 5500 5011 5444 5313 5158 5832 5079 4932 4933 5072 5008 5436 4575 5366 5463 5609 5476 4979 5456 5234 5411 5190 5107 5443 5545 5348 5256 5229 5818 5405 5090 5208 5382 5561 5498 5283 5151 5395 5346 5244 5362 4975 5242 5237 4945 5364 5223 5186 5405 5593 5386 4952 5308 5443 5360 5846 5633 5251 5244 5153 5015 5254 5231 4918 4984 5317 5434 5808 5090 5450 5422 5442 5302 5302 5458 5386 5831 5320 5173 5077 5373 5443 5575 5348 5656 5402 5349 4951 5088 5295 5157 5317 5595 5455 5147 5376 5409 4980 4899 5422 4888 5255 5575 5314 5270 5550 5465 4928 4786 5232 4988 5440 5987 5189 5352 5382 5089 5386 5308 5428 5216 5156 5332 5333 4998 5309 5512 5262 5195 4830 5177 5346 5115 5394 5352 5274 5301 5449 5159 4877 5205 4866 5714 5119 5000 4933 5095 5325 5338 5119 5165 5300 5270 5312 4971 5446 5365 5046 5574 5145 5222 5262 5213 5075 5120 5725 5438 5281 5575 5216 5188 5473 5115 5341 4909 5236 5062 5245 5758 4881 5120 4943 5980 5232 5587 5027 5594 5335 4961 5497 5124 5120 5292 4687 5195 5346 5313 4931 5438 5383 5565 4834 5347 5545 5138 5127 5225 5407 5270 5249 4888 5429 5516 5029 5251 5584 5740 5162 5465 5696 5120 5299 5329 5376 5272 5319 5514 5591 4996 5374 5270 5086 4803 5188 5264 5078 4766 5294 5178 5411 5493 5584 6080 
4798 4828 4751 5388 5131 4878 5024 4827 5538 4812 5459 5110 5132 5040 5139 5192 5209 5039 5493 4897 5123 5075 4964 4911 5198 4469 5075 5426 5149 5177 4908 5256 4884 5194 5012 5096 5218 5330 4976 5098 5052 5633 5301 4750 5129 5161 5307 5406 5231 4782 5307 4947 4992 5148 4969 4899 4918 4823 5086 5010 4857 5274 5119 5178 4877 4928 4948 5283 5429 5238 4800 4888 4802 4455 5126 4917 4696 5041 4735 5436 5535 4899 5112 5279 5153 4999 4661 5152 5155 5130 4667 4977 4969 4974 4948 5357 5202 5244 5271 4900 4738 4673 4829 4965 4984 5287 5217 4994 5332 5142 4821 4872 5153 4839 5382 5090 5087 4838 5219 5303 4758 4588 5027 4998 4939 5538 4896 5165 5209 5094 5250 5433 5361 4966 5151 5017 5014 4777 5103 5378 4941 5012 4862 4795 5217 4838 5325 5174 5102 4962 4798 4912 4663 4901 4609 5287 4708 4659 4705 4911 4965 5169 4850 5147 5270 5048 5001 5194 5264 5428 4787 5213 4715 5059 5076 4860 5042 4756 5405 5167 4796 5130 4760 5170 4970 4856 4712 4857 5079 4938 5143 5387 4856 5212 4694 5880 5105 5394 4751 5385 5115 4977 4967 4929 4865 5021 4840 5134 5223 5113 4644 5181 5345 5273 4971 5202 5282 5198 4840 5063 5218 4866 5152 4642 5048 5257 4903 5178 5354 5691 5119 5032 5341 4977 5140 5081 5296 5084 4927 5102 5396 4781 4911 5301 5130 4536 5097 5021 4899 4545 4869 5111 5321 5236 5300 5770 
4815 4935 5039 5192 4928 4934 5126 4939 5250 4761 5250 5346 4863 5072 5241 5239 4971 5033 5362 4734 5258 4509 5351 4865 5389 4458 4828 4999 5171 5109 4733 5283 4782 4891 4962 5046 5042 5039 5205 5132 4752 5459 5079 4844 4764 5117 5210 5485 5054 5041 5326 4909 5096 5014 4666 4699 4919 4925 5258 5015 4861 5133 5218 5091 4664 4742 4778 5563 5538 5211 4980 4928 4674 4835 5238 5149 4882 4783 4879 5321 5602 5003 5073 5146 4791 4957 4807 5009 4656 5145 4922 4812 4709 4677 4891 5106 5209 5025 4840 5185 4974 4396 5038 5169 5197 5350 4984 5071 5208 5368 4643 4674 5212 4649 5039 5020 4875 4522 5103 5105 4460 4521 4950 4890 5025 5743 4820 5139 4831 4854 5157 5359 4906 5019 4863 4998 5131 4630 4836 5056 4657 5089 4503 5171 4962 5221 5028 4856 4759 5007 5101 4962 4626 4827 4716 5204 5003 4802 4718 4804 4660 5290 4797 4938 5306 4827 4743 5103 5149 4851 4695 5343 4790 4827 4825 4792 4893 4627 5347 5005 4806 5080 4571 4772 4994 4942 4566 4710 4962 4662 4991 5429 4712 4963 4584 5666 4920 5608 4971 5343 5019 4568 5299 4737 4829 4971 4502 4833 4921 5119 4640 5325 5062 5123 4806 4850 5020 5007 4779 4967 4738 4994 4988 4208 5131 4881 4812 5238 5475 5434 5037 5082 5384 4748 5291 5003 5057 5156 4783 5220 5108 4905 5302 5343 5035 4615 4982 5205 4823 4474 4814 5172 5295 5095 5161 5590 
5198 5029 5051 5275 5199 4839 5221 4869 5073 5254 5616 5432 5442 4985 5220 5178 5009 5008 5462 5145 5057 5007 5165 5020 5358 4657 5037 5081 5378 5239 4954 5165 4753 5163 5260 5387 5180 5358 5243 5337 5111 5362 5233 4845 5039 5193 5212 5312 5096 4748 5377 5180 5195 5179 5040 4766 5178 5199 5136 5330 5111 5258 5194 5270 5075 4987 4843 5338 5694 5506 4937 5118 4463 4614 5228 5002 4755 4928 4806 5244 5634 4939 5034 5376 5043 5080 4956 5165 5074 5182 4956 4861 5053 5073 4871 5209 5360 5311 5112 5077 4886 4893 5131 5064 5098 5479 5195 5038 5258 5217 4785 4794 5072 4846 5041 5151 4965 4828 5049 5439 4903 4925 5327 4944 5119 5513 4852 5166 5391 5122 5163 5338 5141 5146 5121 5236 5489 4720 4945 5434 4924 5116 4868 5023 5293 5165 5017 5036 5195 5002 4953 4767 4575 5137 4728 5462 5105 4968 4873 5004 5141 5378 4830 5088 5128 4904 4967 5115 5349 5085 4681 5227 5207 5025 5210 5056 4744 4968 5361 4965 4796 5169 4914 5118 5090 5298 4864 4775 5254 5155 5246 5396 4829 5299 4931 5680 5044 5482 5161 5513 5104 4754 5133 5022 4954 5197 4693 5103 5282 5247 4900 5323 5325 5025 4906 5227 5417 4972 5142 4890 5122 5187 5087 4522 5148 5385 4899 4878 5425 5655 5386 4909 5617 5092 5304 5213 5277 5298 4941 5164 5286 4806 4998 5211 5230 4926 5082 4943 5066 4844 4899 5296 5386 5251 5153 5547 
5178 5040 4864 5346 5367 5220 5272 4745 5368 4796 5320 5029 5189 5043 5076 5243 4906 4953 5510 4942 5081 4882 4991 4857 5434 4632 5130 5290 5287 5474 4968 5295 5058 4841 5351 5141 5054 5395 5179 5219 5027 5673 5110 4981 5243 5087 5387 5275 5201 5027 5203 5108 5388 5221 4783 4953 5168 5294 5067 5033 5220 5121 5513 5200 4842 4954 4993 5303 5533 5562 4927 5010 4579 4666 4976 5327 4613 4728 4940 5196 5557 4987 5359 5149 5177 5217 4597 5147 5056 5268 5221 4934 4808 5115 4975 5589 5129 5326 5076 5260 4772 4810 4794 4730 5338 5233 5328 4922 5482 5181 4630 4869 5312 4571 5295 4990 5346 4980 5344 5457 4950 4635 5220 4902 4895 5425 4856 5234 5108 4905 5279 5242 5306 5124 5001 5414 4966 4859 5103 5235 5303 5211 4431 5069 5348 4832 5356 4807 5310 5056 5051 4998 4503 4978 4598 5316 5106 4911 4625 4761 5229 5194 4831 5195 4985 4840 5116 5039 5174 5280 4769 5115 4913 5114 5392 4807 4901 4980 5672 5346 4834 5353 4847 5256 5268 4885 5014 4942 5117 4901 5211 5215 4800 5140 4564 5689 5042 5431 4966 5364 5030 4723 5236 4948 4918 5068 4845 5065 4935 5046 4853 5311 5161 5421 4944 5168 5182 5247 4823 4975 5114 4878 5240 4534 5041 5251 4987 4941 5253 5328 5398 5052 5593 4872 5414 5102 5256 5244 5003 5219 5511 5232 5209 5069 5343 4566 4839 5130 4993 4617 5041 5272 5406 5341 5289 5567 
4961 4994 4837 5462 5117 5056 5130 4840 5301 4746 5354 5295 5325 5308 5036 5416 5172 5059 5534 4934 5170 4940 4879 4786 5363 4600 5012 5010 5375 5459 5021 5350 5150 5083 5212 5106 5054 5174 4997 5314 5123 5590 5097 4926 4879 5262 5328 5344 5048 4921 5204 5075 5231 5183 4970 4746 4995 5042 4916 5323 5237 5261 5207 5189 4786 4972 5028 5439 5493 5308 4986 4945 4646 4662 4947 5268 4934 4833 5029 5450 5693 5117 5247 5088 5015 5387 4845 5029 5353 5599 5059 5168 4927 4819 5023 5255 5270 5140 5074 5031 4878 4908 5024 5226 5535 5158 5071 5092 5340 5127 4915 4914 5137 4742 5216 5364 5242 4959 5207 5519 4821 4753 5131 4839 5004 5443 4808 5066 5373 5025 4913 5340 5333 5250 5272 5078 5229 4798 5103 5257 4788 4935 4588 4993 5313 5085 5148 5066 5014 5139 5146 5253 4227 5117 4908 5056 4861 5002 4919 4860 5023 5177 4711 4899 5148 4719 5372 5006 5277 4848 4931 5265 4807 5385 5473 5157 5110 4960 5251 4989 4840 5245 4618 4990 5003 4957 5280 4893 5018 4671 5327 5335 4778 5614 4783 5869 5323 4972 4946 5324 5119 4764 5318 5125 4906 5098 4602 4974 5161 5066 5072 5323 5210 5024 4994 5086 5163 5027 5095 5040 5009 5180 5214 4419 4958 5230 4874 5279 5216 5630 5121 5302 5453 5119 5335 5305 5149 5508 5110 5213 5502 5000 5129 5172 5179 4687 5250 4940 5047 4746 4854 5061 5162 5597 5144 5553 
5287 5123 5119 5629 5689 5031 5229 5056 5346 4955 5426 5212 5268 5322 5391 5556 4905 5234 5535 4930 5078 4913 5339 5072 5502 4897 5193 5060 5433 5480 5261 5553 5344 5164 5127 5346 5341 5458 5629 5214 5257 5574 5661 4819 5417 5429 5324 5335 5161 5153 5541 5360 5232 5208 4892 5217 5226 5228 5539 5431 4959 5094 5741 5396 4857 4611 5207 5455 5650 5540 5256 5499 4925 5118 5401 5173 5063 5129 5112 5782 5568 4942 5528 5256 5226 5621 5036 5080 5177 5506 5317 5088 5102 5124 5078 5508 5400 5539 5250 5487 5003 4897 5332 5172 5767 5539 5500 5047 5315 5579 4845 4987 5365 5024 5245 5256 5320 5194 5061 5468 4615 4798 5465 4704 5377 5863 4916 4997 5227 5210 5540 5247 5315 5150 5235 5195 5248 5087 5224 5297 5190 5475 5099 5299 5470 5463 5480 5308 5240 4865 5220 5350 4701 5245 4825 5530 5290 4987 5050 5175 5471 5405 5086 5254 5386 5088 5025 5064 5416 5125 4920 5614 5002 5305 5419 5088 5168 4882 5567 5461 5097 5380 5174 5279 5058 5203 5055 5064 4914 5273 5267 5606 4994 5314 5063 5853 5188 5466 5148 5937 5179 5104 5411 5230 5284 5263 4961 5379 5408 5589 5237 5564 5151 5132 5331 5606 5284 5337 5054 5417 5301 5235 5444 4516 5249 5061 4993 5133 5295 5854 5299 5280 5575 5070 5731 5396 5178 5456 5128 5333 5507 5081 5313 5672 5406 4751 5326 5137 5469 5198 5081 5287 5519 5664 5582 6003 
5097 5301 5004 5471 5717 5217 5449 4992 5398 5100 5461 5453 5442 5444 5388 5502 5229 5463 5633 5312 5075 5058 5494 5048 5562 4756 5345 5268 5560 5437 5359 5519 5491 5115 5307 5345 5401 5572 5582 5569 5207 5812 5389 4885 5402 5437 5627 5412 5207 5188 5599 5242 5385 5059 5146 5076 5411 5197 5563 5386 5277 5373 5545 5367 5004 4995 5148 5669 5825 5732 5162 5339 5042 5017 5063 5447 4734 5026 5273 5629 5853 5422 5282 5456 5340 5647 5222 5443 5365 5650 5448 5095 5327 5253 5101 5592 5505 5317 5303 5391 5050 5011 5297 5275 5447 5682 5217 5336 5515 5296 4935 4915 5152 4719 5591 5536 5267 5276 5376 5446 5289 4944 5532 4839 5185 5763 5191 5471 5307 5094 5498 5543 5472 5224 5160 5416 5181 5160 4859 5393 4999 5544 5043 5094 5359 5396 5405 5423 5138 5183 5322 5151 4992 5589 4838 5514 4950 5104 5063 5054 5428 5189 5101 5221 5374 5003 5554 5230 5292 5378 5077 5753 4957 5554 5596 5361 5192 5119 5820 5220 5177 5400 4901 5187 5237 5316 5116 5185 5095 5185 5730 5548 5003 5383 5244 6089 5088 5715 5243 5709 5403 5198 5586 5150 5060 5074 4813 5198 5424 5405 5200 5563 5383 5299 5369 5469 5329 5452 5000 5367 5235 5073 5268 4860 5397 5523 5107 5306 5593 5736 5262 5300 5916 5064 5568 5429 5462 5728 5246 5177 5470 5080 5278 5636 5395 4884 5352 5316 5021 4988 5005 5179 5395 5621 5787 5844 
4989 4986 4963 5601 5479 4801 5152 4758 5180 4727 5279 5252 5303 5008 4887 5347 5031 5100 5291 4888 5015 4808 4986 5104 5498 4637 5292 4991 5308 5303 4834 5296 5021 4919 5097 5218 5097 5131 5191 5173 5062 5729 5206 4728 5106 5320 5166 5364 5289 5121 5398 4893 5280 4907 4864 4929 4832 4964 5283 5349 5097 5400 5353 5231 4578 4746 4707 5264 5669 5268 5053 5119 4884 4943 5237 4847 4778 4694 5078 5400 5487 4624 5259 5196 5130 5021 4604 5012 4972 5321 5033 4961 4844 4786 4903 5529 5324 5387 5047 4782 4913 4428 5015 5006 5257 5418 5024 5147 5273 5272 4926 4784 5111 4973 5261 4698 5086 5085 5309 5465 4540 4721 5169 4926 4980 5581 4951 5394 5286 4843 5158 5175 4947 4679 5101 5001 5111 4743 4795 4956 4950 5201 4966 4964 5549 5333 5220 5196 4922 4819 5116 4909 4525 4901 4424 5423 4876 4718 4808 4944 5112 5021 4834 4939 5201 4924 4996 4881 5136 5019 4684 5427 4750 5137 5017 5001 4834 4948 5329 5123 4791 5199 4724 5009 5029 4940 5022 4736 4750 4744 5070 5489 4771 5221 4677 5517 5005 5360 4987 5342 5182 4759 5254 4705 4725 5126 4801 5102 5089 5140 4806 5338 5496 5295 4950 5034 5110 5323 4853 5219 4966 5299 5099 4420 4870 4961 4803 4854 5479 5545 4937 5024 5399 4856 5356 5149 5211 5047 5016 5258 5138 4917 5045 5614 5251 4417 5139 4820 4798 4820 4847 4877 5280 5072 5391 5520 
5141 5043 5225 5471 5383 4887 5030 5069 5441 5012 5771 5345 5344 5222 5480 5213 5080 5260 5509 4783 5060 4981 5281 5084 5412 4621 5142 5161 5404 5460 4942 5486 5015 5231 5209 5267 5192 5550 5229 5512 5162 5620 5424 4883 5181 5327 5292 5611 5241 5097 5319 5173 5331 4936 5204 4686 5021 5173 5323 5281 5112 5347 5374 5283 4849 4938 4972 5639 5707 5611 5251 5199 4878 4767 5448 5104 4799 4852 5056 5281 6081 5265 5205 5468 5321 5367 4928 4949 5191 5382 5141 5256 4964 5017 5034 5278 5432 5444 5235 5263 5003 5094 5168 5100 5186 5250 4931 5195 5541 5334 4747 4835 5217 5024 5255 5379 5315 4912 5220 5634 4473 4918 5164 4873 5201 5631 5134 5061 5605 4855 5395 5214 5447 5115 5287 5060 5269 5000 5241 5559 5192 5129 4759 4986 5244 4987 5286 5188 5149 4917 4966 5028 4728 5238 4915 5331 4937 5219 4934 4992 5389 5389 5209 5058 5401 5018 5235 5272 5443 5233 5064 5291 4983 5243 5302 5108 5010 4783 5583 5066 5003 5360 4766 5137 5227 5265 5234 5023 5011 5007 5444 5614 5171 5297 5107 5933 5149 5444 5206 5693 5255 4830 5302 5144 4997 5267 4889 5063 5339 5358 5182 5185 5433 5251 5192 5305 5260 5232 4838 5259 5213 5219 5219 4286 5208 5392 4832 4989 5267 5830 5341 5394 5339 4995 5258 5087 5470 5505 5241 5273 5251 5107 5339 5381 5416 4625 5134 4841 5146 4861 5268 5243 5428 5463 5595 5894 
5737 5508 5475 5890 6041 5582 5759 5496 5857 5446 5775 5729 5769 5833 5755 5684 5525 5654 5773 5344 5620 5542 5594 5356 5918 5039 5964 5432 5833 5943 5494 6113 5671 5420 5740 5748 5684 5792 5762 5827 5510 6081 5863 5276 5509 5786 5773 5803 5600 5682 5773 5568 5794 5660 5498 5394 5716 5688 5914 5965 5664 5606 5861 5731 5344 5361 5262 5994 6328 6000 5802 5825 5468 5256 5561 5652 5030 5471 5660 6057 5980 5483 5709 5751 5658 5922 5342 5514 5771 5798 5673 5519 5492 5612 5585 5931 6205 6028 5737 5564 5611 5282 5706 5562 5788 5960 5870 5639 5725 6071 5416 5298 5645 5362 5677 5603 5758 5430 5609 5997 5042 5355 5618 5210 5498 6145 5398 5652 5534 5409 6101 5786 5716 5460 5462 5763 5368 5295 5689 5766 5564 5744 5316 5477 5572 5715 5952 5779 5641 5881 5688 5780 5249 5702 5176 5975 5510 5428 5326 5336 5765 5690 5422 5719 5816 5521 5561 5676 5740 5617 5370 5958 5473 5725 5907 5411 5522 5484 6107 5597 5246 5770 5373 5568 5600 5722 5516 5468 5519 5606 5808 5970 5469 5739 5514 6470 5637 6028 5367 6025 5693 5748 5864 5689 5496 5746 5268 5598 5981 5817 5417 5799 5753 5499 5440 6032 5646 5780 5368 5553 5764 5528 5835 5003 5571 5765 5409 5693 5952 6123 5590 5605 6268 5582 6055 5817 5899 5866 5473 5587 5878 5314 5910 5893 5652 5154 5711 5588 5753 5067 5646 5539 5817 5722 6095 6308 
5042 4758 5128 5221 5216 4888 5235 4852 5395 4966 5660 5331 5044 5054 5138 5214 5038 5200 5636 5070 5381 4841 5118 4747 5156 4490 4989 5105 5037 5226 5043 5334 5100 4904 5184 5244 5177 5359 5180 5309 5056 5707 5384 4651 5067 5334 5564 5236 5342 4780 5253 5290 5434 5106 4757 4888 4930 4561 5113 5270 4673 5376 5385 5063 4777 4714 4859 5278 5615 5310 5042 5006 4971 4920 5355 5048 4588 4896 4808 5473 5551 5071 5208 5239 5173 5205 5078 5182 4915 5474 4933 4843 5109 4875 4922 5391 5339 5305 5115 5222 5033 4793 4854 5180 5197 5330 5240 4928 5245 5318 4939 4903 5091 4973 5067 5246 4835 4970 5206 5457 4601 4973 5197 5063 5039 5681 4884 5183 5215 5043 5220 5458 5273 5309 5080 4932 5245 4997 5056 5260 4917 5160 4582 5148 5153 5175 5007 5246 5024 5103 4981 5093 4616 4955 4646 5042 4961 4862 5002 5163 5158 5182 4787 4962 5183 4948 4839 4923 5376 5087 4781 5083 4862 5106 5218 5074 4902 4864 5356 5251 4797 5104 4918 5096 5146 5011 4973 5016 5032 4944 5212 5366 4778 5171 4582 5768 5062 5147 4944 5277 5235 5057 5277 4983 4855 4837 4897 4951 5157 5232 5056 5375 5532 5344 5052 5556 5305 5267 4954 5405 5292 4893 5224 4628 4988 5400 5122 4973 5208 5561 5280 5132 5343 4963 5160 5230 5348 5341 5055 5123 5418 4797 5179 5264 5182 4946 5247 4787 5174 4807 5209 5101 5330 5617 5350 5842 
5524 5308 5027 5527 5512 5227 5438 5144 5580 5208 5860 5310 5594 5033 4909 5576 5477 5101 5346 5471 5098 4960 5330 4793 5563 4634 5508 5170 5196 5462 4932 5655 5305 5250 5181 5353 5375 5624 5279 5408 5310 5611 5482 5231 5176 5542 5587 5575 5554 4889 5601 5258 5323 5513 4900 5121 5081 4966 5599 5281 5048 5616 5671 5386 5038 5032 5249 5795 5891 5614 5207 5444 4883 5045 5158 5302 4866 4987 5092 5606 5920 5132 5529 5262 5104 5451 5190 5240 5416 5961 5254 5386 5126 4968 5332 5757 5679 5572 5131 5279 5155 5032 5078 5458 5477 5512 5487 5207 5345 5634 5061 4975 5263 4976 5399 5352 5218 5219 5652 5527 4884 4974 5175 5011 5151 5934 5041 5102 5220 5039 5453 5580 5276 5257 5298 5307 4936 4936 5094 5516 5051 5301 5019 5111 5392 5226 5309 5365 5237 5181 5298 5207 4905 5407 4837 5664 5035 4839 5027 5274 5177 5198 4857 5270 5329 5150 5275 4991 5308 5399 5077 5551 5200 5196 5539 5110 5042 5075 5577 5407 4984 5473 5117 5143 5126 5107 5177 5269 5437 5199 5593 5609 5168 5362 4905 5925 5221 5373 5134 5577 5140 5117 5749 5262 5318 5295 5101 5432 5358 5388 4980 5315 5594 5554 4754 5339 5532 5259 5127 5310 5414 5401 5275 5086 5167 5351 5083 5160 5459 5590 5207 5198 5821 5254 5615 5535 5437 5400 5268 5453 5450 5185 5222 5337 5430 5060 5169 5223 4995 5008 5306 5160 5614 5300 5507 5670 
5243 5290 4954 5500 5320 5020 5542 5033 5426 5117 5857 5461 5421 5510 5345 5371 5204 4998 5642 5152 5099 5154 5134 5017 5392 4753 5213 5328 5406 5678 4966 5651 5332 5025 5358 5250 5520 5584 5428 5446 5157 5707 5624 4872 5358 5434 5486 5555 5351 5182 5525 5391 5450 5214 5040 5005 5303 5059 5151 5285 4945 5360 5554 5465 4954 5007 4969 5673 5740 5662 5393 5058 4966 4941 5480 5369 4792 5233 5051 5682 5827 5127 5359 5542 5433 5358 4843 5279 5231 5482 5165 5128 5209 5184 5078 5618 5470 5753 5364 5258 4900 4886 5314 5130 5209 5567 5400 5217 5447 5402 5289 4997 5435 4973 5410 5461 5425 5056 5518 5589 4912 5143 5435 4925 5290 5920 5242 5431 5544 5132 5319 5370 5461 5211 5339 5365 5316 5096 5195 5596 5451 5264 4879 5210 5634 5338 5705 5313 5378 5477 5282 5116 4860 5336 4786 5674 4992 4936 5170 4952 5431 5265 5095 4952 5133 5269 5177 5066 5594 5345 4706 5618 4853 4865 5400 5401 4988 5056 5681 5422 5019 5634 5269 5434 5449 5500 5093 4807 5331 5250 5384 5468 5028 5354 4867 6115 5283 5554 5245 5557 5351 5119 5728 5160 4929 5481 4909 5409 5326 5284 4845 5600 5422 5413 5085 5644 5126 5268 5266 5553 5420 5372 5290 4729 5392 5282 5066 5391 5443 5811 5110 5518 5754 5068 5618 5424 5580 5183 5162 5195 5530 5164 5326 5444 5473 4663 5381 5256 5025 4753 5142 5118 5609 5560 5504 6010 
5073 5133 5050 5276 5299 5184 5345 5278 5955 5125 5320 5172 5507 5268 5123 5633 5443 5296 5651 5269 5280 5047 5356 5177 5346 4892 5276 5341 5466 5392 4974 5476 5121 5411 5319 5434 5486 5560 5459 5488 5373 5743 5513 4920 5444 5364 5610 5506 5495 5060 5386 5211 5504 5423 5290 5094 5305 5171 5421 5243 5017 5369 5576 5621 5103 5061 5250 5866 5868 5441 4968 5395 5080 4878 5518 5271 5131 5079 4922 5695 5857 4762 5418 5260 5605 5201 4921 5459 5495 5613 5604 5262 5029 5048 5058 5549 5438 5616 5442 5357 5187 5072 5274 5120 5381 5600 5509 5511 5496 5455 5035 4891 5407 4882 5355 5377 5237 5184 5663 5686 4781 4714 5346 5231 5194 5934 5103 5447 5341 5276 5315 5567 5558 5246 4856 5097 5161 4905 5521 5522 5151 5048 4831 5289 5272 5132 5483 5339 5374 5020 5368 5064 4780 5183 4991 5551 5175 4955 5111 5175 5129 5393 4921 5188 5315 4974 5448 5256 5563 5452 4935 5604 5172 5154 5268 5118 4988 5072 5675 5240 5210 5406 5274 5365 5042 5320 5136 5205 5381 5081 5188 5538 5013 5324 4954 6061 5310 5645 4981 5688 5471 5007 5686 5312 5213 5372 4886 5430 5253 5554 5072 5543 5612 5194 5114 5409 5495 5081 5171 5162 5374 5447 5365 4716 5195 5507 5086 5324 5660 5672 5325 5384 5450 5312 5401 5393 5444 5602 5163 5509 5561 5100 5588 5398 5554 5009 5337 5226 4883 4909 5202 5370 5424 5417 5835 5878 
5275 4936 5054 5140 5139 5101 5406 4809 5311 5072 5289 5200 5132 5061 5033 5295 4942 5210 5369 4784 5255 4963 5099 5044 5245 4717 5173 4995 5338 5400 4876 5513 5301 5143 5036 5173 5374 5253 5180 5294 4823 5741 5257 4644 5217 5353 5577 5605 5383 4896 5488 5114 5371 5142 4795 4760 5095 5139 5258 5316 4879 5150 5327 5383 4765 4818 4772 5490 5502 5606 5018 5138 4806 4742 5226 5057 4741 5176 5066 5573 5625 4732 5124 5193 5359 5182 4720 5085 5131 5501 5105 4822 4773 4929 5032 5295 5396 5222 5162 4976 4936 4988 5239 5164 5326 5242 5164 5270 5312 5461 4992 4597 5264 4563 5459 5157 5358 4818 5524 5566 4653 4652 5342 4944 5008 5710 4834 5230 5298 4845 5060 5327 5096 5280 5180 5214 5029 5030 5229 5255 5056 5072 4735 4721 5340 5371 5285 5422 5128 4856 5377 5214 4610 5189 4650 5365 5031 4998 5059 4986 5146 5072 4833 5185 5122 5013 5103 4843 5104 5167 5071 5252 5031 5236 5088 4958 4866 4871 5448 5438 5000 5228 4787 5065 5218 5193 4719 4891 5307 5062 5297 5420 4626 5241 4820 5907 5251 5612 4911 5336 5289 4816 5739 4889 4895 5252 4985 5004 5278 5043 4809 5433 5394 5342 5020 5315 5452 5116 5183 5113 5468 5211 5193 4759 5037 5482 5137 4915 5515 5443 5062 5188 5593 4977 5435 5162 5192 5538 5085 5389 5558 5142 5178 5205 5477 4780 5229 5059 5079 4805 4805 5010 5122 5348 5576 5506 
5177 5418 5208 5712 5681 5275 5600 5364 5694 4826 5556 5185 5671 5555 5234 5562 5413 5252 5771 5297 5403 5018 5224 5155 5572 4983 5282 5539 5531 5587 5112 5371 5531 5218 5202 5228 5344 5509 5610 5229 5297 5928 5646 5021 5442 5428 5629 5556 5497 5198 5653 5662 5556 5345 5237 4873 5250 5128 5583 5565 5107 5378 5581 5702 5286 5202 5008 5721 5797 5510 5346 5401 5131 4996 5521 5372 4865 5325 5249 5683 6139 5138 5578 5458 5212 5443 5097 5618 5428 5809 5316 5445 5250 5021 5245 5675 5324 5427 5415 5271 5206 5004 5284 5408 5447 5490 5641 5457 5556 5412 4977 5189 5374 4952 5449 5354 5473 5310 5598 5630 5040 5111 5350 5112 5226 5956 5114 5443 5398 5422 5496 5332 5385 5035 5390 5371 5381 5110 5333 5521 5182 5538 5263 5279 5735 5325 5445 5404 5289 5188 5470 5304 4937 5491 4866 5594 5160 5278 5218 5200 5376 5283 4981 5067 5330 5077 5269 5352 5278 5573 5112 5783 5062 5420 5340 5361 5094 5000 5505 5613 5264 5481 5217 5635 5426 5243 5129 5186 5319 5378 5641 5795 4842 5397 4950 6211 5585 5729 5093 5709 5776 5150 5395 5204 5053 5389 4946 5413 5763 5508 5283 5600 5460 5539 5305 5297 5516 5562 5195 5329 5427 5138 5402 4726 5439 5581 5185 5398 5753 5920 5493 5387 5541 5122 5616 5633 5257 5431 5523 5479 5653 5065 5389 5742 5374 5146 5663 5326 5257 5211 5037 5277 5573 5564 5744 6023 
5071 5322 4991 5503 5342 5059 5238 5108 5634 5005 5469 5335 5299 5399 5034 5522 5166 5231 5489 5184 5258 5208 5063 4860 5570 4844 5250 5196 5534 5623 5231 5362 4990 5068 5314 5235 5456 5260 5251 5110 5111 5821 5346 4780 5273 5358 5615 5465 5506 5167 5527 5423 5382 5102 5018 4846 5165 5122 5384 5315 5101 5252 5535 5497 4815 4992 5166 5353 5646 5620 4779 5379 4758 4677 5194 5490 4918 5231 5081 5545 5679 5085 5425 5365 5171 5439 4906 5231 5157 5285 5066 5144 4715 5096 5254 5149 5318 5475 5375 5154 5062 4916 5343 5060 5469 5395 5419 5204 5643 5414 5092 4949 5525 4931 5305 5121 5342 4970 5236 5615 4790 4696 5181 4946 4788 5750 5018 5398 5322 5126 5191 5626 5365 4892 5150 5009 5172 4918 5228 5373 5552 5419 4771 5062 5304 5096 5437 5248 4967 5193 5162 5317 4797 5351 4787 5482 5284 5020 4933 4930 5349 5201 4987 5161 5394 4918 5161 5168 5329 5302 4979 5668 5138 5302 5445 5078 5242 4961 5750 5296 5184 5344 4934 5041 5149 5022 5142 5273 5111 4886 5408 5441 4924 5086 4736 5983 5294 5689 5258 5752 5332 4940 5328 5214 5124 5163 4787 5089 5389 5708 5011 5464 5295 5347 5142 5269 5390 5352 4998 5120 5181 5089 5428 4696 5212 5509 5018 5415 5440 5673 5436 5252 5725 5010 5630 5291 5294 5204 5233 5423 5596 4981 5354 5307 5093 4786 5066 5141 5378 4659 5011 5302 5543 5284 5578 5670 
4855 4659 4871 4794 5166 4727 5017 4648 4966 4640 4968 5141 5383 4654 4846 5172 4885 4862 5217 4696 4710 4715 5177 4860 5018 4469 4902 4789 5070 4678 4512 4932 4987 4712 5093 4993 4782 5094 4994 5141 4970 5275 5013 4432 4905 4962 5128 5171 4939 4805 5007 4800 5019 5263 4634 4704 5021 4947 4856 4867 4948 4881 4955 4772 4602 4439 4598 5359 5291 5148 4682 5094 4712 4534 4840 4829 4674 4552 4650 5101 5817 4698 5094 4822 5025 5072 4573 4762 5175 4949 4616 4828 4701 4831 4931 5128 4890 5081 4949 4814 4646 4461 4829 4772 5045 4997 4873 4750 5070 5118 4619 4612 4603 4538 5065 5252 4916 4802 5179 5009 4746 4473 4872 4519 4707 5296 4518 4770 4759 4895 4979 5092 4947 4755 5093 4661 5007 4673 5046 5057 4831 5045 4486 4963 5118 4713 5049 4672 4779 4724 4967 4866 4371 4843 4426 5073 4808 4569 4522 4577 4719 5133 4611 5005 5011 4793 4905 4984 5057 4709 4598 5244 4635 4570 4981 4876 4556 4605 5099 5219 4634 5034 4530 5068 4852 4925 4804 4597 4748 5037 4904 5308 4697 5084 4584 5715 5167 5235 4694 5223 4865 4457 5188 4805 4673 5112 4611 5086 4685 4985 4532 5328 4763 4907 4716 4823 5045 4907 4776 4873 4880 4984 4902 4264 4859 4703 4669 4986 5124 5559 4808 4863 5146 4955 5177 4866 4916 5124 4575 5098 5249 4580 5073 5025 4990 4322 4662 4892 4851 4606 4511 5030 4984 5265 4966 5451 
5216 4826 4977 5233 5064 5161 5404 4913 5210 4787 5465 5278 5295 5070 5053 5132 5039 5186 5469 4787 5199 5020 5128 4849 5284 4693 5163 5141 5221 5403 5055 5157 5089 4913 5006 5276 5145 5265 5352 5145 5023 5700 5346 4852 4953 5370 5335 5427 5135 4982 5214 5183 5195 5374 4920 4934 5108 5359 4758 5226 5101 5383 5103 5085 4985 4817 4868 5363 5808 5585 4966 5146 4626 4689 5155 4743 4698 4993 5144 5546 5609 5005 5236 5327 5265 5292 4890 5030 5385 5475 4734 4986 4948 4948 5052 5328 5362 5373 5225 5248 4858 4640 5136 5063 5263 5358 5274 4942 5240 5295 5040 4947 5088 4728 5274 4990 5193 4946 5391 5598 4700 4495 5068 4726 5114 5751 4808 5178 5093 5020 5085 5482 5267 4945 5087 5302 5092 4777 5006 5368 5100 5068 4710 5053 5276 5364 5239 5206 5282 5309 5229 5123 4696 5123 4599 5414 5297 4956 5088 4851 5206 5316 4916 4970 5307 5109 4931 5150 5025 5033 4743 5441 4841 5076 5283 5219 4740 5075 5435 5104 4782 5027 4589 4850 5084 5241 4933 4822 5218 5162 5145 5731 4725 5200 4758 6034 5191 5423 4944 5697 5311 4830 5340 4988 4829 5214 4824 4936 5173 5221 4814 5335 5301 5135 5051 4949 5156 5302 4944 4895 5216 5178 5100 4503 5093 5203 5007 4936 5378 5545 5215 4927 5704 5090 5560 5339 5121 5525 4938 5393 5601 5058 5292 5379 5286 4852 4960 5115 4938 4752 4792 5252 5141 5351 5402 5669 
5352 5276 5115 5558 5471 5228 5510 5203 5706 5154 5578 5280 5599 5360 5219 5401 5293 5236 5540 5358 5366 5292 5189 5107 5389 4598 5164 5430 5289 5698 5158 5560 5349 5345 5258 5394 5561 5502 5583 5423 5434 5638 5680 5020 5114 5313 5431 5798 5424 5080 5555 5495 5283 5467 5474 5092 5092 5227 5469 5605 5164 5541 5850 5397 5021 5044 5288 5835 5710 5707 5280 5224 5054 4855 5380 5275 5229 5051 5107 5686 5944 5226 5392 5401 5209 5393 5041 5494 5022 5730 5389 5302 5227 5153 5373 5582 5544 5558 5312 5246 5213 5087 5203 5196 5595 5438 5613 5340 5402 5585 5060 4855 5328 5092 5278 5103 5353 5287 5555 5867 4933 4832 5473 4933 5236 5891 5220 5269 5237 5273 5233 5724 5273 5312 5165 5491 5393 5086 5397 5609 5225 5184 4957 5337 5149 5304 5757 5470 5437 5315 5327 5188 4981 5367 5105 5352 5351 5037 5111 5132 5438 5468 5068 5171 5558 5397 5531 5326 5384 5468 4960 5918 5356 5176 5261 4933 5049 4972 5864 5072 5143 5534 5227 5475 5574 5555 5260 5234 5275 5192 5064 5647 4955 5541 4857 5828 5136 5723 5070 5622 5497 5026 5660 5340 5231 5591 4975 5476 5389 5490 5232 5349 5460 5486 5107 5577 5326 5356 5099 5249 5454 5272 5532 4882 5449 5516 5249 5278 5797 5798 5327 5509 5744 5269 5495 5480 5339 5432 5314 5325 5540 5156 5414 5431 5568 5301 5364 5189 5175 4929 5158 5352 5588 5300 5813 5810 
4911 4778 4784 4949 5317 4618 4919 4648 5089 4809 5414 5116 5098 4878 4742 5107 4886 4930 5087 4905 5001 4648 4841 4803 5194 4411 4911 4901 5117 4906 4781 5095 4951 4765 5047 5055 4889 5111 5104 5102 4680 5409 4980 4760 4777 4970 5233 5035 4821 4776 5156 5040 4944 4819 4861 4932 4684 4903 4789 4913 4850 4973 4826 5184 4626 4654 4851 5291 5392 5544 4969 4986 4712 4586 4879 4908 4527 4782 4912 5201 5092 4558 4944 4920 4858 5026 4793 4755 4695 5119 4732 4834 4777 4892 4716 5103 5019 5029 5062 4775 4781 4609 4738 4812 5127 4988 4992 4854 5016 5056 4649 4459 4960 4580 5118 5003 4834 4646 4975 5093 4405 4477 4980 4472 4643 5358 4384 4927 5157 4845 5066 5396 4677 4878 4670 4566 4941 4379 4755 5127 4931 4704 4612 4938 5047 5041 4916 4921 4861 4860 5055 4796 4654 4756 4401 5031 4559 4711 4764 4794 4655 4931 4611 4955 4928 4830 4990 4791 5028 4859 4567 5148 4857 4993 4969 4870 4874 4807 5306 4814 4420 5144 4594 4731 4751 4988 4751 4749 4899 4901 4980 5135 4757 5006 4068 5370 4887 5290 4907 5158 5082 4791 4839 4905 4563 4897 4522 4839 4821 5109 4614 5280 5034 4903 4817 4724 4926 4860 4658 5043 4755 4700 4790 4475 4983 5005 4745 4891 5024 5195 5073 4775 5285 5000 4974 4771 4815 5020 4734 4964 5186 4714 5077 5326 5140 4416 4757 4795 4844 4613 4749 4954 5015 5028 5323 5145 
