67 57 51 60 64 56 56 66 55 69 56 61 61 61 51 47 52 62 54 45 64 60 65 55 57 60 48 66 54 56 60 57 63 59 55 61 63 57 62 66 66 61 58 65 64 60 64 65 64 63 63 61 63 42 71 57 65 71 70 65 57 59 53 55 69 67 62 60 59 61 62 65 67 62 61 59 59 63 60 70 66 56 58 59 65 68 65 64 57 70 67 74 72 74 66 70 61 69 61 64 62 68 54 51 61 61 63 60 63 57 65 64 59 52 53 63 60 57 64 75 64 71 62 63 66 67 68 64 55 64 54 61 64 57 63 72 65 71 71 56 61 63 69 70 66 64 62 60 59 55 62 65 57 62 58 49 62 51 64 57 61 54 63 61 55 62 58 59 61 62 64 60 61 54 54 61 59 54 66 65 64 64 72 65 68 67 57 59 61 50 51 62 65 55 66 64 68 56 63 54 62 60 53 61 70 67 68 62 51 70 59 52 68 68 55 60 64 62 73 64 63 62 48 62 65 59 61 64 56 52 67 54 55 63 56 56 59 54 64 64 60 68 67 63 58 58 64 61 56 52 51 76 58 65 54 63 
67 64 61 61 66 58 56 68 58 81 59 65 64 67 64 53 76 69 61 63 66 63 75 59 53 58 62 68 61 68 66 64 68 62 63 57 70 71 57 64 65 62 78 62 65 70 61 67 68 64 70 68 66 52 76 63 74 59 70 71 61 68 69 67 67 70 76 67 69 64 61 72 71 70 65 60 72 74 65 72 75 58 57 53 67 67 70 66 63 80 73 79 76 73 65 64 62 71 60 73 62 64 54 62 62 68 66 66 71 61 73 67 66 61 59 68 65 61 67 76 64 66 62 68 62 74 71 64 73 64 65 69 64 54 64 74 63 63 72 68 61 66 70 80 76 67 69 61 62 71 63 70 65 70 58 59 62 51 70 63 63 59 64 72 59 68 60 58 72 69 66 71 67 66 56 71 60 69 65 67 71 67 67 71 66 57 58 68 73 60 63 69 71 62 67 69 80 63 67 68 58 69 64 69 66 71 68 68 68 75 67 67 65 61 75 63 66 62 70 70 69 67 53 72 67 68 62 63 70 69 74 62 66 59 62 66 67 63 79 69 67 66 73 57 68 68 73 72 68 61 57 75 62 66 61 69 
70 66 53 57 66 56 57 74 62 72 72 59 71 67 66 65 66 72 64 62 70 59 72 69 62 67 58 70 61 64 62 58 65 65 65 68 70 79 68 69 66 74 76 68 63 61 68 62 67 63 72 67 60 48 68 67 76 62 74 74 58 67 67 59 65 73 70 73 77 67 63 75 80 66 72 60 77 76 68 76 69 60 61 59 63 66 68 62 63 77 75 74 86 72 72 65 60 74 58 71 67 71 61 57 66 64 62 66 66 64 75 69 56 67 62 72 65 61 66 73 63 80 62 67 61 66 73 66 73 66 62 65 62 61 70 75 72 73 72 64 67 63 80 74 76 61 64 67 67 65 73 68 69 64 66 66 60 56 75 61 62 68 70 66 62 75 67 64 73 72 71 66 70 64 62 66 63 79 67 67 75 69 71 71 73 60 57 69 65 56 56 73 71 63 63 71 66 62 70 64 63 63 52 71 70 68 69 74 58 66 68 64 67 62 59 66 67 69 76 68 66 65 58 76 67 65 68 79 66 66 77 56 60 60 63 67 63 61 71 70 62 65 72 62 77 64 67 71 68 60 57 76 61 64 65 64 
63 72 60 75 75 72 50 61 56 77 66 67 65 66 57 61 68 74 58 57 75 63 70 66 75 68 60 80 60 66 75 73 68 62 62 65 65 72 62 70 80 64 77 62 71 71 67 68 66 65 65 68 72 45 75 63 82 74 75 70 64 72 72 60 69 71 71 67 60 74 68 72 71 72 72 68 66 68 72 70 70 64 63 71 61 77 77 64 66 73 77 82 81 76 68 71 68 65 67 71 67 71 58 60 60 66 70 61 67 69 78 75 57 70 57 74 70 60 68 74 70 80 68 71 73 71 73 64 71 62 70 53 61 58 70 72 72 72 69 65 72 70 72 70 75 72 67 54 67 65 69 63 72 68 68 65 62 61 75 63 65 69 72 78 62 73 66 61 74 71 71 72 67 58 64 75 64 68 70 71 73 67 77 77 72 70 50 63 63 59 63 67 71 70 70 68 68 63 66 68 69 66 66 72 76 70 73 71 57 65 63 64 74 71 64 73 65 58 76 68 67 66 63 74 64 72 63 64 64 70 71 60 63 67 60 62 70 57 74 65 71 72 72 61 71 63 69 76 60 61 58 70 61 71 62 67 
70 60 61 65 69 52 59 60 63 68 58 66 68 61 64 63 70 65 58 59 72 58 75 61 66 59 60 73 61 62 62 68 64 67 61 59 63 68 65 66 69 58 69 66 70 76 60 57 64 66 58 63 63 45 70 60 67 67 73 70 66 62 72 60 66 70 61 62 60 60 60 70 71 62 61 60 75 70 74 71 68 61 57 68 64 68 60 56 58 71 77 76 78 73 63 69 62 72 54 73 66 67 57 55 65 63 66 61 70 73 81 70 60 60 50 64 66 60 68 70 63 80 64 65 69 66 72 58 69 61 68 60 66 55 65 69 60 69 71 64 56 70 65 70 77 62 62 56 70 65 60 61 71 60 59 58 56 59 72 63 64 58 69 66 59 68 58 64 69 61 60 65 55 62 56 66 69 67 61 65 62 64 58 74 64 60 49 62 60 65 57 72 69 59 67 68 67 62 74 74 62 62 60 64 72 68 69 60 56 64 69 56 69 64 59 62 66 60 64 64 66 67 56 70 67 68 67 62 64 65 65 66 64 61 56 61 64 63 67 63 62 63 73 60 68 66 67 72 61 61 57 75 61 61 63 63 
76 72 61 72 80 60 59 67 73 80 65 68 65 69 68 60 74 70 63 72 69 68 73 59 65 62 67 77 58 78 61 70 71 71 76 62 71 68 62 74 71 63 70 74 68 69 60 72 73 73 68 64 65 59 75 66 71 74 81 70 59 63 75 64 76 72 78 69 64 69 61 76 77 66 72 65 75 71 69 71 71 58 69 68 64 67 74 66 58 71 81 87 90 74 71 83 75 78 72 73 69 74 57 66 68 68 66 57 68 70 72 68 58 64 68 69 77 62 78 71 73 82 69 77 59 72 75 66 77 66 75 67 70 64 74 75 68 83 78 68 68 76 72 77 73 66 75 64 63 69 72 71 67 69 67 61 65 65 63 69 71 64 70 67 69 71 65 70 69 71 66 66 67 68 58 77 64 62 70 64 79 65 71 68 72 72 65 75 71 67 70 77 74 68 68 68 79 73 70 67 66 63 62 70 70 70 81 82 74 72 65 67 74 74 64 75 72 73 74 80 73 69 61 73 68 62 66 70 69 74 68 69 72 59 63 69 74 67 77 67 77 72 75 67 77 70 76 74 70 68 59 83 69 65 68 73 
71 67 60 69 70 61 60 61 63 64 64 66 68 68 65 55 62 62 60 48 74 66 71 69 63 64 61 71 67 60 70 67 70 56 67 62 69 67 66 71 63 64 66 62 67 63 64 66 64 62 76 65 72 48 75 64 77 75 82 73 66 68 69 62 77 72 70 69 64 70 58 75 67 66 71 62 68 61 66 68 72 57 67 67 60 70 68 68 61 67 82 78 72 73 64 68 70 72 63 65 64 67 61 54 61 73 69 59 62 67 77 63 65 63 63 81 61 64 67 80 59 68 63 63 59 67 83 66 73 64 62 64 71 63 69 75 73 68 68 64 64 66 71 69 77 62 66 57 66 60 69 62 62 67 60 67 61 55 70 71 61 64 66 69 62 66 66 69 70 63 54 72 63 64 54 62 62 65 69 74 67 57 73 66 66 63 60 68 70 63 64 64 70 67 66 72 70 71 64 72 66 59 61 72 66 68 64 69 60 64 59 53 69 67 58 69 73 65 66 66 70 67 62 68 73 64 57 73 68 64 71 70 64 65 60 63 68 58 68 74 68 64 65 57 64 62 78 74 62 64 61 73 61 62 57 64 
60 62 51 56 57 51 53 59 53 62 51 61 67 54 54 53 63 55 50 48 59 49 67 55 60 55 50 61 53 53 60 60 61 54 51 57 57 57 62 54 62 57 57 63 53 60 48 59 57 67 61 61 52 45 65 53 65 63 54 65 54 54 57 56 61 68 67 57 66 61 55 60 62 58 64 52 62 60 55 57 63 45 59 57 64 52 64 60 63 66 69 71 67 65 56 72 60 63 62 54 53 63 56 51 58 68 60 62 64 56 68 65 63 58 49 61 52 56 53 65 57 68 57 49 59 59 66 59 58 53 57 53 63 53 60 64 61 58 59 59 58 57 59 67 60 59 63 47 49 55 60 60 62 60 60 48 60 54 61 53 50 57 56 56 58 56 58 54 63 62 54 55 62 58 56 53 60 59 65 68 56 60 61 55 60 58 57 68 63 50 57 63 59 65 60 60 65 61 58 57 51 56 50 69 55 63 62 67 54 67 62 57 56 49 53 65 54 57 74 64 65 56 52 56 62 56 47 59 64 65 57 57 58 58 54 56 59 56 62 57 54 62 62 55 60 55 58 64 58 54 54 70 54 54 52 63 
61 63 48 55 61 51 41 53 48 60 48 62 61 53 49 52 56 56 51 50 62 51 63 52 57 56 45 59 50 52 56 58 55 60 52 55 53 58 57 57 54 52 58 58 63 63 54 58 58 55 54 55 54 42 60 46 68 60 58 59 50 59 53 50 55 62 59 64 57 58 53 58 62 60 53 50 66 65 59 59 54 47 50 55 63 65 54 62 59 57 65 71 65 60 52 68 47 54 53 56 56 62 46 54 52 57 59 47 59 62 67 54 55 53 49 58 58 54 55 62 60 60 59 54 54 57 59 53 52 55 60 54 51 50 59 67 54 60 63 54 53 62 57 66 65 52 60 42 56 59 50 52 53 59 55 51 54 48 59 49 51 54 50 58 52 56 54 54 62 54 65 60 57 53 49 60 55 47 56 64 57 56 50 55 52 53 48 60 56 47 48 61 59 53 55 58 64 53 56 61 59 59 52 55 62 51 54 58 53 60 60 56 63 56 49 62 58 51 59 58 53 58 56 61 56 53 57 58 54 64 54 53 56 53 50 49 63 59 55 54 60 59 64 61 53 53 54 57 52 48 48 60 57 57 52 54 
66 58 54 59 61 54 58 59 59 74 56 72 58 52 62 49 64 61 56 54 63 52 67 55 64 64 60 73 57 65 63 59 57 57 62 54 61 63 65 65 69 61 65 63 55 61 57 65 64 66 63 67 59 48 66 63 72 62 72 71 51 60 65 56 61 73 69 58 70 59 63 63 71 68 57 55 62 60 69 60 61 51 69 68 58 57 60 56 60 70 67 72 78 68 64 72 61 73 56 65 58 65 52 55 53 68 50 52 66 58 73 76 56 53 55 71 67 54 70 68 59 73 67 68 61 61 70 54 60 57 57 58 57 59 59 61 63 73 64 58 67 57 66 68 67 53 65 61 57 55 60 54 58 64 51 54 59 51 67 63 54 55 62 64 62 62 62 56 64 73 57 65 65 58 56 63 62 60 65 68 65 65 62 58 62 58 55 62 63 62 61 62 61 62 64 62 70 60 65 66 54 62 56 70 66 65 70 68 57 69 63 60 57 59 52 60 63 65 64 72 59 63 52 65 70 72 50 70 60 65 60 50 61 54 58 58 61 57 62 64 64 69 67 58 65 63 64 73 57 59 49 70 58 57 50 62 
55 61 56 57 60 48 51 53 57 58 52 54 59 55 58 57 59 53 55 50 67 56 62 54 53 52 54 55 55 62 58 57 58 55 61 60 54 54 54 53 65 56 55 59 53 58 54 49 53 60 57 60 63 39 60 54 73 61 63 61 56 52 61 51 64 60 54 63 60 58 51 57 62 61 54 52 59 59 54 51 56 52 57 57 53 60 54 59 55 57 68 62 70 62 55 67 57 59 50 51 67 59 50 45 49 53 54 50 57 59 68 59 52 52 54 59 56 60 64 67 54 63 51 60 56 70 62 53 60 58 58 57 51 48 44 69 55 58 65 57 54 57 56 66 65 59 61 51 59 51 57 53 58 59 55 55 48 52 68 52 49 59 55 57 55 62 49 55 63 55 62 63 56 57 46 60 58 53 53 60 57 56 54 55 60 51 47 59 61 52 55 64 65 53 55 62 61 55 47 51 56 51 51 60 60 53 61 61 56 55 53 58 62 61 55 55 60 59 57 56 53 58 49 66 59 48 57 54 50 49 59 55 53 57 48 53 62 54 63 57 61 58 62 55 50 52 56 63 60 53 47 63 63 55 52 47 
65 63 59 62 66 61 50 65 59 65 55 62 58 61 59 51 66 63 58 57 65 55 72 56 60 55 58 64 53 65 54 52 59 60 55 49 63 66 64 58 69 60 69 58 61 64 61 58 59 59 60 57 67 49 73 56 65 65 72 66 48 56 65 59 63 65 68 66 58 57 50 67 68 65 61 67 62 64 64 59 61 57 61 55 59 68 63 66 57 70 78 69 73 70 55 68 54 67 60 69 64 64 51 49 61 61 60 64 62 73 69 66 57 63 53 62 58 55 70 66 56 76 60 64 61 68 64 63 70 61 63 65 59 55 60 69 55 65 67 61 66 71 61 63 70 55 64 45 64 55 59 58 60 66 62 53 53 56 66 61 60 53 62 58 51 64 51 63 64 59 62 62 60 60 56 61 49 61 62 63 66 58 57 62 57 66 53 61 53 54 47 70 65 57 57 59 68 61 63 63 57 61 57 73 66 62 63 70 55 64 62 62 68 67 57 61 56 63 71 61 60 52 54 62 58 62 61 68 53 61 60 57 59 51 56 67 68 63 63 67 70 68 70 56 68 57 65 64 61 63 67 63 63 59 64 64 
68 70 56 64 64 62 58 57 63 73 58 65 64 72 59 54 66 62 65 57 70 56 75 66 59 71 61 67 62 69 64 68 62 67 67 59 64 72 66 73 70 61 68 60 63 65 63 66 71 67 70 73 64 55 71 62 76 73 77 68 66 74 63 58 64 80 72 69 66 67 61 72 74 66 67 64 72 69 64 75 71 56 62 63 67 67 67 67 75 75 75 79 63 73 67 72 70 71 65 75 62 67 60 56 64 69 66 56 66 70 72 71 59 64 66 68 74 54 71 74 66 74 64 70 63 71 78 64 73 62 58 64 62 61 65 74 65 71 68 62 64 68 71 80 65 63 71 69 64 62 63 67 66 70 57 66 56 60 73 61 57 62 62 70 62 67 55 67 70 67 65 69 64 60 68 61 64 67 63 77 73 59 68 63 69 62 62 66 72 63 55 62 68 61 62 67 71 60 62 62 56 65 54 74 65 70 79 67 59 61 58 57 66 71 65 64 69 66 68 69 71 67 61 76 67 64 60 64 68 61 73 60 63 62 68 65 62 57 69 67 65 65 66 65 63 69 69 80 66 65 64 66 65 60 55 66 
64 62 59 53 67 61 66 65 66 65 62 65 68 61 60 53 66 60 58 56 70 64 77 63 59 60 57 67 60 68 71 69 61 64 62 55 64 64 61 66 64 59 64 66 60 62 68 63 71 66 70 64 67 46 75 71 72 68 74 64 59 64 70 67 72 71 72 70 74 66 60 76 72 65 69 60 65 63 64 65 75 60 59 56 66 69 68 58 62 71 69 72 75 69 58 67 59 73 63 61 58 63 56 62 58 64 63 63 62 67 76 63 61 53 56 67 62 52 65 72 59 74 60 63 60 62 67 60 72 75 54 67 63 60 60 69 67 76 74 61 56 66 70 76 75 63 64 57 65 65 65 57 65 59 56 57 67 60 73 63 59 63 67 63 58 71 60 57 71 68 69 60 61 61 50 70 63 64 55 67 71 59 65 67 73 56 59 67 61 55 57 63 63 66 65 70 65 63 71 69 59 54 52 69 65 69 65 62 59 63 63 57 61 66 59 63 67 62 70 62 64 69 55 72 69 68 65 60 62 60 69 47 64 57 63 66 65 61 62 72 67 65 66 54 72 59 71 72 65 59 64 77 65 62 63 64 
63 54 50 53 59 54 54 52 57 61 50 60 66 60 49 48 63 67 51 55 53 56 69 62 56 60 50 63 56 53 54 62 60 56 50 58 57 61 62 65 65 58 62 63 60 61 52 66 67 53 65 56 56 44 66 51 74 65 69 61 46 59 61 61 63 68 63 57 64 57 59 62 64 61 63 54 61 58 57 61 68 50 56 63 57 64 54 58 57 75 66 70 72 65 55 62 49 63 52 63 61 59 53 54 55 58 61 48 55 60 64 63 54 55 57 65 62 55 64 78 60 71 56 66 52 69 70 61 69 63 57 60 51 62 61 64 63 59 61 54 63 65 63 65 64 49 70 58 56 55 59 54 57 58 47 54 55 56 63 54 53 56 60 67 55 63 58 55 55 64 52 64 53 52 51 66 55 60 57 66 56 56 60 58 57 61 61 53 59 56 54 59 57 58 56 67 62 59 63 56 44 62 59 69 61 60 56 59 54 59 58 57 69 57 47 54 59 49 65 59 55 54 53 61 68 57 55 61 55 60 60 57 60 53 51 56 62 63 68 58 63 60 65 51 65 50 62 56 53 61 49 74 56 63 55 52 
57 51 56 56 59 54 46 57 59 61 56 53 60 57 51 58 63 64 55 53 56 55 74 54 65 60 54 62 51 64 64 66 63 60 50 54 57 68 57 60 63 59 63 53 58 61 54 56 61 57 69 55 57 44 68 54 63 61 66 58 61 60 62 58 61 67 64 61 63 66 54 59 66 59 62 56 59 54 62 65 68 45 57 58 55 54 56 57 57 62 66 67 68 57 64 67 53 66 51 61 59 59 54 57 49 66 64 59 58 67 70 65 49 52 51 62 62 56 67 67 57 69 59 56 59 61 67 57 66 55 51 56 59 55 60 61 65 68 65 56 55 59 55 62 76 57 64 56 54 67 59 57 59 60 61 55 60 62 65 60 57 61 62 54 51 60 62 60 67 67 57 57 55 55 58 62 54 54 60 64 60 57 66 67 70 52 49 65 57 56 52 59 59 56 56 57 66 53 66 63 55 54 49 63 63 61 60 66 56 64 52 56 64 53 56 59 58 55 63 64 51 59 53 66 60 57 62 66 58 54 62 54 61 59 52 50 65 56 65 62 59 62 63 53 62 61 56 66 54 52 58 66 57 60 49 53 
59 57 54 59 62 56 55 52 54 64 46 62 62 53 54 57 57 62 53 49 63 54 70 64 60 61 55 65 53 64 57 54 66 56 52 58 61 63 54 61 63 59 56 59 61 66 51 58 56 54 59 57 58 42 62 58 66 61 65 64 60 56 58 60 65 65 64 60 57 65 51 59 65 60 58 60 60 55 53 53 59 50 60 53 55 63 65 60 57 68 67 70 67 63 62 69 61 67 55 62 58 70 50 50 60 64 58 51 60 59 65 58 47 57 51 56 59 64 71 73 63 66 48 55 58 61 62 58 57 49 64 62 60 66 60 70 69 65 62 53 55 59 58 65 66 60 68 55 47 54 55 59 64 63 53 61 61 54 57 56 49 58 60 63 54 65 52 63 69 58 53 64 57 57 53 65 55 61 65 64 64 60 62 55 53 61 59 53 61 51 57 66 54 66 66 54 61 53 56 59 57 55 54 64 57 61 58 62 53 61 55 63 60 61 55 64 64 60 59 61 63 59 64 63 68 47 62 62 57 58 60 55 51 57 62 53 63 56 66 63 63 61 65 54 62 54 58 70 59 58 55 68 59 59 52 60 
72 69 67 65 74 70 62 61 66 78 64 73 73 67 63 62 73 71 66 62 73 67 77 64 67 74 72 85 67 68 74 72 66 61 71 68 72 76 70 68 73 74 73 72 73 64 65 68 74 72 72 76 72 52 75 68 84 73 76 74 71 70 75 73 75 83 73 67 76 76 64 81 79 75 79 65 74 77 72 70 76 59 72 66 61 78 69 75 66 83 79 83 79 82 65 81 73 70 67 74 70 77 63 60 64 71 59 63 74 78 69 72 62 59 69 75 69 66 79 77 72 71 68 74 62 79 82 65 79 68 63 72 72 65 69 76 70 84 75 75 70 71 81 79 76 66 76 64 67 61 61 72 72 68 72 65 60 60 74 74 61 69 63 72 68 77 68 70 79 65 69 79 68 65 63 72 63 72 68 76 68 71 67 71 76 67 69 76 74 66 67 73 75 70 71 73 79 76 73 67 67 65 69 78 69 72 73 78 68 74 62 70 74 72 65 69 76 61 72 81 69 72 62 74 72 65 68 73 72 69 79 68 66 71 65 63 73 74 81 69 73 79 82 73 66 65 75 81 67 74 65 77 66 71 58 70 
54 58 58 54 61 54 58 62 63 71 51 56 55 60 52 51 67 59 52 51 65 65 60 56 51 65 56 57 47 63 57 56 60 54 57 52 54 66 51 61 58 57 58 59 61 59 61 67 63 64 62 63 66 50 66 57 68 61 66 67 57 56 63 62 68 64 68 62 55 58 49 68 69 59 60 57 64 64 53 63 65 63 51 61 59 60 61 56 60 73 73 72 69 67 52 56 55 63 56 58 61 63 51 51 49 62 63 58 59 64 64 67 57 51 57 62 58 51 65 72 56 66 50 64 53 65 68 60 62 55 53 63 60 60 58 66 57 69 59 67 56 61 55 65 62 62 70 57 61 60 58 55 65 69 58 49 54 59 61 61 53 62 55 53 50 59 50 54 68 56 52 62 49 61 48 61 52 60 55 67 66 52 65 61 50 54 59 64 61 57 54 61 65 60 52 69 71 56 60 61 59 54 53 70 61 55 62 62 62 59 60 51 60 56 53 58 64 60 67 56 71 60 50 61 61 57 59 59 60 57 65 55 61 58 53 54 68 67 66 60 62 65 69 54 59 63 65 64 57 58 61 67 56 54 48 59 
61 62 47 51 60 55 51 59 54 64 51 59 64 59 55 50 56 60 62 53 59 59 63 52 54 52 57 65 53 59 56 56 56 57 52 48 62 59 54 64 62 52 57 51 53 56 61 58 63 56 61 63 56 44 68 66 67 66 65 67 54 54 60 56 57 63 65 59 55 63 50 64 66 60 59 60 65 58 58 61 65 54 54 52 57 61 62 62 56 62 69 67 70 65 56 66 57 61 54 65 61 57 46 55 54 63 51 59 56 63 66 63 50 50 56 63 49 45 67 64 53 71 59 64 61 59 72 52 68 56 55 58 57 53 59 60 53 55 66 57 59 64 63 61 62 52 64 47 49 51 48 59 52 55 51 50 51 54 64 63 51 51 55 62 53 69 47 52 64 58 59 64 51 53 54 53 55 52 58 65 61 58 59 61 62 55 58 59 58 54 50 60 61 55 59 64 64 61 58 57 53 65 53 67 58 57 53 62 63 65 51 52 64 58 55 56 65 58 58 64 61 63 54 62 64 56 53 56 57 55 68 59 52 62 50 47 64 59 64 61 64 62 62 56 56 56 60 64 55 60 50 73 52 59 48 54 
62 53 54 58 68 53 53 54 61 69 56 68 67 62 60 59 66 69 59 56 65 64 73 57 68 60 67 64 56 69 51 60 73 63 56 67 61 71 64 66 65 63 63 61 57 64 57 65 67 61 66 66 62 41 67 65 66 69 68 69 57 68 64 64 69 73 66 67 58 74 62 71 61 67 68 53 70 67 64 69 74 47 69 60 58 64 63 67 62 76 72 75 79 75 63 76 60 68 66 74 63 76 54 60 65 67 61 54 68 66 70 58 56 59 60 70 64 63 71 70 65 72 58 64 62 67 73 59 69 64 57 61 64 63 60 71 63 71 72 62 55 69 74 78 69 66 67 56 61 61 65 64 64 62 66 55 64 56 65 62 60 55 61 66 56 68 65 67 78 68 69 61 69 63 61 70 56 66 72 64 79 62 66 65 73 67 59 63 68 63 66 64 67 61 64 62 68 59 65 61 62 62 58 71 65 64 64 69 62 67 60 59 70 65 56 60 66 65 65 69 64 63 59 69 62 62 62 61 63 67 65 70 63 59 55 62 68 60 69 59 70 67 68 63 62 58 65 74 61 62 57 73 58 61 57 71 
60 62 60 50 63 48 57 53 57 62 57 66 65 58 59 52 66 61 59 57 63 51 67 55 58 64 61 67 55 61 63 68 65 66 61 63 62 58 64 60 57 55 61 58 60 54 52 68 59 66 67 58 55 47 71 58 72 59 68 66 59 63 59 60 64 67 69 64 65 61 54 73 67 62 71 61 61 69 59 63 64 57 61 53 66 58 59 62 58 73 68 73 63 71 61 61 63 67 59 67 55 75 53 57 58 64 63 56 59 63 66 64 57 60 56 52 58 57 64 72 70 71 57 61 52 67 70 50 69 65 58 66 68 50 57 70 60 72 74 62 55 65 64 72 75 64 75 55 65 56 63 62 64 62 57 54 60 56 67 62 57 59 53 68 52 65 58 57 62 60 68 61 61 55 58 65 56 63 60 73 65 61 65 59 67 59 53 65 64 61 61 60 65 66 63 71 66 63 59 60 53 60 60 63 59 60 68 61 63 70 58 57 66 61 61 56 61 57 69 64 68 63 53 63 69 61 61 62 65 60 65 58 63 62 55 59 63 61 66 61 61 62 61 57 62 49 69 73 60 56 55 76 54 66 61 62 
75 72 66 77 78 74 72 70 69 81 70 76 75 77 69 78 75 77 63 62 77 75 85 71 80 81 68 79 57 72 67 71 77 70 72 68 72 77 76 76 76 66 77 72 71 82 72 79 82 72 79 71 69 56 80 74 80 73 85 79 72 80 73 65 75 84 81 74 77 83 68 90 82 74 73 66 78 76 73 75 81 62 74 76 76 75 79 78 68 84 88 92 86 83 70 91 63 85 71 80 73 81 70 71 75 80 79 66 72 77 89 77 64 72 73 81 76 68 79 90 73 85 70 68 66 80 80 71 83 72 75 65 75 68 81 80 75 80 80 73 70 78 68 79 73 66 78 70 71 78 74 70 80 85 74 69 79 68 78 69 66 70 74 75 67 80 73 82 83 77 72 79 70 73 65 77 74 80 82 76 78 71 77 71 77 71 71 77 83 67 67 75 75 77 75 77 82 65 76 76 76 77 68 82 70 82 79 79 67 73 72 72 73 74 68 74 75 71 81 74 82 73 69 72 76 69 72 79 71 77 75 72 70 71 70 71 80 72 76 76 77 82 75 71 76 74 68 76 77 72 68 81 72 72 70 75 
73 70 57 64 80 66 57 60 58 67 62 69 67 71 67 59 63 72 61 60 74 67 71 67 70 67 59 75 59 64 65 65 69 67 67 65 74 72 69 71 67 65 69 67 69 71 63 66 71 66 70 59 64 50 69 62 76 73 74 73 61 65 71 69 74 71 74 69 74 70 62 74 70 73 69 61 67 67 65 67 65 55 69 66 65 75 68 60 64 68 76 79 79 75 65 69 68 73 64 77 64 73 64 54 62 67 72 59 64 69 70 70 59 62 62 70 67 64 71 74 69 79 68 68 66 73 76 67 76 68 75 65 64 63 65 78 66 75 72 54 65 71 70 77 78 64 71 68 62 64 66 63 68 66 63 60 67 60 67 63 62 73 71 78 63 71 67 67 77 77 69 72 71 62 58 69 63 63 68 69 79 74 70 66 71 74 55 73 67 59 68 75 67 73 67 72 67 69 61 70 57 66 65 73 71 72 71 74 66 75 67 59 74 71 59 65 67 69 67 64 69 58 62 71 65 69 59 69 64 73 69 68 67 59 56 64 72 58 63 66 70 61 74 65 71 63 77 73 65 64 57 71 69 66 59 64 
66 63 59 58 72 57 60 68 60 69 62 62 70 65 68 61 63 67 57 62 69 60 73 64 64 67 53 70 60 61 61 65 71 62 56 63 70 65 68 73 70 68 63 61 58 63 67 62 67 62 63 58 67 51 69 58 71 72 76 70 60 63 66 52 71 74 71 63 58 68 68 70 68 66 65 67 67 66 65 71 68 58 66 60 58 59 70 55 71 79 75 86 78 72 66 73 65 71 60 71 62 68 55 59 66 66 68 59 66 74 74 77 61 57 64 75 65 61 70 70 66 75 54 68 56 63 70 69 72 61 67 67 57 66 68 72 70 67 72 60 62 67 69 72 65 70 63 60 52 62 61 61 64 66 62 64 68 59 65 70 63 63 62 64 59 65 63 63 72 66 63 65 64 64 58 66 60 58 67 70 73 66 64 67 69 60 62 65 65 64 64 71 68 60 67 61 70 64 64 71 57 56 59 71 69 72 60 76 67 63 60 67 69 60 61 70 69 67 68 66 71 57 61 72 70 61 65 71 61 69 67 58 68 65 70 61 69 57 73 62 72 68 70 59 64 62 68 74 63 62 66 71 61 59 63 67 
65 60 51 57 59 54 51 55 61 70 62 55 58 60 50 63 62 63 54 54 66 64 65 57 62 63 64 60 58 64 58 69 58 64 59 61 58 68 55 68 65 57 60 61 59 56 67 56 60 58 66 67 59 44 70 57 72 59 62 66 57 57 64 56 69 62 61 65 54 58 59 64 64 65 69 63 63 55 68 69 59 56 61 64 59 63 71 56 61 68 77 69 67 71 61 64 58 60 58 68 62 69 46 57 63 63 64 62 59 67 72 67 58 57 56 61 60 53 74 68 60 71 61 64 59 62 67 58 70 55 59 53 62 55 60 65 68 68 65 64 61 59 68 63 66 61 63 54 58 51 63 59 58 62 61 58 55 53 61 63 56 57 56 73 54 65 53 64 64 59 54 53 64 53 54 63 58 65 61 60 69 60 66 65 63 61 55 58 62 64 57 62 57 56 62 71 63 57 65 64 58 62 56 73 68 66 66 58 52 64 57 60 65 60 59 59 65 61 66 70 68 55 50 62 64 55 62 64 49 58 59 61 60 62 60 52 56 57 67 58 62 60 66 55 55 58 61 63 62 56 61 70 53 60 62 58 
67 65 52 65 70 61 58 63 58 66 64 73 68 59 69 60 65 68 60 58 66 60 72 64 70 64 66 76 65 67 64 63 67 61 52 63 60 70 68 70 64 60 66 60 64 72 63 65 69 60 69 65 61 45 75 58 77 74 75 66 60 62 70 62 67 74 74 68 69 69 59 75 68 58 68 63 72 72 61 66 71 53 64 58 72 63 76 65 63 76 73 75 79 69 71 71 65 67 64 77 60 64 65 67 69 64 61 62 65 64 74 66 60 66 57 70 68 61 78 74 68 74 71 72 66 69 66 71 74 69 62 64 69 56 61 73 69 66 75 66 60 73 67 75 71 69 68 62 60 56 59 69 65 66 59 64 67 59 69 62 53 52 65 65 64 81 58 61 74 62 63 67 59 54 62 69 63 61 69 74 66 68 58 62 76 61 57 61 66 59 64 68 68 65 61 71 74 62 77 70 55 65 60 64 67 69 66 70 65 68 68 67 71 57 69 67 64 61 77 67 59 64 57 69 72 63 61 73 67 68 69 62 60 61 61 64 63 59 71 67 68 69 69 68 69 57 65 74 70 60 59 81 63 53 62 66 
76 75 67 64 75 60 64 74 59 74 63 73 74 67 69 63 77 77 56 65 71 68 85 70 67 66 65 71 68 70 67 67 72 70 75 61 75 73 67 74 76 62 60 70 78 63 68 75 79 68 74 75 77 59 83 67 81 77 79 72 73 63 71 64 73 75 75 74 75 71 63 78 78 80 70 63 77 79 68 73 76 67 70 68 68 77 65 63 68 72 92 86 82 79 72 74 73 72 60 75 76 73 61 69 70 74 70 72 69 77 81 73 71 73 66 75 68 60 79 83 67 86 69 72 68 78 83 74 80 76 77 74 65 61 70 75 67 78 76 70 70 76 77 84 74 69 68 67 71 67 72 74 69 70 71 65 66 72 80 72 68 64 66 67 66 70 76 67 80 66 74 73 62 61 63 74 72 73 75 75 80 65 75 77 73 63 64 78 72 70 66 68 71 67 73 81 77 73 72 77 55 68 66 79 74 70 75 67 74 74 68 64 73 63 63 67 68 69 73 76 77 69 65 78 70 69 68 78 67 71 79 72 72 73 63 67 73 69 73 59 75 73 85 61 77 64 76 76 67 60 65 81 69 73 67 67 
69 69 63 67 62 60 64 64 60 71 63 63 61 64 65 63 66 64 61 63 71 60 80 63 72 64 57 79 56 64 64 67 62 64 64 53 68 71 60 63 67 64 73 72 64 72 57 72 66 67 72 61 59 53 67 68 81 66 75 70 60 68 66 58 75 65 70 64 75 64 62 72 68 74 68 73 68 66 65 67 66 63 62 64 62 67 73 67 61 76 68 82 73 69 69 71 53 84 61 64 61 67 55 57 60 60 75 58 66 63 77 73 55 61 54 68 67 66 65 64 77 73 63 62 63 66 73 61 74 64 65 56 64 50 69 71 76 64 68 65 63 68 71 73 79 70 71 57 60 65 63 71 67 70 65 61 64 58 63 67 55 66 61 66 61 61 73 64 77 68 69 68 66 65 56 62 63 67 65 67 66 73 62 68 68 60 58 71 65 57 66 66 68 73 63 64 68 64 66 70 62 61 60 72 71 77 68 68 67 61 70 61 71 68 64 69 73 64 78 57 75 70 61 75 69 63 63 64 73 65 68 62 61 61 56 67 62 61 75 66 66 64 70 59 73 59 64 71 65 59 56 73 63 61 63 80 
76 66 61 59 65 60 60 65 59 72 56 70 73 70 62 55 60 57 53 49 74 54 70 65 64 57 49 63 70 67 70 51 68 61 61 65 59 66 59 68 61 66 62 68 62 61 70 60 73 59 64 58 66 45 72 60 74 77 68 64 61 64 56 60 69 71 65 64 61 61 64 65 64 62 60 63 71 70 62 64 66 59 61 66 61 61 62 62 64 66 77 77 71 73 66 73 63 68 56 65 66 61 62 51 62 67 60 58 61 64 71 67 62 57 55 67 61 62 77 72 57 67 61 67 68 72 74 64 70 62 54 63 58 63 64 72 69 70 65 65 56 67 69 75 65 57 63 60 54 55 58 64 67 68 67 64 60 64 70 61 58 58 61 61 57 63 63 59 69 69 66 62 62 57 63 66 62 63 67 73 66 62 66 70 58 54 57 64 64 55 56 58 65 63 57 66 72 54 63 67 59 66 53 70 64 71 65 69 56 67 55 61 69 55 59 62 62 60 66 64 61 66 63 71 62 69 55 64 57 64 68 64 59 78 60 58 69 63 60 66 70 68 69 58 60 60 68 73 60 61 56 71 58 60 57 62 
66 62 61 65 59 60 58 72 61 64 62 60 62 66 56 59 65 72 56 55 72 65 74 62 62 64 58 65 55 65 66 66 65 63 65 59 61 68 68 63 66 59 68 63 63 69 59 67 70 66 69 71 66 52 68 64 77 63 80 70 60 65 65 55 71 74 64 68 66 68 62 71 72 68 66 67 69 67 66 63 74 64 55 59 57 64 66 65 66 83 75 76 76 76 61 68 58 71 57 65 67 76 59 60 54 69 61 60 76 64 76 69 59 61 60 69 71 56 71 64 56 70 57 64 61 72 70 71 73 71 57 59 63 65 68 69 63 69 69 68 65 63 68 65 74 63 69 59 63 64 60 63 62 63 65 65 58 61 72 58 59 62 67 71 61 73 56 56 71 68 63 67 59 63 56 71 56 57 61 75 68 57 54 69 70 57 55 69 68 68 54 73 72 65 69 65 67 60 64 62 62 68 59 68 63 66 67 72 63 69 69 63 66 69 49 73 67 59 77 66 60 67 58 72 67 62 62 68 65 65 67 57 68 65 64 70 62 64 79 66 63 65 70 67 67 60 68 75 66 60 59 72 70 68 67 69 
71 67 64 61 69 52 50 65 57 71 56 65 66 69 59 53 62 72 61 54 69 67 74 66 62 63 61 70 57 65 68 65 69 62 63 60 69 74 64 70 69 63 63 61 68 60 61 72 74 72 70 63 69 48 70 58 73 69 78 67 59 61 68 54 67 75 71 63 68 65 55 71 63 77 63 62 64 65 69 68 68 56 63 61 67 72 63 59 63 64 75 75 79 66 67 69 60 74 69 65 63 62 59 53 66 66 61 59 60 71 72 65 60 62 62 64 68 61 65 72 65 70 60 67 51 68 67 66 75 74 62 68 62 57 65 68 67 69 67 63 67 62 75 72 73 65 62 63 58 61 60 66 62 73 62 59 64 62 64 63 57 57 67 68 58 59 63 66 68 63 65 67 72 56 57 68 61 68 67 65 71 69 62 66 67 62 58 71 70 63 59 56 66 68 58 67 63 54 66 70 56 61 62 70 69 75 67 72 57 71 62 62 62 60 55 67 65 67 72 72 65 64 60 69 67 61 63 62 54 66 67 65 55 58 56 65 68 60 63 64 62 67 75 49 63 54 67 65 68 58 62 70 65 70 65 61 
66 68 62 62 63 59 61 68 56 74 56 69 68 72 62 61 71 72 64 54 77 63 69 69 71 72 58 59 61 73 59 62 69 67 62 57 65 77 68 70 68 64 77 63 67 72 65 71 63 68 74 65 72 51 74 63 80 74 71 71 60 69 63 59 74 72 72 64 68 71 68 78 75 66 68 72 69 72 62 62 71 58 66 68 61 67 70 68 67 79 74 78 82 72 72 80 60 74 57 70 65 69 64 58 62 73 65 61 62 64 75 72 57 65 68 68 62 66 77 80 70 69 66 60 65 71 81 67 77 67 74 67 70 66 67 69 75 74 71 63 70 70 70 77 72 65 77 65 55 60 62 59 62 73 63 64 64 62 65 65 58 62 59 68 63 70 62 70 74 67 70 67 67 70 68 72 64 69 66 74 75 62 65 69 65 63 67 69 68 62 65 64 70 72 72 64 80 68 72 64 61 71 56 71 65 68 66 71 62 66 71 67 74 66 59 74 70 70 67 69 66 75 64 74 74 75 67 68 65 69 71 62 61 64 66 59 73 64 73 71 72 63 71 63 70 62 75 76 63 71 62 77 60 62 70 76 
62 63 55 59 58 55 54 56 60 74 51 65 60 62 54 57 70 63 57 57 59 54 67 60 68 62 53 58 51 61 53 64 60 62 61 63 61 67 68 63 69 59 63 63 59 58 58 62 67 61 73 61 64 45 60 60 65 70 75 67 57 61 64 55 62 66 68 67 60 54 49 69 69 61 62 61 70 63 53 64 65 51 58 62 55 64 64 66 66 63 76 67 73 65 65 68 55 64 56 61 56 64 53 57 68 67 60 56 54 64 64 73 58 56 61 64 61 59 66 68 62 75 65 60 61 72 68 52 61 57 67 59 63 59 60 64 57 69 65 63 63 57 70 64 71 58 68 51 56 58 59 56 59 62 63 64 55 48 64 53 62 58 67 66 65 69 60 57 68 68 57 60 65 64 63 55 56 60 65 74 64 61 61 67 62 63 52 65 63 52 58 67 68 59 65 62 66 62 59 67 52 70 50 68 58 63 66 67 63 66 64 66 66 56 58 63 58 69 70 64 65 59 64 66 66 55 57 63 63 61 65 59 67 53 57 63 63 60 64 62 65 64 73 59 69 61 70 67 61 59 58 72 56 61 57 57 
64 63 62 51 58 51 44 54 55 59 51 53 64 61 45 48 61 58 60 50 57 57 66 54 53 58 52 57 53 65 60 61 57 63 55 54 58 60 60 61 59 59 63 54 57 65 58 54 63 61 58 54 62 41 63 55 65 71 60 56 56 63 59 50 58 63 63 54 59 59 53 60 61 61 56 62 64 69 57 65 56 50 58 64 57 59 55 58 51 56 70 66 65 52 58 63 51 62 54 60 57 55 52 47 49 58 50 50 56 62 64 61 57 58 62 60 64 55 59 59 56 63 54 62 54 65 70 55 60 53 51 53 57 47 63 62 53 65 63 60 55 65 70 64 67 60 62 53 47 63 55 57 53 54 57 53 50 44 62 55 57 53 59 59 55 60 58 55 63 62 60 56 59 57 52 58 57 53 60 62 62 63 59 60 61 49 55 60 63 56 50 63 64 57 53 58 63 59 59 60 54 59 48 55 61 54 63 59 51 57 50 52 63 52 56 63 54 56 56 57 59 58 56 62 51 49 62 60 58 61 63 60 50 57 51 53 63 58 63 52 67 57 62 54 55 62 64 58 54 56 54 63 54 61 58 63 
56 51 55 54 58 53 50 53 56 61 53 48 63 62 52 57 63 61 53 50 66 53 62 51 56 49 55 59 49 57 56 62 60 59 53 64 60 58 51 59 64 49 61 62 57 59 54 61 64 63 63 52 54 48 64 43 60 56 69 61 54 57 60 51 52 60 62 61 62 62 58 65 67 66 60 52 64 65 58 64 62 57 57 52 56 61 60 59 56 62 74 63 67 62 56 71 63 56 56 66 63 59 52 54 57 56 54 51 59 58 71 62 57 55 61 61 56 52 64 69 53 73 61 60 53 63 59 59 66 60 58 55 53 56 62 66 60 63 64 57 63 62 62 69 68 51 62 52 53 55 54 60 63 55 63 56 55 59 67 52 56 57 57 61 50 60 54 58 60 58 60 62 53 50 53 60 57 55 69 65 64 57 66 57 63 53 50 63 58 55 53 57 61 57 62 68 62 57 54 60 59 62 54 65 58 63 65 69 60 63 58 55 65 59 61 57 62 56 60 62 59 62 52 62 67 55 62 59 50 61 65 60 63 53 52 61 58 57 65 60 62 56 68 58 65 54 61 65 56 56 55 66 54 57 57 52 
68 70 61 61 69 58 57 57 57 72 61 62 66 69 63 60 66 68 59 57 76 62 71 63 65 66 63 72 59 70 68 62 67 62 65 60 60 66 63 65 70 62 64 70 65 61 65 68 66 67 72 69 67 46 68 62 80 69 77 69 59 64 65 65 70 71 66 66 62 69 67 74 82 66 71 65 64 71 71 75 68 70 59 62 74 72 70 65 67 72 73 75 70 77 70 73 65 70 57 69 63 75 56 64 66 67 66 53 77 76 79 77 59 68 61 70 63 64 74 68 68 78 68 71 70 70 74 57 70 65 66 60 60 64 63 69 67 69 65 60 70 61 68 74 77 66 69 62 71 61 67 66 67 66 54 61 65 54 74 67 61 62 60 64 55 63 65 66 69 67 73 73 64 61 59 71 59 64 66 74 75 66 65 61 63 66 53 65 64 58 55 70 64 70 70 68 65 59 66 66 66 68 66 70 71 68 70 67 66 76 62 65 71 77 69 69 71 62 70 65 67 60 68 74 76 67 67 70 66 62 70 62 60 58 67 70 65 58 68 65 70 72 69 67 71 63 73 74 62 59 66 75 61 59 59 64 
66 62 59 61 59 60 66 68 61 64 60 67 66 63 50 58 71 66 63 52 71 61 75 59 66 66 62 65 50 60 68 67 68 67 64 62 66 60 63 60 64 69 68 57 64 69 65 68 68 65 65 60 66 45 74 59 67 57 68 69 65 68 61 57 64 72 75 70 71 63 55 68 68 64 68 60 74 70 63 65 62 56 63 64 65 66 64 70 66 66 76 79 76 67 62 68 61 68 63 65 66 65 57 64 57 62 64 64 67 70 69 70 67 59 57 67 66 57 72 76 60 71 67 62 63 75 78 61 66 55 58 63 58 61 67 73 65 73 71 67 55 66 66 74 69 63 67 61 61 58 66 54 60 73 63 58 59 56 71 60 59 60 73 61 61 70 67 54 76 64 73 67 69 57 61 67 62 65 69 73 68 66 64 65 66 62 55 62 72 60 61 67 65 62 59 62 66 58 65 68 59 65 53 59 69 61 69 70 65 62 63 65 64 59 59 59 61 52 72 65 61 67 59 62 61 57 54 75 61 69 64 67 61 60 57 59 66 62 63 68 71 72 76 68 68 67 68 71 68 53 59 72 58 63 68 67 
53 61 57 53 56 48 46 50 55 53 47 49 58 54 53 51 51 54 53 42 69 56 63 60 51 59 50 60 51 53 56 58 58 55 49 55 56 61 58 57 60 53 61 53 55 57 52 54 51 51 62 52 60 41 63 51 67 59 61 64 55 60 55 53 67 65 63 58 63 57 54 63 61 52 65 47 55 60 59 57 52 52 57 50 59 59 58 61 54 57 66 72 60 67 62 60 54 54 55 62 61 56 52 45 58 59 63 54 57 59 63 54 48 48 49 62 50 53 63 66 52 63 59 59 49 58 63 53 60 58 56 58 59 51 57 69 57 54 60 60 54 50 57 70 66 61 63 53 47 50 62 62 62 57 55 45 63 55 55 49 53 54 50 57 53 53 56 49 56 56 60 59 57 45 50 53 49 42 52 61 58 53 55 55 61 57 52 61 62 46 44 55 53 63 51 59 60 54 62 55 53 56 50 61 53 56 58 63 57 64 58 57 59 52 50 63 55 55 66 58 62 53 47 56 48 54 51 60 55 54 58 55 57 54 52 55 61 60 59 58 59 63 55 48 53 47 59 55 54 47 57 65 61 61 63 59 
54 62 54 60 58 52 45 51 48 64 49 53 60 64 56 53 58 58 55 55 60 55 65 60 61 53 52 60 53 53 54 54 59 53 52 57 65 58 57 59 66 55 59 52 51 62 51 64 56 58 65 59 55 48 58 55 62 60 64 64 58 53 63 52 57 60 62 55 59 52 54 59 54 63 55 59 61 58 57 61 59 48 53 48 56 54 55 58 55 63 75 64 67 62 57 60 56 60 47 57 53 48 55 50 49 63 57 61 63 62 70 62 49 52 55 64 54 50 62 66 57 71 49 53 53 58 62 63 60 48 57 51 52 52 59 64 56 55 69 54 60 57 59 65 62 56 64 52 56 55 56 53 53 63 53 48 56 52 65 53 46 50 57 56 51 55 54 54 58 63 54 64 53 65 49 56 52 47 53 60 60 51 58 58 60 51 53 59 62 51 45 60 61 60 58 57 69 48 53 63 51 53 52 64 58 58 57 61 54 60 62 45 58 54 52 60 57 58 63 65 64 50 49 60 67 53 55 64 55 61 58 54 59 50 46 54 50 58 67 58 62 60 53 55 58 59 62 70 53 58 52 64 62 55 53 58 
60 62 55 61 59 55 51 57 56 56 60 56 58 65 55 56 66 72 54 53 68 61 70 55 54 59 60 65 56 63 58 60 65 60 55 48 60 70 60 69 70 62 64 56 64 65 68 62 67 63 56 59 60 46 63 58 75 68 69 68 56 68 59 50 63 66 64 62 56 69 57 69 65 62 66 59 59 69 64 63 66 55 52 55 59 66 60 59 68 69 66 74 68 74 63 69 48 73 57 72 60 66 49 53 58 61 57 55 57 61 64 65 56 64 52 65 61 49 70 63 56 68 62 68 56 64 71 63 58 57 56 57 62 58 67 69 66 59 61 60 52 62 65 62 66 63 61 56 51 53 61 61 66 69 61 62 58 60 64 61 54 56 63 58 50 68 57 60 70 54 61 62 62 59 51 60 53 65 57 60 71 58 61 62 62 51 54 60 58 58 53 70 63 62 58 66 66 48 66 62 61 58 51 66 61 59 57 60 58 57 59 54 62 60 60 65 61 59 61 60 61 68 53 66 66 61 56 59 60 55 64 62 48 60 59 55 65 60 66 63 62 66 66 65 66 56 67 69 59 60 54 66 60 59 65 61 
62 69 55 55 60 50 55 68 57 63 59 63 59 58 64 58 55 66 56 65 69 52 71 68 57 57 50 63 59 60 63 57 61 61 56 47 54 72 66 64 64 66 65 62 65 62 58 60 69 58 60 66 64 48 65 62 76 63 75 62 59 57 63 58 68 72 67 72 64 63 62 63 71 60 60 57 63 66 63 66 66 58 57 63 56 64 61 67 59 67 76 72 83 69 68 69 65 72 58 69 64 65 56 56 59 66 61 57 56 61 78 73 57 57 60 66 54 57 70 63 65 68 57 63 57 64 72 59 70 59 64 59 59 58 67 68 63 66 65 62 66 65 67 69 65 61 68 68 58 58 58 63 62 54 48 63 56 49 71 59 55 57 61 57 60 66 62 64 69 64 58 65 60 61 56 61 65 61 59 62 59 62 59 65 64 59 61 64 60 54 50 70 63 64 67 63 67 62 67 67 53 65 55 67 62 64 59 62 59 64 66 66 64 57 55 66 59 70 65 59 61 65 60 69 64 62 62 64 62 66 65 57 50 57 62 66 63 63 66 55 62 61 65 58 66 54 65 68 61 56 58 75 66 58 56 56 
63 56 53 59 65 50 51 58 49 66 50 58 58 65 57 53 57 55 59 44 66 57 64 54 56 56 52 59 55 62 50 54 58 58 57 58 61 61 57 68 61 51 55 54 49 67 56 64 65 56 60 53 58 48 60 56 65 59 66 60 57 58 63 63 66 60 62 57 60 55 57 70 63 63 51 53 53 62 64 66 66 52 55 61 54 56 65 49 56 66 70 69 65 67 58 61 54 67 52 58 59 49 58 48 55 62 58 50 59 55 62 62 54 58 58 61 56 50 65 64 55 69 54 70 61 61 70 53 65 59 62 56 58 56 57 64 58 57 54 59 57 58 60 68 66 57 57 47 55 58 55 51 59 64 55 57 58 55 65 49 59 53 57 62 52 62 58 56 62 64 52 60 49 54 60 57 50 62 58 65 66 55 64 66 52 60 52 56 68 49 55 61 59 58 55 64 71 47 53 58 54 61 48 64 60 62 60 61 44 59 58 53 61 65 51 58 63 54 63 53 64 56 50 68 54 58 56 59 62 61 65 57 54 54 49 60 63 57 59 58 60 64 63 56 57 53 65 67 56 55 51 66 59 54 52 64 
69 66 60 62 67 61 59 59 65 67 57 65 70 68 60 64 72 65 62 63 65 67 72 57 59 68 54 66 61 62 63 64 66 62 63 64 63 71 67 66 67 57 67 58 71 68 60 66 62 65 69 68 64 49 77 63 69 72 71 74 63 68 70 59 66 75 75 64 67 68 60 79 69 73 67 66 71 68 70 68 68 63 68 57 63 66 65 66 57 81 76 85 73 74 59 75 64 65 62 69 58 71 52 59 63 75 64 66 69 68 70 63 62 63 71 74 69 57 62 80 59 72 65 64 60 66 78 62 67 67 62 58 59 67 65 68 63 67 69 63 68 71 66 71 68 63 70 51 60 60 60 63 66 68 62 62 59 63 73 67 60 59 62 71 54 67 56 69 72 57 72 68 64 65 57 69 63 66 58 70 63 58 66 64 68 64 55 66 68 63 62 70 70 63 61 64 73 59 67 60 59 64 56 65 69 61 65 72 60 67 67 63 70 65 59 66 65 59 75 74 67 61 58 66 65 68 60 69 70 73 75 66 73 57 63 63 74 63 73 66 78 65 67 63 70 61 65 68 67 64 68 70 68 66 66 70 
68 65 60 62 63 61 54 65 63 68 58 63 63 69 58 59 66 73 56 54 69 68 69 58 67 65 61 65 53 56 61 63 58 64 61 62 64 71 68 63 69 65 65 57 74 69 61 65 69 65 61 66 70 52 68 59 75 72 67 70 57 64 69 65 66 68 75 62 69 66 55 66 73 71 73 58 76 73 61 63 72 57 55 58 62 65 66 63 64 74 75 77 69 76 60 72 60 68 59 73 65 67 58 54 57 63 63 59 63 65 69 65 61 60 64 63 66 64 71 76 63 73 65 65 60 75 72 71 77 68 66 71 60 58 68 70 65 68 70 61 68 67 66 77 69 63 68 65 64 60 60 64 65 62 61 63 57 57 64 65 57 60 69 74 54 68 54 59 71 61 65 62 68 61 59 73 61 70 60 65 74 67 67 60 69 63 57 63 68 63 59 65 68 70 67 66 67 68 61 72 56 59 58 69 64 63 60 70 64 70 66 63 70 67 54 67 68 62 67 65 64 62 56 67 63 64 59 63 61 65 71 62 53 63 55 58 62 56 73 61 66 68 72 60 69 54 70 74 61 61 57 74 57 69 67 67 
53 64 50 55 60 51 50 56 52 64 51 61 53 61 59 50 61 58 47 52 65 52 69 55 53 61 56 61 57 62 52 58 58 55 53 45 60 58 53 58 61 57 61 57 51 59 56 56 60 63 56 58 58 48 55 52 64 62 62 57 49 59 55 51 62 60 64 56 50 58 53 54 67 57 59 60 64 63 52 55 59 50 52 61 52 53 56 62 57 66 70 67 69 64 55 57 63 64 51 64 55 59 47 55 59 58 54 55 61 64 64 65 54 57 53 57 60 53 74 63 58 71 56 59 52 56 63 53 67 53 49 51 61 57 58 60 57 61 57 65 56 67 55 63 61 51 62 53 49 54 53 59 58 59 60 52 54 52 61 55 58 54 59 56 47 67 51 59 65 64 49 60 54 52 55 56 59 51 54 63 64 51 58 62 57 60 53 53 52 56 54 67 62 54 59 60 66 63 59 60 53 64 51 65 57 60 60 65 54 62 47 51 63 58 60 60 56 57 61 62 61 50 56 57 55 60 53 61 57 57 54 54 51 58 54 57 58 56 63 58 62 66 63 58 59 57 61 65 58 57 55 61 50 51 52 60 
70 65 52 64 74 61 56 69 57 79 63 66 72 74 67 62 67 68 63 61 75 61 74 63 62 66 61 68 60 74 68 67 68 69 63 65 61 78 68 73 64 66 69 72 69 69 69 71 66 58 67 64 68 44 77 60 70 73 69 68 62 67 69 63 74 76 78 65 70 63 66 73 72 67 72 63 73 64 65 64 68 58 75 71 67 67 74 61 63 75 73 77 86 80 65 69 65 80 59 76 68 72 53 64 60 70 60 66 66 69 83 78 65 68 61 70 74 62 76 75 70 74 71 68 67 66 72 68 74 64 71 66 61 64 65 69 70 75 73 65 72 64 72 75 80 68 66 63 62 71 65 57 59 65 70 60 67 53 76 73 65 63 68 65 68 77 67 58 75 64 71 62 64 61 51 78 66 69 68 69 73 71 70 76 66 54 58 67 63 71 60 77 59 60 67 72 75 61 75 61 67 60 64 76 69 71 65 67 66 70 65 62 68 68 61 72 64 62 76 72 64 63 56 70 69 64 70 77 65 73 69 60 66 61 69 65 62 61 68 71 70 62 66 60 66 64 72 74 72 69 65 83 56 65 66 64 
59 62 58 64 68 54 55 62 60 65 61 63 64 65 54 48 62 64 46 56 67 59 68 56 66 60 55 66 61 60 57 64 65 60 60 60 65 61 65 61 63 61 68 63 68 67 58 65 62 63 69 65 63 50 59 64 71 69 71 78 60 61 59 60 72 64 68 56 61 72 64 68 72 67 60 65 61 63 68 70 68 58 59 63 61 63 66 66 56 66 73 77 72 72 60 67 62 66 62 62 56 69 57 58 53 70 66 62 63 65 74 69 73 62 60 65 67 56 66 63 68 72 62 62 68 67 75 58 66 59 61 62 68 60 62 57 71 71 70 68 59 63 69 73 68 56 67 54 60 57 56 60 65 65 53 51 61 56 69 66 54 62 60 63 63 69 54 61 68 68 56 73 52 66 53 60 62 63 57 69 63 63 73 59 64 57 59 60 69 64 64 69 63 69 69 63 71 65 63 73 69 64 59 75 66 66 58 69 61 67 63 54 65 62 56 60 68 58 62 64 69 66 58 66 68 63 59 63 62 67 68 67 57 56 68 56 64 63 65 62 66 66 72 65 63 62 69 70 60 63 67 75 61 52 53 67 
75 65 64 75 69 66 64 69 75 81 68 75 77 74 70 69 68 76 71 67 79 71 78 62 66 67 64 71 63 72 69 67 80 67 65 66 67 77 71 77 78 67 69 77 66 67 72 67 73 72 75 76 74 52 80 67 80 75 83 77 68 68 70 62 74 83 78 70 67 71 59 77 80 77 76 66 84 71 68 73 74 59 72 71 72 78 76 79 72 73 84 85 88 67 73 83 64 74 72 72 75 81 80 66 68 72 70 69 70 77 81 81 69 73 78 79 78 68 78 86 76 81 65 70 69 75 78 70 75 74 72 70 73 72 73 73 75 82 79 67 76 71 69 76 82 65 72 68 71 71 72 67 70 73 67 73 67 64 79 73 68 61 76 76 69 72 68 69 79 68 70 72 65 72 62 75 67 70 72 67 76 70 70 77 70 70 65 88 74 64 66 67 77 75 70 77 80 72 82 78 61 69 70 73 68 77 71 77 69 80 65 67 75 66 60 73 67 69 72 69 68 76 68 76 77 71 72 74 74 71 83 69 69 73 71 77 76 74 78 71 78 74 76 61 76 66 76 72 71 63 69 78 64 72 66 67 
60 64 51 64 65 60 60 55 55 69 64 65 61 70 60 61 62 70 56 59 70 58 74 65 63 64 56 74 62 68 68 67 74 52 65 62 64 70 61 61 66 68 64 69 64 62 67 73 72 62 70 66 62 47 76 59 72 70 76 75 62 68 57 50 65 76 71 67 65 70 61 70 71 68 67 69 69 67 67 73 69 60 59 69 59 67 64 70 68 71 67 79 84 77 70 72 59 75 60 74 57 69 53 58 58 64 56 64 69 68 68 68 64 67 65 69 66 66 70 78 70 75 67 63 58 64 69 66 73 67 61 65 66 48 57 75 70 67 73 67 62 70 69 74 73 56 77 63 61 58 57 65 67 68 66 63 60 59 72 62 59 59 64 66 66 72 68 66 68 66 66 64 67 59 57 64 67 68 65 70 68 66 71 63 71 55 55 68 68 64 62 64 75 68 62 62 69 61 67 70 60 64 64 74 73 64 63 63 62 71 62 63 66 65 60 52 66 62 70 70 62 65 65 66 70 66 56 72 70 72 67 65 67 67 57 57 67 64 66 66 69 64 75 65 66 57 64 59 60 62 64 73 56 64 58 64 
78 74 75 69 73 70 65 68 67 79 64 69 75 68 72 62 70 68 68 65 76 66 81 69 71 75 66 79 72 79 72 71 73 63 74 68 78 79 68 74 82 71 71 74 70 76 68 75 78 73 75 78 79 63 86 68 79 77 80 77 65 81 78 68 78 85 78 72 72 68 67 82 90 71 78 69 79 78 70 75 71 68 73 71 71 75 72 69 76 80 81 87 93 80 79 73 78 77 66 79 64 75 66 66 69 77 76 70 76 80 83 82 63 70 67 82 76 61 81 79 73 88 75 71 65 80 69 75 79 70 70 71 68 66 68 77 77 75 77 78 71 67 69 80 83 68 77 68 69 71 72 64 69 80 72 71 69 71 76 80 72 70 78 76 66 80 68 67 85 76 78 71 75 72 65 70 67 66 74 77 83 74 74 75 77 71 62 69 64 67 66 82 77 69 74 70 75 67 79 78 66 73 68 80 74 75 75 69 69 83 68 67 72 71 68 72 75 67 76 72 73 73 68 73 84 75 71 76 69 73 77 63 77 71 65 66 71 68 76 75 75 70 78 72 84 73 76 79 68 70 72 85 74 71 63 73 
62 70 59 61 69 61 56 67 58 68 61 69 60 62 59 60 66 75 63 44 68 62 72 64 63 63 61 66 55 72 66 65 67 58 64 55 66 72 68 65 62 63 65 66 62 68 64 78 62 63 59 68 66 46 67 63 72 65 79 73 61 73 67 65 74 74 73 70 71 72 66 69 72 63 65 66 65 71 70 66 63 60 74 63 62 66 60 66 79 76 68 76 77 81 71 71 62 74 65 72 60 77 56 53 61 69 58 60 72 70 72 78 56 61 63 73 62 55 72 78 64 78 63 65 61 71 79 64 68 60 69 66 61 64 65 73 67 75 69 63 67 71 69 72 73 69 66 58 62 65 65 61 68 66 57 53 62 60 73 65 60 64 71 67 64 74 64 61 76 68 67 70 58 60 54 66 56 62 68 68 77 66 67 61 71 65 59 69 59 70 61 76 66 65 65 65 76 62 69 66 63 62 67 78 71 60 65 74 63 70 69 60 71 70 62 72 65 68 71 67 65 68 60 68 64 64 62 74 72 72 64 58 62 57 69 59 63 64 69 69 73 69 67 65 73 63 70 70 62 64 58 73 68 61 57 67 
71 69 57 63 67 58 52 68 56 72 62 65 61 65 63 60 68 61 58 59 62 58 74 61 57 65 56 63 60 64 69 60 70 66 62 59 64 68 61 69 67 63 64 66 62 65 61 67 63 60 71 64 67 47 76 64 78 73 75 68 57 67 61 61 70 73 73 67 59 68 59 76 73 50 71 67 71 68 56 58 67 55 60 65 66 65 72 64 69 75 72 75 76 68 63 68 62 68 61 67 64 72 59 62 60 63 64 63 64 69 70 74 55 61 56 68 72 62 75 70 62 76 65 67 60 75 70 67 71 64 69 62 63 58 67 72 63 68 67 68 65 71 66 71 70 61 61 66 62 67 70 61 63 68 59 58 52 64 71 69 56 60 71 72 56 71 64 61 72 66 62 65 64 61 63 70 57 61 71 71 70 66 63 63 62 58 62 68 69 54 55 64 69 69 64 68 70 60 61 68 53 67 61 73 60 70 66 66 69 72 55 66 77 62 58 70 70 64 68 68 61 64 61 70 68 67 62 62 57 68 73 61 64 61 62 67 60 59 63 59 61 73 74 63 72 64 59 66 56 61 53 77 61 67 59 72 
69 59 60 67 62 56 59 64 60 74 59 55 59 63 63 55 60 67 51 57 67 64 73 58 62 57 59 70 58 62 59 67 64 63 62 58 67 66 68 72 71 60 70 70 62 67 67 64 67 63 68 62 55 46 64 58 73 74 72 71 58 67 58 62 72 72 70 62 66 67 64 65 72 69 67 57 65 67 68 68 66 50 61 60 68 65 69 66 65 65 72 74 71 68 69 71 61 73 58 74 67 66 55 55 62 66 63 58 61 63 76 61 51 57 53 66 70 64 69 64 65 77 68 69 61 65 71 65 74 65 66 56 69 60 71 64 68 69 69 49 74 63 72 77 76 62 57 68 58 70 60 69 63 61 57 63 68 56 61 62 57 61 72 72 60 72 61 63 69 69 67 65 62 62 62 64 57 57 65 63 71 69 62 64 66 59 57 67 65 61 55 65 61 64 67 64 63 56 64 66 58 64 58 68 72 64 71 67 68 73 60 59 70 68 66 63 69 65 73 67 58 66 58 69 72 64 61 60 66 63 73 65 67 55 57 65 65 53 67 74 68 62 70 57 65 58 64 74 69 62 56 72 62 69 67 69 
64 69 63 60 77 59 67 68 66 72 62 64 70 69 64 53 73 68 67 60 74 69 72 70 65 65 62 66 56 74 68 67 70 68 58 65 73 71 65 67 71 63 74 66 63 71 65 65 75 74 68 68 66 53 75 62 66 72 75 75 69 70 70 50 77 72 74 69 66 70 61 79 79 73 67 77 73 68 74 70 75 63 64 68 58 65 64 66 65 73 82 84 84 73 66 75 66 72 69 74 66 70 58 61 61 63 65 68 71 75 74 72 70 57 66 66 70 61 65 73 67 82 73 71 70 71 75 65 70 62 68 61 68 57 63 72 60 75 75 73 65 67 70 72 77 66 80 62 64 66 60 64 66 72 66 59 60 60 77 61 63 65 66 72 70 70 59 68 80 75 65 62 68 75 65 60 75 68 67 72 74 66 71 69 74 62 60 75 71 65 58 70 77 62 73 69 71 63 61 71 65 62 64 81 69 72 76 68 62 71 67 59 71 63 67 68 63 67 72 74 72 64 58 75 68 65 62 68 66 75 69 67 70 62 54 64 73 65 69 69 72 71 75 65 74 64 69 82 59 67 70 75 66 62 58 70 
70 66 59 68 62 61 58 61 55 71 59 76 62 64 59 54 69 66 58 47 75 54 66 57 61 64 61 61 53 69 60 58 59 65 54 61 65 66 60 62 66 59 61 54 63 70 61 66 62 64 65 59 66 50 75 62 70 66 78 65 60 61 67 59 63 75 74 73 66 63 63 67 75 69 61 64 67 70 58 71 66 54 65 61 57 77 66 61 68 72 84 72 77 66 68 65 64 69 55 65 64 72 58 60 70 67 63 57 64 65 70 72 60 66 53 72 60 54 66 77 67 72 63 59 58 66 73 65 66 59 72 63 62 66 66 64 67 67 67 64 64 68 68 71 71 62 64 59 68 58 65 57 65 72 62 63 67 52 75 64 61 65 65 66 58 66 57 63 70 57 64 64 53 58 58 69 56 60 72 67 70 66 70 71 62 64 58 66 60 62 61 63 60 63 62 76 71 56 73 57 59 65 60 66 61 63 69 68 60 69 63 67 63 57 59 69 59 64 72 66 68 62 60 68 63 68 70 67 62 61 67 57 59 62 63 61 66 67 62 71 68 64 67 47 66 58 71 72 64 59 55 68 62 69 58 61 
76 66 58 64 63 53 55 76 59 73 59 71 67 72 67 60 70 67 66 57 64 65 73 68 65 61 67 67 60 69 74 60 63 66 65 57 61 67 62 75 70 62 69 73 68 67 63 68 65 60 69 64 59 54 76 61 77 68 72 74 64 61 67 63 73 69 79 71 69 70 60 73 74 66 65 71 73 66 72 69 69 59 59 67 65 63 71 62 61 75 80 77 83 77 69 69 63 76 55 73 69 63 62 58 57 69 59 61 65 63 76 70 58 61 63 70 68 59 72 74 66 75 66 69 70 67 75 67 75 63 69 63 59 57 68 78 72 71 71 64 71 64 70 76 69 72 64 61 62 56 70 71 62 68 55 62 61 68 66 65 66 55 68 66 64 73 63 64 71 71 67 67 63 60 61 73 58 72 70 63 73 72 64 73 70 61 61 72 67 63 62 64 61 66 71 67 75 70 72 70 57 62 61 72 72 72 67 73 67 66 64 67 72 62 59 69 70 65 72 68 69 74 54 70 65 68 56 64 62 58 69 67 61 60 61 59 61 64 68 62 58 65 71 61 61 68 69 72 65 64 56 82 62 59 60 73 
65 64 49 59 66 59 54 59 59 63 64 60 70 58 58 61 60 66 59 56 58 60 70 53 60 57 67 68 54 60 56 62 64 63 58 62 61 61 62 58 63 58 59 67 58 67 60 67 65 59 69 66 68 55 71 58 73 61 64 65 57 68 62 61 68 72 68 63 56 65 61 69 74 62 71 57 63 70 61 68 69 60 61 60 59 62 66 68 61 77 70 70 78 67 61 74 58 70 58 68 58 69 59 60 64 66 62 57 67 58 75 67 57 62 55 63 58 58 70 73 61 76 59 60 60 71 72 64 64 68 60 56 64 60 61 74 63 70 67 64 58 71 64 73 69 66 66 57 62 53 66 59 62 61 69 63 59 58 75 61 64 59 64 66 58 67 59 61 71 60 64 64 66 63 62 64 68 63 67 69 71 60 64 61 64 62 60 66 59 59 58 74 62 64 68 61 66 63 69 62 61 67 54 69 65 66 66 70 62 70 64 63 69 65 61 63 70 56 71 60 65 61 61 62 67 63 68 72 66 61 66 60 61 66 63 64 60 61 69 71 65 70 68 61 63 57 68 67 65 59 56 71 62 60 57 69 
67 65 52 70 68 65 48 61 62 72 56 67 67 60 51 55 62 70 56 54 63 58 71 58 65 63 58 67 56 67 59 62 67 64 59 63 61 60 65 59 69 59 63 68 67 67 65 70 63 70 67 62 67 45 68 64 68 76 69 71 53 60 69 55 65 70 70 63 61 65 57 73 78 70 65 62 69 62 60 70 65 55 67 59 69 63 70 66 58 68 79 73 77 69 66 69 59 60 63 71 58 67 69 61 66 65 60 60 61 68 76 66 53 72 60 62 67 62 65 70 70 78 64 66 67 67 68 64 69 65 66 62 66 60 64 67 66 70 70 60 69 66 63 68 67 66 68 64 63 58 57 68 63 69 59 68 64 57 68 59 62 62 69 71 62 73 57 56 71 66 64 65 60 62 61 70 60 68 65 64 67 63 66 62 70 66 56 68 63 64 60 64 63 72 56 74 64 61 66 64 62 71 59 66 69 66 71 68 61 66 61 58 65 66 50 69 61 61 73 65 71 65 66 69 65 59 58 66 64 71 72 67 61 60 62 63 71 58 74 60 64 56 71 57 74 68 73 74 66 61 61 66 55 60 64 65 
65 63 60 63 57 60 57 67 63 69 61 65 68 67 60 52 62 63 56 56 76 59 67 65 63 60 55 70 66 70 62 63 65 52 65 61 66 73 61 62 62 64 63 59 66 64 59 63 67 66 65 60 58 46 70 66 73 67 70 67 55 68 59 61 61 70 67 68 68 63 65 67 68 65 64 56 61 70 58 63 70 53 54 56 61 61 67 59 62 68 70 79 74 72 61 66 63 65 60 69 68 68 55 58 64 66 61 63 57 60 71 58 61 61 60 77 65 54 72 70 64 68 63 67 57 61 73 58 71 66 65 63 57 59 64 70 64 73 74 65 56 74 70 74 70 65 68 56 62 60 59 58 65 73 64 62 67 58 65 58 60 65 54 69 52 67 59 62 67 61 71 72 62 55 60 72 57 66 63 68 75 64 65 69 68 53 56 58 63 57 60 69 65 60 61 65 68 59 66 65 60 61 54 65 67 61 63 74 61 70 63 64 63 68 51 63 66 51 67 64 60 68 54 70 61 66 57 69 65 67 67 56 65 62 67 64 71 54 64 74 73 64 65 53 63 59 72 69 60 59 58 71 57 63 61 63 
60 67 64 70 64 54 56 65 54 68 62 56 66 65 57 59 68 71 57 62 66 58 72 60 61 50 55 68 68 67 57 67 69 61 65 59 63 68 63 60 62 69 70 62 60 68 60 73 63 61 69 66 65 42 72 64 80 68 65 71 57 65 72 62 72 72 69 66 59 74 67 67 75 63 63 69 67 66 65 69 64 59 68 64 63 67 72 60 60 68 74 77 73 74 60 71 65 69 63 74 61 63 60 60 68 70 68 60 70 70 72 71 57 65 60 71 69 68 74 71 74 76 56 71 60 67 77 64 70 63 67 64 68 62 65 70 65 65 71 63 72 68 68 72 76 65 70 56 56 55 66 68 67 71 65 59 63 56 68 59 60 57 73 74 56 69 62 56 66 64 68 69 67 55 58 72 53 64 63 66 69 61 67 58 74 67 58 70 71 61 62 72 63 66 66 63 66 67 71 72 59 63 58 67 61 65 61 72 63 73 66 64 74 69 68 63 65 61 75 70 64 63 59 70 74 65 60 69 63 66 66 62 64 62 60 67 70 67 72 71 69 59 67 60 69 58 65 72 61 67 67 78 64 65 60 63 
68 57 56 68 65 60 56 63 64 72 67 63 73 71 53 68 70 75 55 55 68 64 69 51 59 69 58 67 64 59 60 70 67 59 63 67 63 67 69 72 72 66 71 69 70 69 63 64 68 62 68 69 58 51 62 63 71 72 72 76 64 64 67 61 69 72 70 67 67 69 70 70 80 65 72 58 71 69 70 73 73 55 64 60 64 66 60 68 63 76 70 73 78 81 70 73 59 66 60 74 59 64 55 56 65 71 65 60 70 62 73 73 54 57 66 64 73 59 71 76 70 75 67 72 59 73 73 71 70 67 68 62 65 59 62 73 68 69 78 60 64 60 71 81 70 73 67 57 57 62 56 67 64 65 59 69 64 63 65 69 60 55 69 72 66 70 65 61 71 66 65 66 66 64 49 74 63 61 62 63 73 66 71 69 68 66 62 72 66 62 69 70 70 68 60 66 65 62 66 68 63 57 62 72 72 64 73 74 63 73 66 67 72 65 59 66 74 66 69 70 62 62 61 77 64 59 67 66 61 74 75 67 73 62 61 69 63 63 74 62 61 64 70 65 71 62 68 67 65 63 54 72 66 64 57 65 
68 65 60 73 66 55 55 65 57 71 58 67 65 66 59 53 72 66 60 60 70 64 68 62 67 61 57 70 62 65 67 71 68 63 57 56 69 71 66 65 74 66 63 73 65 69 62 68 66 66 59 63 64 53 69 57 78 73 70 65 60 70 75 58 70 63 65 68 66 61 66 72 65 71 62 59 68 67 68 62 65 54 57 67 62 66 63 66 63 69 72 69 79 70 71 76 67 76 56 74 63 58 63 57 65 59 67 51 67 59 75 74 61 59 60 70 59 63 70 70 66 69 66 74 62 70 70 68 74 64 67 66 62 60 64 72 67 63 69 66 65 65 69 70 73 65 68 63 61 61 55 67 68 64 59 63 61 56 72 68 56 61 68 67 57 71 56 64 70 67 60 66 64 59 61 60 62 57 64 61 72 57 61 71 69 64 63 64 59 64 64 72 68 62 67 64 60 64 72 69 65 72 64 67 72 67 63 74 66 72 65 58 70 61 66 63 66 67 72 63 73 61 56 70 71 66 67 63 64 65 68 65 58 62 63 61 64 56 68 65 63 70 71 66 60 56 61 72 67 60 56 78 75 65 58 64 
71 65 52 64 63 64 62 66 62 80 62 67 68 69 62 60 63 64 60 54 73 59 71 65 66 68 58 74 63 66 65 69 64 68 65 67 64 70 65 72 67 72 65 65 60 64 68 66 70 69 68 62 69 50 73 69 75 73 78 68 63 71 62 62 69 68 70 62 64 71 66 76 72 64 82 66 79 74 62 67 71 52 72 67 63 66 64 72 66 65 72 77 79 73 65 64 66 77 64 70 59 72 62 59 57 69 61 65 68 74 81 69 62 66 70 67 71 60 73 71 66 74 64 59 60 62 72 66 75 63 58 70 66 61 68 70 67 67 78 68 63 64 74 76 68 68 69 61 55 64 64 68 66 66 67 67 63 49 67 66 59 62 65 76 61 78 61 66 70 70 66 63 66 57 60 68 63 65 60 76 74 66 70 66 68 59 62 70 66 64 61 69 72 63 60 68 71 64 66 66 62 67 60 77 65 67 74 72 63 66 58 65 68 70 61 79 70 65 74 70 69 63 59 70 70 62 62 67 62 70 72 55 63 64 67 65 71 62 69 66 68 62 70 62 70 66 73 74 64 62 62 77 62 63 68 69 
73 74 66 81 77 59 63 73 75 77 70 65 76 70 67 55 81 75 66 64 79 66 76 68 72 73 68 74 71 74 69 75 73 69 74 69 77 73 72 74 76 70 75 69 72 70 73 74 75 74 70 75 73 56 79 76 86 82 85 82 71 75 67 64 80 77 77 80 75 75 70 82 80 76 76 73 77 79 73 75 83 56 70 73 66 75 75 81 72 80 87 89 90 83 84 78 70 78 70 70 70 75 62 64 67 80 71 70 76 68 86 75 68 65 71 78 78 63 74 87 73 80 71 68 66 76 91 81 80 75 67 69 73 62 64 70 78 74 81 73 71 75 76 85 77 65 75 59 69 63 71 74 64 76 72 71 70 67 76 70 67 65 73 76 73 81 65 65 74 72 68 79 67 76 63 74 68 68 67 77 80 69 78 71 83 66 65 83 77 71 69 79 77 75 64 77 79 71 78 67 66 68 59 79 81 67 77 76 70 72 66 66 75 78 62 76 74 69 79 68 73 78 65 77 72 71 62 79 76 78 81 76 72 71 69 78 71 66 85 76 78 71 80 71 71 71 74 80 72 70 64 78 66 70 73 70 
63 63 55 58 64 54 54 55 57 67 57 63 64 62 61 55 57 68 58 55 67 56 68 60 46 50 53 59 48 58 55 57 59 59 59 57 62 53 51 63 58 60 60 57 55 55 59 59 59 62 60 61 59 45 65 57 63 64 70 62 61 55 64 51 61 67 64 66 57 54 58 62 62 67 59 58 63 56 59 60 55 56 59 59 54 66 60 57 58 67 76 75 74 70 62 69 58 66 55 63 60 59 49 57 59 63 57 58 59 63 72 62 58 57 56 59 63 48 65 64 63 69 58 60 55 52 71 51 63 59 67 55 53 54 50 63 60 59 66 57 54 60 62 76 63 59 55 51 60 48 54 57 55 61 56 50 52 51 76 55 57 55 57 60 63 57 56 56 65 64 69 64 59 52 47 62 56 57 62 60 63 59 61 66 51 53 50 62 61 50 55 63 55 55 59 55 57 53 58 60 53 55 54 63 63 55 62 65 55 58 59 52 62 58 53 58 56 55 64 56 63 63 56 64 64 56 58 69 58 61 56 64 62 54 61 59 60 59 63 59 69 54 60 47 58 57 67 67 57 58 56 61 50 54 54 54 
58 57 58 61 57 48 55 56 60 72 53 63 63 70 59 58 60 60 59 54 72 61 73 56 56 60 60 58 54 55 59 60 62 51 57 59 61 70 65 66 64 57 57 57 61 71 59 62 56 59 64 59 59 43 61 55 70 65 70 66 63 57 69 48 70 67 64 65 65 64 45 69 65 62 59 57 69 61 58 56 65 50 57 59 61 61 62 65 61 68 74 71 75 64 63 68 53 68 53 68 60 71 56 53 50 60 57 56 59 55 69 70 55 54 62 72 62 59 69 68 56 66 57 65 58 57 69 59 67 56 61 64 57 61 66 60 62 66 59 52 59 65 66 67 68 62 64 54 62 59 62 59 66 60 53 62 56 51 62 60 56 51 66 64 52 73 63 63 67 65 61 60 57 58 55 69 57 67 65 60 71 57 58 66 63 54 55 65 66 58 50 63 62 60 65 63 59 60 64 64 50 55 52 64 64 60 58 64 65 60 55 56 64 60 57 62 63 70 58 71 60 59 50 65 65 58 54 61 60 60 65 62 52 51 56 63 61 59 65 58 67 59 62 53 72 60 68 64 65 71 62 72 50 67 61 63 
69 73 65 68 63 60 64 67 60 78 64 61 68 69 62 63 67 69 66 57 78 62 80 68 70 68 63 62 53 72 60 64 65 69 65 63 71 69 65 66 72 66 73 64 63 70 72 72 70 73 71 69 68 57 69 71 74 66 78 77 69 65 66 56 78 74 71 75 64 65 66 71 75 74 64 70 73 67 66 73 68 62 67 71 61 71 68 76 60 74 82 75 86 67 71 67 64 78 60 65 66 76 59 65 63 72 65 62 66 61 72 74 61 61 62 72 74 63 74 72 66 80 63 62 64 68 79 68 69 63 61 66 69 63 69 69 70 74 72 71 65 64 75 70 75 58 71 70 63 67 70 69 70 71 69 68 65 55 72 59 63 65 71 67 66 72 61 69 70 73 68 73 58 75 64 71 63 70 67 74 67 67 63 65 67 60 61 71 66 62 58 74 63 70 71 64 71 56 67 65 65 69 56 70 68 71 72 66 65 65 65 64 69 64 64 74 72 73 71 65 69 72 65 69 72 67 67 74 65 63 66 68 58 59 59 64 66 59 71 70 67 60 70 65 68 73 73 72 70 63 63 78 71 62 73 74 
54 55 55 53 59 52 54 58 58 65 56 56 64 61 47 53 55 62 53 49 63 53 65 54 62 57 49 59 53 50 59 61 60 57 51 58 61 67 58 58 65 63 57 63 57 61 62 64 55 55 56 55 63 41 66 58 64 61 61 60 49 58 58 51 60 63 65 56 62 57 58 65 65 60 56 57 59 64 60 60 61 48 63 58 52 60 55 57 58 75 64 57 77 69 57 68 55 62 49 63 62 61 50 56 57 60 52 60 61 59 63 63 58 59 61 57 60 55 66 67 58 66 55 63 57 58 67 59 65 62 58 53 52 47 58 67 56 67 62 59 57 65 59 66 67 54 66 55 60 52 59 57 61 59 55 53 53 60 66 56 54 53 61 59 53 62 54 59 66 59 56 59 58 49 60 62 57 62 49 64 54 59 64 57 66 63 56 55 62 65 51 65 59 61 55 60 64 54 59 64 56 60 48 71 62 64 60 57 49 62 52 61 62 61 53 52 60 59 70 63 60 54 54 58 67 60 61 67 52 57 57 50 59 61 57 52 58 66 64 61 60 61 72 58 60 49 57 58 53 56 48 70 53 57 62 53 
66 57 65 59 61 64 60 61 57 70 56 58 61 53 58 62 73 64 57 53 69 62 75 61 57 63 62 69 59 66 61 70 65 67 67 59 62 62 62 67 60 57 61 58 61 63 59 64 66 57 66 69 60 46 65 58 69 62 66 65 55 64 71 58 61 73 70 58 62 66 55 65 69 68 65 60 70 67 68 65 66 56 61 61 67 58 63 65 60 67 73 77 70 68 57 72 60 66 61 68 59 63 57 57 65 63 61 62 63 67 69 63 59 62 64 64 65 57 75 67 59 78 63 67 50 69 72 57 65 60 57 63 70 59 66 61 63 60 66 64 58 57 65 63 72 63 70 56 60 55 59 63 64 66 56 57 64 58 64 54 66 52 55 66 58 66 57 68 73 58 60 71 62 58 54 62 61 59 65 69 64 57 64 61 62 61 61 59 66 60 60 64 67 63 62 62 72 60 67 64 58 64 59 60 69 60 57 68 61 59 63 62 62 61 62 57 66 55 63 64 66 61 59 68 71 64 60 71 66 68 64 64 60 60 62 62 67 53 65 66 68 64 66 57 68 50 58 64 68 54 63 70 64 61 59 64 
66 64 62 65 68 59 51 71 60 71 55 66 67 68 66 69 74 65 62 51 68 69 68 65 62 68 67 67 54 72 62 64 65 69 57 63 71 67 64 71 65 63 62 71 60 65 63 68 69 62 72 67 55 48 71 62 74 67 72 72 60 63 67 61 73 72 71 67 69 70 70 74 62 73 66 68 63 64 62 67 66 66 70 64 63 66 68 59 65 71 83 75 81 76 62 68 62 77 66 70 67 70 64 55 64 66 64 64 58 64 73 73 61 60 64 68 66 57 69 82 63 79 67 65 67 72 75 64 68 62 60 66 63 58 71 65 71 65 71 64 72 59 72 74 78 67 64 59 65 61 67 70 68 66 63 60 70 65 73 62 60 60 69 64 62 74 62 65 74 70 65 62 58 65 60 74 65 68 69 64 61 64 71 69 63 71 58 71 64 61 64 66 62 75 68 72 83 62 62 60 58 64 63 75 69 67 67 73 61 65 71 67 79 68 61 64 66 63 78 62 71 62 61 71 68 68 70 62 70 54 75 64 57 62 57 62 69 62 70 66 66 64 69 64 73 60 63 80 67 66 54 82 64 63 61 66 
71 65 67 62 69 65 62 67 62 70 52 67 63 60 60 66 69 69 63 61 68 60 72 63 61 65 63 72 63 76 67 66 59 62 70 56 58 68 59 65 65 60 60 65 57 63 62 57 65 61 70 64 62 50 76 67 76 71 71 63 65 67 74 61 69 69 70 65 62 64 57 74 79 69 69 66 70 65 64 66 63 58 60 62 63 59 63 55 61 73 77 73 80 69 66 67 70 69 57 60 59 63 65 58 64 63 67 63 60 69 75 68 56 56 58 67 66 65 63 69 57 74 64 63 62 71 70 61 74 64 67 62 61 61 67 60 65 64 77 73 66 72 61 64 73 62 70 59 66 65 63 58 74 68 60 65 67 64 59 63 60 58 71 67 64 69 60 69 81 67 64 66 66 66 63 59 59 58 64 61 69 66 61 76 62 63 55 64 66 61 59 69 69 60 60 67 71 59 69 70 56 65 59 60 66 63 66 77 59 68 60 62 63 58 58 69 60 70 74 71 68 66 61 73 67 61 63 66 63 64 72 65 65 63 57 61 70 60 72 73 69 65 66 63 68 57 66 70 61 60 63 76 62 61 60 66 
63 64 60 64 62 53 50 63 64 65 57 55 58 60 58 49 60 60 48 53 60 61 68 60 63 57 56 68 53 57 66 58 56 62 56 58 55 67 58 63 66 64 59 65 64 57 57 52 63 59 62 66 58 48 74 60 71 61 74 68 55 59 62 60 69 69 71 66 59 57 58 63 70 65 64 61 58 67 61 70 64 54 59 57 58 68 64 63 62 64 64 71 74 69 68 74 57 65 57 69 64 60 45 54 62 67 58 59 64 62 78 62 56 55 56 65 65 53 69 68 60 64 60 66 56 66 64 63 61 62 65 57 56 60 68 71 63 71 65 63 62 63 67 72 66 63 68 63 58 54 58 64 62 70 49 65 61 55 60 60 57 60 61 67 55 68 59 61 59 55 56 60 61 51 51 62 54 66 63 64 65 64 68 62 69 64 59 59 59 56 58 64 61 66 59 65 67 52 66 63 58 64 54 68 63 73 67 67 50 67 58 57 62 61 55 69 60 65 62 64 63 60 47 66 57 52 48 63 55 61 63 63 56 57 64 57 61 58 61 59 59 59 65 54 66 58 60 57 60 56 52 75 62 55 58 60 
73 68 61 60 75 57 58 57 61 71 59 65 74 71 66 63 67 74 63 61 73 68 74 63 63 63 57 75 63 71 58 72 77 63 65 64 65 65 64 66 66 62 69 69 69 68 70 69 71 71 67 70 67 57 69 61 82 73 67 71 61 67 67 57 73 70 67 59 69 75 65 78 65 68 71 66 66 64 79 70 74 60 60 68 66 78 67 60 61 72 66 87 85 78 70 71 55 76 62 73 66 71 62 60 55 67 65 56 73 70 74 71 58 57 63 71 69 68 64 75 71 76 74 73 61 65 75 72 73 66 57 67 68 63 66 77 76 72 71 63 60 68 68 76 75 70 71 66 64 60 64 67 62 70 66 66 65 52 65 68 60 70 69 71 62 68 64 65 64 66 71 66 63 64 54 73 70 58 68 66 80 57 66 64 77 69 63 69 67 66 68 75 69 63 68 68 70 62 75 69 67 65 65 72 79 66 68 68 65 61 59 60 75 72 56 68 71 58 71 70 65 73 56 75 72 62 60 68 68 80 66 65 63 68 67 63 77 55 68 63 68 60 73 58 65 63 70 68 68 70 67 73 63 64 59 67 
59 65 55 59 66 49 47 64 54 70 59 60 66 55 52 50 70 64 58 59 57 54 70 61 66 58 46 66 65 54 62 64 74 66 64 57 59 67 69 70 68 62 69 68 57 74 57 67 60 62 64 65 62 40 70 57 77 70 61 63 56 64 65 58 67 63 66 59 66 73 64 81 64 55 69 60 64 71 66 65 70 50 58 64 65 60 64 63 58 70 67 74 77 65 62 70 51 68 59 69 61 59 58 62 52 59 67 62 67 71 75 66 48 62 62 71 66 59 69 70 68 69 61 67 60 62 68 64 79 65 58 55 66 54 58 64 69 70 66 54 61 61 73 74 75 66 62 53 51 59 61 63 52 62 59 53 59 52 65 63 62 59 63 63 60 69 65 58 68 75 65 63 64 62 56 66 55 60 55 60 70 60 62 70 73 66 58 69 64 56 61 68 72 63 64 60 70 62 68 67 53 54 51 65 70 68 62 69 71 74 61 55 66 67 60 63 60 56 64 68 63 63 55 73 66 62 48 69 66 74 65 54 64 57 55 61 58 60 73 58 63 65 75 56 68 68 59 66 63 63 56 68 60 59 60 62 
77 71 72 76 72 66 63 73 70 80 66 67 81 72 71 72 74 79 70 64 76 67 81 73 74 65 71 73 75 83 79 68 74 75 68 67 68 83 70 82 76 77 77 76 64 81 66 76 73 76 80 79 76 51 82 65 75 72 83 77 70 71 76 68 80 84 87 74 76 70 68 84 76 75 69 77 78 72 71 75 78 71 69 77 72 79 74 71 70 85 96 80 91 77 73 77 72 81 73 84 79 78 69 70 67 77 70 61 72 75 87 82 68 71 71 77 80 66 88 82 69 82 64 76 70 72 86 69 83 71 70 64 72 64 81 75 75 86 79 78 75 78 83 84 81 76 71 66 74 75 69 70 74 74 69 68 70 69 80 75 77 58 81 76 67 83 66 71 80 78 70 73 67 68 68 77 72 76 70 73 79 72 69 84 71 71 63 75 66 74 62 78 76 74 77 75 80 63 82 77 67 74 65 78 77 76 87 79 70 72 67 72 75 73 79 78 80 78 78 79 70 75 68 77 73 72 69 75 72 81 76 70 69 64 69 79 74 70 87 82 76 75 78 70 83 73 78 67 79 71 62 83 68 71 73 78 
78 75 70 74 74 60 64 71 70 81 69 66 74 74 66 68 78 72 71 66 79 61 78 68 70 67 69 71 70 65 65 66 76 72 67 68 76 69 71 74 70 70 78 68 66 74 71 71 69 73 76 68 74 50 78 60 84 76 78 84 73 75 71 67 81 81 75 76 67 72 74 82 79 77 78 74 76 73 75 81 79 58 69 71 67 71 76 74 69 80 86 82 88 77 74 79 67 78 67 74 73 70 68 62 66 71 78 72 73 71 86 75 64 65 75 72 67 69 78 83 68 84 70 70 66 75 87 67 77 69 69 69 68 69 79 77 79 76 75 73 73 63 79 79 83 78 79 70 63 67 68 72 69 73 73 69 68 65 73 61 65 65 73 76 68 72 70 69 79 73 76 75 75 69 70 76 66 73 72 75 80 67 77 77 79 68 62 75 86 66 59 77 75 70 72 74 81 63 71 77 72 77 62 68 71 74 78 75 63 76 73 69 78 77 73 82 79 69 73 79 73 73 67 77 79 70 67 73 71 72 75 78 66 70 70 66 75 70 80 76 73 72 73 65 71 66 75 78 73 63 65 83 72 71 73 71 
68 77 69 67 76 68 65 72 70 73 72 70 71 70 64 70 72 81 71 64 77 69 85 69 67 71 72 79 63 72 71 70 70 69 69 67 73 75 69 77 73 77 76 72 71 76 71 73 66 72 79 82 71 48 74 74 77 79 82 87 65 77 73 68 75 82 74 69 72 76 66 83 82 72 85 66 83 76 77 78 71 68 77 72 71 73 74 79 71 76 82 77 87 80 77 80 69 74 71 80 71 74 62 61 64 73 66 71 67 73 87 72 70 71 69 83 73 65 75 76 70 84 72 70 76 77 82 73 81 69 74 63 72 62 70 72 71 78 81 70 75 82 80 79 90 71 75 68 69 65 70 72 70 64 66 63 63 63 81 77 68 65 67 69 70 80 67 71 84 69 73 81 69 69 64 71 67 71 77 73 75 71 80 71 77 58 62 66 68 67 60 72 79 72 73 71 73 77 72 81 70 74 67 75 77 80 73 71 75 82 74 67 81 74 66 73 81 70 69 73 67 75 70 74 78 69 66 79 66 73 73 74 70 67 72 67 70 61 80 71 74 66 73 68 80 72 76 77 65 71 69 82 62 68 74 73 
66 61 61 60 70 61 57 66 56 70 57 72 73 66 64 60 69 74 67 54 78 62 78 68 64 68 65 67 59 67 64 70 68 68 49 65 70 74 73 71 76 66 72 65 65 69 75 69 65 66 69 59 64 51 72 61 77 72 81 71 60 66 68 62 81 73 64 66 67 73 64 78 74 70 70 59 66 77 69 70 84 64 66 59 66 67 67 64 67 74 81 80 81 74 69 77 53 80 61 63 59 71 60 60 70 67 69 70 66 70 75 76 58 65 72 66 72 72 72 81 69 77 65 72 64 78 70 65 77 63 62 64 70 68 71 66 69 76 69 66 67 60 76 71 79 68 73 59 63 70 67 67 67 67 66 57 71 61 69 58 61 65 71 63 64 73 63 71 72 67 62 62 63 68 62 70 62 69 70 76 77 64 67 69 69 71 71 69 70 63 61 68 74 65 67 75 80 65 67 68 62 64 74 78 67 76 67 74 62 66 65 66 72 66 60 72 68 69 73 77 68 60 56 76 69 65 62 60 63 66 74 72 62 71 57 69 72 67 74 65 69 69 77 63 68 62 65 74 70 70 60 79 62 62 68 66 
70 64 59 50 69 54 60 58 57 64 58 68 71 57 67 63 71 62 61 56 64 59 68 63 60 58 56 64 56 66 59 62 59 57 64 57 63 56 60 62 59 60 58 61 63 57 55 66 62 59 62 70 60 48 70 66 75 58 65 69 54 67 59 56 62 65 70 57 64 68 55 71 72 60 60 56 63 72 67 68 64 60 63 56 59 60 64 60 65 72 66 68 74 75 61 68 60 66 53 62 60 62 48 59 61 59 59 58 59 68 73 65 61 57 61 68 60 51 64 72 56 70 60 62 54 69 71 52 73 63 61 60 61 49 60 73 61 66 60 58 60 66 71 69 70 59 60 55 58 59 68 59 58 59 57 58 57 54 69 66 60 59 61 63 60 67 58 57 64 59 63 66 57 57 58 61 58 59 66 68 66 64 58 68 68 63 64 63 61 67 63 61 62 61 57 68 64 61 64 73 56 66 57 62 63 68 73 64 58 69 55 59 66 63 60 64 62 60 57 68 60 65 55 65 64 60 54 64 58 69 61 56 63 62 52 58 55 57 66 60 64 66 68 55 64 60 62 67 61 53 53 70 59 57 60 71 
57 61 60 62 67 53 50 58 64 67 53 60 60 67 60 64 70 61 55 58 64 66 69 60 61 60 59 63 57 71 57 62 61 62 59 57 65 77 53 70 67 66 57 63 63 66 59 68 64 60 63 58 65 52 63 59 71 64 68 65 62 66 71 63 69 69 69 67 58 62 65 71 66 65 69 59 74 78 59 66 68 54 64 61 59 60 62 60 62 78 73 74 75 71 54 70 60 71 61 72 59 61 56 60 63 69 56 58 67 67 63 69 58 64 56 68 68 59 68 73 62 70 59 63 53 68 63 74 63 61 60 63 59 63 66 70 59 68 64 66 56 69 71 70 74 65 67 56 56 63 62 59 66 68 66 60 63 59 68 62 63 60 68 66 56 69 62 55 75 60 65 62 68 54 52 68 57 55 65 63 75 59 56 64 67 64 58 72 60 62 63 72 62 67 62 63 65 58 64 62 58 60 64 68 71 68 69 73 58 65 66 68 63 57 61 63 60 60 75 68 55 63 56 64 66 59 70 73 55 68 65 68 65 66 59 61 71 64 69 66 71 67 74 59 61 60 62 71 67 62 58 74 62 65 62 63 
60 63 57 61 68 70 61 59 62 72 61 69 73 75 61 62 66 72 65 61 75 61 76 61 63 64 58 65 61 68 72 68 68 63 67 57 68 75 62 70 69 69 79 67 61 70 68 68 70 60 73 63 66 47 69 68 75 70 75 65 65 60 67 63 72 72 75 70 70 67 55 87 77 65 75 54 70 71 66 63 70 62 62 69 61 76 73 66 68 74 80 73 82 70 72 78 65 73 66 68 68 71 62 65 55 73 64 61 65 65 73 75 63 61 65 70 72 65 70 75 66 81 69 66 68 73 72 65 67 60 66 62 66 57 64 71 64 74 70 72 67 63 75 66 77 67 77 57 61 62 68 64 70 68 69 60 62 57 80 61 68 64 72 75 66 78 61 57 69 70 63 64 68 67 72 64 66 66 68 70 69 71 65 68 67 70 51 67 74 54 58 73 71 62 74 67 80 63 76 71 60 68 59 78 72 72 70 68 66 67 70 70 68 71 67 65 62 65 76 73 61 67 58 72 63 65 65 69 66 72 71 62 65 63 65 73 70 69 72 70 74 70 74 64 67 69 70 78 65 53 58 81 61 70 67 69 
69 61 59 55 60 60 61 61 51 67 61 60 67 70 56 56 59 67 57 58 69 63 72 59 60 70 60 68 62 74 62 67 61 73 61 61 66 73 62 67 55 62 68 62 55 63 64 72 71 63 64 63 66 49 74 59 77 63 69 69 60 69 66 56 72 76 72 64 67 68 56 70 72 60 69 69 64 69 67 66 65 63 65 66 67 72 66 63 66 78 73 71 79 71 70 67 68 69 66 71 64 70 58 60 60 69 62 48 65 63 74 71 69 60 62 70 72 61 61 72 62 74 68 65 58 67 73 68 72 61 58 57 63 56 71 71 70 65 70 61 66 61 67 75 67 66 64 64 60 62 62 62 72 69 61 61 63 63 66 63 63 61 67 69 55 72 61 61 70 63 74 63 65 67 55 64 66 65 62 66 71 63 69 60 65 66 56 63 64 61 61 63 74 66 60 67 78 57 65 63 60 65 58 71 73 64 63 64 58 62 65 68 74 67 66 66 75 66 75 71 64 60 61 65 70 60 61 63 68 69 71 59 66 67 63 66 68 61 62 62 67 57 68 68 64 60 65 71 65 52 59 76 63 58 65 69 
63 59 58 60 59 62 54 60 57 71 57 58 62 68 55 57 61 68 61 51 71 64 69 62 65 69 66 69 51 63 57 60 56 63 58 65 62 70 59 75 62 63 64 65 60 66 68 64 66 56 70 63 52 45 68 56 75 64 71 67 55 65 64 55 65 73 75 68 59 64 63 69 68 66 65 61 64 75 68 68 66 60 62 67 60 67 67 66 63 72 78 74 79 72 63 67 58 70 58 67 66 67 62 58 53 59 64 58 54 62 70 65 58 59 65 73 69 56 66 72 64 68 65 65 62 66 77 62 68 60 59 57 54 54 66 60 60 64 65 64 63 61 69 64 68 61 64 57 57 59 67 63 66 65 60 62 64 56 63 65 60 56 60 62 60 70 62 65 72 66 64 65 61 59 61 76 60 65 58 72 60 71 59 69 65 64 59 59 63 60 55 58 66 61 61 69 70 57 67 68 56 62 52 70 60 69 64 62 62 69 60 61 64 57 58 65 68 60 67 73 65 68 59 68 63 61 61 60 55 56 61 64 61 59 58 57 63 63 66 65 66 64 68 62 64 58 73 67 62 65 55 79 59 57 63 68 
67 60 49 63 64 53 55 62 56 65 54 61 71 68 65 57 62 71 58 57 64 61 76 67 58 59 55 62 59 61 58 58 77 62 54 56 63 58 63 62 66 58 63 52 55 71 58 61 63 60 69 66 62 49 68 65 75 71 72 67 56 63 58 54 69 78 73 60 62 65 56 71 72 69 68 60 58 62 61 65 71 47 61 65 61 72 60 67 60 67 74 66 78 72 65 72 52 74 56 71 62 66 60 59 55 64 58 61 65 56 78 64 57 64 63 65 65 55 66 72 59 76 55 60 54 68 70 62 65 66 64 63 70 58 58 62 63 65 64 59 62 61 67 69 71 60 66 59 59 63 61 62 60 64 56 63 66 50 67 62 57 51 68 71 59 73 58 64 65 64 52 58 66 57 56 64 59 57 65 73 67 64 60 69 67 66 59 67 70 67 60 71 62 62 68 67 63 66 69 63 60 64 54 65 64 61 60 61 60 67 62 58 73 61 64 70 64 57 67 67 56 61 62 68 76 55 59 65 61 68 70 57 63 52 62 60 61 62 65 63 69 67 62 63 52 62 64 67 67 55 57 77 66 64 61 59 
59 67 54 57 63 58 53 65 60 64 61 57 62 59 53 52 72 65 60 52 62 54 64 60 64 59 62 67 60 66 58 59 67 62 61 66 60 68 71 61 74 62 63 61 58 62 68 59 67 65 70 56 60 43 68 59 79 66 73 69 58 66 57 53 66 70 75 62 67 65 59 74 76 69 67 62 65 66 69 69 62 55 62 60 60 63 63 59 59 67 69 75 71 77 66 74 51 64 59 54 60 67 62 58 63 68 62 64 65 68 70 71 62 69 67 70 64 62 66 75 60 76 61 66 68 68 77 57 71 66 63 62 65 51 60 72 63 61 63 61 63 66 63 66 70 59 61 52 62 57 64 59 69 64 62 59 64 60 66 62 58 63 63 59 62 65 58 58 65 63 72 61 66 58 63 63 62 71 67 70 70 63 70 64 71 56 49 66 68 54 58 59 66 65 59 75 66 63 64 68 64 59 50 67 66 61 66 72 60 67 63 58 64 61 56 65 62 64 72 65 70 58 57 65 67 58 56 64 61 61 61 66 63 60 57 62 66 56 63 65 70 67 63 59 66 53 64 66 59 55 63 79 59 51 64 60 
66 62 44 60 66 55 54 60 57 69 53 61 57 61 61 56 63 71 56 56 61 63 69 57 64 59 58 67 58 62 57 63 65 63 62 56 67 58 65 62 69 60 55 64 55 58 57 67 76 66 79 64 61 50 71 59 74 67 70 67 59 60 65 57 64 70 70 61 61 62 58 65 67 75 64 63 62 63 61 64 69 46 65 64 60 59 60 63 60 60 64 77 76 71 65 69 68 77 60 66 55 61 54 59 53 68 59 58 60 64 72 69 61 65 68 65 62 57 69 67 60 72 56 71 60 61 70 61 66 67 59 68 64 60 69 58 66 65 69 60 66 61 72 70 66 65 69 61 47 62 61 63 62 59 61 58 58 49 65 70 61 55 57 58 60 69 59 61 61 66 62 57 63 57 55 62 59 65 57 65 65 60 59 62 70 64 63 64 68 68 64 61 62 64 70 63 67 65 72 61 53 69 53 65 61 70 63 68 67 72 58 63 65 63 58 65 66 68 66 72 65 67 57 68 63 64 63 62 64 61 71 60 62 58 54 54 65 55 67 61 62 58 68 68 58 55 66 70 63 54 63 73 71 68 54 63 
61 59 61 65 69 59 55 72 60 81 56 62 65 60 57 54 65 67 68 58 67 53 70 49 65 62 63 69 56 74 55 62 75 73 64 60 55 65 67 67 63 68 64 62 53 73 60 68 69 60 71 71 63 47 68 70 78 68 71 67 60 62 61 59 77 71 70 58 64 71 61 76 71 70 70 64 74 69 68 64 68 59 63 70 66 61 65 65 66 75 74 72 81 72 69 84 65 72 61 68 68 69 61 56 57 67 60 56 66 66 74 73 60 57 65 74 67 64 68 81 63 77 61 67 69 63 71 57 72 65 65 61 66 65 62 65 66 65 68 63 71 65 69 70 73 63 69 55 59 58 69 64 70 61 69 60 64 55 71 68 66 56 64 66 71 70 59 63 62 71 62 65 64 64 67 67 53 69 62 69 71 62 66 68 66 68 58 68 72 66 61 66 68 64 65 64 84 70 66 63 59 58 54 69 76 70 71 74 69 67 66 67 69 68 57 61 61 66 73 69 66 71 56 75 68 64 59 58 73 61 73 58 70 61 58 63 69 74 70 65 71 59 70 57 68 62 64 76 62 62 63 80 70 55 58 65 
68 57 62 60 58 49 49 61 60 67 52 59 60 65 58 61 63 60 53 53 72 63 72 55 61 61 65 66 56 65 54 58 62 58 65 55 54 71 56 71 65 56 63 54 58 61 59 55 57 57 68 65 58 47 68 64 73 59 71 62 56 60 62 63 62 69 63 64 58 62 58 69 63 56 67 56 62 65 65 61 58 56 52 58 63 56 67 64 60 71 68 69 68 75 62 67 61 71 55 67 63 57 49 54 52 61 59 53 67 60 73 60 50 59 64 69 67 61 71 63 57 67 53 64 55 66 60 64 71 63 57 63 64 55 62 61 69 62 58 63 64 57 63 63 74 61 64 53 57 59 64 64 61 61 55 59 67 58 53 65 61 48 59 61 55 65 56 61 66 60 62 65 63 50 50 68 49 61 62 60 68 67 54 59 62 62 55 60 68 61 52 61 55 62 49 63 69 55 66 61 52 58 49 65 70 56 67 64 63 64 57 59 69 63 61 61 60 64 66 63 53 61 55 68 61 53 59 69 58 58 67 68 56 62 54 67 62 56 65 58 65 60 68 61 60 61 60 67 59 58 60 72 62 56 62 65 
68 70 67 53 70 56 59 60 69 79 58 65 69 68 58 61 69 67 57 54 71 60 71 62 64 64 63 62 62 65 59 64 51 69 58 61 56 76 66 70 71 63 71 69 63 61 62 59 63 58 63 71 61 44 67 60 77 73 69 67 60 62 61 62 74 73 74 76 63 61 68 67 71 74 64 65 72 66 69 71 68 50 60 64 58 62 64 59 65 73 81 80 76 62 69 71 57 79 59 72 59 63 56 53 65 70 62 63 63 70 82 68 65 58 61 64 70 64 68 71 68 75 65 67 63 73 75 58 65 58 68 65 59 65 69 70 71 74 67 69 66 60 71 73 67 67 70 63 63 61 57 65 67 71 64 62 65 58 66 58 68 66 63 67 61 66 65 66 73 70 64 56 62 61 65 70 64 65 69 72 74 66 71 66 62 67 61 72 70 64 58 62 71 64 62 74 70 60 70 63 57 55 59 76 71 70 75 77 60 60 59 62 73 60 62 67 60 70 64 72 73 67 56 70 69 67 62 65 57 62 70 65 55 61 59 66 70 62 67 69 65 65 66 46 68 59 64 67 70 66 56 75 58 65 61 66 
73 66 55 67 63 66 58 65 61 75 62 64 76 63 52 69 68 64 58 59 74 64 81 63 63 63 56 70 56 71 64 72 63 63 65 64 65 65 63 66 69 58 79 71 69 63 64 71 65 60 75 67 57 51 67 59 75 64 72 66 54 66 65 61 67 73 74 73 71 66 61 74 70 73 74 66 61 69 70 65 70 64 66 69 74 64 65 67 65 69 81 79 74 68 65 73 57 75 64 75 65 69 57 59 55 71 64 66 65 62 73 65 58 59 61 72 62 52 71 68 72 75 63 76 61 74 75 64 68 66 53 56 69 58 65 71 67 79 69 72 72 63 68 68 69 58 69 58 60 57 63 71 63 67 63 69 65 64 69 57 69 62 60 68 56 69 61 64 69 61 63 62 68 65 55 72 65 60 67 68 66 62 66 70 65 63 61 67 67 60 60 66 67 68 68 72 74 60 73 74 66 67 62 72 67 68 73 61 61 64 68 64 75 63 58 69 65 58 71 68 68 66 56 76 69 66 64 61 56 65 70 64 63 65 61 62 61 62 67 62 72 65 70 59 64 64 63 71 61 62 52 70 66 66 62 65 
72 65 60 62 68 61 67 64 59 78 67 69 73 75 56 59 64 69 64 56 77 65 78 66 72 71 51 78 67 71 73 69 62 74 66 60 61 72 63 70 67 65 72 65 55 70 73 66 68 66 68 70 70 43 77 66 78 73 76 65 51 67 70 62 68 78 72 70 68 59 65 76 82 72 71 66 73 67 72 67 70 62 72 67 65 71 65 60 68 76 84 76 83 66 79 79 64 70 64 75 64 68 62 59 63 69 66 61 70 63 83 76 67 67 66 74 70 62 66 77 69 80 73 77 60 71 71 62 76 70 63 65 62 61 64 74 65 71 76 64 63 71 70 77 74 65 67 61 71 68 69 63 65 68 65 65 62 62 71 72 70 60 68 67 56 75 68 64 74 67 67 59 65 61 64 71 66 71 63 73 74 68 66 71 74 70 59 73 68 67 60 67 69 58 66 69 67 63 75 76 59 64 63 72 72 66 69 62 64 68 62 60 71 71 64 72 65 68 73 67 63 62 62 76 70 70 55 73 65 69 70 56 67 66 59 65 68 68 67 65 68 72 67 63 73 65 70 69 71 64 61 78 56 66 68 64 
72 67 63 70 71 60 56 65 61 70 62 68 71 66 58 63 68 73 54 56 74 65 67 64 64 63 66 65 60 77 58 60 67 70 62 56 63 72 67 72 71 63 75 67 65 71 65 67 76 60 69 64 67 47 63 64 74 66 76 71 60 63 67 58 74 70 76 71 60 69 69 73 76 74 68 66 71 65 67 69 65 60 70 69 58 62 69 61 67 68 79 77 79 73 70 71 64 70 60 78 62 69 60 62 62 66 54 62 65 65 80 68 65 66 58 72 67 59 69 70 62 74 63 66 68 71 68 62 68 65 69 60 69 59 68 69 67 73 76 72 64 67 73 66 76 65 73 64 63 62 60 67 66 79 63 66 73 61 65 63 66 61 70 73 65 69 65 65 76 65 65 68 63 65 55 62 65 66 66 62 75 66 75 69 66 60 58 72 62 62 64 69 65 71 64 67 66 69 69 78 68 69 63 74 76 74 77 77 63 71 65 66 70 69 66 65 72 64 68 63 70 65 56 68 73 59 60 70 66 67 71 70 66 65 58 62 64 68 75 72 71 66 68 60 66 69 65 68 62 57 63 79 60 60 65 60 
59 55 56 61 63 60 58 59 52 63 50 60 59 54 60 58 53 64 69 55 68 51 74 55 66 58 54 64 48 60 56 60 61 57 59 56 60 66 63 62 66 56 61 59 54 65 62 60 67 56 66 66 61 47 69 60 68 66 67 67 56 65 63 63 64 62 67 65 63 65 52 63 72 68 58 58 65 64 60 63 71 52 63 54 67 56 62 63 65 70 74 65 68 67 61 62 60 62 53 76 57 62 53 54 62 60 60 55 60 58 68 64 52 62 61 70 61 53 68 68 62 66 65 64 59 63 65 60 70 53 61 58 58 58 60 66 61 74 64 58 60 65 60 69 70 59 70 58 60 54 55 56 61 60 59 65 57 47 69 56 63 56 62 58 55 63 61 60 65 60 59 58 59 55 60 58 57 59 60 63 64 64 61 62 60 63 58 64 56 60 58 68 60 61 62 60 61 54 65 60 54 64 54 64 75 69 56 63 60 62 61 62 62 62 58 62 62 57 63 62 59 57 45 69 66 60 54 67 60 61 67 59 61 58 57 56 68 56 68 65 60 61 65 57 66 56 53 66 67 63 60 66 60 60 56 59 
63 63 56 57 63 54 53 62 60 73 58 67 63 63 56 53 66 69 60 62 67 61 67 58 58 61 55 66 58 67 55 59 67 58 63 59 65 61 62 61 63 61 68 61 58 60 57 64 67 68 63 68 64 45 71 61 71 70 70 65 53 64 66 59 63 67 62 67 63 64 55 75 65 68 65 56 66 70 65 57 65 56 60 64 66 63 58 68 58 69 81 76 79 68 64 64 54 72 59 65 62 66 59 62 57 64 59 55 62 67 73 64 63 59 64 65 61 60 59 61 65 70 59 61 59 66 71 62 63 58 66 61 67 54 62 65 66 61 67 67 58 68 66 69 71 65 67 52 57 63 62 58 63 64 60 53 62 53 68 67 63 55 61 62 62 59 53 63 66 61 64 60 63 69 55 65 59 61 61 59 64 59 57 72 60 60 54 64 64 61 60 68 70 54 56 64 69 64 70 68 58 66 59 70 73 59 67 63 58 63 66 72 66 63 62 62 63 63 64 69 70 63 60 68 64 62 62 68 64 63 58 56 60 59 57 65 67 64 78 57 69 66 67 63 63 57 65 65 64 54 55 70 63 62 62 63 
62 54 49 55 58 54 46 54 55 63 52 56 60 59 50 59 52 68 58 55 62 53 72 55 61 62 53 65 47 56 53 65 59 64 54 63 59 65 55 64 56 59 62 67 65 59 57 62 61 54 66 54 59 40 67 51 63 61 65 63 60 60 66 53 61 66 60 59 57 57 56 61 60 61 61 59 66 65 56 71 62 48 60 56 63 61 67 60 64 65 72 72 68 62 65 65 59 66 58 73 56 68 53 56 60 60 56 54 58 63 62 62 46 55 55 66 60 54 68 68 59 63 58 58 53 59 60 62 62 56 56 52 55 62 60 62 64 62 70 60 60 55 63 62 58 54 61 64 53 52 63 65 58 67 55 60 51 49 59 60 54 54 67 61 51 64 58 64 69 54 58 65 60 51 55 56 55 62 58 64 64 65 62 61 61 56 52 57 54 58 51 63 61 58 57 57 64 57 61 59 52 54 50 63 63 62 65 56 63 62 55 54 59 56 53 51 70 59 61 62 62 64 52 64 64 46 63 60 56 59 64 54 58 54 56 54 50 57 69 59 59 59 63 62 64 60 63 59 63 55 57 67 55 61 55 60 
64 58 61 61 63 65 55 57 56 67 54 61 64 65 57 58 61 63 52 58 72 52 73 59 53 61 57 64 57 67 59 65 61 67 69 63 69 68 58 62 62 64 68 59 62 67 64 71 70 60 62 53 61 54 73 51 70 68 66 65 56 70 65 55 60 66 69 63 65 60 59 68 74 65 65 59 67 69 72 66 71 63 57 62 60 61 66 61 63 65 73 77 66 68 58 69 60 71 52 61 59 65 58 58 52 65 63 58 64 66 68 69 59 60 58 66 66 55 65 69 66 72 66 60 64 67 75 59 66 58 64 58 58 59 65 70 65 65 68 65 54 67 67 74 69 58 63 51 62 54 57 55 65 63 68 48 60 61 73 57 66 63 63 68 57 60 63 56 72 57 72 63 62 62 59 63 60 63 57 66 74 62 69 74 64 54 51 62 66 54 58 61 68 55 57 56 70 61 63 65 63 61 54 65 73 61 69 69 56 65 60 54 71 66 57 67 68 55 73 68 61 54 59 63 63 65 61 66 67 65 62 60 63 64 59 59 66 56 66 67 65 62 67 62 72 56 63 71 63 60 60 63 56 61 59 69 
66 69 63 61 70 54 55 61 58 71 52 62 68 63 60 59 73 67 63 57 74 57 75 68 61 64 56 70 65 71 61 70 65 68 63 60 68 68 67 63 66 69 67 68 66 67 62 76 69 66 67 62 61 43 70 62 70 75 69 71 63 78 68 52 72 75 71 58 60 69 68 66 63 69 65 72 64 64 69 71 70 57 68 72 59 69 62 56 67 71 75 77 73 74 61 69 59 71 65 67 58 64 56 51 58 65 59 60 69 70 75 68 68 57 62 62 66 60 74 75 62 69 60 60 60 66 75 59 69 62 60 61 70 55 74 65 63 67 73 71 59 64 73 76 69 66 69 62 57 54 61 67 68 67 65 56 71 55 71 62 67 55 62 61 67 74 61 69 68 67 59 68 63 60 55 64 61 61 59 67 65 58 65 70 62 61 59 68 71 64 54 67 72 67 59 67 76 57 65 66 60 72 62 68 71 71 68 71 51 63 66 56 69 61 63 68 64 63 69 71 68 59 55 67 72 63 58 66 63 70 62 59 64 64 63 65 64 58 68 74 67 61 68 56 64 62 64 70 67 58 62 75 61 60 70 71 
69 69 65 68 72 62 63 69 46 76 68 65 64 64 65 64 71 72 61 62 74 64 79 65 73 70 59 74 68 70 65 74 71 73 70 58 80 71 74 75 72 68 71 61 54 66 63 71 71 75 73 74 74 46 76 65 81 73 71 71 64 70 67 66 68 78 75 67 74 73 72 78 83 70 69 71 79 76 70 69 71 61 71 67 64 72 71 67 65 77 82 83 80 74 62 72 66 70 63 66 71 76 65 62 62 68 70 66 74 77 80 74 66 64 68 72 63 57 74 76 67 78 61 65 61 75 85 59 75 66 73 67 62 60 73 78 62 76 82 68 71 71 69 75 76 63 66 61 67 64 74 60 62 68 67 61 60 54 72 66 69 63 74 75 63 71 61 73 76 74 79 72 66 67 63 68 70 66 67 72 73 69 61 70 68 69 56 77 70 64 61 77 70 65 67 65 72 69 73 80 64 73 61 69 66 62 70 71 64 74 68 69 67 70 63 81 65 65 73 67 71 65 65 76 73 72 65 79 73 74 71 62 75 62 63 67 73 70 78 68 73 79 74 62 77 65 71 77 60 59 63 72 69 67 69 73 
65 58 60 62 66 51 49 52 59 61 52 65 57 53 52 47 63 58 55 49 69 55 69 53 49 57 54 64 54 60 55 64 51 59 59 52 59 59 56 55 63 52 58 55 62 63 61 57 66 69 56 54 58 40 63 60 71 64 62 62 56 65 62 57 65 72 61 55 62 60 58 62 65 60 63 59 58 60 62 64 63 54 61 57 53 61 61 55 57 67 61 66 67 64 61 64 56 68 51 61 50 66 54 52 57 60 55 52 57 56 64 65 51 58 46 60 61 53 66 63 63 59 54 62 56 60 70 52 59 55 56 51 58 50 54 58 63 69 63 60 58 67 67 60 68 62 52 54 54 61 60 55 61 57 60 54 51 55 59 62 58 60 55 57 61 57 54 53 63 54 54 59 55 58 50 62 56 61 56 57 61 62 59 62 64 56 51 64 57 60 53 61 59 60 55 59 66 54 61 52 54 58 50 64 63 65 63 56 52 60 51 55 61 60 53 62 57 61 65 61 58 57 58 55 55 60 58 57 63 61 66 55 49 60 46 54 65 58 67 62 56 62 62 54 62 57 64 63 58 55 53 62 62 65 58 65 
63 59 56 62 62 64 56 65 58 75 65 68 63 68 55 58 66 73 55 56 71 65 78 66 59 65 57 72 62 64 61 63 73 55 61 54 59 68 60 70 73 68 75 62 64 66 56 61 61 66 65 62 68 41 63 72 74 73 69 66 57 66 70 60 66 75 63 66 67 70 61 66 73 62 69 65 66 60 54 62 67 57 61 64 56 64 70 61 56 73 65 73 76 70 66 74 58 69 61 70 55 72 52 58 60 70 57 62 72 67 70 65 54 60 55 67 67 62 74 61 63 70 57 63 59 67 74 56 62 60 61 57 60 55 61 75 65 67 69 65 57 64 65 67 78 56 69 49 61 60 65 59 53 67 58 58 56 58 70 60 60 62 64 58 63 60 61 65 77 65 60 70 68 63 46 63 59 59 64 69 72 63 64 70 65 56 52 64 65 58 61 73 72 61 68 63 64 60 67 60 63 60 61 70 70 65 68 68 57 63 63 60 59 65 60 68 68 61 68 67 65 66 54 75 64 65 64 69 58 66 64 60 64 64 57 63 65 63 74 62 64 72 66 66 68 70 68 69 60 64 50 67 62 64 60 68 
63 58 56 52 57 54 49 58 55 71 55 60 61 53 57 49 62 55 54 49 60 58 68 57 54 54 54 59 58 57 57 51 58 50 60 53 57 58 54 58 58 57 60 60 61 58 62 55 66 57 61 60 63 45 66 57 68 68 61 67 53 59 59 54 59 63 53 60 61 60 56 64 65 67 53 61 62 59 59 59 63 53 58 62 55 63 64 53 59 68 65 72 74 63 54 67 64 60 47 59 60 59 53 47 52 60 56 55 58 57 67 63 58 44 54 66 57 58 63 63 54 58 55 61 57 67 65 63 65 55 58 62 43 57 63 67 58 69 70 53 59 61 62 72 66 65 60 48 52 52 54 51 57 60 59 52 51 49 70 65 57 54 54 61 53 64 58 54 60 63 59 64 56 53 52 66 52 58 56 65 64 59 59 61 65 56 50 54 63 54 49 57 63 58 60 61 59 56 61 64 54 59 57 65 63 67 48 60 51 62 54 55 70 57 58 59 67 56 58 63 53 53 54 63 60 60 52 67 56 59 60 57 57 59 60 55 69 54 63 57 58 61 70 59 59 51 58 64 54 58 56 68 57 60 57 61 
65 66 57 61 68 61 63 63 57 72 58 70 70 57 59 50 62 69 60 61 63 58 74 63 56 61 59 67 59 65 67 68 70 57 63 64 68 71 66 62 73 61 67 66 57 67 62 73 65 74 68 63 64 54 71 58 74 64 67 62 56 68 68 63 67 72 71 59 66 64 57 74 77 67 64 64 65 72 68 68 78 57 66 60 66 64 65 67 58 71 77 75 80 68 61 68 64 72 62 61 67 67 57 58 58 73 62 58 73 64 74 74 53 60 64 74 63 61 64 78 62 75 61 67 65 70 84 65 67 65 61 64 65 59 65 70 68 68 68 61 62 74 67 71 66 63 62 59 64 59 61 61 71 62 65 52 60 57 73 62 61 68 65 67 57 70 58 64 69 65 64 65 58 65 62 66 62 62 60 69 61 63 73 67 72 65 63 63 76 63 55 70 71 68 61 66 68 59 64 63 59 65 57 64 76 63 64 66 59 68 61 60 72 64 57 69 64 61 75 71 68 61 58 61 67 66 62 63 68 66 63 61 64 59 57 66 66 58 72 58 65 70 70 57 62 65 65 68 62 60 59 77 58 55 55 68 
65 64 64 66 68 54 47 63 59 66 63 56 68 71 60 57 59 62 53 62 61 56 78 58 59 61 59 65 59 65 68 68 74 59 65 66 68 63 66 68 62 66 65 63 64 66 63 73 68 58 66 69 70 45 71 60 74 73 78 77 64 67 71 55 70 79 74 68 65 76 71 69 74 68 63 62 68 69 67 67 69 62 60 71 64 67 65 73 60 75 75 77 73 68 66 70 70 67 63 69 68 65 67 58 69 61 69 64 73 67 69 73 62 63 62 68 66 63 74 77 74 75 62 67 59 73 75 64 73 74 64 68 62 59 66 72 66 66 78 66 66 68 77 72 66 63 61 62 62 66 65 59 63 68 69 57 56 63 71 65 70 59 69 71 66 68 68 62 70 72 68 74 65 57 59 74 60 58 70 71 69 66 71 62 70 64 53 67 68 60 59 65 63 67 68 63 66 57 65 67 55 64 55 69 68 66 69 70 59 78 61 60 70 65 65 58 65 67 70 70 61 66 61 68 62 63 63 77 61 72 72 74 61 52 61 68 64 60 69 67 68 66 74 65 69 61 64 72 59 59 57 74 65 64 64 67 
71 74 69 68 63 67 65 65 76 80 67 69 72 80 60 73 72 76 67 64 75 70 71 63 76 73 68 77 62 69 72 70 68 72 65 68 73 81 76 74 79 75 73 75 68 75 68 64 72 72 74 68 68 59 76 72 78 70 76 79 71 71 73 65 73 78 75 80 72 63 69 76 76 79 76 60 76 68 76 78 73 58 72 71 70 77 66 75 68 75 88 81 94 71 77 78 71 81 62 73 75 66 71 68 69 80 74 61 68 69 83 82 70 60 67 83 70 64 77 83 73 82 73 78 66 77 84 66 80 63 78 60 63 70 77 82 79 76 73 75 71 71 79 83 76 74 66 65 63 65 67 67 74 74 70 74 73 66 78 73 72 71 74 77 62 75 72 67 78 71 72 70 69 70 67 78 70 77 72 74 79 78 69 80 79 70 65 78 74 69 75 74 67 71 75 80 89 63 75 78 65 67 61 76 72 81 81 84 69 81 65 73 73 63 68 84 74 81 71 76 77 72 67 72 72 72 72 71 73 73 77 70 63 67 70 72 74 63 74 69 62 66 71 65 77 66 71 78 74 67 56 83 75 72 65 67 
65 60 60 61 78 63 51 60 62 78 57 62 74 65 60 59 64 73 65 57 69 60 70 60 57 69 56 71 57 71 65 69 63 66 64 68 74 69 58 72 65 66 66 63 65 68 60 67 59 61 73 59 61 48 73 62 70 70 64 77 62 71 75 58 74 68 77 67 68 65 67 67 73 72 68 63 70 64 74 74 70 54 71 59 62 67 75 60 62 75 76 82 74 73 68 67 66 65 64 66 68 68 57 60 66 69 61 66 70 67 78 68 60 58 66 70 67 61 71 78 67 74 57 66 68 66 76 59 59 56 74 59 54 64 71 74 68 70 76 62 61 67 75 77 76 69 68 60 57 63 69 66 62 70 57 62 64 54 67 58 65 64 65 71 53 67 63 65 71 62 66 57 65 63 52 68 59 64 69 65 75 66 74 70 72 64 57 63 67 62 60 67 67 64 64 72 75 55 70 57 60 65 57 67 68 66 69 73 53 73 60 64 67 69 60 67 71 66 66 75 71 59 54 78 69 55 60 65 57 65 62 56 59 64 65 54 70 62 80 74 65 66 68 58 71 57 78 71 65 62 60 77 61 68 59 70 
65 60 53 54 61 54 63 51 49 63 52 66 57 59 61 52 63 63 54 57 66 59 75 57 55 64 51 70 61 59 66 67 64 60 63 65 63 59 66 59 63 63 64 58 58 63 60 66 69 58 73 63 58 42 73 63 77 69 68 54 58 69 71 61 59 76 66 64 62 71 54 66 66 62 53 60 60 68 65 63 67 56 58 55 60 66 63 64 64 73 71 75 69 73 61 69 57 66 60 61 59 73 49 55 60 65 66 51 65 68 65 62 59 65 67 59 64 59 63 67 61 67 53 66 50 62 69 57 70 65 55 66 70 59 59 63 61 70 74 61 60 63 64 70 73 61 66 54 63 59 62 54 67 60 62 52 51 53 63 64 57 60 61 66 54 72 53 66 64 62 62 66 59 58 55 63 52 62 62 69 62 62 63 52 62 58 58 61 64 61 60 59 67 58 57 67 62 54 56 61 54 62 59 63 60 61 55 67 56 56 62 61 63 63 58 58 67 61 71 63 61 63 59 64 65 70 55 59 60 62 68 63 62 56 54 65 63 64 69 60 66 66 65 59 63 54 65 63 55 53 60 74 60 64 60 56 
63 59 58 54 59 61 56 58 55 66 58 64 65 64 55 58 59 65 54 53 64 63 76 57 62 66 58 64 52 67 62 63 60 61 59 53 64 64 57 66 71 58 64 63 62 63 61 67 60 52 68 58 58 51 62 64 66 67 70 72 56 61 62 55 60 63 70 64 66 59 56 65 70 60 65 49 67 54 62 62 67 56 63 53 59 59 56 56 62 75 68 69 72 72 66 71 61 59 54 62 59 59 52 50 62 63 64 64 56 62 72 65 56 62 63 65 64 52 62 60 57 66 63 71 54 63 67 59 71 62 54 58 61 51 71 68 59 68 70 66 54 56 71 70 66 67 67 59 60 62 62 62 63 58 60 58 60 58 67 60 59 60 58 61 62 61 66 58 64 62 57 59 58 60 50 62 58 55 53 67 70 57 66 73 62 60 59 61 61 57 63 65 58 68 57 63 68 57 63 66 57 60 56 63 61 60 68 68 56 72 55 52 69 66 53 61 64 58 69 73 71 59 50 64 65 56 62 64 62 58 70 64 64 58 61 63 61 62 67 66 59 64 70 54 61 61 64 61 50 55 54 77 64 62 63 61 
76 73 63 69 65 68 59 62 66 72 61 70 66 65 61 64 68 72 64 54 75 63 76 62 64 65 66 70 60 68 65 73 70 61 64 65 69 68 67 71 73 64 67 72 65 67 69 76 78 67 62 74 68 48 69 63 76 83 74 73 64 65 67 57 66 80 76 64 61 66 65 70 74 72 68 66 74 67 71 74 69 64 63 71 62 75 62 65 72 70 79 86 84 73 70 80 69 66 62 78 67 67 54 61 71 63 69 59 69 75 73 76 63 62 68 73 69 64 83 78 68 81 71 74 60 68 77 69 75 62 64 60 64 62 67 77 72 72 72 68 66 66 76 78 68 65 73 63 64 60 59 61 63 72 66 64 62 61 72 67 60 66 69 71 70 72 70 61 79 65 66 70 59 69 62 72 68 65 74 73 76 63 72 67 69 69 53 68 70 66 67 66 68 71 65 73 68 57 69 77 65 69 69 70 74 67 75 72 64 71 62 61 69 68 62 65 68 65 69 71 69 71 64 69 70 68 62 71 61 77 71 69 64 72 60 59 75 59 68 71 73 63 73 60 68 63 73 66 66 58 59 74 73 69 60 65 
60 60 66 64 56 56 55 63 66 69 58 62 68 59 58 60 69 66 62 56 68 60 78 54 53 59 58 65 55 69 63 64 62 63 65 64 58 74 62 61 64 63 65 69 65 69 62 67 62 62 63 62 62 52 70 70 70 69 70 71 53 68 61 53 70 62 74 63 62 67 60 66 74 63 66 56 72 73 67 73 67 57 60 73 65 62 67 70 57 65 75 74 81 70 67 68 61 75 68 70 58 63 62 61 59 62 67 57 66 60 74 69 58 66 68 65 71 59 68 71 64 76 63 69 59 68 69 59 66 63 72 64 62 63 63 68 67 65 71 67 69 64 66 73 72 73 64 58 58 66 65 72 66 62 61 58 64 55 65 64 63 55 69 67 60 72 66 64 68 60 60 61 63 62 60 67 58 68 67 65 76 70 70 64 63 61 58 63 66 59 57 67 67 69 54 65 66 62 69 68 59 66 57 71 66 66 65 65 64 71 61 64 60 61 61 68 64 71 71 66 71 55 62 66 61 66 56 64 66 75 62 60 54 54 61 75 75 57 74 67 67 67 75 54 77 51 69 60 64 54 59 75 59 65 62 67 
62 64 57 63 63 53 50 55 56 66 58 60 65 60 53 54 62 61 58 61 69 52 71 58 62 62 53 64 60 49 59 61 62 57 53 58 62 65 54 59 68 58 65 65 63 59 55 64 57 67 58 55 65 47 67 58 67 66 69 67 51 62 57 59 66 70 61 67 61 59 58 65 69 63 64 58 65 57 62 62 65 54 53 59 56 65 65 60 63 72 71 73 79 68 67 71 57 62 56 64 58 67 53 55 51 65 58 59 67 63 65 66 54 52 54 60 63 55 67 67 61 67 61 62 62 65 71 60 68 59 58 58 55 56 59 64 58 68 60 63 53 59 65 70 62 63 61 54 66 54 61 63 60 64 69 61 57 62 65 57 57 59 64 64 57 65 60 57 63 69 61 64 58 65 62 62 62 58 62 70 66 57 62 67 63 63 49 65 65 52 55 64 64 59 62 60 69 54 63 53 57 66 56 68 62 68 68 66 59 69 59 61 63 70 49 66 68 54 66 64 61 60 53 64 68 65 50 66 62 62 64 57 61 64 52 61 61 61 65 56 56 67 76 57 63 59 63 62 60 59 59 67 60 58 61 65 
58 65 54 64 67 54 56 57 63 73 55 59 66 68 60 55 59 70 60 53 66 57 72 48 60 61 53 71 57 68 55 64 65 64 63 69 59 69 58 57 64 57 63 57 56 73 57 76 65 68 65 67 63 45 74 60 73 65 67 72 61 67 60 54 61 72 67 59 65 69 61 74 65 70 61 61 63 68 67 66 70 55 59 62 58 62 67 62 62 70 63 82 75 69 67 65 60 73 66 64 61 70 55 58 60 64 65 60 66 61 70 66 52 59 55 62 67 57 69 73 68 75 64 63 68 59 73 61 73 64 60 63 60 59 58 66 66 63 68 67 56 69 60 76 66 68 65 62 66 55 62 57 65 71 62 52 62 58 70 66 62 60 66 72 47 63 59 62 65 67 68 71 63 61 65 71 56 57 60 69 68 56 64 63 67 66 50 62 62 62 61 60 70 68 63 54 65 53 65 53 51 63 54 64 67 56 62 62 59 64 60 67 65 67 58 60 66 63 74 64 62 69 52 63 67 65 52 58 60 61 67 52 54 56 63 53 67 53 71 60 63 60 66 53 70 64 64 69 66 62 56 70 60 64 57 65 
63 62 60 65 58 59 55 63 64 61 58 57 63 70 57 60 59 64 56 58 67 59 71 57 67 55 62 65 52 63 63 59 70 71 57 63 61 69 65 64 63 62 61 69 62 64 52 66 61 71 62 63 71 44 68 59 68 60 81 66 59 60 62 58 69 66 64 61 59 60 58 74 64 64 70 62 65 60 59 64 60 57 56 60 60 69 60 63 65 72 79 71 71 70 60 71 62 68 64 74 70 70 58 61 62 63 63 55 62 67 66 70 63 60 65 65 70 63 68 69 68 72 55 66 63 66 66 63 75 73 69 59 63 64 64 65 67 70 64 68 69 62 64 80 76 55 65 66 69 62 65 65 65 71 60 54 56 58 68 68 59 57 66 70 56 66 65 60 70 63 53 63 57 63 61 69 61 68 66 59 63 64 66 63 61 62 55 66 68 58 59 67 62 65 69 65 68 63 54 70 64 65 58 73 67 70 68 65 60 72 57 54 68 67 57 67 63 62 73 62 63 68 57 67 72 58 64 63 60 64 67 62 59 60 66 59 62 65 70 60 64 64 72 71 68 60 70 69 56 66 58 76 58 62 64 63 
65 59 52 47 55 49 57 53 53 60 58 56 57 54 53 54 53 65 52 53 55 55 60 60 56 55 51 64 48 58 58 52 57 58 55 47 61 63 56 63 59 54 63 49 55 55 52 64 61 61 63 60 60 47 54 52 65 63 68 57 57 60 53 53 54 61 63 58 62 62 56 69 64 62 63 55 66 62 57 58 66 50 60 52 60 64 55 59 54 69 61 82 63 62 57 67 56 60 57 60 53 61 51 51 53 59 54 52 56 63 60 61 56 54 60 59 57 47 53 63 62 62 56 59 50 64 64 55 65 60 58 51 54 48 60 64 64 63 66 57 56 57 57 64 68 49 62 53 55 55 48 58 57 61 48 50 51 50 64 53 53 54 53 65 55 56 59 51 63 59 54 58 49 55 52 52 55 57 61 63 56 62 56 58 55 49 47 60 63 57 58 58 57 58 62 54 59 56 61 63 51 56 51 57 62 64 62 57 56 58 53 54 66 59 59 56 63 49 62 50 56 62 59 60 60 60 54 55 61 66 63 59 58 54 54 55 57 45 68 57 61 57 58 52 60 49 57 63 61 45 56 64 54 52 50 60 
59 59 51 50 64 55 60 57 55 64 55 58 62 63 54 52 61 62 53 51 62 62 68 49 59 55 52 66 56 63 59 61 67 63 50 54 55 60 61 66 63 58 61 54 54 65 56 60 61 61 65 65 60 43 67 57 74 78 62 58 56 69 63 56 59 69 72 54 60 70 62 69 64 61 59 59 61 63 59 66 64 55 66 60 57 66 62 60 54 67 63 62 75 68 62 78 63 64 55 66 58 64 52 57 58 65 59 49 64 67 70 64 57 59 56 65 65 57 64 70 67 67 69 64 68 62 67 55 69 60 54 62 57 54 60 67 63 68 65 57 58 62 67 58 73 63 61 54 53 60 54 60 64 60 59 58 61 54 71 66 57 63 54 59 55 63 68 57 64 64 64 63 55 57 57 62 64 56 61 73 69 64 68 60 71 63 55 59 62 60 65 58 64 60 70 64 64 55 58 59 56 57 48 62 73 69 62 67 62 65 56 56 66 64 61 60 65 58 63 69 56 63 61 66 63 64 64 59 61 63 54 61 60 59 61 52 65 52 61 55 67 59 69 58 63 57 64 65 62 53 58 74 60 55 54 58 
66 68 55 67 66 58 62 60 64 79 63 63 70 68 60 61 70 71 63 59 70 56 65 63 61 64 59 57 62 66 65 60 62 63 56 62 62 61 63 57 65 61 61 67 68 63 65 67 63 66 67 56 69 49 78 64 67 68 77 66 61 73 58 62 70 69 67 68 67 66 56 66 69 69 61 54 71 67 68 65 64 55 62 62 63 71 63 71 66 71 75 76 70 70 74 68 62 71 63 63 62 68 66 64 58 64 60 56 68 64 71 71 66 54 65 59 62 53 65 78 60 71 65 67 60 67 76 59 66 61 72 68 62 63 62 69 66 61 66 54 65 62 65 80 62 63 62 57 63 61 56 61 69 68 58 60 57 58 76 66 61 56 64 64 58 70 59 62 67 61 67 64 61 59 61 62 57 62 65 71 71 56 60 64 68 55 67 58 54 68 52 71 65 59 61 70 69 57 66 67 68 72 63 70 63 63 68 72 60 62 58 65 65 65 66 73 68 68 67 67 69 63 57 76 67 60 55 61 65 67 68 70 60 68 61 66 69 60 70 67 73 62 68 63 68 53 73 72 64 65 56 72 61 59 60 67 
69 63 60 67 60 55 57 67 58 68 54 64 62 65 52 58 63 66 54 46 66 59 73 63 58 61 64 68 57 59 63 59 68 66 67 60 65 61 54 59 69 55 57 63 66 63 69 63 70 62 69 58 58 50 67 62 73 67 74 66 59 65 59 53 76 69 70 66 61 66 58 65 75 63 62 67 71 62 60 66 65 64 56 58 63 65 63 59 56 64 68 75 69 77 56 65 61 64 49 69 64 71 53 49 59 62 61 52 69 61 69 57 53 52 61 64 65 58 66 75 58 64 57 60 58 65 66 63 62 62 63 65 60 58 63 69 66 66 72 57 60 64 65 69 61 61 71 56 56 57 61 70 70 66 63 64 62 53 61 63 54 61 66 70 56 59 62 63 67 64 61 62 58 62 47 63 52 63 61 63 65 64 62 63 72 59 56 70 70 63 57 64 58 64 65 66 63 65 59 63 67 62 51 59 62 58 62 61 65 65 58 63 74 59 54 63 66 60 68 65 71 61 59 65 70 53 56 60 62 62 71 61 69 65 61 49 67 62 67 67 60 65 61 64 64 58 65 67 60 57 64 75 64 60 61 64 
65 62 64 59 68 59 62 58 60 69 59 63 71 63 58 60 69 66 61 57 75 69 75 64 58 67 54 62 58 64 68 68 64 55 63 54 69 66 69 67 68 72 70 66 67 60 65 68 65 64 62 67 66 52 66 66 69 70 76 69 60 65 72 63 72 75 65 65 70 65 58 74 73 71 74 60 68 68 66 64 67 61 61 62 60 73 64 63 66 70 74 76 76 74 64 71 60 76 54 67 66 62 56 57 57 68 59 58 65 64 70 66 66 60 59 68 67 56 76 70 64 74 59 67 61 66 75 58 73 59 68 65 62 65 60 74 65 71 66 66 57 62 68 70 78 62 73 59 58 67 64 55 68 62 63 60 65 54 76 62 67 58 59 69 66 69 63 62 73 71 64 64 66 70 55 62 65 61 72 74 75 60 63 69 57 59 62 67 64 54 62 71 66 66 66 70 69 65 70 70 62 64 63 70 65 70 65 70 57 70 69 64 68 50 66 65 62 64 63 73 65 63 61 65 65 71 67 70 62 69 63 61 62 56 65 71 66 61 63 66 73 68 70 57 69 54 70 66 65 59 60 74 68 75 63 64 
58 70 66 65 63 55 53 64 58 65 52 63 67 63 55 56 64 61 55 60 68 61 66 61 68 58 53 65 58 57 62 64 66 55 68 55 69 63 65 64 67 70 69 61 65 64 56 69 62 63 64 65 59 42 68 63 77 70 74 57 58 62 66 60 65 65 66 66 60 75 62 72 71 62 66 65 57 63 66 67 68 59 60 72 62 66 64 56 61 67 72 75 75 71 63 66 61 75 54 62 67 66 55 54 58 67 66 58 71 63 69 62 51 54 60 63 57 60 67 68 72 74 53 56 51 63 79 49 66 57 64 57 67 58 67 62 68 64 62 62 64 61 66 66 64 61 69 56 56 59 63 61 65 64 54 68 61 55 60 60 57 65 65 60 59 68 61 59 65 66 62 63 63 51 56 65 57 65 62 67 64 71 63 62 59 69 54 66 68 52 65 63 69 61 65 68 66 61 56 68 55 63 51 67 59 67 67 73 57 65 65 57 63 64 61 65 62 67 69 66 68 70 54 69 65 57 52 59 67 60 62 68 59 58 50 64 63 57 70 61 64 74 69 61 65 53 57 70 55 61 49 73 58 69 57 58 
62 66 56 58 61 56 58 62 55 72 59 65 63 66 55 51 64 70 56 54 64 59 70 52 63 60 63 68 58 65 62 65 70 64 57 60 66 71 69 62 71 56 60 57 60 57 68 67 70 67 63 64 76 49 69 60 70 63 75 61 55 60 59 57 71 72 64 61 65 74 54 76 69 70 63 60 61 65 69 62 67 56 64 55 68 67 70 60 69 73 76 69 74 68 63 70 63 60 58 67 60 67 56 60 65 65 60 56 59 70 66 70 64 60 56 70 58 58 63 69 63 76 69 71 60 71 68 64 75 68 66 59 56 60 69 69 60 71 65 58 66 60 73 71 71 59 64 60 57 59 62 58 63 63 64 59 58 61 68 72 59 62 60 64 60 61 60 58 72 66 68 66 66 57 59 60 65 63 64 70 76 57 64 63 69 58 61 61 64 63 59 65 64 54 70 63 69 60 63 67 57 62 54 68 64 63 72 68 67 72 63 57 73 62 65 66 65 60 70 70 64 58 55 68 71 62 63 70 70 62 69 59 67 61 62 55 64 61 58 60 67 62 71 57 70 55 65 79 62 63 58 74 65 62 59 61 
62 62 54 60 64 56 45 60 53 70 54 59 59 64 51 44 63 66 46 52 67 56 63 57 58 55 55 63 51 60 62 62 60 58 58 59 66 58 60 58 71 59 59 61 51 59 56 61 62 62 66 54 68 40 68 56 65 61 67 61 57 60 59 53 58 73 73 52 58 58 62 62 63 62 70 61 57 57 61 57 60 44 59 58 62 58 65 61 59 63 71 64 64 62 53 62 59 64 54 61 72 57 55 55 53 61 57 63 62 62 68 70 53 52 55 62 64 57 65 66 63 65 59 59 59 66 64 55 63 62 56 53 59 43 61 63 57 55 63 53 63 63 65 74 57 56 67 57 57 58 58 60 60 59 53 51 60 54 65 60 54 55 60 65 52 62 58 55 65 63 57 63 65 53 52 55 57 54 54 55 57 54 61 64 59 56 54 62 70 61 51 56 63 60 59 64 70 63 66 63 63 62 54 63 59 63 69 63 52 63 56 59 60 63 61 63 53 61 69 64 68 61 47 59 66 57 48 59 61 61 67 54 62 58 60 53 49 59 66 60 61 59 61 63 59 56 63 67 57 54 54 60 54 59 59 57 
72 70 63 58 65 59 53 60 62 67 59 59 60 55 52 61 68 63 59 53 67 63 70 57 57 62 73 63 62 63 63 60 57 67 56 49 58 64 70 63 71 58 59 65 61 59 66 60 66 68 63 65 62 50 68 55 72 60 71 62 60 64 59 60 66 67 65 67 59 64 55 70 66 64 68 62 65 60 70 62 65 55 58 59 58 66 64 58 57 68 71 74 72 65 62 74 68 66 48 61 57 65 52 58 62 63 64 59 59 66 67 62 59 55 55 70 67 53 65 67 59 66 63 66 53 64 64 59 71 66 63 53 61 55 63 68 65 69 62 57 65 64 61 71 70 61 56 51 66 62 68 58 61 64 58 53 58 58 66 59 59 57 58 55 61 63 61 60 70 63 64 63 67 59 52 67 58 61 62 60 65 64 61 70 62 59 58 62 63 52 55 64 56 63 68 63 64 59 67 72 60 62 52 59 67 64 62 61 61 66 51 59 67 57 58 65 60 56 62 61 61 65 56 63 64 69 57 60 55 60 65 60 58 57 59 61 63 55 57 63 62 67 64 60 62 58 62 60 59 55 65 69 59 63 56 64 
73 71 69 62 76 61 63 67 61 83 65 72 69 74 73 56 70 68 65 60 75 67 79 65 61 65 67 72 61 73 69 68 75 66 62 60 67 68 69 74 70 68 69 73 62 71 69 74 76 70 72 68 73 48 81 71 77 73 84 68 65 70 75 65 72 82 77 68 66 76 68 84 65 73 71 68 74 71 72 70 71 65 60 71 61 72 77 73 72 74 79 89 83 72 65 74 58 77 66 70 76 69 62 73 64 71 66 62 71 66 70 72 64 60 71 71 75 68 76 78 74 73 57 73 72 66 79 65 81 76 67 67 71 62 63 68 72 75 76 61 66 76 83 83 77 74 74 66 62 67 68 68 66 70 67 57 64 57 76 74 67 65 68 71 68 72 67 66 80 80 73 78 63 66 59 81 66 59 70 68 77 67 73 78 75 71 66 69 72 62 65 70 73 67 64 74 81 61 67 60 59 69 63 75 72 71 73 79 72 79 62 65 72 66 68 68 60 73 81 75 71 73 68 76 68 67 57 72 72 81 70 66 60 70 64 68 72 65 79 68 74 70 72 63 70 67 80 70 67 66 60 83 67 67 61 69 
75 73 57 70 67 62 59 65 65 83 52 80 69 71 65 63 72 71 64 55 74 65 78 65 70 66 65 65 69 75 66 60 73 71 69 70 68 70 65 67 72 64 60 64 64 67 72 69 80 64 73 74 67 49 77 64 77 73 81 62 66 61 72 73 72 81 74 68 78 75 65 73 72 82 59 73 70 72 67 67 68 59 69 65 67 77 72 59 71 73 79 85 79 74 65 80 69 74 59 73 74 72 63 64 71 77 60 68 71 77 82 78 61 71 70 69 66 68 73 79 69 85 64 71 68 72 80 70 76 66 63 73 69 62 73 70 73 69 73 66 71 68 78 78 75 68 71 46 66 61 63 67 70 70 67 67 69 63 79 69 60 63 69 70 65 75 59 68 83 70 73 70 67 65 64 73 67 68 73 77 73 68 67 69 72 75 62 74 71 67 59 64 69 66 69 77 71 61 76 69 64 66 59 75 68 63 70 80 68 66 67 73 75 63 65 67 69 69 77 77 67 73 70 77 75 71 72 65 64 68 75 70 62 72 62 62 75 73 70 78 81 66 78 65 67 62 71 75 66 65 67 81 70 72 63 69 
59 57 47 49 50 46 43 54 50 67 50 59 61 57 52 52 58 59 51 46 52 56 61 53 53 51 51 55 52 49 57 60 55 50 51 51 60 56 61 53 53 57 58 57 59 56 60 59 51 51 61 56 54 35 57 58 59 61 59 64 52 58 52 47 56 57 61 56 65 48 45 56 53 58 51 44 56 58 55 50 51 45 56 53 55 56 53 68 52 55 65 60 61 60 59 60 53 58 53 48 54 61 54 50 46 56 53 56 52 58 67 64 57 50 51 60 54 49 59 61 54 56 62 54 49 57 65 51 58 49 49 58 56 46 56 62 53 57 58 52 57 54 68 58 59 55 47 46 54 57 51 51 47 54 56 50 54 52 62 54 46 53 59 58 52 62 54 49 57 55 56 57 55 55 47 49 53 52 56 61 56 54 54 60 56 47 50 55 49 57 47 56 54 58 57 60 59 53 58 55 48 57 49 59 59 57 55 58 56 60 49 54 55 53 53 55 55 61 58 62 53 56 47 53 57 49 52 55 48 59 62 49 50 45 52 55 56 53 54 55 64 59 63 55 51 52 58 61 53 46 47 62 54 55 59 54 
70 70 58 60 70 54 57 56 62 69 63 65 61 71 60 60 69 66 68 57 72 71 71 63 66 72 63 74 56 71 69 70 59 65 66 56 73 70 61 61 60 63 68 64 66 67 58 71 70 68 72 70 62 47 72 64 64 64 77 72 59 69 63 53 68 69 74 60 69 71 56 74 66 70 70 59 74 68 69 67 72 53 66 61 62 75 69 66 63 67 73 79 80 70 71 68 58 72 62 67 65 67 54 55 59 60 61 61 65 74 74 70 63 54 61 69 69 56 66 70 64 77 74 63 57 62 77 60 66 59 69 59 59 59 66 64 62 67 75 64 61 62 73 76 75 68 69 61 57 63 58 64 67 75 61 61 61 64 67 62 58 59 62 68 65 64 67 63 74 69 68 70 66 63 54 68 69 63 68 68 67 66 66 64 66 56 57 72 65 60 62 60 61 60 65 64 75 61 67 71 61 67 59 70 64 65 64 65 66 65 66 63 66 54 58 63 71 67 63 72 69 67 63 70 61 67 57 66 71 68 61 59 58 55 61 62 63 65 68 64 71 67 71 59 72 59 75 67 70 51 61 75 60 62 63 68 
63 70 53 64 58 62 51 57 56 65 55 57 59 63 61 63 63 64 51 59 62 57 64 61 55 62 63 61 53 58 57 52 65 61 53 56 60 64 61 63 65 54 66 61 62 58 59 59 67 53 67 65 61 47 66 56 75 72 64 64 62 59 59 56 57 64 65 67 61 61 53 65 74 60 68 64 62 65 61 68 60 52 57 54 60 63 61 53 52 66 72 75 69 69 57 64 57 62 60 64 58 58 63 52 61 57 70 63 57 69 72 59 51 56 58 62 64 46 67 64 64 71 57 60 60 73 69 61 65 60 52 54 55 54 60 64 57 64 62 60 62 65 65 69 65 59 58 56 58 56 63 59 55 57 56 58 56 51 68 61 50 57 62 60 52 64 65 51 67 59 60 66 54 64 56 62 55 63 62 59 66 62 57 60 70 47 57 64 69 51 52 62 61 63 61 68 57 52 66 67 61 60 55 64 56 63 63 60 60 74 49 53 60 54 55 64 63 55 70 65 60 61 59 71 64 60 56 65 56 60 63 68 62 60 60 63 63 59 68 59 54 65 68 56 68 61 64 65 52 59 55 65 53 64 52 58 
79 72 67 60 74 66 69 69 66 77 60 74 82 78 69 68 78 72 67 67 78 69 76 72 67 72 69 84 69 78 71 72 71 70 71 67 73 78 73 77 71 73 77 73 67 73 68 73 77 67 74 72 70 53 78 67 86 71 86 69 65 77 69 67 74 82 86 76 69 71 66 88 72 78 76 71 75 79 72 75 76 71 64 76 64 76 79 68 64 84 86 85 84 82 72 78 74 82 65 77 67 78 67 72 64 73 67 67 72 73 79 77 70 64 74 78 76 68 83 77 74 82 63 73 74 71 79 65 83 74 64 68 72 69 75 79 69 86 77 80 76 76 79 82 80 68 83 66 68 73 67 73 67 69 73 67 71 63 78 72 67 67 69 80 67 77 72 73 80 81 71 75 67 64 67 70 71 73 72 78 80 67 70 78 77 72 68 70 75 67 68 75 79 67 75 72 82 69 73 72 63 79 72 76 72 75 81 78 67 71 67 69 78 70 69 69 76 76 85 77 77 63 67 77 65 76 63 81 72 79 73 73 67 70 72 70 78 71 81 74 78 78 80 70 78 70 81 73 67 63 63 88 62 75 70 73 
64 60 56 58 59 47 48 72 58 62 49 64 65 60 57 44 65 59 50 52 70 58 72 63 53 62 49 71 55 62 61 62 60 56 53 58 64 61 58 51 65 58 62 64 60 61 55 68 62 66 61 54 56 45 58 62 68 64 71 57 53 61 57 51 59 73 64 67 59 60 59 67 62 69 57 52 53 59 60 61 69 58 54 50 55 55 60 66 50 60 76 69 71 67 54 63 60 66 54 57 67 62 49 54 54 67 63 59 54 59 70 67 54 54 50 63 58 54 68 61 64 65 54 63 58 61 67 57 69 63 54 56 58 50 63 62 65 63 62 67 62 61 63 73 66 52 65 46 54 59 51 59 61 61 56 59 57 58 68 56 55 58 53 56 56 63 57 57 68 61 56 59 53 60 51 59 63 57 58 59 55 50 58 69 59 57 49 59 60 51 56 61 57 59 54 58 64 58 57 57 57 67 52 63 61 60 63 67 55 55 61 61 64 62 53 61 58 66 69 60 70 59 53 63 54 56 57 59 57 59 58 54 56 55 56 59 64 55 67 61 58 65 71 58 67 55 61 65 57 55 49 71 52 57 59 62 
71 69 64 57 68 56 54 56 57 60 47 64 61 65 60 60 63 59 62 59 68 55 70 61 61 64 57 73 60 63 62 66 68 60 61 58 68 63 63 64 61 63 67 67 54 72 55 74 67 68 63 64 65 51 67 64 72 68 67 64 55 68 65 55 71 73 80 63 61 66 62 73 64 64 70 63 60 66 71 65 62 60 62 59 59 59 64 58 64 75 76 71 71 70 58 62 58 69 65 68 63 59 62 62 55 63 60 59 66 67 69 66 53 59 60 71 69 59 71 61 63 74 64 67 63 61 66 54 71 59 59 58 64 53 64 61 57 67 71 64 63 67 62 75 69 61 70 56 66 63 63 58 59 71 63 60 63 61 65 60 59 52 64 70 63 70 57 65 71 71 64 60 66 62 64 63 61 59 63 65 67 63 59 55 64 64 50 65 68 55 57 65 60 67 58 64 68 63 57 75 55 68 57 70 64 68 67 67 63 62 60 57 63 65 62 68 63 65 73 65 73 65 54 61 63 64 50 67 62 74 62 61 52 52 54 58 64 64 66 65 65 64 67 65 67 61 65 63 57 64 59 71 55 67 67 76 
63 69 57 54 54 58 63 61 55 65 52 60 59 57 55 60 59 54 56 56 66 60 66 58 56 56 55 61 52 68 65 61 63 57 54 49 62 71 64 62 61 66 58 60 59 68 61 58 62 58 59 58 66 45 68 52 78 58 72 57 58 62 61 59 69 72 60 64 65 59 48 73 63 58 69 65 69 68 62 58 64 59 58 55 63 63 64 64 62 59 67 73 72 69 58 68 56 69 55 69 62 63 50 49 62 66 59 56 58 63 70 64 58 58 66 64 54 63 65 62 68 66 54 59 65 65 69 62 66 62 60 61 59 60 69 69 64 70 61 59 57 65 68 66 75 67 71 62 47 57 56 62 57 62 59 57 53 45 66 60 52 59 61 66 62 66 63 56 72 62 67 56 57 51 51 68 55 66 59 59 63 64 61 67 61 63 57 64 72 56 53 64 62 68 61 62 66 58 64 58 49 63 50 57 59 63 61 61 60 60 65 64 69 57 59 61 62 60 69 66 58 62 53 65 55 61 63 63 65 60 61 62 54 63 59 59 68 63 63 58 63 62 66 53 64 57 58 68 61 54 59 72 59 65 69 61 
62 64 58 64 66 58 59 61 65 73 53 62 67 65 60 55 75 68 65 58 78 62 67 62 70 61 56 74 58 63 65 70 70 62 58 56 63 73 65 64 72 64 63 66 64 63 64 63 73 68 69 68 64 48 68 59 77 72 71 72 64 66 68 62 70 71 73 66 64 65 63 71 72 69 69 64 72 61 61 64 72 59 60 67 67 72 71 64 65 80 80 78 85 75 67 73 60 66 58 76 63 76 59 60 59 69 66 57 67 77 74 75 68 60 69 71 71 66 68 69 71 69 66 69 68 61 70 62 75 65 66 69 66 60 65 71 63 71 74 73 65 70 65 77 73 66 76 61 64 57 64 58 72 67 62 63 64 52 69 67 60 63 58 61 68 77 65 59 74 68 60 59 63 59 53 69 66 62 67 68 74 62 68 70 71 63 63 70 66 64 62 73 64 68 64 69 69 59 71 71 51 68 63 73 67 68 63 69 64 67 64 64 68 59 61 66 61 62 69 68 62 64 60 71 66 70 60 64 64 71 68 54 60 66 61 72 71 62 73 68 76 72 74 60 66 61 67 67 68 63 70 79 58 68 58 61 
66 63 60 63 68 61 52 51 58 64 58 56 61 64 54 57 63 67 61 62 69 58 65 63 62 62 60 69 64 62 65 72 68 54 60 62 66 64 58 63 64 61 68 66 64 64 58 70 66 58 65 65 61 50 69 56 80 63 68 68 56 71 69 61 66 66 67 61 62 70 60 74 69 65 64 54 65 63 73 66 71 58 64 66 65 62 66 66 62 72 68 77 74 67 63 71 68 73 57 69 56 65 58 54 53 66 66 55 61 65 68 68 56 62 65 60 69 63 65 73 62 74 61 68 50 65 70 66 66 58 59 65 60 61 67 66 62 64 63 62 69 60 68 74 75 66 68 56 54 58 58 66 69 61 57 58 60 60 65 61 62 63 69 67 55 67 61 59 71 69 60 69 64 56 60 67 61 64 62 69 61 57 66 65 69 65 61 66 70 61 61 60 65 61 64 65 66 67 54 66 59 57 62 67 62 67 66 72 60 65 64 64 64 66 60 61 69 57 69 70 62 61 58 70 72 56 55 68 62 62 71 61 69 67 53 58 65 57 78 62 61 64 68 61 67 59 64 67 63 61 65 77 69 60 55 60 
70 71 63 63 67 55 50 61 56 66 60 67 65 67 61 54 65 71 57 64 63 57 68 60 53 57 50 60 55 69 63 57 69 59 54 60 70 60 62 65 69 58 67 67 63 65 66 68 74 68 69 59 72 42 72 58 69 69 72 71 63 64 51 55 66 77 68 70 61 70 65 71 73 69 64 61 66 66 67 72 72 55 57 69 60 61 71 60 69 65 76 73 81 67 64 67 60 74 56 64 63 65 66 64 58 65 57 63 64 63 73 70 62 66 69 65 63 58 65 65 59 75 62 67 57 69 79 63 65 62 67 62 60 56 65 68 67 73 75 58 63 66 68 77 70 60 67 60 52 58 61 64 62 66 59 59 57 66 74 65 57 63 65 68 67 67 53 62 69 64 63 64 59 60 63 67 62 62 69 78 68 66 65 60 66 59 51 69 74 61 55 64 64 65 62 62 72 56 60 73 57 71 59 75 59 68 64 67 56 67 67 67 69 60 64 70 68 63 69 65 64 60 69 66 66 70 57 66 68 66 73 72 58 61 54 59 73 62 66 63 67 63 72 61 55 59 62 68 54 55 58 73 64 60 62 55 
63 67 67 62 68 63 59 55 63 71 63 62 68 64 54 65 60 64 56 58 74 58 78 58 66 65 66 65 57 63 56 61 69 73 57 61 67 68 69 63 68 64 64 67 68 65 60 71 69 61 62 60 63 53 74 60 66 63 74 70 62 67 73 53 68 78 72 61 73 71 70 69 68 74 65 70 73 69 68 76 67 59 69 64 53 76 67 67 67 75 72 77 85 74 67 76 57 74 60 63 65 69 59 54 64 66 58 51 73 68 71 74 63 59 70 64 69 60 70 85 71 78 63 70 54 65 73 63 68 61 65 62 67 61 67 65 73 66 66 66 57 64 70 70 71 67 69 68 62 60 65 71 69 70 66 61 66 57 64 60 61 60 65 65 61 67 72 68 74 61 66 63 66 63 58 67 67 76 75 64 69 71 70 65 71 69 70 72 66 63 65 63 67 65 68 70 76 67 63 65 63 64 58 74 73 70 73 71 57 66 59 63 65 62 59 65 76 60 76 75 71 71 62 69 68 57 72 64 72 71 70 63 65 68 63 63 61 68 64 67 69 63 72 62 69 57 70 66 67 62 67 80 70 67 54 71 
58 61 49 58 65 51 50 59 60 62 47 61 60 53 51 52 60 64 56 50 59 60 62 57 62 56 53 59 51 66 67 56 57 57 53 50 47 66 57 65 55 62 63 56 61 61 55 62 62 51 64 59 63 42 70 53 69 63 68 60 52 59 63 61 57 56 69 63 60 59 53 75 68 54 68 61 59 57 58 57 64 55 56 61 59 61 61 62 57 58 64 72 69 63 62 65 54 63 61 68 55 63 54 57 62 66 51 55 60 62 70 62 53 58 57 67 56 51 57 72 57 63 62 63 59 64 76 59 58 56 57 57 58 58 58 63 67 68 59 59 55 59 61 60 66 58 63 51 54 49 64 55 54 62 48 57 62 51 63 61 59 54 67 62 61 66 59 51 60 55 59 60 57 53 55 64 52 62 57 74 65 66 63 60 59 59 47 60 67 49 65 53 54 64 59 66 66 59 62 62 53 58 53 64 71 63 69 63 54 61 49 56 62 64 57 63 53 53 73 64 53 65 50 68 62 54 56 60 58 58 69 58 52 59 50 62 61 52 63 57 61 61 66 55 58 57 63 67 57 55 58 66 59 54 54 60 
72 71 63 74 79 64 60 64 70 74 71 72 74 76 71 69 79 77 71 69 73 62 81 68 72 72 64 85 66 77 73 71 82 71 68 73 78 73 76 75 74 68 75 70 63 78 68 73 77 71 86 73 69 55 78 65 83 82 78 77 74 80 77 60 73 83 77 71 76 73 71 87 78 76 76 74 84 77 67 76 74 72 70 73 68 71 72 71 67 81 82 90 84 79 76 85 70 86 66 67 62 80 65 69 69 76 66 72 83 78 79 78 67 71 72 74 76 65 78 84 70 89 69 67 72 79 81 70 84 72 65 70 72 70 76 77 81 68 75 73 73 77 79 84 78 75 77 66 66 62 67 67 70 63 75 70 67 59 85 73 70 70 76 76 69 70 69 67 82 72 75 73 78 73 73 74 71 69 64 82 77 72 67 77 82 64 64 72 75 71 62 75 85 66 70 74 79 66 72 64 65 67 63 75 76 73 77 72 70 72 69 68 76 73 64 80 71 62 85 66 67 70 68 81 75 66 69 74 78 75 73 70 76 70 62 67 73 67 82 66 76 74 80 72 83 74 80 80 68 75 64 87 67 62 65 76 
65 65 54 63 66 52 63 67 57 76 61 68 73 68 64 60 63 73 58 61 65 62 69 65 65 60 61 76 62 67 65 59 58 63 64 59 59 60 60 69 70 67 69 67 58 69 64 66 67 67 66 65 56 49 69 65 70 67 68 73 59 71 60 55 64 75 70 66 63 61 66 71 72 69 67 59 59 69 63 69 65 58 65 66 59 65 78 64 65 67 75 77 84 73 71 74 63 75 64 64 63 69 57 62 58 69 63 59 65 63 83 70 60 61 66 72 76 62 69 70 63 80 63 62 68 62 74 61 69 58 64 58 59 58 66 69 63 73 70 62 68 68 71 75 72 63 67 58 58 62 64 58 57 63 56 62 64 57 69 65 65 60 72 73 58 73 55 64 69 72 64 64 70 61 54 69 68 64 73 66 71 68 70 67 71 63 53 63 63 63 56 65 68 63 68 64 70 64 69 65 55 67 58 60 68 69 69 61 61 71 69 69 65 62 65 66 67 64 67 69 62 64 56 64 70 62 52 66 57 67 63 57 61 60 58 64 64 59 70 64 62 61 65 63 65 69 69 67 65 58 55 76 62 62 60 69 
57 54 50 56 52 49 53 56 47 67 44 58 59 57 56 52 57 58 52 44 61 52 71 57 51 52 59 55 53 59 49 56 61 54 58 47 56 58 59 55 64 53 56 54 58 62 56 60 61 48 60 60 59 49 64 55 62 56 66 60 54 57 65 47 61 62 63 59 58 62 52 60 61 61 56 53 61 58 54 54 55 51 63 49 54 62 57 60 62 57 74 70 66 60 55 63 62 57 54 63 60 66 47 51 58 52 55 54 68 62 65 60 51 48 49 63 56 49 56 73 49 65 54 57 50 53 64 52 61 51 53 58 59 54 58 65 56 61 59 55 54 54 66 70 64 52 65 46 58 54 58 52 58 57 59 50 58 53 67 60 53 52 56 52 49 63 57 57 61 53 56 64 55 55 47 55 56 51 52 54 63 50 63 63 51 60 54 56 59 52 52 59 55 53 59 60 57 57 58 58 52 55 52 61 63 50 56 60 57 63 59 54 60 54 52 48 60 51 60 68 54 56 48 62 62 52 59 56 53 63 58 57 60 53 56 51 55 64 53 65 67 62 59 50 58 51 55 64 56 60 58 71 60 54 48 55 
60 53 52 55 60 51 50 61 55 67 53 66 58 53 53 58 67 71 49 54 59 51 67 57 60 58 56 64 51 57 54 66 55 59 56 56 53 66 57 65 66 54 64 56 59 62 57 56 66 52 61 63 48 44 51 55 70 57 64 58 58 53 58 55 59 57 62 54 55 61 51 61 67 57 57 56 67 63 58 58 67 51 51 63 53 53 57 57 53 68 70 71 70 66 62 69 53 65 55 66 53 60 46 51 61 61 60 62 52 57 63 60 51 53 50 54 67 53 61 60 57 66 59 62 54 62 65 51 56 50 52 51 61 52 60 63 58 66 61 64 54 60 72 66 58 56 62 53 54 56 53 58 59 55 55 55 54 50 64 57 59 56 57 63 57 65 46 56 64 54 57 55 57 57 54 57 64 58 58 61 62 55 62 61 59 51 47 63 67 53 58 58 65 60 61 61 57 58 56 61 60 59 57 66 61 60 61 67 54 59 61 59 64 59 52 58 55 61 63 59 56 61 52 64 63 51 62 57 58 57 64 60 61 62 51 58 57 59 65 54 57 63 67 55 55 57 57 65 57 57 49 61 53 55 56 59 
61 61 56 62 61 48 60 61 60 67 60 52 65 65 54 53 60 54 52 51 71 62 66 60 62 63 63 64 59 62 67 64 62 60 67 60 59 64 53 56 68 58 58 58 59 57 65 58 59 62 64 61 63 52 67 54 70 61 67 66 63 64 68 45 65 70 64 69 60 60 60 72 62 73 57 64 58 61 60 61 69 60 67 59 52 67 70 63 58 67 77 72 59 62 58 69 61 62 60 64 63 67 54 47 58 65 68 50 60 63 76 67 57 58 63 69 60 64 62 74 55 69 46 64 60 63 66 60 72 63 56 59 62 61 64 64 67 67 69 59 66 65 68 71 73 66 63 51 55 62 55 53 63 60 59 62 51 64 67 70 58 60 66 65 54 56 59 64 64 58 56 65 53 59 55 59 58 69 56 56 57 61 64 69 65 60 56 60 63 59 54 59 59 56 61 65 61 62 62 56 56 57 47 66 67 58 65 68 63 58 54 54 66 62 55 60 76 61 71 69 67 56 56 68 62 54 61 67 59 58 72 55 61 67 62 56 59 58 68 66 65 59 69 56 63 57 69 65 62 56 67 71 56 60 54 59 
69 70 60 67 70 57 62 65 67 78 55 75 73 68 57 63 74 67 63 60 69 64 74 66 57 66 61 70 66 72 71 63 72 68 70 60 56 73 63 75 75 68 69 68 70 77 67 70 71 66 74 75 68 56 73 69 76 75 73 69 69 72 72 60 73 76 77 75 65 72 66 79 79 71 72 70 71 71 68 73 73 63 67 80 61 74 70 71 61 67 76 84 86 75 65 76 69 74 66 77 65 70 66 60 60 74 61 62 63 66 81 77 64 64 62 75 70 60 71 80 70 81 74 69 67 68 80 63 68 66 69 70 65 61 64 78 65 72 70 69 63 72 76 75 80 64 67 55 56 66 58 65 69 67 71 69 65 65 75 63 60 61 71 76 69 76 64 67 76 69 70 67 63 66 55 73 62 73 65 72 72 68 73 69 71 58 62 71 71 64 63 77 68 65 74 73 65 62 69 64 65 67 55 78 73 70 74 69 62 71 63 64 71 61 67 71 61 69 74 71 66 69 67 77 80 69 65 62 63 63 78 66 65 59 60 65 76 71 70 68 67 67 80 62 73 65 76 77 66 65 66 77 67 69 59 65 
59 68 54 59 65 60 54 64 51 74 65 60 73 66 63 63 63 64 57 54 69 63 64 57 64 68 63 67 52 60 66 59 65 60 57 61 61 66 57 68 72 59 69 59 58 61 56 72 64 61 64 63 67 47 66 67 67 68 68 59 56 61 70 57 63 64 70 57 62 66 60 71 64 67 66 57 74 60 68 61 60 53 62 63 58 64 73 63 62 64 71 71 86 67 65 71 63 69 58 61 58 73 58 62 54 63 54 69 64 65 69 71 56 53 61 64 63 54 66 67 65 72 63 62 63 65 69 60 69 68 67 56 58 58 59 61 59 67 70 62 60 60 69 68 68 59 62 56 58 69 64 66 54 69 61 50 60 56 65 69 57 62 60 74 62 72 61 57 75 70 62 69 67 60 57 66 58 66 63 72 72 64 67 67 64 56 52 65 64 59 61 56 67 68 69 60 65 60 64 68 58 65 56 66 61 63 73 73 62 71 56 61 63 66 55 65 65 58 69 61 66 65 67 70 63 64 62 62 57 66 73 61 61 58 54 55 64 58 72 60 67 58 66 57 64 59 68 70 64 55 57 70 60 66 63 65 
70 63 68 58 66 62 68 66 65 70 63 67 72 61 63 61 73 64 62 58 73 63 81 58 68 69 68 69 66 68 67 62 66 74 59 62 67 74 65 70 72 66 73 62 69 68 60 74 67 65 71 75 71 48 79 66 76 68 74 66 65 65 73 64 68 78 76 72 69 74 69 78 75 68 69 65 82 75 72 74 75 63 68 68 58 68 70 62 66 77 83 76 81 69 64 81 68 72 59 71 67 70 52 59 64 76 70 62 66 74 80 71 64 56 66 71 63 59 74 80 67 75 64 65 61 71 78 59 80 69 65 65 70 70 71 68 71 74 71 63 65 74 72 76 78 71 63 60 63 69 62 63 66 72 65 64 64 61 73 70 63 65 66 69 57 72 68 64 76 64 72 68 64 65 63 74 61 70 64 74 76 65 76 69 74 67 62 67 70 60 69 59 70 57 64 76 75 62 64 68 61 59 58 68 71 71 72 78 61 72 63 65 67 66 65 70 64 66 78 81 67 72 64 69 72 66 60 63 71 73 68 69 66 67 62 66 72 64 75 68 71 68 74 62 75 60 65 71 69 61 62 81 67 60 64 68 
67 72 69 63 72 59 60 68 66 77 56 69 69 69 63 50 72 69 65 63 73 63 69 67 61 71 60 72 66 67 64 64 71 68 66 65 70 73 63 75 76 69 68 65 66 72 64 68 68 62 66 68 70 46 70 64 83 85 71 69 65 61 74 61 80 78 74 71 65 75 67 76 78 69 66 68 78 71 64 64 71 57 71 68 64 65 66 64 65 67 86 79 78 84 63 76 64 71 64 74 71 67 58 57 68 66 73 60 68 74 77 73 60 58 69 71 66 62 73 78 66 77 63 71 64 75 75 68 75 65 68 63 66 64 69 73 66 72 77 56 67 71 78 73 68 69 71 61 59 57 66 57 63 68 66 61 64 63 72 68 65 65 68 64 70 69 61 53 74 72 67 65 65 63 59 71 59 57 72 71 82 67 62 69 74 64 60 77 72 70 62 71 67 66 61 72 63 65 67 77 63 63 61 73 71 67 72 74 68 73 67 60 73 60 64 69 61 63 65 67 72 70 57 70 65 61 53 68 65 72 74 74 73 65 57 67 74 58 72 64 72 67 74 69 72 65 74 72 66 67 65 81 68 67 62 66 
53 60 55 56 62 61 61 53 57 69 47 66 58 56 56 61 64 61 53 52 66 58 66 56 61 53 55 67 59 65 57 54 63 56 59 51 57 63 49 58 67 60 53 58 55 56 55 60 64 60 66 66 61 45 65 65 69 59 66 64 59 63 62 59 69 61 62 60 60 68 57 67 64 65 62 66 64 58 61 62 67 53 70 58 54 62 58 60 55 70 67 75 74 66 57 66 57 64 56 69 45 62 51 53 51 62 60 59 62 63 70 62 55 50 56 61 57 55 65 67 62 68 61 61 55 67 62 53 65 50 63 60 56 57 61 65 62 65 68 61 53 61 67 69 67 60 62 54 50 55 56 56 53 61 62 57 58 56 70 63 63 64 55 62 58 69 58 58 71 70 61 65 50 48 49 61 47 54 68 65 63 61 60 63 68 57 49 61 66 64 60 62 55 54 59 66 60 62 62 60 52 60 60 64 61 65 65 69 64 67 54 53 62 52 55 61 59 55 59 64 57 60 58 61 66 56 58 62 65 65 65 57 62 60 49 53 65 62 68 56 63 65 70 50 67 59 59 71 57 58 57 65 56 56 54 66 
70 67 60 67 63 51 57 72 56 73 67 72 75 67 67 62 65 68 62 58 84 69 78 62 66 63 64 69 61 64 63 73 73 72 58 65 69 75 68 63 78 60 65 62 64 70 72 67 70 70 70 61 69 50 71 68 72 66 76 70 68 66 67 60 78 72 72 68 60 73 63 77 71 76 74 65 63 72 71 74 78 57 57 58 67 70 73 71 60 74 73 74 89 74 64 74 63 68 60 70 69 69 55 63 59 63 75 65 74 71 78 72 63 60 62 71 69 65 72 75 76 71 63 63 65 66 74 66 73 72 63 67 62 61 59 67 70 75 73 66 66 71 73 78 78 74 70 54 63 66 74 67 66 70 64 64 71 61 69 68 62 64 67 71 67 70 64 64 79 78 70 70 63 68 56 68 73 71 63 64 75 67 71 81 75 65 62 68 72 62 58 69 64 69 69 64 73 60 67 69 65 63 64 69 72 74 68 65 61 74 68 67 68 62 66 65 67 67 73 77 70 75 59 80 71 64 69 63 65 64 68 60 68 66 61 66 66 62 78 69 75 68 74 61 73 65 73 69 60 59 55 76 65 67 75 76 
62 57 55 63 63 58 54 64 56 77 63 58 55 61 59 51 62 65 54 58 62 55 74 54 61 61 57 70 50 67 54 63 66 65 63 62 62 55 66 70 63 55 64 66 58 64 60 65 67 59 74 53 62 49 69 66 70 68 71 69 63 60 69 57 67 67 63 60 60 66 56 68 67 68 53 64 67 66 61 69 62 63 62 61 66 62 68 54 58 67 71 81 71 72 62 71 54 65 64 74 67 62 58 58 58 57 59 54 58 61 61 68 50 54 65 67 65 59 66 71 62 74 55 74 61 62 65 55 68 53 63 59 58 58 64 69 66 63 67 62 61 61 72 67 68 63 64 61 64 61 61 59 64 65 58 53 57 49 68 68 65 56 60 60 59 68 64 59 70 63 63 63 57 66 61 58 62 62 65 67 64 69 66 63 67 57 52 60 72 52 56 67 62 58 60 69 74 55 61 68 63 65 53 64 77 59 60 61 63 66 61 57 69 66 59 59 69 68 64 64 63 68 52 70 68 52 61 66 65 66 68 66 61 63 59 56 63 57 65 56 60 61 72 66 68 58 65 66 61 63 55 75 68 63 54 69 
59 62 65 58 59 67 58 60 50 69 53 64 58 65 53 62 63 69 53 54 65 64 70 66 62 63 57 69 64 62 64 69 56 60 60 53 65 68 60 60 68 64 67 61 59 67 66 62 63 66 67 66 58 42 60 60 75 68 70 55 54 56 65 60 59 58 66 59 62 60 55 70 64 64 68 62 62 56 62 60 64 56 59 54 57 66 59 58 65 63 71 69 71 64 64 67 62 75 50 62 60 53 52 50 55 64 70 56 64 65 67 61 49 53 56 65 69 55 68 68 65 70 53 69 46 68 68 57 68 57 60 59 55 61 60 64 65 68 65 58 61 63 67 70 68 63 67 56 51 60 53 63 66 64 59 57 61 55 67 61 59 63 60 65 57 58 57 59 70 68 60 66 62 61 50 62 57 58 56 66 66 63 58 64 61 66 54 59 64 52 67 65 66 62 63 57 69 58 63 70 56 56 56 59 59 60 66 69 66 62 60 51 65 59 61 63 59 63 72 66 70 58 53 73 59 54 59 63 69 62 64 59 64 63 63 64 63 55 69 60 61 61 61 59 72 65 62 64 65 65 51 65 62 61 56 62 
75 72 54 68 71 62 65 72 66 76 62 70 63 68 61 62 72 72 71 52 78 69 78 68 71 62 60 65 63 62 67 64 72 69 65 67 56 75 72 60 74 73 72 67 65 71 67 71 75 63 68 68 74 46 77 65 74 70 76 66 68 69 65 61 72 77 74 68 57 67 57 76 78 75 67 62 72 79 68 65 75 62 69 71 60 71 71 70 68 76 79 86 81 77 71 79 73 77 70 80 67 72 63 65 74 72 64 52 68 69 69 74 65 64 61 71 58 62 75 74 61 78 61 72 63 75 82 65 78 61 69 65 76 69 76 75 67 78 66 68 73 67 71 72 68 71 67 60 59 60 65 66 79 65 64 64 65 59 72 66 66 62 72 66 55 75 62 65 70 70 64 71 66 71 69 65 67 76 74 69 78 68 67 69 67 66 65 65 66 62 67 70 66 68 77 69 63 64 65 79 72 70 64 68 67 74 72 72 61 77 65 65 68 67 67 69 70 69 75 66 67 73 62 72 69 76 63 71 62 70 74 72 59 73 64 73 69 59 73 64 74 77 75 65 70 59 74 74 69 60 63 74 64 75 64 69 
77 71 62 65 69 66 60 69 65 73 58 64 67 72 69 61 69 67 71 62 69 68 80 67 64 69 71 79 60 64 67 68 73 70 64 64 72 71 60 70 68 63 74 69 66 69 71 72 79 64 75 66 65 48 82 66 81 72 82 72 60 74 72 57 71 75 75 65 68 67 66 80 76 69 65 71 72 80 74 72 78 62 69 70 65 73 68 77 64 82 79 79 77 84 64 81 70 77 66 79 71 71 60 61 58 73 71 64 68 73 78 72 61 67 66 74 68 61 76 75 66 77 65 74 59 63 76 70 78 72 72 66 69 61 71 79 66 72 82 68 69 76 72 74 78 71 75 66 61 68 68 70 74 73 72 65 60 63 72 62 66 65 67 71 61 76 72 66 79 68 62 65 71 63 58 71 61 67 74 74 73 64 72 71 75 70 69 71 69 65 58 74 68 67 65 76 77 65 72 73 65 71 60 75 61 77 72 75 69 72 66 59 72 70 59 64 73 66 76 74 72 67 65 72 68 68 63 76 68 77 69 65 71 66 60 66 76 70 72 76 74 69 78 77 70 65 67 71 69 61 67 82 66 70 66 71 
64 62 65 57 61 58 59 63 67 71 65 63 69 74 58 60 62 59 52 57 68 65 71 59 67 64 59 64 57 72 59 62 57 62 56 52 62 69 64 66 65 61 69 64 56 66 59 57 60 64 62 60 55 44 56 60 69 68 75 68 60 60 64 61 66 65 67 65 66 63 62 72 65 71 65 53 68 63 66 72 70 49 62 60 59 68 62 60 63 69 76 73 73 65 62 77 53 77 63 74 60 61 55 57 58 64 60 62 63 64 75 68 60 63 53 71 64 56 69 63 68 72 57 68 62 64 70 56 66 63 56 57 53 56 61 70 71 67 63 70 59 63 69 70 76 54 67 50 60 67 57 68 64 64 60 60 67 62 69 56 61 64 55 66 58 60 66 63 80 65 62 61 55 59 58 67 66 66 75 66 70 66 71 74 65 58 46 64 59 59 59 68 67 64 68 65 76 53 69 66 63 59 49 72 65 70 72 64 58 65 65 51 72 64 63 65 64 65 62 61 63 61 57 71 62 62 66 65 62 58 63 61 52 65 58 56 65 56 65 69 65 66 60 59 66 56 63 70 62 58 53 73 53 56 55 65 
63 58 58 70 63 54 55 62 59 65 59 64 64 67 56 60 73 67 58 62 70 57 71 57 62 61 62 69 66 63 68 66 67 61 65 62 58 64 66 62 68 71 65 65 63 65 58 64 65 63 73 68 62 45 75 63 79 68 77 64 62 61 71 64 70 70 61 60 62 77 64 73 71 65 66 60 69 68 66 69 67 59 60 59 61 67 72 66 71 69 71 79 77 77 73 73 62 78 63 69 67 75 53 62 63 67 63 64 71 72 72 76 59 62 63 71 69 59 68 77 63 75 60 59 62 71 75 61 70 61 73 68 64 62 72 63 72 61 68 73 69 57 70 69 74 71 63 54 62 60 69 63 71 61 61 53 67 60 75 66 70 58 65 67 60 75 58 63 70 65 63 74 64 56 58 72 61 59 59 70 61 63 68 70 61 63 52 67 67 63 60 66 68 62 59 66 74 68 68 65 60 63 62 72 66 70 69 64 63 66 67 67 70 63 61 67 61 58 73 65 60 66 60 71 65 66 62 51 67 59 72 63 60 63 63 68 63 64 81 59 72 66 73 64 69 59 63 71 69 62 57 81 60 65 58 62 
63 60 54 61 59 59 54 53 55 68 52 57 60 58 50 45 60 66 48 52 64 58 74 58 57 61 59 68 61 62 69 57 56 62 53 61 62 54 56 61 59 66 68 58 53 63 58 56 63 61 61 61 64 42 67 52 70 66 66 65 61 56 61 59 64 72 63 63 61 60 60 66 64 63 71 60 58 63 65 65 68 48 56 58 60 68 59 58 66 71 75 72 63 70 64 72 56 68 61 65 68 56 54 54 59 65 61 56 62 69 69 67 56 57 52 65 63 56 64 68 61 65 59 66 59 68 69 64 61 58 51 54 52 54 60 67 65 60 58 64 57 58 60 64 67 57 68 54 59 48 56 63 61 62 52 53 62 51 65 58 56 51 59 62 54 58 59 57 66 60 54 64 59 59 55 65 65 62 61 66 64 59 64 63 60 57 47 62 70 54 58 56 64 60 57 63 67 54 63 57 54 52 53 69 63 63 71 59 56 58 55 50 68 63 61 60 54 59 64 60 61 59 54 64 65 58 51 65 58 60 64 61 54 60 56 55 62 60 62 59 61 60 65 57 62 57 61 65 54 53 54 67 53 54 54 57 
66 61 52 68 63 51 54 66 58 68 58 72 71 60 50 61 72 72 60 58 65 64 73 61 67 70 61 75 66 71 71 73 64 65 68 64 64 67 68 65 67 68 59 68 72 63 69 67 64 62 69 66 66 46 67 62 71 68 77 64 60 68 76 59 68 68 65 63 68 62 65 74 74 68 68 63 62 68 70 66 67 59 69 64 67 62 64 63 62 67 67 72 80 72 73 72 68 66 64 64 59 67 54 55 63 70 65 64 63 67 75 72 63 64 60 64 63 62 74 73 68 72 64 69 59 65 73 65 71 62 64 66 68 68 65 72 76 77 78 66 67 66 67 67 75 65 71 60 52 58 70 59 65 67 63 62 62 57 67 70 60 57 67 69 66 66 62 66 76 65 63 62 67 58 53 67 59 63 58 69 72 62 70 67 75 65 57 63 64 67 64 77 68 68 65 67 68 70 72 68 66 60 58 66 66 67 63 71 64 72 60 61 71 62 59 66 62 72 75 69 67 65 61 71 64 59 66 72 65 67 64 61 69 58 61 63 60 55 68 64 66 69 68 67 67 59 73 74 65 58 60 71 64 61 65 65 
58 59 49 59 53 53 54 58 49 69 45 57 63 63 47 51 55 61 53 51 61 53 66 57 56 54 50 59 57 58 56 59 58 59 61 60 64 59 48 59 58 56 52 55 53 56 53 65 57 55 65 55 62 41 65 53 64 58 65 63 58 60 59 58 62 66 56 57 68 51 51 63 62 66 61 58 56 53 61 60 64 44 57 56 58 60 52 60 52 61 64 65 68 64 55 63 53 61 52 62 54 54 58 45 49 65 51 51 55 56 63 62 51 50 53 59 49 53 63 69 58 64 59 59 47 62 70 58 61 52 56 63 56 54 52 60 62 55 63 54 54 53 58 70 63 46 63 45 49 41 55 54 52 57 52 50 53 54 61 56 45 52 57 64 56 63 51 59 57 62 55 57 54 53 49 54 55 56 58 59 60 52 61 58 65 53 54 56 65 56 58 60 56 56 59 59 61 58 58 55 56 60 50 56 60 57 60 64 51 59 58 54 59 56 54 56 63 59 64 69 56 56 51 69 67 51 50 61 58 55 62 57 60 60 55 48 60 53 62 61 62 49 64 61 56 50 57 68 57 60 50 57 60 56 60 59 
61 67 51 58 67 51 53 57 49 64 61 71 58 57 56 57 60 60 60 52 69 51 65 61 58 64 52 65 65 65 65 63 60 59 53 51 61 60 64 61 64 56 68 58 56 57 59 57 57 64 65 63 61 44 72 61 70 65 67 57 54 56 58 63 60 67 67 64 63 64 55 74 71 59 62 59 62 58 63 58 69 51 57 62 58 60 62 54 55 72 68 68 78 65 64 62 57 68 52 63 54 58 57 58 62 60 55 55 68 57 71 69 56 61 57 64 60 58 65 64 64 65 63 64 55 65 72 60 76 65 64 62 61 52 58 65 59 71 64 64 57 66 56 67 66 60 59 51 58 56 58 62 58 67 60 60 58 56 68 54 58 56 57 63 62 69 60 61 63 68 64 59 57 48 58 66 59 61 64 73 64 57 61 64 69 65 56 61 67 58 59 66 58 62 58 66 68 56 59 62 53 70 63 72 62 66 65 56 51 58 52 58 61 58 50 61 54 55 70 61 60 59 53 68 63 72 52 67 65 62 69 60 55 63 58 61 67 55 63 53 56 62 67 52 60 56 57 66 56 58 53 70 54 51 56 64 
57 51 53 52 61 49 55 51 56 63 56 57 62 61 50 57 57 61 47 49 61 55 65 57 55 59 52 57 48 57 54 63 62 56 52 56 56 65 53 66 60 56 60 57 56 61 55 57 66 62 60 58 55 39 58 54 62 62 69 65 50 57 63 49 58 65 56 61 52 60 53 69 57 57 65 55 67 56 55 61 61 46 51 65 50 56 57 51 56 65 64 68 68 60 64 59 63 62 56 66 57 62 43 58 54 59 53 51 61 58 63 60 58 52 55 63 67 54 58 61 53 64 51 54 54 51 68 55 56 53 49 40 59 49 60 56 56 65 56 59 54 55 66 62 62 54 64 54 49 59 56 53 57 50 55 50 50 44 68 50 50 53 53 56 56 60 52 61 64 65 54 59 56 55 48 57 60 58 55 65 59 58 59 59 63 56 52 58 59 52 53 56 57 60 61 65 60 45 54 61 49 64 57 68 58 59 59 56 47 53 54 58 57 51 58 47 54 57 52 62 57 63 58 58 58 59 60 53 47 61 55 52 53 53 54 57 57 57 61 58 59 54 58 57 50 56 62 60 56 47 47 62 55 59 57 55 
61 73 61 65 67 52 59 64 56 71 57 56 62 67 54 61 65 63 63 53 76 58 75 60 58 70 57 71 62 72 67 64 70 65 63 56 64 65 62 67 69 63 66 59 69 68 61 72 65 66 67 66 75 53 74 61 83 67 70 63 61 63 63 59 66 69 67 64 67 70 64 71 73 61 67 62 70 67 69 65 66 64 59 61 61 71 67 59 62 68 68 76 76 70 63 65 63 70 57 66 64 66 53 53 60 65 69 63 72 65 68 68 56 52 59 64 65 60 71 66 64 73 59 62 62 68 77 65 66 72 63 73 59 66 67 70 65 70 70 59 59 66 64 74 70 65 67 59 57 58 70 63 61 73 61 64 70 53 67 68 58 61 62 64 55 62 64 54 66 64 69 69 61 60 54 79 52 63 56 72 72 59 68 72 63 55 52 66 71 59 53 66 60 61 69 64 63 61 68 65 54 61 53 66 63 57 60 59 64 64 64 60 61 66 59 64 65 59 69 63 60 63 55 75 61 69 57 63 66 64 63 62 61 58 65 65 69 60 71 66 64 73 67 57 62 59 69 73 64 58 58 74 69 68 72 71 
64 69 49 60 62 53 55 62 55 66 60 66 63 70 58 66 66 78 54 54 69 62 73 57 68 60 58 71 55 68 68 67 63 68 59 63 66 67 64 67 73 61 63 65 62 60 63 67 65 60 70 61 65 41 66 53 68 67 76 66 65 63 61 57 59 65 64 60 63 64 62 69 70 67 71 60 71 65 67 69 68 55 61 60 62 62 63 63 61 62 74 77 75 74 67 70 62 75 55 67 60 69 57 60 66 68 62 59 65 70 77 62 62 66 62 63 70 54 71 67 65 76 63 70 60 69 68 59 70 58 62 60 62 62 59 72 62 74 69 63 68 62 61 68 71 59 65 53 59 64 64 67 61 60 58 53 60 53 65 64 59 65 65 60 56 68 60 67 68 54 60 67 61 58 63 65 62 61 64 71 66 63 62 60 59 58 55 67 70 65 66 67 68 59 67 66 68 68 63 67 64 67 64 68 61 74 65 70 62 62 62 65 71 67 61 71 66 68 70 61 64 62 57 73 70 62 61 64 60 60 62 68 59 63 62 60 76 56 65 55 56 62 72 67 63 65 66 73 63 66 61 78 59 62 64 59 
72 69 58 63 63 60 65 53 60 76 53 63 61 59 56 57 66 59 56 52 68 64 76 60 69 59 60 64 53 63 63 62 57 64 60 58 62 64 56 66 70 64 57 72 58 61 61 66 72 54 65 66 61 51 65 59 71 63 70 67 65 67 69 66 71 75 73 69 60 60 61 64 66 71 68 63 71 62 69 69 64 54 66 65 61 71 67 61 69 64 76 76 78 68 59 72 58 72 59 69 63 69 54 60 61 70 62 56 62 70 75 66 57 51 61 65 58 51 67 70 66 74 58 68 64 65 75 54 67 56 63 54 60 65 60 70 64 71 73 59 66 63 65 69 68 64 66 58 57 59 59 62 64 67 61 57 59 54 63 63 59 62 61 65 58 69 63 71 80 66 61 64 61 59 59 64 57 61 65 63 74 65 73 70 61 64 54 65 64 55 63 62 61 58 67 65 65 59 66 68 58 63 52 67 67 62 68 72 62 76 58 60 66 63 64 56 68 62 65 66 69 64 61 63 65 63 61 59 61 63 63 57 54 57 53 53 65 61 61 74 68 71 68 57 61 55 65 67 65 59 59 78 63 65 48 60 
63 63 58 55 52 63 52 58 53 67 54 61 57 60 55 51 60 61 56 53 60 53 61 55 45 50 55 47 52 67 56 57 61 54 60 55 63 67 54 60 71 60 67 63 52 54 67 47 64 51 58 61 56 36 61 54 73 65 59 57 51 62 60 49 56 63 64 59 63 61 57 62 70 63 56 53 65 63 56 61 56 48 58 62 55 67 62 55 58 57 64 72 68 61 61 65 52 65 44 60 57 58 55 55 55 64 54 54 62 63 61 62 57 58 59 65 58 53 64 60 60 62 54 63 57 67 66 52 60 54 64 53 51 53 52 62 64 59 61 61 50 55 63 59 68 49 62 51 51 56 51 51 55 62 47 59 51 47 74 51 55 58 59 63 60 57 51 57 67 61 63 61 58 54 53 58 59 58 63 67 74 65 56 61 61 58 51 55 66 48 57 59 59 56 56 70 63 46 61 64 48 64 53 64 52 60 64 67 52 70 57 57 59 47 62 58 57 56 61 64 57 58 58 63 61 63 59 60 53 62 61 63 59 63 56 56 67 53 57 57 63 53 60 51 63 56 58 57 55 57 56 71 60 60 59 57 
61 66 54 64 66 54 58 64 67 61 52 62 68 48 61 53 64 64 61 50 71 61 63 62 66 61 58 66 51 59 55 62 61 65 59 58 67 71 60 64 74 67 56 63 62 63 58 64 62 71 57 59 66 53 68 56 71 63 77 68 61 61 63 54 68 65 63 70 63 57 56 64 73 68 70 68 67 72 53 68 72 58 62 57 57 67 60 65 62 64 73 73 80 68 62 72 61 67 58 71 60 70 59 57 65 58 57 55 63 63 72 69 58 58 58 65 62 60 69 83 69 75 66 61 60 67 67 65 69 66 64 66 64 60 59 70 68 78 70 60 63 68 66 69 66 55 74 63 66 55 55 67 61 60 62 61 63 60 65 53 55 61 69 62 62 67 60 52 70 62 61 61 57 55 54 57 62 65 62 57 68 70 67 62 68 60 58 71 58 59 62 69 65 59 58 61 70 67 63 68 51 59 58 64 70 67 72 66 64 69 62 61 66 62 50 64 71 60 69 65 65 63 54 66 63 57 60 64 62 62 70 59 63 64 50 57 64 58 76 65 65 66 74 58 72 62 59 66 59 55 59 73 52 64 57 56 
58 72 56 64 67 57 51 55 57 67 66 67 72 73 53 63 66 67 54 55 70 64 67 63 66 70 54 69 57 63 61 68 72 59 59 67 66 74 62 70 69 57 61 70 65 68 64 64 67 66 65 61 67 48 64 54 68 71 73 63 63 65 66 52 66 74 67 64 62 68 57 79 69 62 69 59 76 72 65 71 64 58 60 64 60 63 70 64 65 69 70 76 75 68 67 71 58 66 62 66 67 66 63 65 61 62 62 61 68 70 73 68 62 61 67 67 65 60 68 76 71 71 60 66 57 68 64 64 83 63 63 58 64 60 69 73 73 71 73 60 62 70 67 75 65 68 68 58 60 57 63 58 69 66 62 65 66 66 70 61 59 71 63 66 56 75 64 65 71 68 65 68 59 63 56 68 60 63 63 69 73 62 66 70 66 68 47 64 67 59 58 63 70 66 61 67 71 60 64 68 61 60 57 69 65 54 64 72 62 64 56 62 64 63 61 60 68 61 62 69 63 64 57 65 66 53 56 66 57 72 59 64 61 67 63 63 64 63 73 64 69 63 72 58 68 65 70 71 60 60 61 73 60 61 67 64 
63 63 61 65 68 55 51 65 60 66 65 66 68 61 63 61 63 66 67 50 74 60 72 67 68 61 64 71 58 63 63 64 64 58 61 60 68 64 61 74 71 56 65 66 62 72 62 65 69 61 64 68 55 51 63 58 71 74 76 66 55 63 55 57 68 67 65 69 64 64 66 75 72 72 64 62 65 64 67 70 69 59 61 69 57 66 69 63 64 63 81 77 85 71 66 62 59 64 54 71 67 71 58 51 59 59 58 63 65 60 71 69 56 60 64 74 70 53 67 71 58 81 62 62 63 62 72 64 76 62 63 61 59 55 63 70 67 68 67 58 60 68 72 76 65 62 61 52 53 57 66 65 64 63 58 56 65 58 68 61 64 52 60 70 70 76 65 65 69 72 67 62 62 57 59 69 66 58 67 74 71 66 68 63 70 61 50 66 59 61 55 63 66 65 62 66 73 65 61 64 51 59 59 67 75 71 67 62 58 66 62 61 75 66 52 72 66 55 72 62 59 65 62 66 67 68 52 64 61 66 70 57 61 57 57 62 68 57 66 63 69 61 65 53 64 54 67 69 62 61 54 73 64 63 55 61 
64 61 53 63 65 64 57 58 58 73 52 63 62 65 53 56 59 60 57 49 73 58 63 58 60 54 56 62 56 59 59 63 61 53 50 55 62 63 57 64 69 62 60 63 55 64 63 60 65 57 57 55 66 52 70 60 75 63 66 70 63 57 66 57 66 66 70 63 57 58 55 67 63 68 64 57 60 59 64 58 67 55 54 58 51 69 65 70 54 67 74 63 71 63 60 67 60 71 49 58 58 62 61 55 60 62 59 60 61 55 66 64 57 54 56 62 61 62 66 70 64 60 52 61 65 60 68 63 65 60 57 57 54 55 59 69 61 56 65 57 63 63 68 67 68 59 64 50 60 59 58 59 68 60 71 60 61 57 68 60 66 59 64 63 59 59 49 58 66 61 60 65 51 58 60 64 58 60 61 62 57 66 61 67 59 64 54 62 58 51 55 63 53 60 64 65 62 55 65 62 63 64 53 71 62 63 65 70 55 67 51 66 64 58 60 59 62 60 72 65 63 59 61 61 61 60 72 63 56 54 68 61 57 67 54 58 63 62 61 67 58 55 68 61 58 57 64 69 61 64 58 67 62 65 60 58 
65 64 57 62 60 54 49 53 58 72 49 70 63 66 57 51 57 63 57 53 60 61 62 57 52 66 58 62 56 56 58 52 57 57 56 60 63 65 57 61 66 64 64 65 60 54 59 58 64 54 55 56 60 47 60 53 66 65 64 55 56 62 65 64 62 71 63 62 56 57 63 69 55 65 60 57 55 64 62 65 59 50 62 57 55 72 58 61 58 65 76 72 68 68 57 70 58 64 54 66 59 61 53 55 61 66 52 45 58 68 61 69 55 52 55 54 62 57 69 65 60 63 56 66 60 61 67 57 61 48 55 57 55 59 56 63 62 66 59 60 59 62 68 66 63 57 64 50 54 54 52 57 63 61 49 56 56 53 65 63 51 47 57 59 51 58 58 59 67 59 61 60 61 58 49 60 61 59 62 52 64 55 63 66 61 57 58 63 61 58 54 60 56 58 61 63 71 55 64 59 58 60 63 67 61 64 63 66 52 61 56 62 61 54 58 60 60 66 63 69 59 62 57 64 57 56 65 55 52 64 59 55 57 61 56 58 61 63 64 58 72 65 60 61 58 57 69 68 62 56 53 70 57 56 54 55 
69 62 57 62 60 57 51 60 59 73 62 69 70 68 58 62 65 76 65 63 73 59 80 61 60 70 64 71 58 66 68 70 75 66 64 66 68 73 74 66 76 64 64 65 65 70 63 67 70 68 76 67 66 51 74 65 74 73 78 66 62 62 72 64 63 77 70 67 71 72 53 75 69 65 77 61 75 70 58 62 77 61 60 60 63 66 63 66 60 79 71 76 83 71 68 79 67 70 61 71 66 80 57 63 55 59 61 62 70 68 73 77 59 62 62 67 75 64 69 76 59 72 65 74 63 66 77 66 69 63 58 65 69 65 69 71 71 78 71 67 65 64 73 75 80 66 77 58 68 66 66 65 66 64 70 60 58 59 80 65 56 62 69 60 64 70 67 64 77 73 63 63 71 68 58 63 71 71 63 70 70 60 63 67 71 62 63 69 70 64 64 68 63 67 71 67 74 60 64 66 63 66 69 73 71 67 67 71 69 70 62 65 73 62 60 67 70 62 74 77 59 67 70 75 65 65 68 63 71 71 79 68 63 67 64 64 64 61 76 65 70 64 70 69 73 63 64 74 68 62 65 84 67 75 57 67 
60 63 52 63 61 60 50 56 54 67 53 65 60 61 54 52 59 69 57 55 70 57 73 57 65 58 58 65 56 58 65 63 64 66 59 61 62 62 58 51 67 53 65 67 58 65 64 64 64 70 68 57 64 44 68 61 67 65 65 68 55 64 60 59 61 63 69 65 56 63 55 64 61 64 69 56 69 63 64 61 70 54 61 64 65 65 59 72 59 70 72 65 72 70 69 71 58 61 58 69 58 67 59 51 59 62 66 59 65 64 60 67 58 64 53 62 60 59 63 69 64 69 60 65 59 67 69 55 69 65 59 54 57 56 56 72 58 61 69 66 58 68 64 78 61 58 64 48 63 58 61 63 68 62 62 60 51 59 70 62 65 63 63 68 60 70 58 55 66 62 57 64 62 59 56 57 60 60 59 64 66 55 62 66 63 61 51 62 59 62 58 65 67 68 59 64 67 56 65 68 65 72 61 73 61 61 66 61 54 74 62 49 70 63 55 63 57 64 72 58 67 56 58 56 60 60 51 61 65 65 63 64 62 65 58 63 63 62 63 57 67 65 72 61 64 58 67 62 54 58 53 65 54 54 56 60 
64 62 56 60 70 61 53 66 64 72 60 66 65 60 59 55 61 73 69 58 71 58 73 62 66 64 56 64 58 65 63 67 65 61 57 62 66 73 65 63 63 62 65 62 65 63 70 72 70 64 69 58 68 51 63 63 74 70 71 69 59 66 59 57 75 76 73 64 69 72 60 74 76 67 64 58 67 69 59 68 70 53 63 55 55 65 68 66 61 71 72 73 68 74 68 75 63 74 59 71 61 74 59 59 61 71 59 63 60 68 72 75 61 61 68 66 63 62 71 79 61 69 69 60 64 64 83 61 65 69 60 63 65 59 62 73 64 72 75 59 60 63 66 73 76 69 70 60 59 60 62 58 65 71 63 62 67 68 73 60 59 66 63 65 62 69 59 66 72 64 60 63 66 68 66 59 69 63 53 71 73 53 70 63 66 64 60 71 62 61 59 59 64 66 64 62 69 65 59 71 61 70 58 69 76 72 68 73 59 64 69 67 66 67 58 60 69 65 70 71 69 67 54 73 68 73 57 71 63 64 67 57 65 66 62 64 69 63 71 75 71 68 68 67 68 48 68 71 65 57 61 75 67 63 66 72 
72 62 62 67 66 60 60 65 60 76 60 63 71 60 55 54 67 66 56 57 76 67 72 69 67 60 63 73 58 61 66 66 70 65 61 59 59 67 65 69 61 62 68 65 71 67 66 68 74 73 61 63 64 50 71 67 77 65 71 69 60 68 67 65 72 70 66 73 63 71 61 74 69 70 67 60 71 69 70 64 70 64 64 73 65 72 68 66 61 73 78 82 79 76 70 78 67 74 63 77 65 74 61 65 60 60 68 59 73 68 74 67 58 57 62 68 69 61 70 76 61 73 61 66 64 68 79 58 70 66 73 67 65 65 71 75 65 70 67 61 68 65 66 79 76 68 64 60 67 65 66 66 65 73 65 59 69 51 69 66 64 62 67 71 62 69 63 64 71 66 68 68 63 65 61 71 62 65 64 68 63 58 70 70 69 68 59 64 67 57 55 68 64 63 72 72 64 62 71 64 61 69 65 66 75 64 68 68 62 66 66 59 71 69 62 71 66 59 73 70 63 61 55 68 72 67 54 69 66 62 69 64 57 68 59 69 71 60 74 70 71 68 73 60 67 60 67 71 63 58 57 78 69 64 60 70 
61 55 52 48 57 49 57 56 59 68 49 59 59 66 57 59 62 60 51 50 62 61 60 52 58 60 59 65 59 58 57 56 61 54 56 56 60 70 60 53 69 57 59 61 54 61 61 54 65 65 63 66 60 44 65 57 67 64 65 68 53 54 67 56 63 66 63 54 66 50 55 65 68 64 60 55 60 62 58 56 61 54 59 53 61 61 57 63 50 71 67 65 72 66 52 65 49 61 50 70 59 57 55 56 60 65 58 58 63 61 63 58 56 58 48 65 63 58 66 66 61 69 72 70 57 69 58 59 65 57 61 64 60 49 55 68 62 63 63 59 61 61 59 68 66 60 65 57 56 48 53 51 61 58 64 53 65 58 66 60 54 58 55 62 56 55 54 51 68 58 59 60 61 58 54 65 53 55 58 62 63 56 63 58 61 57 53 61 61 56 60 62 59 56 60 64 64 62 62 61 56 54 54 63 70 61 64 60 56 63 60 61 61 53 57 64 55 53 73 69 59 59 52 60 63 57 63 61 59 63 62 48 60 60 59 62 58 55 68 60 62 60 58 59 60 56 57 68 67 59 52 64 52 61 56 59 
64 62 53 62 60 54 54 58 53 67 59 61 62 60 54 55 64 67 59 58 71 46 72 49 61 58 53 71 57 65 56 71 63 55 61 67 63 65 59 61 70 53 61 61 62 67 62 61 61 57 63 51 58 47 66 58 69 60 67 63 62 62 68 52 59 59 66 60 62 63 63 66 68 71 62 55 62 63 69 64 67 54 57 61 66 63 64 62 64 70 67 73 67 73 62 64 59 61 56 64 58 64 53 64 60 59 62 54 57 68 65 69 57 61 65 68 56 56 56 65 53 70 60 64 59 56 66 60 62 60 61 62 62 62 63 66 63 59 74 55 67 61 65 66 67 60 62 46 54 59 63 52 68 63 61 58 60 50 67 62 50 60 59 60 53 62 62 63 63 54 64 64 61 61 54 64 58 59 58 66 67 53 63 64 62 57 55 59 55 62 56 70 64 57 58 63 61 54 54 65 59 58 60 58 66 54 63 70 54 63 62 59 62 61 65 53 69 59 68 69 58 58 57 66 68 57 63 63 57 65 61 57 66 62 53 59 66 59 64 68 72 57 66 59 67 47 66 70 67 52 55 73 62 62 59 63 
56 61 49 61 54 59 42 53 51 57 50 56 61 62 50 50 55 61 56 50 61 51 70 53 55 63 48 59 49 52 57 63 59 52 53 53 57 61 56 54 67 54 59 56 62 56 55 62 57 52 58 56 60 46 65 54 62 56 68 63 49 53 60 60 58 72 62 60 57 65 52 60 64 65 61 53 64 59 60 64 62 57 56 51 62 64 61 60 58 66 67 71 73 60 57 63 49 61 58 65 63 55 48 52 56 52 56 57 58 63 65 57 46 61 59 55 57 45 66 69 64 65 56 60 57 59 63 56 65 63 60 61 60 55 54 62 48 58 60 60 62 55 62 70 58 64 63 56 51 51 54 57 54 62 60 57 53 50 64 54 57 50 55 62 51 64 54 59 63 62 64 62 60 51 61 65 57 59 60 59 60 55 57 68 54 59 51 60 60 47 51 59 58 59 55 59 64 61 55 54 54 64 54 59 51 55 65 61 57 66 60 58 59 60 52 57 59 49 61 59 56 64 49 68 58 53 54 59 54 54 57 57 51 53 50 54 51 61 69 58 59 65 65 47 65 55 64 58 55 57 51 68 59 57 57 58 
63 64 54 62 66 58 50 66 51 66 63 61 62 65 53 54 59 66 54 52 74 59 67 60 66 62 59 69 61 66 57 59 59 60 63 60 64 64 66 60 66 62 61 61 55 62 64 65 68 71 61 57 63 47 70 61 71 62 66 65 58 60 63 57 69 68 63 62 64 63 55 74 61 72 64 68 61 71 57 64 67 53 63 63 67 64 60 66 60 64 79 73 75 70 58 64 56 73 59 68 56 61 63 61 54 59 56 61 52 64 68 61 57 58 53 72 57 57 66 66 67 72 60 62 54 71 65 59 71 64 68 57 60 54 65 66 65 64 63 69 68 69 61 68 70 52 64 54 54 56 59 57 55 68 57 57 65 59 59 54 54 64 65 65 55 66 59 60 72 67 62 63 70 61 59 58 63 68 67 60 66 65 60 68 68 64 52 62 58 55 56 58 71 60 56 64 67 61 64 67 55 57 59 70 63 64 66 69 62 71 62 52 64 54 50 64 64 61 70 63 63 57 52 64 64 57 60 59 57 65 58 59 62 65 51 60 62 58 65 62 70 67 66 59 66 51 62 68 59 64 54 67 55 65 58 64 
64 66 64 58 59 61 59 62 62 68 59 63 61 68 61 59 67 74 58 65 67 63 81 60 59 62 63 68 59 68 66 66 70 66 63 58 64 66 58 64 68 68 67 66 60 67 58 68 73 58 70 61 64 53 67 66 73 70 70 65 61 66 68 60 64 76 69 62 66 66 61 69 77 66 66 57 64 73 68 73 67 61 58 64 68 73 63 73 63 69 75 70 79 78 68 75 68 70 63 65 62 69 60 65 61 68 60 59 61 78 70 77 63 59 63 60 65 58 70 75 69 76 67 67 58 67 71 63 72 62 65 66 61 62 64 71 66 64 70 65 64 68 69 74 74 62 68 66 62 67 63 59 68 68 56 62 65 55 68 60 62 60 62 70 69 67 70 67 75 68 64 69 67 68 60 58 63 63 68 72 77 62 58 70 71 58 63 73 64 59 62 68 59 65 68 65 82 68 66 68 59 64 63 65 68 71 73 75 60 73 65 69 65 60 64 57 64 66 77 67 58 74 63 69 65 61 73 64 69 62 69 61 68 64 53 62 70 65 68 67 75 67 74 72 65 60 70 69 66 61 62 74 70 68 58 62 
67 67 64 69 62 69 58 69 63 67 59 64 69 65 62 57 68 67 66 59 71 63 77 60 65 63 66 70 58 68 69 63 76 66 63 63 67 73 73 64 76 68 67 66 56 68 60 65 71 65 66 59 70 47 79 59 75 69 74 68 61 70 64 61 70 76 73 66 72 76 66 73 72 76 67 63 72 67 68 63 76 52 68 67 64 66 67 67 67 76 77 82 80 72 60 72 62 68 56 77 70 72 64 60 68 68 61 55 70 71 73 68 67 59 69 72 69 70 75 76 63 80 65 66 68 69 75 67 75 69 71 65 65 61 70 73 66 77 73 65 60 67 75 82 75 66 72 60 61 62 64 70 71 70 67 62 65 63 70 61 60 62 74 83 66 71 68 67 73 73 73 70 62 56 67 77 64 68 70 72 71 70 64 72 70 67 60 68 71 66 67 68 63 68 68 64 76 65 67 71 58 71 63 69 69 71 68 82 61 66 68 72 74 64 62 71 71 61 73 75 65 68 55 78 72 67 58 71 71 63 76 69 72 66 66 61 73 64 75 72 70 69 71 61 68 58 72 72 66 58 66 79 71 65 72 71 
70 64 64 65 69 65 60 64 60 72 61 71 71 64 64 61 71 72 65 66 70 62 79 60 64 65 69 74 64 72 61 68 65 67 64 59 72 74 62 67 74 64 71 60 70 68 64 77 72 62 67 67 65 52 73 62 74 74 78 60 70 68 71 64 73 73 71 56 67 77 64 73 82 69 71 69 67 72 65 75 76 59 67 63 65 70 68 60 63 67 80 83 81 70 58 77 69 73 66 74 64 74 61 58 62 71 71 57 72 72 76 78 60 65 65 69 66 66 76 83 75 82 63 73 59 70 74 70 74 63 60 64 70 65 67 66 71 77 80 64 72 73 71 71 77 74 74 59 61 65 66 71 75 66 64 57 65 60 64 63 62 61 72 67 60 76 66 65 76 68 63 65 64 63 63 66 59 60 68 69 84 60 76 64 70 73 64 70 73 63 67 69 67 63 69 68 74 71 64 71 64 63 63 62 74 74 78 73 64 63 65 59 74 74 71 68 68 59 74 78 70 65 59 71 69 65 62 67 71 72 72 72 77 66 59 71 74 62 77 72 82 70 72 64 73 63 69 75 67 66 64 79 66 65 62 74 
62 67 55 64 60 57 60 59 63 70 59 67 63 70 59 61 64 72 65 61 62 61 71 60 60 61 61 62 58 61 71 67 69 63 56 62 71 63 59 75 66 62 72 66 64 68 57 65 68 67 61 57 67 48 75 60 76 71 73 64 64 67 62 63 73 66 67 72 62 64 65 66 68 68 66 67 68 62 59 66 64 63 54 58 59 62 62 64 65 78 76 70 73 73 73 75 63 67 62 78 65 64 55 60 71 67 59 59 66 72 72 72 58 68 68 64 68 62 70 75 69 75 58 66 58 67 72 62 76 59 64 65 62 59 69 76 66 78 70 66 66 68 73 64 72 61 76 61 65 59 64 71 64 70 58 64 58 63 72 70 59 62 62 62 60 69 63 60 69 72 65 64 63 63 55 66 59 59 66 71 72 64 65 66 67 63 62 70 70 68 67 72 70 66 66 71 73 65 60 64 60 63 60 72 70 66 73 67 67 68 56 60 74 72 67 67 61 67 67 65 70 72 61 66 70 68 63 69 61 63 69 72 62 70 49 62 70 66 77 60 69 58 67 60 64 70 70 77 65 65 57 71 64 73 62 66 
73 72 69 64 73 67 61 71 61 77 62 70 76 72 59 63 64 69 69 57 74 62 79 63 66 69 74 73 66 78 68 70 74 69 65 59 71 76 65 72 71 66 72 66 63 73 74 66 69 71 66 65 72 53 70 64 82 69 77 73 65 64 68 66 75 77 68 72 71 77 58 86 75 78 72 76 77 73 72 66 75 66 62 68 68 71 67 68 63 78 85 92 81 78 73 77 65 72 68 76 68 67 59 58 64 72 56 71 66 73 75 72 66 69 67 72 73 62 73 76 66 76 62 71 75 72 76 65 73 71 70 70 66 61 67 77 67 72 75 81 67 75 73 75 72 74 68 64 66 61 64 66 64 77 74 62 58 64 80 64 68 63 68 79 67 69 63 74 85 68 75 67 69 66 66 71 70 77 68 68 76 68 67 74 70 67 57 71 71 67 58 76 75 70 59 71 73 63 70 65 60 66 71 78 74 72 76 73 68 71 66 68 73 68 65 69 68 60 80 75 70 70 60 74 72 64 64 66 67 67 80 69 67 70 61 65 80 69 71 68 72 70 79 63 69 67 73 77 66 70 66 76 63 69 64 73 
72 62 65 62 72 56 55 59 57 69 61 60 66 67 53 56 59 66 58 53 70 53 67 57 61 60 58 61 60 67 58 61 64 66 58 57 63 69 69 66 65 58 67 57 54 65 61 61 66 67 63 62 69 48 74 63 67 70 71 69 59 61 57 57 70 75 65 57 67 68 61 70 68 61 63 63 68 68 67 69 64 52 63 63 66 64 61 60 63 71 78 78 79 69 69 66 60 76 58 64 67 67 62 59 63 60 58 52 66 59 70 72 61 57 56 67 67 55 70 74 56 71 67 66 57 70 71 61 69 58 64 60 61 57 63 65 67 58 67 63 56 69 65 75 58 65 53 61 59 64 61 60 64 60 61 54 69 61 70 60 63 58 68 67 52 68 61 66 67 67 70 64 64 58 65 60 65 64 58 67 66 68 67 68 61 58 56 66 69 58 50 59 68 61 55 63 72 59 68 70 61 66 52 68 72 68 70 66 54 62 56 68 62 65 58 64 70 61 67 60 64 64 53 65 63 64 58 65 73 63 68 58 62 57 64 69 66 64 63 66 62 65 67 58 66 52 64 63 67 58 55 75 65 60 57 69 
58 62 52 65 59 52 53 60 58 70 55 60 65 56 52 54 67 62 53 58 52 47 61 52 54 60 56 65 54 66 57 64 57 65 56 54 58 57 64 65 66 58 58 58 54 62 63 61 64 63 66 57 65 43 72 54 70 64 71 60 60 62 66 55 66 67 67 62 59 61 59 69 70 61 55 60 61 67 61 60 59 46 68 58 65 65 56 63 63 62 75 76 68 67 58 68 61 61 59 58 55 64 52 62 60 65 63 59 56 71 70 71 59 54 62 68 58 53 64 69 61 68 56 58 62 62 63 61 68 55 68 56 57 56 64 64 60 64 68 57 58 60 56 68 65 59 68 50 56 59 59 47 55 66 58 51 52 53 60 61 57 55 66 61 60 70 58 54 59 61 59 61 58 53 59 62 55 49 61 68 62 53 63 59 59 58 68 57 59 62 55 71 58 57 57 58 67 58 68 65 53 65 56 59 61 57 68 62 65 62 55 55 62 65 58 69 63 61 64 63 63 55 53 64 64 51 51 63 55 64 59 60 67 52 62 53 65 67 62 56 65 58 66 52 65 66 66 65 65 59 60 70 64 54 62 60 
73 66 56 69 72 54 61 69 66 80 56 70 69 65 55 65 72 63 60 57 66 72 74 58 60 68 65 66 61 73 62 61 63 65 64 61 69 67 70 67 69 65 67 72 69 70 61 71 69 67 65 73 64 54 76 66 80 66 74 70 66 69 78 65 77 76 74 72 61 72 70 83 78 71 71 66 73 74 73 65 74 65 73 68 60 69 66 64 71 79 80 86 77 78 65 74 64 76 64 71 68 79 55 58 64 75 61 57 72 69 80 73 65 56 61 72 71 60 65 72 63 72 65 71 62 74 75 65 70 59 65 68 65 66 67 73 66 75 71 72 62 57 64 71 73 67 72 62 60 65 60 72 64 76 64 67 60 59 64 67 56 58 68 75 53 78 62 69 78 67 68 57 68 74 50 75 65 72 72 71 70 67 67 63 65 67 68 76 62 66 65 75 64 64 69 76 73 66 64 66 63 70 63 78 64 67 70 70 62 67 64 70 76 66 55 70 77 73 66 69 67 67 62 73 68 63 64 62 66 68 69 74 68 69 62 64 66 74 72 62 67 69 69 64 67 65 71 80 70 64 66 81 65 64 66 66 
64 55 58 51 68 54 58 54 67 57 52 55 66 60 58 54 60 63 53 62 64 59 75 58 56 61 55 63 60 65 63 65 63 56 57 63 58 59 63 59 64 65 61 64 62 65 52 63 66 63 62 62 57 49 74 62 80 62 70 65 59 66 61 51 63 73 68 67 63 62 64 71 69 65 58 52 58 66 67 65 60 54 57 59 58 59 59 64 63 74 65 77 67 71 54 71 56 70 53 65 59 68 57 61 60 64 63 57 53 60 77 68 51 59 53 63 60 54 62 69 58 70 57 68 63 61 73 56 62 58 62 59 59 53 63 70 68 69 64 59 59 65 53 70 79 55 69 56 61 59 59 54 69 66 56 63 62 65 67 63 53 62 59 58 54 66 62 63 62 64 63 63 57 60 63 61 57 61 58 68 60 58 62 62 66 55 49 64 63 55 61 64 56 59 57 64 61 59 60 64 57 57 52 65 69 63 66 66 52 63 62 61 63 61 59 57 61 58 73 67 62 65 60 63 66 62 56 57 57 57 60 62 59 60 55 55 57 63 74 60 64 59 64 65 66 57 58 67 54 56 63 67 63 60 58 62 
66 56 46 55 59 59 53 50 55 60 50 58 64 57 53 56 56 65 57 45 63 56 63 54 60 57 51 61 52 58 54 56 58 57 45 55 59 59 62 58 66 56 61 65 56 63 61 55 62 55 57 56 64 49 70 59 57 69 63 65 58 60 61 63 53 64 61 55 58 65 56 66 59 65 67 52 67 64 65 61 65 48 59 57 53 65 59 64 59 66 71 70 75 66 60 67 57 57 53 64 60 62 54 47 61 55 56 50 63 55 66 68 54 53 56 66 59 52 64 73 55 69 60 62 66 53 65 62 65 54 52 55 58 64 53 60 60 73 64 54 60 56 64 70 66 55 56 47 57 56 53 54 62 55 65 52 57 50 63 62 59 56 64 61 55 65 59 52 63 56 59 67 57 52 53 59 57 61 62 62 62 59 63 60 53 57 49 59 53 56 54 59 60 60 60 60 64 55 63 62 58 60 55 64 67 65 57 58 54 59 54 56 65 55 55 62 68 60 63 64 54 57 56 56 57 62 52 56 57 66 61 70 55 60 55 55 65 57 63 62 60 51 68 56 55 57 64 62 57 56 58 71 57 58 54 60 
67 67 52 63 64 58 61 60 57 67 57 65 57 65 59 51 62 66 58 58 69 60 67 63 65 62 55 69 57 58 58 58 74 61 63 67 60 64 60 66 66 62 65 59 66 66 60 60 74 63 70 66 60 50 70 61 75 70 70 64 57 61 60 58 69 75 66 67 58 66 55 67 69 63 64 68 67 66 61 64 73 57 64 56 63 66 61 66 63 67 69 72 76 73 65 67 65 66 56 63 70 70 53 52 61 67 69 51 64 66 69 68 57 59 57 57 65 63 64 69 66 76 62 65 57 71 67 65 72 60 60 59 64 54 65 71 68 61 65 62 57 66 72 77 68 70 69 59 56 55 59 58 61 62 60 72 59 63 66 69 55 64 56 67 60 67 57 59 66 67 62 63 59 61 57 64 53 61 53 71 63 57 62 65 66 61 55 63 72 65 65 61 68 59 63 65 70 62 60 61 62 64 54 66 66 63 68 63 62 66 62 60 67 64 52 64 70 63 73 62 62 63 59 66 67 58 56 62 71 65 67 63 73 66 62 60 66 65 66 55 58 61 74 69 67 61 69 73 64 58 54 71 66 58 58 71 
76 72 59 68 75 65 64 72 65 87 67 76 76 70 67 69 69 78 66 65 77 61 76 69 71 78 69 85 68 71 71 71 76 69 64 79 70 72 75 71 72 68 80 73 66 72 74 67 73 63 76 77 71 50 78 63 84 78 72 69 67 71 68 65 77 75 80 68 72 75 66 79 76 78 74 67 77 79 75 69 73 61 72 73 75 76 74 70 70 77 78 89 86 80 75 80 73 78 67 75 77 75 69 62 64 67 74 75 66 76 79 74 68 68 69 77 71 63 77 84 72 81 74 77 65 73 83 65 78 72 72 74 67 70 64 76 71 68 82 72 81 74 70 76 83 69 77 59 65 65 64 70 75 72 66 67 66 59 76 73 68 66 66 78 67 84 64 76 72 70 69 69 70 75 69 70 75 73 72 73 73 71 77 70 74 70 63 69 72 68 68 75 75 69 72 80 78 70 75 78 71 73 64 79 76 69 73 76 66 74 70 67 79 75 70 68 68 68 77 76 78 66 59 81 69 67 63 74 65 76 75 71 67 70 71 69 72 65 79 76 79 75 80 67 77 59 70 73 70 64 63 85 63 65 70 72 
62 57 55 56 59 50 54 61 53 67 51 59 55 53 52 46 65 51 53 48 65 56 57 55 49 54 52 62 52 57 52 55 61 61 59 53 54 53 48 53 57 56 56 52 53 56 49 61 55 60 58 57 62 41 62 51 67 48 61 58 50 66 64 49 60 61 67 55 53 55 56 62 58 56 58 52 60 55 56 50 57 49 55 53 47 61 61 55 53 66 69 63 63 59 53 66 56 56 54 56 55 60 54 46 52 61 52 48 56 55 62 57 54 46 54 59 56 57 62 60 53 58 52 59 57 59 61 48 59 54 55 63 55 51 60 63 59 60 64 60 49 55 60 64 68 58 60 53 59 49 59 57 59 56 52 53 46 48 58 57 56 52 58 61 54 54 47 60 61 54 46 56 54 52 53 54 55 55 62 59 66 45 61 58 62 59 56 50 59 53 52 53 59 55 59 59 61 50 57 58 56 58 51 53 57 55 61 70 55 55 53 48 55 52 54 56 56 58 58 61 65 52 50 60 60 56 47 57 53 63 54 54 49 58 59 59 56 51 58 57 60 56 61 53 59 52 64 59 56 51 61 64 51 53 55 55 
69 67 65 60 71 60 63 60 56 67 66 69 72 72 66 65 63 70 66 63 71 62 77 61 70 69 62 77 61 71 62 62 64 67 61 63 69 66 74 64 70 62 68 71 68 74 60 66 66 71 67 71 70 55 81 69 77 72 77 71 65 72 65 60 66 78 73 69 71 65 62 73 74 69 67 58 69 76 68 70 66 62 66 63 62 66 68 70 67 74 75 75 76 76 72 71 64 74 60 67 68 71 61 60 68 67 67 57 70 63 79 70 64 63 58 71 69 59 78 76 63 75 70 74 63 73 74 64 70 65 74 72 64 63 60 76 64 74 72 66 59 76 65 83 74 67 69 68 65 66 72 59 71 71 66 63 68 58 69 73 68 60 72 66 61 70 68 65 72 68 64 73 73 62 69 65 64 66 76 75 71 67 71 65 66 66 59 72 68 63 67 71 69 63 68 71 71 73 67 70 65 68 58 72 70 76 79 68 67 75 65 62 69 63 62 72 71 64 73 75 68 69 61 70 65 62 64 73 68 70 73 65 69 61 60 72 69 64 67 69 73 69 69 68 70 72 75 76 61 67 58 77 64 64 65 68 
62 60 54 53 62 57 56 50 52 66 61 62 62 64 54 59 54 62 55 62 61 57 78 60 55 59 53 67 59 61 61 65 58 58 65 57 58 58 70 60 63 55 60 61 58 59 56 68 63 61 66 66 57 46 62 63 68 67 69 65 63 62 67 61 61 73 67 57 60 69 56 69 67 61 62 60 75 58 63 65 66 55 58 58 61 63 62 64 60 72 68 77 65 65 59 70 61 71 57 62 53 64 55 56 53 65 61 65 56 65 70 69 57 53 59 68 61 53 60 72 66 62 56 62 52 64 73 52 64 59 52 63 63 60 63 64 65 60 73 61 68 60 62 68 66 56 59 55 59 62 68 58 60 62 65 54 49 51 73 61 57 63 62 59 64 64 65 59 61 64 61 63 63 65 55 58 57 59 59 64 65 58 64 67 61 60 55 66 69 55 55 63 71 61 64 57 67 58 59 69 54 60 52 67 69 55 62 64 57 64 53 54 66 64 57 60 62 66 68 64 67 63 60 59 59 59 54 64 64 68 66 59 57 57 63 58 62 60 71 60 66 69 67 59 58 63 70 65 54 55 58 73 62 55 55 66 
76 68 67 71 75 63 61 73 70 71 56 68 74 69 59 61 78 67 70 57 76 72 75 65 70 70 58 73 57 70 75 68 70 74 58 69 64 71 71 69 77 71 68 70 68 80 69 69 77 70 72 71 71 52 79 70 77 74 82 76 69 70 69 63 84 78 77 78 68 67 71 82 78 66 73 67 73 69 69 75 77 67 70 66 69 70 73 75 67 74 81 82 84 75 75 79 68 75 65 75 69 82 64 67 72 67 74 67 74 76 79 79 65 60 65 75 70 62 76 73 71 83 74 66 67 84 76 65 73 71 64 59 65 69 79 79 70 77 75 75 74 70 72 83 78 77 79 60 62 68 69 70 71 65 64 65 78 67 67 66 66 68 75 69 65 77 66 60 76 74 74 70 64 66 60 78 70 66 67 78 70 69 75 77 74 66 63 77 69 67 63 68 77 71 74 72 74 62 76 69 63 73 63 71 66 77 86 70 67 74 66 68 78 75 59 78 67 68 78 66 74 67 60 75 67 68 63 60 62 66 76 64 72 68 63 70 77 67 76 69 77 78 78 67 76 67 70 79 66 67 56 84 71 67 66 66 
67 64 59 60 64 57 53 63 55 70 55 69 61 68 58 62 66 62 56 58 71 65 69 69 67 58 57 63 51 71 66 60 66 62 63 53 61 69 65 66 68 61 62 64 62 64 63 67 66 66 70 60 63 45 68 58 69 66 68 67 61 63 63 52 65 68 71 53 67 63 54 74 70 68 63 61 63 61 65 60 62 57 62 63 60 67 68 56 62 63 66 79 77 74 71 68 63 75 59 65 57 60 62 61 62 62 63 62 60 64 67 75 59 62 65 64 59 63 65 64 67 71 63 64 60 65 67 61 71 56 58 57 63 56 69 68 69 64 66 65 66 64 69 77 71 66 61 59 56 60 63 59 64 68 61 61 66 53 62 60 63 58 71 62 57 66 61 59 74 67 73 65 63 61 59 61 66 61 71 68 66 64 61 75 71 62 51 70 65 55 65 62 59 68 71 68 66 61 66 71 63 66 55 69 62 64 67 68 58 67 62 68 64 58 62 57 59 65 70 69 62 66 59 64 67 61 61 56 59 62 61 54 54 57 53 61 62 57 63 64 64 67 67 63 63 57 67 71 62 55 56 72 63 59 63 64 
63 63 53 54 57 55 58 62 60 69 57 62 67 58 50 54 64 67 60 49 68 66 71 59 56 58 55 60 60 61 57 64 64 63 63 58 58 65 58 63 62 56 68 59 64 66 57 64 60 64 60 61 59 49 60 64 67 61 67 68 53 69 60 61 65 63 62 64 60 64 51 62 71 67 64 64 67 55 59 58 62 57 62 62 58 66 60 58 55 60 73 75 75 64 61 70 60 63 62 68 59 70 54 55 62 66 59 52 55 61 76 65 56 50 58 58 66 58 63 70 63 71 61 63 54 61 70 58 65 57 65 65 67 62 65 70 65 69 68 62 58 64 61 64 70 64 61 51 61 56 57 59 56 65 61 55 63 57 69 57 53 59 65 65 61 63 51 58 71 62 63 60 57 66 50 63 58 65 55 61 66 67 57 63 58 57 58 65 66 62 60 64 58 68 65 58 61 55 68 61 54 56 59 59 68 55 59 67 64 64 56 62 65 60 49 66 63 66 60 60 60 65 55 63 62 62 62 60 61 62 64 59 59 56 59 59 64 57 63 61 65 58 66 51 63 56 65 69 63 61 61 66 65 66 60 65 
63 63 64 62 64 56 58 64 51 66 65 60 56 60 59 57 59 66 57 53 74 50 75 62 65 64 65 70 58 65 61 63 64 64 67 55 61 73 60 65 76 59 65 55 58 64 63 65 67 63 62 55 61 47 66 63 73 72 75 59 63 63 64 54 61 69 69 67 67 69 60 68 70 69 64 67 71 61 65 62 65 53 58 56 58 64 62 59 64 66 74 78 73 64 66 66 62 71 55 63 63 66 57 55 58 62 64 65 65 67 69 64 53 53 56 68 67 61 65 66 67 66 61 58 58 66 70 58 70 59 61 64 61 47 57 64 67 62 73 62 59 67 63 71 69 55 67 55 61 63 58 67 64 64 62 59 55 60 68 64 55 53 66 64 63 67 62 65 67 60 70 62 63 59 58 68 58 68 59 63 67 66 68 68 67 58 44 55 72 53 54 67 64 63 62 64 74 59 59 62 54 59 54 70 66 64 63 66 61 64 59 58 65 63 58 60 68 59 72 68 63 60 53 70 72 65 58 61 65 59 68 58 63 67 53 59 63 60 72 67 69 64 78 63 65 59 66 70 59 63 58 73 62 61 64 67 
70 71 67 69 73 67 61 68 59 84 61 81 69 79 68 71 74 74 70 67 79 69 86 69 68 72 71 79 64 81 65 71 64 72 65 62 72 74 58 69 69 63 77 70 67 71 70 69 59 74 72 76 74 56 79 73 80 73 80 78 62 75 81 70 73 79 72 67 66 68 61 77 75 72 78 71 86 80 77 78 77 62 73 69 71 74 72 74 65 76 85 81 86 83 72 75 74 74 69 83 61 75 69 67 64 69 67 70 77 79 87 72 64 72 70 77 75 67 77 78 73 82 69 73 64 69 76 73 81 72 73 75 74 63 69 80 66 71 83 72 71 78 69 87 81 76 78 64 70 74 68 80 71 76 74 62 65 62 74 67 65 67 69 76 58 72 71 75 85 67 69 73 64 69 65 81 72 67 73 76 81 66 71 69 78 69 68 73 68 68 67 78 78 65 73 78 83 73 82 70 70 72 69 83 67 73 75 75 76 79 70 65 78 79 67 69 80 66 79 84 78 67 63 81 75 70 74 71 73 72 71 64 67 65 67 64 75 74 79 66 69 74 70 71 79 65 78 74 73 73 67 86 65 66 65 73 
72 68 68 60 71 62 64 74 63 75 63 77 72 72 65 59 71 73 62 62 68 71 72 62 66 73 70 72 63 63 69 67 69 71 59 65 68 78 62 70 72 62 67 67 76 69 64 70 79 66 76 77 65 47 75 64 89 81 75 67 62 64 76 77 72 78 80 64 69 69 71 73 78 77 70 64 70 68 63 77 79 62 65 69 65 72 71 65 62 79 79 73 82 75 66 75 64 74 63 72 64 66 65 64 70 77 71 65 66 63 76 72 64 65 66 64 65 66 69 82 69 76 65 77 63 78 74 62 74 77 67 71 69 67 71 68 73 80 83 69 76 72 77 79 76 74 74 60 65 69 60 66 68 62 57 62 68 58 80 71 67 67 60 67 62 79 62 73 76 65 69 69 62 66 68 70 61 70 68 72 71 77 69 73 71 64 59 66 75 65 70 68 66 71 70 79 79 69 71 65 57 71 65 69 70 72 62 78 63 78 73 65 71 66 68 67 70 62 78 72 67 68 57 72 71 68 73 67 69 66 82 68 67 67 67 66 71 71 75 69 69 72 73 65 70 62 73 74 66 66 62 88 68 70 63 70 
66 61 55 60 59 58 55 57 54 77 57 56 66 64 56 63 64 65 58 61 62 63 71 60 68 59 53 69 57 73 60 62 57 67 57 63 64 62 62 65 56 71 59 65 68 68 61 68 62 62 68 60 66 49 67 59 67 68 69 65 66 68 64 56 68 66 65 62 62 63 64 70 62 68 64 63 64 69 66 66 72 58 55 55 60 67 67 60 63 69 70 75 71 74 71 67 64 67 60 63 65 67 54 56 57 72 61 57 61 65 81 68 63 60 62 69 63 61 65 62 65 68 62 63 63 60 70 63 65 57 59 53 60 60 69 61 63 70 75 63 62 62 69 71 76 70 63 57 65 59 57 56 66 65 60 58 60 51 74 64 71 55 66 62 51 69 59 61 61 65 66 71 57 55 59 66 60 50 60 71 65 61 60 72 63 56 56 65 64 57 56 71 65 59 70 60 69 59 69 63 62 65 58 71 65 71 67 64 64 64 58 61 73 63 62 64 73 62 66 70 64 66 52 66 65 63 63 62 58 72 67 60 64 57 55 66 69 55 63 62 72 65 68 56 61 65 72 75 59 64 59 76 60 67 63 63 
62 62 54 58 65 53 55 46 56 67 57 57 63 64 55 56 70 60 59 61 69 63 68 60 58 64 61 66 53 68 61 65 56 55 57 48 56 59 60 59 62 63 67 56 63 63 54 68 61 65 68 66 53 46 65 53 73 59 74 60 60 59 68 60 64 76 65 59 57 64 49 65 67 68 61 57 64 64 66 57 69 61 57 51 60 65 66 61 58 70 65 70 70 68 63 71 60 67 60 69 56 57 55 63 54 66 63 60 56 64 71 63 59 60 58 67 66 51 63 65 68 72 64 67 47 71 68 63 69 59 55 60 58 61 62 61 57 59 63 64 68 59 60 66 68 62 74 53 57 55 54 60 59 68 60 57 52 56 65 58 50 50 58 59 55 65 54 60 72 60 64 64 59 61 55 67 55 54 61 72 69 53 63 65 61 67 59 60 60 58 67 61 64 59 62 64 69 57 62 62 46 61 57 61 55 62 70 68 60 61 68 61 71 68 64 56 60 51 62 74 54 69 51 63 61 64 60 61 56 63 59 60 68 58 53 59 57 57 65 60 73 63 64 57 60 59 64 69 60 58 51 69 61 55 54 61 
71 62 63 61 66 58 55 61 57 63 62 60 56 63 56 56 66 60 53 54 69 67 72 54 55 56 61 65 52 66 62 64 61 56 57 52 61 57 58 58 58 55 69 57 60 60 61 60 60 69 59 65 62 43 67 65 69 65 69 57 52 61 66 55 62 71 66 62 57 64 60 66 56 59 59 52 64 59 65 58 62 57 57 60 58 63 65 63 57 64 75 74 67 69 53 67 51 72 53 65 62 63 50 63 54 57 57 59 68 64 67 61 53 55 58 64 66 54 63 61 50 63 59 68 58 63 71 57 67 63 59 58 63 49 58 64 60 58 67 57 57 69 59 64 69 64 63 55 60 63 54 68 58 67 53 52 56 51 65 61 57 52 58 59 56 65 51 62 73 55 56 61 57 55 56 67 54 60 66 61 61 58 59 63 62 61 52 59 62 61 59 59 58 51 49 70 66 67 63 67 58 64 56 62 64 57 66 69 64 56 59 49 65 63 60 63 58 53 67 68 64 64 62 57 59 55 58 53 67 62 56 67 58 59 56 54 59 56 68 68 73 63 56 61 60 55 62 63 63 58 51 71 52 54 54 65 
62 54 55 59 61 49 59 58 59 70 55 59 62 62 51 62 69 66 48 48 63 66 63 59 61 70 61 68 61 66 60 58 59 60 59 60 59 65 62 62 64 61 61 62 61 65 58 63 65 61 72 64 60 51 59 65 65 53 71 64 57 61 60 64 61 75 67 61 65 60 61 66 69 63 60 55 65 62 66 64 60 59 59 56 58 56 64 62 57 74 69 69 70 68 67 62 62 65 54 64 60 66 50 50 61 63 58 57 60 51 70 65 57 54 59 66 64 60 61 73 63 71 60 65 58 68 68 59 68 60 57 60 56 60 71 68 66 67 63 56 61 60 64 70 71 65 69 58 54 62 62 60 63 59 58 62 60 58 58 66 61 60 57 61 54 67 60 57 69 73 56 64 60 57 49 62 60 60 60 62 64 60 63 63 66 59 62 61 60 65 59 62 66 63 61 62 65 64 65 60 64 66 53 66 68 58 60 62 61 62 56 69 69 57 55 65 60 67 68 58 63 59 60 68 60 52 59 67 66 62 61 61 68 55 59 58 60 56 72 59 59 65 63 61 62 57 72 71 58 58 56 69 55 56 60 65 
58 66 58 61 58 54 53 67 64 70 61 62 60 64 62 54 69 63 57 57 70 55 66 55 55 61 51 63 60 59 56 64 67 60 55 57 57 65 61 64 66 55 72 58 58 56 53 61 58 62 68 62 59 45 66 61 78 65 69 64 51 48 62 58 61 59 60 64 60 66 56 68 65 63 63 57 68 52 63 58 68 50 53 59 64 55 64 55 58 68 70 79 76 69 65 71 61 71 55 61 55 68 56 58 52 67 65 62 62 67 71 66 59 56 63 64 60 57 65 73 58 73 56 65 59 62 73 62 66 66 63 63 63 59 59 66 62 62 72 63 62 60 64 62 68 60 60 50 56 62 60 61 61 62 52 52 51 51 63 62 58 54 56 64 54 60 56 57 63 67 61 58 58 60 55 66 55 66 60 66 69 55 56 62 63 66 58 62 63 52 61 60 67 60 62 62 70 58 61 67 57 61 61 69 60 62 58 66 63 62 60 60 61 60 50 65 60 59 64 64 64 63 56 75 68 67 56 60 62 60 69 61 64 59 58 60 63 53 71 59 63 61 62 64 66 58 60 64 62 58 56 78 61 63 56 62 
52 49 51 57 53 52 52 53 50 53 46 57 67 56 50 56 56 54 58 44 52 48 55 55 49 60 55 60 44 57 56 57 54 55 57 52 53 57 49 62 52 55 64 58 50 51 53 54 55 53 54 52 50 39 61 54 57 62 58 63 46 62 58 42 54 59 62 51 54 57 54 64 60 53 58 55 60 53 55 55 61 49 53 54 55 52 67 43 55 64 54 63 66 64 63 60 56 59 58 58 50 56 48 46 53 50 52 52 57 54 61 59 49 48 57 58 60 48 55 65 50 64 53 52 51 51 62 57 58 49 50 50 55 54 56 57 52 58 65 54 57 51 59 52 67 53 62 53 47 55 54 55 49 56 57 50 51 52 60 54 53 50 60 60 48 59 55 50 65 55 53 55 52 54 49 53 48 54 55 58 65 60 61 58 58 56 46 60 54 53 53 57 60 55 51 52 60 51 61 52 56 54 46 59 51 56 58 54 55 59 46 47 59 65 53 53 58 49 62 56 56 56 52 56 54 50 50 56 57 57 59 50 49 52 45 53 55 49 66 68 50 51 55 51 58 55 64 60 63 54 44 66 43 57 55 55 
62 59 51 58 72 44 48 55 56 61 56 61 56 53 60 51 63 61 46 53 55 53 63 58 59 57 56 69 54 67 56 57 57 56 60 56 60 60 58 64 59 58 64 60 56 63 55 65 63 55 63 60 52 45 61 60 63 63 67 63 56 58 65 50 58 62 63 57 52 66 52 71 60 53 57 59 63 57 57 61 62 48 60 58 49 59 67 60 51 64 70 69 67 69 64 66 65 66 56 57 54 65 55 56 57 59 56 51 53 66 68 60 53 53 49 61 61 54 63 67 58 69 61 58 55 58 68 59 63 52 57 49 66 55 58 72 65 57 64 59 55 62 61 54 65 51 60 52 55 58 53 54 56 63 69 55 52 56 59 56 56 60 61 66 61 62 50 62 67 60 54 70 58 52 59 53 55 55 61 71 62 55 65 54 60 53 48 56 53 54 56 56 60 58 58 62 58 56 53 59 59 65 48 62 65 61 69 68 58 57 53 52 65 60 57 56 66 59 64 62 63 65 58 61 62 49 61 59 61 58 58 59 62 50 53 58 56 51 65 60 60 58 64 59 66 59 68 65 57 58 52 71 58 51 52 59 
62 68 58 62 64 57 65 59 55 70 57 62 69 63 66 59 67 70 63 58 73 66 76 66 62 65 59 65 53 61 68 63 55 66 60 63 69 65 62 64 72 69 69 62 61 69 67 70 71 55 67 68 64 54 73 62 76 69 71 68 61 63 70 63 64 69 75 67 64 64 56 68 72 69 64 61 63 65 79 62 65 61 66 64 60 68 66 69 70 72 82 72 79 61 70 74 65 74 65 71 66 63 59 54 67 64 70 61 68 64 79 63 59 57 56 64 59 58 66 75 70 75 61 64 56 70 77 64 69 58 66 61 65 62 62 75 63 72 66 66 67 62 65 67 70 65 72 59 55 60 68 61 67 67 63 65 66 62 61 67 65 56 69 65 63 75 59 60 71 71 65 60 65 59 64 67 60 65 71 74 76 69 71 66 69 64 61 63 71 58 66 58 59 68 70 68 64 67 68 75 55 69 62 74 56 67 69 71 63 68 64 62 66 64 66 64 63 67 69 67 69 69 59 71 65 67 60 67 63 57 73 64 59 63 59 64 62 61 71 67 71 73 68 57 63 63 63 73 67 61 59 71 69 62 66 67 
69 76 66 69 77 50 53 68 67 74 64 66 79 72 62 62 72 75 72 65 80 67 74 67 62 63 59 72 62 76 67 77 75 67 67 68 70 76 65 72 67 63 66 59 68 67 64 70 70 72 73 69 70 45 70 67 76 76 76 73 74 68 64 63 74 82 71 68 66 71 60 75 79 64 71 65 74 77 73 75 72 65 62 66 70 67 65 68 64 72 79 77 90 71 70 73 69 78 62 74 73 80 64 63 64 65 59 63 72 74 83 72 66 67 62 72 67 63 80 77 72 81 62 69 57 72 84 58 76 66 69 68 65 66 61 73 68 75 75 65 67 70 75 78 79 73 69 57 65 66 72 67 76 70 62 68 70 66 77 68 69 66 72 72 56 75 61 66 74 77 71 67 62 69 60 65 65 65 71 73 82 69 65 73 77 68 56 75 68 74 63 73 67 67 68 69 73 63 76 65 64 69 60 72 74 67 67 79 70 69 64 67 79 67 67 70 67 69 68 70 63 70 67 76 71 71 62 75 72 67 75 65 71 63 67 74 70 62 75 71 83 71 72 64 69 62 70 80 69 63 65 75 67 69 69 64 
62 81 65 67 71 64 55 63 58 76 61 70 73 71 61 58 74 65 57 61 73 62 68 63 66 75 61 72 65 62 67 72 74 66 64 62 73 80 66 69 75 69 74 67 61 75 69 65 71 68 75 65 71 49 72 64 82 78 74 68 60 72 80 66 75 78 76 68 70 78 63 85 72 70 71 65 67 79 68 68 67 61 71 74 66 77 63 77 61 74 83 78 84 73 68 75 58 76 65 73 64 68 64 61 60 72 66 65 67 66 71 70 63 61 66 70 62 65 71 88 70 73 66 60 68 75 73 65 72 68 71 66 63 64 65 63 69 62 72 73 65 70 69 80 71 71 71 63 61 63 66 64 68 66 67 59 66 62 72 73 66 71 72 68 66 79 66 71 77 70 64 69 71 67 61 71 65 70 61 63 72 65 72 70 76 73 63 68 73 57 54 73 77 75 64 75 75 70 77 78 59 74 67 76 69 73 70 78 64 73 72 62 69 59 63 72 64 71 81 75 72 60 59 63 66 66 67 67 73 72 72 64 68 68 63 68 71 69 73 66 69 68 76 64 71 64 67 74 63 68 66 76 70 67 64 65 
62 66 66 68 73 67 62 63 61 70 64 73 66 67 62 61 70 72 56 65 70 72 73 59 69 68 59 78 63 63 69 64 69 59 72 63 66 70 73 72 72 70 68 61 67 74 62 71 73 66 70 74 71 49 72 69 81 77 79 75 68 62 73 60 73 82 71 70 70 71 68 85 80 70 72 65 71 72 68 68 73 62 72 63 65 75 70 68 73 83 78 82 77 77 66 77 71 77 68 77 66 75 63 64 61 72 69 69 66 75 72 77 65 68 62 76 75 68 72 75 70 74 67 66 63 71 76 68 79 69 66 69 63 61 73 74 65 67 74 66 75 75 77 75 78 67 74 63 69 66 71 61 73 64 68 59 65 61 70 76 60 65 70 76 68 78 61 65 74 66 77 79 67 65 61 77 58 65 61 69 70 65 68 63 72 69 58 77 69 66 61 72 77 78 72 67 75 69 66 79 58 60 62 73 66 70 72 71 63 69 74 65 76 72 71 67 66 69 72 75 58 64 60 68 71 69 57 76 72 72 74 68 70 62 63 68 73 70 77 70 74 71 74 68 72 63 67 80 61 67 63 75 68 67 70 66 
63 66 53 53 53 52 54 63 52 67 58 63 64 54 53 50 59 59 44 50 57 52 71 65 67 59 57 61 55 55 55 59 65 57 56 56 55 65 60 68 65 53 67 58 50 57 56 63 63 51 65 59 60 51 55 52 74 66 67 55 53 61 62 60 55 65 61 66 59 62 63 66 68 59 59 60 65 62 60 61 68 46 61 60 60 61 59 66 55 56 72 73 61 65 61 71 63 67 53 65 59 65 51 56 58 67 62 57 65 65 69 66 48 58 53 64 62 52 64 70 64 68 63 59 53 66 67 61 57 65 61 66 54 55 63 68 64 63 71 56 66 57 67 68 69 55 60 49 53 58 54 56 51 59 49 56 62 55 66 47 61 62 54 72 54 66 61 54 62 57 59 63 57 51 55 56 55 59 58 66 62 60 64 58 53 59 47 55 65 52 53 61 56 59 70 63 66 61 60 63 51 54 55 63 62 62 61 62 56 66 57 55 68 60 57 65 63 55 65 61 53 57 55 64 66 57 57 64 50 58 66 59 63 56 56 58 61 57 59 54 64 58 65 59 57 54 54 69 52 50 56 73 60 58 54 57 
68 59 58 57 60 54 58 60 53 76 50 65 62 63 46 58 62 60 59 53 64 60 74 60 52 59 51 55 49 63 59 60 63 60 63 68 61 59 52 62 66 57 70 61 62 63 55 64 56 56 73 56 69 48 73 56 70 57 59 57 57 62 63 56 67 69 66 60 66 67 56 64 65 59 57 60 57 62 64 61 60 55 62 60 67 61 69 59 52 66 72 71 69 68 59 69 55 65 56 64 64 65 55 57 52 65 62 62 59 59 75 67 55 52 62 59 57 59 59 70 59 63 56 66 53 66 65 60 57 58 53 64 59 60 64 69 56 75 77 57 62 64 70 65 71 66 60 54 55 63 61 57 52 65 60 53 54 50 66 60 68 58 61 69 48 63 61 60 63 64 66 58 63 59 57 60 55 57 68 66 70 60 59 63 63 60 55 62 68 64 52 59 62 62 56 63 66 55 67 64 64 70 51 62 62 67 64 67 56 60 55 66 66 64 57 69 64 64 67 68 64 68 54 66 64 53 58 63 52 67 62 55 64 60 57 53 61 61 67 57 64 59 72 60 63 54 72 63 58 57 55 74 60 65 65 64 
68 65 62 63 67 62 58 62 62 70 59 69 68 70 56 61 62 70 55 64 71 56 72 66 56 60 64 73 62 74 67 65 65 60 65 63 69 65 63 56 69 69 71 65 64 68 62 67 62 71 68 72 67 52 70 71 76 66 73 72 62 61 65 61 75 74 72 71 66 62 63 63 67 69 72 63 62 58 68 75 68 65 58 63 61 73 64 61 66 73 76 73 80 78 74 66 68 64 61 73 63 65 63 59 57 68 66 67 74 67 75 73 62 59 62 68 65 60 74 70 66 76 59 67 59 76 74 58 69 61 67 62 65 63 64 74 77 69 70 64 69 69 75 79 67 65 66 57 66 57 58 58 64 70 66 64 67 59 72 61 65 65 68 72 68 63 56 54 67 68 62 71 61 65 62 64 59 58 60 70 65 75 72 78 67 66 53 63 74 64 68 74 63 62 65 73 75 58 67 65 62 64 62 69 70 62 74 79 58 76 67 64 75 69 55 69 64 58 74 79 68 71 64 74 70 62 72 65 64 66 68 59 64 61 67 60 62 64 72 65 75 70 67 57 64 59 74 71 62 61 50 76 65 62 53 64 
63 69 52 56 69 53 52 66 60 68 60 66 64 64 65 51 61 68 57 64 59 58 70 54 56 66 51 70 52 65 56 64 62 68 61 58 69 61 54 67 60 58 65 58 57 59 56 64 63 62 67 60 60 52 63 61 64 69 72 71 55 61 64 50 63 65 73 68 65 62 57 74 71 69 64 61 67 64 56 57 69 48 72 62 54 68 60 61 54 66 78 77 85 58 63 68 58 68 62 57 64 66 53 50 56 62 51 54 62 59 75 68 60 63 63 62 64 60 64 67 64 72 62 62 57 67 71 55 69 58 63 60 52 60 62 68 60 65 66 63 56 62 71 69 72 56 65 57 51 58 59 65 60 64 65 56 52 53 71 62 54 61 64 66 60 62 59 66 68 68 63 66 58 61 56 59 65 62 66 75 67 66 59 60 62 56 52 66 65 57 61 63 68 66 66 66 61 61 63 55 54 68 50 68 59 65 65 71 65 68 62 59 71 53 58 63 71 65 66 62 69 64 56 73 71 55 65 69 67 57 66 66 59 50 60 61 65 59 65 56 62 63 73 57 68 54 70 68 61 62 55 74 61 60 61 63 
59 60 62 64 68 55 55 62 60 65 56 68 74 64 56 55 66 62 57 52 72 63 77 60 61 69 56 68 60 68 68 65 55 59 62 66 65 58 57 62 67 59 60 60 57 58 63 70 60 67 64 62 66 55 66 66 74 68 79 73 57 70 66 62 69 79 62 70 61 74 63 74 74 68 68 61 61 74 65 69 65 64 67 66 62 65 60 69 67 63 77 72 74 75 62 68 66 67 68 60 65 69 57 58 58 65 64 61 59 65 74 72 63 55 56 66 59 51 71 75 62 78 62 63 62 72 73 62 70 64 62 64 59 58 62 66 70 65 62 65 61 64 66 73 70 63 60 59 60 64 66 54 71 74 63 63 68 66 67 64 67 57 69 67 57 64 62 56 73 69 75 68 64 60 57 64 58 56 64 70 72 61 65 69 68 62 55 68 59 58 56 61 60 63 60 67 73 54 70 60 59 70 57 75 71 61 67 69 61 65 59 69 70 66 61 64 62 62 72 67 63 68 55 67 63 63 57 61 60 59 70 58 56 59 60 58 65 61 65 61 68 74 70 68 69 57 69 68 61 60 58 71 62 64 60 67 
70 68 58 58 68 60 57 57 60 64 60 70 69 65 64 64 57 65 52 58 68 66 76 64 59 68 60 64 63 66 71 65 61 59 62 58 65 69 67 68 69 62 68 67 66 69 70 65 61 59 66 60 70 50 75 69 71 70 73 71 63 66 69 59 69 67 68 62 65 70 58 77 69 58 75 68 66 71 69 71 68 64 65 60 64 70 71 65 64 72 76 77 76 68 69 69 53 68 62 69 60 73 53 60 61 63 60 61 73 67 74 68 54 66 64 63 71 61 74 69 68 70 58 66 63 62 69 65 71 60 60 60 64 64 62 68 69 71 65 66 66 67 76 73 81 58 70 61 58 65 70 65 63 63 59 56 63 64 65 64 60 57 61 74 64 67 57 63 75 66 64 68 63 62 53 65 63 64 73 67 68 70 73 66 65 59 53 62 66 59 59 62 60 66 63 68 77 58 65 67 64 61 64 71 62 67 66 63 62 70 63 55 67 60 62 71 66 65 79 72 67 67 59 72 71 68 72 66 59 67 64 63 56 73 62 57 59 65 71 64 72 69 66 59 65 59 69 67 62 66 54 79 59 62 66 68 
62 62 61 61 60 60 52 62 51 69 58 60 55 55 59 60 68 70 58 52 74 59 65 61 59 67 59 71 60 67 68 61 67 64 59 62 63 70 63 71 72 68 63 60 59 64 66 61 60 59 70 65 66 47 66 67 77 74 62 68 59 69 62 53 69 71 70 62 56 68 61 72 67 72 63 61 67 64 69 66 65 60 67 63 63 64 67 60 66 71 67 74 75 81 67 69 61 72 56 64 59 64 52 52 61 62 63 59 55 63 68 72 58 52 62 71 65 58 71 71 58 67 70 59 67 67 71 63 70 64 58 62 62 57 63 66 62 62 65 63 62 54 72 71 71 65 64 59 56 54 66 58 62 66 57 64 59 51 69 65 56 57 67 64 62 70 62 63 67 68 71 64 62 60 55 67 58 65 54 63 69 63 63 73 65 58 54 55 64 67 57 65 71 68 60 60 66 57 61 67 63 65 56 64 69 61 66 62 64 61 57 61 60 63 60 61 69 65 57 67 65 65 53 73 64 66 53 58 63 64 62 62 63 61 58 56 68 58 69 67 61 63 74 60 71 60 72 75 61 61 59 73 65 58 68 68 
61 57 57 59 57 50 57 54 64 64 53 59 69 61 50 57 63 59 60 57 71 58 73 61 57 64 59 64 57 64 57 61 55 64 61 59 64 64 61 63 67 65 59 64 62 69 58 61 56 63 61 62 66 46 75 64 72 65 72 62 62 63 67 56 76 73 68 72 62 62 55 74 68 60 60 55 60 70 59 61 62 58 55 64 59 63 54 68 66 68 80 68 74 63 63 67 61 68 64 65 62 64 53 56 60 61 63 54 62 63 76 69 61 49 58 60 62 59 69 80 58 67 63 58 57 63 72 57 68 58 58 64 57 59 67 62 65 69 55 65 61 61 59 72 72 53 61 60 62 60 59 62 65 70 54 63 62 60 61 60 58 57 64 65 57 67 61 57 57 61 57 60 62 60 59 72 60 73 58 72 64 61 61 61 64 63 59 62 64 62 55 65 63 66 63 68 71 56 60 66 52 59 53 71 66 69 69 61 58 61 60 65 64 65 55 64 66 65 63 70 62 62 53 64 62 61 57 61 60 60 67 66 56 62 54 62 66 62 67 57 63 64 69 53 72 60 67 65 62 55 59 73 55 58 65 63 
68 64 53 62 66 54 60 64 63 71 57 70 68 67 59 59 68 64 66 57 67 63 70 60 67 73 58 70 58 67 76 66 69 67 62 66 63 67 63 68 66 63 66 70 65 67 61 64 59 61 67 66 64 47 76 65 75 67 71 73 61 68 67 55 71 65 76 70 61 64 65 79 71 67 69 67 63 65 66 69 68 60 67 67 69 71 66 73 62 72 78 75 83 67 61 62 68 77 60 60 63 78 64 62 62 72 65 62 61 70 71 68 64 59 63 70 71 57 70 71 65 68 65 61 63 69 77 62 70 62 65 67 63 62 62 71 71 66 71 68 66 64 65 68 71 56 66 60 62 57 63 59 73 75 57 70 66 60 69 65 57 53 69 70 63 72 62 67 68 65 60 61 61 73 56 75 62 70 57 73 64 60 68 65 67 62 67 70 64 70 64 67 61 71 63 71 68 57 66 69 64 67 60 70 66 72 68 65 55 62 58 66 66 59 59 65 59 69 72 68 73 67 60 71 68 71 62 61 58 64 64 61 58 58 64 68 66 59 66 62 61 64 73 71 71 63 64 66 71 61 57 77 59 60 65 67 
62 57 58 61 61 49 52 58 53 64 55 66 61 58 54 57 64 59 55 50 67 64 64 61 60 60 57 65 56 71 63 59 60 60 56 56 58 68 62 62 61 62 66 62 66 69 55 70 64 64 63 62 61 42 64 59 67 63 69 57 60 63 63 57 58 69 67 64 63 62 55 71 67 67 59 50 68 64 66 58 67 54 55 57 62 68 60 65 62 66 67 71 71 70 65 74 60 61 54 64 63 64 51 50 56 61 63 49 66 60 68 68 49 54 54 69 56 53 69 71 54 68 61 63 53 68 71 61 66 64 55 57 63 57 61 67 62 63 62 56 60 62 57 71 66 65 61 50 57 52 60 58 68 68 61 61 62 55 59 65 57 55 58 66 54 72 54 54 67 62 63 60 55 57 56 71 56 61 61 60 65 58 68 61 67 61 52 62 53 56 57 59 61 54 65 63 64 60 65 56 56 68 54 57 69 61 65 61 61 58 54 59 68 66 55 69 60 57 67 60 55 64 62 63 58 62 55 60 59 60 62 52 61 59 60 63 74 52 71 60 66 61 70 53 65 57 67 66 61 56 53 66 56 62 54 51 
58 56 57 51 59 56 60 56 50 65 50 65 61 63 58 62 63 59 56 55 67 62 70 62 69 63 56 67 48 60 61 65 64 62 51 56 63 65 64 68 61 66 65 63 56 67 60 59 59 62 66 58 61 50 70 57 72 62 68 66 57 61 61 64 66 61 61 66 62 61 51 67 55 61 68 62 66 62 61 63 64 55 68 65 63 64 62 70 48 64 75 66 75 69 60 70 56 66 55 67 61 58 58 59 56 72 68 51 59 67 71 66 58 56 56 69 61 58 66 68 65 68 60 57 65 60 66 61 63 57 63 59 60 60 58 72 66 70 71 59 62 70 63 67 72 59 65 54 52 57 56 58 52 62 60 58 67 48 66 54 60 59 66 59 60 64 62 54 74 67 62 61 56 56 56 59 58 53 62 66 58 65 58 67 64 56 55 62 68 57 61 64 62 60 61 60 75 57 61 63 58 61 54 65 67 66 59 63 59 68 66 64 59 57 53 65 60 57 70 60 69 63 64 59 60 60 63 63 64 68 59 59 54 57 60 62 71 58 66 59 66 64 63 62 65 60 63 66 55 57 61 79 57 61 56 58 
61 64 54 55 60 60 57 60 58 60 57 66 62 66 51 52 63 63 61 54 62 57 69 59 65 57 55 61 56 65 56 59 65 57 66 57 55 69 63 65 57 65 65 54 61 65 53 62 63 60 61 61 63 43 65 59 63 57 67 61 66 59 58 58 62 63 65 61 58 66 57 70 63 60 67 59 76 76 61 65 60 49 55 58 58 62 64 64 63 67 70 67 73 68 67 66 63 66 60 71 61 59 58 63 67 65 56 64 66 67 67 63 57 56 58 70 65 59 63 71 65 72 56 51 54 63 67 63 74 59 61 66 63 62 64 71 63 71 76 60 59 70 66 70 68 55 63 55 52 61 58 63 64 68 66 53 60 58 64 55 54 61 61 65 53 62 60 59 70 64 67 65 60 61 55 62 56 58 62 65 69 64 62 59 65 57 46 67 66 53 58 66 71 59 59 58 74 57 62 74 55 54 49 63 58 63 59 72 57 64 66 63 62 61 54 59 61 60 72 66 60 71 58 68 56 56 52 68 57 68 57 70 57 63 54 57 63 62 68 62 69 59 68 60 62 65 73 62 55 58 59 70 58 60 60 60 
55 63 52 57 58 50 51 62 59 70 49 58 61 60 57 54 59 59 56 47 67 62 68 62 61 52 55 63 56 61 55 56 55 69 63 56 62 76 53 60 57 64 61 55 62 63 61 60 66 60 61 62 63 51 63 57 65 60 65 70 60 54 57 55 63 59 65 61 58 58 53 59 66 56 64 55 63 69 62 62 61 55 56 59 59 61 56 59 60 63 76 67 77 60 61 68 60 65 56 72 60 65 51 51 60 61 62 60 66 68 70 64 62 56 57 63 59 62 70 63 62 70 63 59 46 64 66 55 65 53 63 63 54 62 63 62 61 66 64 59 58 55 67 75 67 60 65 54 57 57 52 59 67 61 55 55 58 58 54 63 57 59 60 62 54 65 54 54 64 63 54 62 59 55 46 58 58 59 58 63 69 67 62 60 54 59 51 62 64 54 53 67 58 61 62 58 66 55 67 64 50 60 56 72 60 61 51 70 57 62 69 61 64 56 51 57 60 66 58 67 55 60 48 60 66 57 60 71 58 59 67 61 54 59 52 57 65 64 59 57 68 61 67 55 58 55 61 66 56 63 60 67 57 57 58 54 
66 69 58 68 68 55 54 61 64 68 61 68 68 64 67 63 64 74 64 60 69 61 73 69 60 69 64 68 65 72 71 66 66 69 62 65 68 76 73 63 75 64 69 67 63 70 69 68 74 63 64 65 59 45 72 57 75 69 73 67 60 69 72 62 70 83 76 64 62 68 67 74 73 77 63 63 65 66 70 65 68 60 61 62 58 72 67 60 66 77 70 81 78 69 67 74 57 75 58 66 61 62 61 63 65 65 61 57 65 70 72 74 59 62 71 62 66 58 73 71 61 76 59 71 64 70 86 62 71 67 70 60 65 64 66 67 68 69 70 68 64 62 76 75 72 65 73 56 57 65 61 62 68 71 62 60 58 57 70 69 58 62 64 67 62 71 61 73 74 69 67 67 69 68 59 69 67 64 59 68 70 59 62 74 74 63 64 67 61 65 61 70 72 64 57 68 69 57 67 70 66 73 61 64 64 63 68 75 63 75 70 57 75 69 63 73 69 66 70 73 73 66 61 83 74 66 66 68 66 71 68 61 65 66 65 59 64 60 77 69 70 65 65 62 70 69 78 73 66 60 59 78 67 62 67 68 
66 64 50 56 66 57 57 63 52 70 55 60 58 62 55 56 60 61 53 51 67 63 70 55 66 59 55 72 61 70 59 60 63 63 66 60 59 69 64 62 70 56 60 63 62 66 61 62 66 66 64 64 65 51 74 64 64 67 61 71 57 65 65 57 65 67 75 52 64 61 58 70 70 66 69 56 61 64 63 64 60 54 65 59 63 67 68 63 68 69 69 82 72 66 60 63 54 59 59 61 57 60 56 56 63 65 67 55 64 64 66 61 55 53 53 71 53 56 70 65 60 76 70 71 63 67 68 58 74 60 62 63 65 60 61 68 64 64 74 65 60 65 59 70 65 62 66 54 53 57 65 56 67 64 62 52 64 59 56 68 55 59 60 66 51 64 56 67 74 64 64 66 60 66 58 60 64 59 68 69 75 60 72 56 69 58 52 63 55 57 62 61 61 57 58 67 66 57 64 66 66 62 56 65 65 57 67 66 58 74 64 52 64 54 64 66 68 64 71 56 68 62 55 65 66 61 60 65 64 65 60 58 55 57 59 62 61 58 61 64 65 62 61 52 71 61 71 67 60 60 59 68 57 57 58 75 
63 58 63 59 65 64 56 61 60 70 53 57 65 58 52 58 69 70 64 52 67 56 70 56 64 52 60 64 53 60 56 63 66 64 58 57 62 65 58 62 69 53 63 62 55 62 61 62 56 64 68 59 64 43 64 57 76 64 66 68 59 62 65 56 73 67 67 57 66 61 54 77 76 67 61 55 69 72 64 62 63 57 59 69 57 62 65 64 50 69 73 78 72 67 69 77 58 71 52 68 58 71 61 61 55 60 56 57 64 63 59 70 63 53 71 67 65 63 60 75 57 70 66 58 63 63 68 58 64 67 69 61 55 65 58 64 63 60 63 60 57 63 61 74 68 61 67 55 61 60 62 62 63 68 59 48 57 51 74 58 68 68 65 67 59 68 59 64 70 60 58 62 58 67 65 58 67 66 62 69 64 62 61 70 67 65 61 62 64 55 55 66 65 58 64 61 63 61 63 64 59 67 57 60 70 68 68 68 62 62 60 60 61 57 54 58 65 52 66 68 64 67 53 72 68 57 53 65 60 64 65 62 66 62 60 57 70 55 70 62 66 63 68 63 69 53 60 67 67 55 62 78 69 60 60 61 
63 70 66 67 70 66 53 66 60 75 58 65 62 62 60 55 64 63 61 56 71 52 72 62 65 61 64 69 58 78 63 60 61 65 65 52 62 69 62 66 60 63 72 60 60 65 63 67 66 62 65 67 62 44 71 71 73 68 77 62 63 64 66 58 65 78 67 66 64 67 65 72 76 69 62 70 71 69 65 69 65 59 65 66 57 66 71 60 71 73 78 83 72 72 63 77 65 64 61 65 71 65 51 57 59 67 56 58 67 66 72 72 58 60 62 73 71 56 70 70 64 76 64 59 58 74 73 61 76 58 64 62 67 55 68 63 61 66 60 70 58 63 66 67 69 54 72 56 62 57 64 59 62 67 69 60 57 59 74 57 56 57 58 67 59 70 56 62 72 66 59 66 65 64 60 67 59 61 69 74 69 61 64 67 62 64 55 71 67 58 54 68 67 66 64 71 72 65 62 60 61 62 62 67 63 66 68 73 62 68 63 59 69 61 56 68 59 57 74 62 60 69 64 74 73 67 61 69 63 63 63 61 70 67 60 63 68 65 66 67 73 71 67 54 63 59 64 74 59 59 58 70 62 59 56 65 
61 62 63 60 68 63 58 62 55 69 60 68 69 66 60 66 63 65 60 55 65 58 73 64 65 69 61 68 56 70 62 65 65 55 71 62 64 69 61 71 68 69 70 65 66 61 55 74 65 56 69 66 60 49 67 65 71 71 70 72 57 67 69 59 60 69 68 61 65 61 61 74 71 65 70 59 64 61 60 66 60 64 71 69 59 60 61 63 69 71 76 66 79 73 68 73 68 75 64 61 62 63 58 49 64 65 59 57 60 58 65 73 58 58 58 65 62 62 72 74 62 74 61 64 62 73 76 61 69 63 67 67 63 60 59 68 66 63 68 71 65 67 65 69 75 57 70 63 63 55 62 57 71 64 65 64 66 67 69 64 61 59 66 65 56 61 67 61 74 65 66 64 69 63 58 68 60 66 70 65 64 59 71 65 64 56 48 62 61 62 61 60 72 72 60 68 65 64 63 65 62 61 59 71 66 69 62 71 54 66 69 59 74 60 58 62 66 78 77 65 65 57 60 63 63 56 62 64 67 59 65 70 62 61 55 62 64 52 71 64 68 67 70 66 67 56 65 76 59 66 48 77 57 57 66 64 
60 59 66 61 68 58 60 68 59 69 59 67 73 65 60 46 68 68 61 53 72 62 71 72 66 63 57 72 58 70 62 65 74 61 55 60 65 71 64 68 71 73 66 68 66 67 61 62 68 65 68 61 62 49 68 65 73 71 74 64 54 62 72 54 61 71 73 64 61 65 60 77 68 70 66 57 65 71 63 68 69 55 65 64 57 72 68 70 60 61 76 73 82 67 69 74 59 67 64 63 66 69 58 56 63 64 69 60 66 68 75 84 57 60 61 72 61 62 68 76 63 70 63 66 63 65 75 65 73 69 59 63 69 52 69 71 68 67 70 67 58 64 75 69 80 61 72 60 61 65 63 65 66 64 67 68 69 54 66 67 56 59 60 62 62 66 69 67 72 65 66 62 59 60 59 62 66 66 66 70 68 63 63 70 72 65 59 65 60 62 68 61 62 66 60 65 69 59 76 74 59 69 61 65 70 70 74 67 63 69 60 61 62 67 58 63 66 62 71 62 72 64 59 66 62 59 61 65 65 67 69 65 64 66 61 69 66 60 71 62 63 61 70 56 73 63 69 67 69 56 68 74 61 62 66 72 
63 53 61 56 61 51 53 60 55 70 54 62 71 61 57 56 56 57 52 60 64 51 72 60 59 51 54 66 54 61 58 57 63 52 54 60 57 67 60 65 65 59 60 61 60 72 53 63 64 56 60 56 61 50 58 59 66 65 69 59 59 55 66 53 63 67 61 59 63 61 60 75 67 63 65 51 66 63 68 64 71 56 56 59 54 66 56 60 53 62 78 64 77 66 60 67 55 67 52 63 62 66 61 59 59 56 57 56 64 61 70 61 53 58 57 64 57 55 64 61 65 64 54 65 55 58 69 56 63 63 58 54 53 58 59 69 58 66 63 59 60 68 77 71 74 56 59 55 62 63 61 63 59 58 58 68 63 48 64 50 57 55 62 64 60 65 64 60 61 65 59 61 56 59 55 67 59 64 69 66 67 60 56 63 61 61 48 68 62 54 56 61 55 61 62 63 66 52 63 60 48 63 52 63 64 60 75 69 54 60 62 60 59 60 57 57 60 60 65 64 59 64 49 64 60 54 58 59 58 65 65 59 58 57 50 68 67 59 69 62 64 57 71 52 64 55 66 68 63 62 48 75 62 60 63 64 
66 54 50 54 60 51 56 54 49 56 59 51 57 60 49 54 58 63 52 53 62 59 65 57 55 52 56 57 54 57 58 56 60 53 56 58 52 57 51 61 64 61 61 55 62 53 58 63 55 59 62 58 64 44 70 59 69 59 68 59 60 55 58 57 58 58 65 61 52 62 51 62 63 53 57 51 59 60 62 61 63 54 58 53 60 60 56 60 51 67 74 62 70 62 63 60 58 60 54 62 60 65 51 60 56 60 58 59 60 56 77 63 55 60 52 58 56 56 62 62 53 65 55 58 55 58 62 66 70 63 52 57 67 48 59 64 55 64 63 61 55 61 61 65 67 54 61 54 57 49 58 60 54 57 57 51 57 59 65 59 55 49 61 55 56 63 57 60 64 55 59 67 50 53 61 57 54 58 58 61 61 52 63 60 57 60 50 60 60 52 61 57 53 63 50 61 59 55 65 62 54 67 46 59 67 63 66 64 58 55 48 57 57 61 60 54 62 55 66 61 63 65 46 56 60 61 53 66 56 59 63 63 54 61 52 61 56 54 66 64 59 61 64 57 59 56 61 57 61 48 56 66 56 53 63 57 
66 69 62 59 62 53 47 69 58 62 53 64 64 65 61 51 68 61 55 47 63 64 70 64 65 59 63 68 55 62 62 59 57 65 60 60 58 65 63 59 64 52 66 59 60 61 51 65 69 60 59 62 59 44 63 59 73 69 72 65 54 57 62 56 62 67 66 68 61 62 60 60 71 64 60 61 70 65 57 63 61 61 64 61 55 62 59 55 58 59 80 73 69 61 57 71 61 69 55 70 62 73 55 45 63 68 58 54 63 68 71 64 59 54 51 68 64 54 65 67 55 74 50 59 56 75 71 53 61 52 62 57 62 60 64 69 58 66 67 60 60 67 68 66 60 64 66 54 60 56 60 63 66 66 64 54 61 57 65 63 60 58 64 60 56 66 57 58 69 61 55 64 61 63 60 56 57 57 67 65 60 60 63 63 56 57 52 71 63 53 51 64 66 63 61 70 61 64 62 61 56 58 62 66 63 61 63 73 59 60 64 57 73 57 48 65 56 59 70 58 67 60 62 63 60 55 56 63 58 65 67 65 54 58 52 60 66 60 65 64 64 71 62 61 58 54 60 67 57 60 50 75 62 60 58 61 
64 64 60 59 63 55 57 61 57 69 60 66 57 62 60 57 59 68 52 56 67 60 75 58 65 66 64 71 67 60 60 63 66 68 56 63 60 71 63 69 66 53 59 55 66 68 64 65 69 60 70 65 63 44 68 69 78 63 71 69 60 59 61 63 62 70 69 64 66 67 59 76 68 63 64 61 69 66 66 64 59 56 60 63 57 65 67 62 62 79 74 75 75 75 59 68 65 66 58 69 65 63 56 60 61 67 68 52 63 66 70 69 57 57 61 66 67 60 72 68 62 71 60 69 59 65 72 65 80 64 59 61 64 62 74 78 65 67 64 62 59 67 68 73 71 66 65 54 60 58 65 62 74 71 63 55 63 63 56 67 56 60 59 64 61 70 62 66 66 67 69 67 60 58 51 68 64 64 68 69 70 58 65 64 70 61 54 59 70 67 62 65 59 70 61 66 67 61 65 65 56 70 57 64 67 67 67 69 63 67 66 57 64 64 59 62 69 70 78 71 60 61 55 64 67 61 60 65 68 62 69 64 66 66 58 62 72 63 64 62 65 60 74 60 62 57 65 72 65 61 56 69 73 61 64 73 
67 74 64 65 64 61 56 63 60 73 63 65 65 70 61 63 72 69 58 56 70 64 65 62 67 73 61 76 65 66 65 67 64 64 63 59 72 74 74 64 73 65 72 64 74 72 69 69 70 70 75 74 73 49 73 68 69 72 76 80 63 69 70 60 64 73 75 71 65 75 60 75 75 76 75 61 74 65 72 68 73 57 70 66 69 79 74 70 71 70 81 80 83 75 70 74 66 72 66 62 64 72 67 56 66 67 63 63 70 66 70 62 68 56 67 72 65 58 65 76 72 69 70 63 56 78 72 67 77 63 67 64 72 69 72 72 71 73 72 66 68 62 71 80 67 64 68 61 60 60 65 63 72 70 68 67 68 63 65 72 64 64 77 73 64 77 62 64 69 66 69 71 70 62 60 71 58 68 69 67 69 69 68 70 68 65 64 68 70 58 69 73 72 71 73 71 70 72 64 73 64 70 63 74 60 67 73 77 59 71 65 61 66 68 58 75 76 65 73 75 75 65 55 79 73 65 58 68 65 67 72 69 64 66 68 67 70 60 70 66 66 73 75 63 67 72 72 77 66 75 64 80 66 62 68 62 
75 67 70 69 73 56 65 71 69 82 62 69 72 71 63 66 80 76 65 67 78 75 85 67 63 74 64 75 67 72 77 80 71 71 65 73 72 65 72 72 73 73 67 73 73 77 69 74 71 75 78 71 70 55 78 77 75 76 74 69 64 77 70 71 74 84 67 69 74 76 72 74 78 69 72 70 81 78 71 77 81 63 66 67 73 72 78 66 69 77 85 79 86 84 75 75 75 87 58 77 72 75 66 66 70 74 72 71 75 72 85 75 68 63 69 70 71 70 75 87 79 80 65 76 68 74 84 70 77 64 65 66 71 70 76 89 76 78 81 62 64 77 81 84 87 78 75 64 66 78 74 67 70 72 63 68 70 64 78 75 71 64 76 75 63 80 67 74 84 77 77 68 74 66 58 78 67 69 73 76 84 76 75 76 74 76 70 74 71 75 67 77 71 71 67 76 77 67 72 69 61 73 59 72 76 65 74 78 69 69 68 70 76 74 70 76 72 78 80 76 76 65 68 73 73 72 67 74 74 73 74 70 71 67 67 69 73 71 80 72 77 74 81 72 71 67 78 76 73 71 57 84 68 74 71 74 
64 58 58 58 58 57 57 56 58 69 55 62 61 67 62 56 64 64 63 56 73 59 79 56 60 57 61 69 56 50 55 68 64 52 57 55 67 61 67 63 67 61 54 60 59 58 58 64 55 66 68 61 64 55 65 58 69 62 80 65 64 59 67 54 63 70 62 56 64 60 54 64 60 72 71 58 69 69 68 66 69 51 64 56 57 64 64 71 62 65 70 78 73 66 62 73 61 73 51 72 72 62 51 59 52 63 61 56 65 65 72 65 58 55 66 76 64 60 66 71 64 65 57 69 57 55 73 58 66 60 58 64 57 62 63 73 64 66 67 59 59 65 73 75 69 68 70 57 56 52 61 64 63 60 63 58 55 47 72 60 58 54 53 65 57 64 61 64 70 59 56 63 62 56 57 64 61 66 68 64 65 61 66 64 61 64 53 57 70 62 60 63 57 52 62 61 69 60 64 64 55 64 57 69 62 67 66 67 64 66 57 58 62 58 57 60 67 57 64 76 62 63 59 64 63 60 58 64 57 60 62 56 57 58 64 59 59 62 70 67 71 68 68 59 59 53 67 65 64 52 56 72 61 69 59 63 
55 56 51 58 56 50 50 55 63 69 51 52 55 52 46 51 57 52 48 47 60 51 63 49 51 54 53 59 55 63 54 51 55 51 56 54 55 58 54 53 65 66 52 59 57 54 50 59 59 60 55 54 58 47 59 64 63 59 59 62 50 63 53 55 67 60 54 56 56 56 53 54 63 55 61 52 52 64 58 50 57 54 56 53 52 54 51 57 56 64 60 63 67 69 56 61 55 64 54 51 52 56 43 48 57 57 56 57 51 51 58 62 54 49 52 53 56 48 67 62 59 56 56 58 59 63 60 50 59 53 62 56 53 50 53 65 61 61 56 62 46 56 61 63 63 56 64 51 53 54 59 55 58 58 54 55 59 49 59 57 52 52 57 59 53 55 55 48 59 58 49 56 62 54 49 62 54 62 60 58 61 56 60 57 56 47 49 51 57 50 55 62 56 57 50 60 61 56 53 59 54 50 46 59 58 61 64 54 53 68 53 55 54 54 50 59 52 62 54 57 58 54 49 52 54 55 51 48 54 54 56 58 52 55 46 50 58 51 64 57 60 56 64 47 57 53 61 69 53 55 46 62 53 55 55 62 
63 57 55 59 65 54 56 60 58 73 58 60 60 59 51 52 69 70 59 54 65 64 68 57 63 66 57 69 59 65 65 62 58 66 53 58 64 65 57 65 64 63 69 55 61 62 58 60 61 72 62 60 68 45 64 67 73 67 74 68 56 68 63 62 68 69 63 64 58 62 58 71 71 64 65 58 65 66 67 57 67 47 62 53 57 63 63 65 60 74 70 65 67 72 67 71 60 69 63 64 57 69 52 62 61 72 56 61 57 71 69 66 59 56 57 63 61 53 66 61 61 65 60 60 57 71 69 58 69 60 65 60 60 64 70 73 67 67 70 59 58 57 62 66 69 64 66 56 53 58 55 68 61 70 52 62 59 56 65 66 55 63 64 64 53 73 55 65 69 66 63 68 57 67 54 62 56 60 58 74 70 58 60 63 67 56 62 65 63 59 56 67 62 63 61 62 72 53 64 60 62 71 58 72 64 61 64 66 60 64 51 64 63 67 53 63 63 62 58 62 63 69 58 63 71 65 53 63 57 58 64 59 56 59 58 60 71 64 73 63 64 63 69 59 62 56 68 78 63 58 58 67 58 61 64 59 
70 66 68 71 74 61 56 63 62 74 63 68 71 77 57 64 67 77 63 59 73 73 72 67 63 75 63 72 59 69 66 70 64 65 62 66 71 82 69 73 72 65 74 63 71 65 77 69 76 67 70 72 62 52 71 57 82 77 69 73 59 66 73 64 68 75 69 69 67 68 65 74 73 76 64 65 69 64 68 75 76 70 64 69 58 65 71 55 69 82 80 86 76 80 67 70 64 71 61 71 58 70 55 60 62 63 67 62 68 62 77 70 64 64 63 73 67 59 75 71 67 74 65 80 62 72 79 70 81 60 60 65 64 61 67 73 75 74 68 78 70 72 71 71 71 62 72 65 62 70 69 63 68 65 65 66 64 67 70 73 63 67 70 68 59 69 60 72 75 67 74 68 59 66 64 71 65 72 68 73 81 68 73 74 69 64 59 69 70 69 67 69 72 66 57 79 76 65 64 63 61 72 59 80 75 72 69 70 62 67 56 68 70 70 73 71 69 70 67 73 66 66 58 74 71 64 64 69 71 62 71 69 65 73 52 62 72 65 78 70 68 67 73 70 75 68 70 77 64 75 61 73 62 65 61 72 
68 63 67 67 58 54 55 70 62 72 66 56 64 67 62 54 67 77 64 56 71 67 70 64 68 66 56 72 58 65 74 71 67 65 59 61 70 74 72 67 70 67 68 61 71 64 69 70 70 65 76 66 72 50 77 69 78 69 82 71 70 66 67 61 71 69 71 70 69 69 66 73 71 74 69 59 67 64 69 72 69 61 59 60 69 73 69 67 64 65 82 81 69 76 66 71 62 68 61 67 67 72 63 62 65 73 75 62 67 69 77 75 61 61 61 69 65 56 74 74 63 73 67 68 68 63 80 67 77 70 67 63 68 62 73 68 72 74 75 64 64 64 71 73 80 63 65 63 65 65 67 64 68 66 61 65 68 64 73 70 59 57 63 68 64 64 70 64 67 71 64 66 60 59 64 59 57 64 59 70 68 56 66 70 65 57 55 68 67 62 55 73 60 66 71 64 69 62 75 73 59 70 60 64 67 74 66 65 64 76 65 63 61 60 58 68 66 64 76 66 69 70 57 72 67 74 62 70 71 69 77 64 66 63 60 66 70 61 73 70 71 64 70 58 72 60 71 74 62 57 70 72 66 74 70 66 
59 63 62 61 58 53 57 65 64 71 63 53 61 73 54 62 66 66 55 57 72 66 68 57 60 67 63 70 59 63 67 66 62 61 60 68 63 64 55 55 72 62 66 62 62 63 64 65 59 67 69 73 65 39 64 71 72 65 72 73 61 64 65 54 69 68 70 61 59 66 62 70 70 64 70 54 75 65 65 62 63 56 60 64 57 64 69 66 57 67 72 69 75 68 62 68 61 69 59 63 62 65 59 49 50 67 63 61 65 65 72 70 59 56 62 68 73 61 68 69 56 78 59 60 60 71 58 68 65 58 54 61 60 57 67 60 65 64 66 59 66 59 70 68 69 65 64 55 55 62 63 61 68 67 60 63 58 58 64 66 61 62 69 64 61 70 60 60 70 58 63 68 60 63 52 69 56 63 61 68 65 64 65 65 71 60 58 69 66 62 55 65 67 60 61 66 68 54 65 64 56 56 52 65 66 59 67 70 65 61 62 61 68 65 54 63 57 62 64 65 61 63 59 61 71 60 59 67 59 69 68 54 59 62 59 62 71 55 64 63 60 54 65 64 66 61 62 66 66 49 63 75 61 59 63 58 
56 53 63 64 63 60 54 60 57 64 53 62 65 59 53 53 62 67 52 52 72 59 70 58 55 58 59 65 52 62 58 69 65 50 56 59 57 68 56 58 71 55 62 57 64 60 64 65 69 64 62 61 62 44 61 60 66 65 62 63 56 60 71 59 63 70 63 52 62 64 55 74 72 64 59 56 57 64 63 60 68 59 58 62 59 58 60 58 53 64 67 72 78 66 59 68 58 63 56 63 55 65 54 58 50 64 63 51 63 62 65 65 55 60 49 65 64 59 70 64 60 67 60 68 56 66 67 53 71 61 59 62 65 55 58 65 59 64 67 57 57 65 62 69 71 65 66 50 55 57 59 52 59 54 65 50 53 59 64 58 55 65 57 62 53 67 58 65 70 68 62 66 61 58 53 65 61 63 67 64 72 61 70 66 66 63 45 52 60 53 62 61 58 66 59 65 55 63 67 67 53 68 52 62 68 57 64 66 63 66 57 52 61 61 53 55 61 54 64 62 57 54 54 67 60 53 59 66 61 64 61 56 68 63 53 56 69 54 68 60 66 58 67 62 69 57 66 64 60 55 56 65 57 59 53 67 
54 59 54 54 52 55 54 60 56 65 50 61 62 61 49 57 54 63 51 51 62 48 69 60 60 58 53 65 50 54 57 61 61 58 58 51 56 61 59 55 63 58 57 60 59 65 55 53 59 57 61 53 60 50 58 58 67 60 66 64 48 53 58 51 55 63 57 54 60 54 44 63 65 56 64 54 63 58 51 57 61 53 48 54 62 53 56 60 51 61 66 62 70 61 59 61 48 67 54 59 55 49 57 46 55 57 53 57 62 64 67 59 61 50 57 53 54 50 60 67 55 63 52 55 51 66 65 54 64 55 51 57 57 57 52 65 56 52 59 63 55 53 60 63 63 51 63 58 54 50 49 55 59 61 51 58 57 52 69 59 56 52 59 58 51 58 52 62 68 57 51 56 61 55 48 61 56 60 56 64 62 57 54 67 54 57 47 54 59 54 55 62 63 62 53 55 61 55 53 64 56 62 53 57 61 53 58 63 49 69 64 58 60 55 49 56 57 54 67 55 59 52 54 64 65 50 58 61 60 61 67 54 53 64 55 59 57 46 60 57 54 60 67 57 58 53 58 67 64 57 50 62 53 60 57 57 
59 62 60 62 63 50 58 62 61 71 56 68 67 60 58 53 68 65 59 55 65 53 66 63 55 58 60 61 64 65 57 59 63 65 59 62 64 75 65 57 71 67 71 61 69 75 57 61 69 62 54 61 59 47 66 63 74 63 70 63 53 63 68 57 68 70 71 63 66 71 61 75 78 76 59 61 65 70 70 64 66 55 66 70 61 62 65 63 58 74 77 68 78 67 65 67 63 61 66 73 67 67 54 52 59 65 69 54 65 59 76 67 58 61 56 61 67 52 64 68 66 76 61 63 57 64 70 53 67 60 69 63 65 59 69 66 67 69 68 60 63 64 67 70 74 59 70 57 65 53 56 58 69 66 57 58 58 55 75 58 60 60 58 64 63 67 61 58 68 67 61 65 58 60 52 64 54 67 64 71 69 62 65 60 65 60 56 66 64 66 54 75 63 68 71 70 62 61 60 67 57 60 66 72 66 66 67 69 53 64 67 61 68 66 66 66 58 68 68 61 63 58 48 62 69 71 51 71 62 69 64 69 63 62 55 64 72 64 71 61 67 60 63 52 69 60 66 70 65 59 53 72 59 60 70 58 
68 71 61 62 63 57 60 68 58 74 56 56 62 68 63 58 72 66 65 55 73 62 78 66 57 60 61 67 62 67 61 65 69 64 61 60 67 67 67 75 72 64 69 61 63 68 67 65 72 69 68 68 64 46 66 62 79 72 72 73 62 63 66 63 72 73 68 61 68 64 59 71 74 68 67 61 67 68 71 65 68 62 54 64 64 61 65 64 63 69 76 79 72 77 70 72 68 75 62 75 63 65 63 57 60 68 71 65 62 64 71 77 71 59 65 73 65 65 67 74 57 77 71 69 64 76 76 66 71 68 63 71 64 58 68 75 69 56 70 66 73 58 71 77 75 64 64 68 60 65 68 63 66 70 63 56 66 54 68 69 65 61 66 74 62 66 58 60 67 66 69 67 65 63 65 65 59 64 64 75 68 67 67 69 69 61 51 65 73 57 56 62 68 65 62 69 63 60 68 72 58 68 62 68 72 66 68 67 62 66 63 63 69 67 67 64 67 69 71 69 62 67 56 64 69 70 65 59 65 62 69 69 69 62 57 64 67 55 66 68 66 65 61 64 60 60 66 78 64 54 57 82 73 65 70 71 
62 61 57 64 68 55 57 61 58 71 62 59 57 62 54 57 68 68 64 58 61 54 70 57 56 58 51 79 58 67 66 64 65 63 62 62 65 62 60 67 62 70 64 66 60 73 58 72 67 67 62 62 63 48 76 58 70 66 72 68 62 68 65 56 64 78 64 59 57 62 59 68 58 65 62 61 63 65 65 73 62 61 60 58 60 56 71 60 67 69 70 76 71 75 68 68 67 78 59 78 66 67 54 57 66 71 60 58 62 65 64 72 62 61 61 74 65 62 65 80 59 79 60 68 59 64 67 67 70 61 57 56 59 57 74 76 63 62 68 59 65 67 69 73 71 63 64 63 59 59 63 59 71 71 64 52 53 65 68 69 62 65 69 62 45 61 61 61 64 62 63 71 61 61 52 62 58 59 59 63 66 57 67 67 66 60 50 58 64 64 59 68 75 61 60 65 68 52 62 64 59 63 52 63 75 63 66 62 58 63 65 58 70 72 58 62 66 69 67 66 66 63 52 63 65 63 57 64 63 65 63 63 68 65 50 50 61 61 65 60 59 61 68 67 66 54 67 65 61 62 50 71 66 64 58 64 
67 62 62 62 65 54 57 67 62 71 64 62 67 64 63 59 67 71 59 59 62 64 79 61 67 60 66 73 60 68 62 64 73 68 62 61 72 71 70 75 71 73 64 66 61 65 67 70 68 66 67 64 61 44 71 63 72 69 78 70 59 70 67 54 75 75 76 66 66 64 62 74 74 70 61 68 63 73 69 64 68 58 68 60 64 69 62 67 63 81 79 80 75 65 66 79 56 72 62 68 69 66 55 60 68 68 61 63 64 67 77 74 61 57 59 67 64 68 77 72 67 81 62 70 59 71 66 67 71 62 61 61 64 64 70 65 72 75 67 65 69 60 66 73 72 64 74 65 66 60 61 66 54 68 62 59 61 60 69 66 57 56 72 65 67 70 66 70 78 64 68 67 64 65 63 63 61 60 62 75 70 67 58 70 68 63 64 67 64 59 54 74 63 61 69 66 79 62 70 67 57 65 59 63 70 73 65 68 63 68 65 62 69 65 63 76 71 61 70 69 67 73 62 63 75 58 66 76 70 64 68 63 63 60 68 65 63 73 69 72 72 71 69 64 71 64 67 75 66 66 63 76 67 64 68 65 
67 62 59 61 63 60 52 60 66 72 58 66 71 69 54 60 65 71 59 61 70 61 71 63 67 57 54 68 61 77 67 66 64 60 63 61 67 73 69 68 71 72 71 67 66 74 68 68 72 66 66 70 74 50 73 66 74 68 75 67 63 66 66 64 67 74 73 64 65 69 58 80 72 65 70 64 67 70 68 71 67 61 57 66 69 71 63 69 66 70 71 69 80 71 71 71 65 76 59 76 70 73 56 63 58 74 55 63 59 72 70 74 60 68 67 70 71 60 74 73 76 74 63 67 58 66 74 57 69 65 61 63 62 62 72 79 73 70 64 66 62 62 72 75 75 62 72 58 63 60 63 62 72 69 59 68 67 55 69 66 70 64 71 68 65 74 59 58 68 76 68 70 72 65 62 66 65 69 69 73 72 63 69 73 68 68 58 69 71 61 62 69 66 66 74 57 77 64 72 70 62 64 58 74 73 63 80 73 64 61 64 69 75 71 65 63 65 70 72 72 62 66 60 69 67 63 60 66 63 66 69 59 60 61 63 61 70 65 72 62 68 71 68 63 69 64 73 68 67 66 60 76 69 65 71 65 
58 59 50 56 65 48 56 62 55 68 60 66 69 57 59 60 65 65 57 57 66 51 65 55 58 65 57 63 56 66 52 60 61 60 57 63 56 60 60 59 60 56 60 62 58 66 59 66 56 58 62 67 59 43 65 59 75 56 70 60 58 57 65 53 63 64 70 62 61 70 57 72 67 65 64 60 55 64 61 61 69 58 62 67 56 65 73 59 59 71 65 68 70 69 57 73 56 73 57 64 65 62 52 55 53 61 64 57 61 62 71 69 56 54 63 65 61 53 69 71 61 71 52 61 57 64 70 57 62 66 62 64 64 68 60 62 65 65 66 54 65 59 63 66 65 67 69 53 57 53 61 56 65 70 62 59 62 43 67 61 58 51 56 69 60 71 55 57 61 61 58 68 57 59 56 63 58 63 63 66 66 58 73 58 58 63 58 55 61 52 53 68 62 56 59 65 66 61 57 62 59 55 53 59 62 53 65 63 62 64 62 56 72 69 63 53 67 56 63 70 59 64 52 71 67 54 55 68 56 65 57 58 59 61 63 65 57 58 67 70 64 58 55 54 67 56 63 61 59 60 54 81 52 53 58 65 
65 71 63 64 67 59 62 60 66 71 65 74 64 65 59 63 72 70 61 63 72 63 75 66 72 74 58 78 55 69 66 74 60 63 64 66 72 74 64 66 73 62 75 68 62 65 62 65 62 70 68 68 64 46 72 61 81 65 74 75 59 73 70 73 69 73 73 71 74 70 63 80 75 70 69 64 66 77 68 74 71 61 64 62 66 72 65 70 62 78 78 77 81 75 73 72 56 70 62 79 61 70 59 58 68 65 65 64 63 70 75 69 58 67 63 68 67 60 67 72 73 72 65 67 65 77 73 62 77 68 62 65 62 60 64 71 68 82 73 67 71 69 73 78 78 71 67 60 67 65 62 67 66 71 70 61 64 56 69 61 61 74 69 66 62 71 64 72 71 69 73 76 63 64 64 67 62 65 62 73 70 67 71 68 76 66 61 72 62 65 63 70 72 76 68 70 73 63 68 68 65 66 65 69 72 71 74 70 55 65 64 66 68 72 66 67 68 62 71 66 66 68 51 71 65 62 60 69 69 63 68 59 62 66 60 59 72 68 76 66 66 74 72 67 69 62 68 68 68 65 57 77 68 61 66 66 
71 73 70 67 66 62 62 69 71 80 70 69 79 65 70 63 75 71 74 61 73 57 81 70 69 71 67 79 67 82 72 68 71 78 68 69 68 81 65 72 83 70 72 70 69 75 70 68 73 71 71 72 75 57 79 66 79 71 84 84 67 78 77 56 74 80 77 74 69 70 65 78 81 76 74 65 81 79 80 69 73 63 68 73 63 75 71 74 74 76 85 87 89 71 79 78 69 69 71 68 72 77 65 57 66 71 73 66 75 74 78 76 70 71 69 75 71 64 77 78 74 83 71 71 75 79 85 67 81 72 80 68 69 71 67 75 78 75 72 68 67 68 79 80 78 76 70 64 62 68 67 64 71 73 70 70 60 61 74 75 66 70 68 73 75 74 66 67 79 70 71 77 71 69 71 76 64 72 66 77 81 76 71 82 65 69 62 64 72 67 69 73 80 68 73 70 82 68 73 72 59 71 58 71 71 74 80 73 60 83 72 73 76 70 65 74 74 69 71 78 73 75 66 80 74 68 65 72 74 71 76 70 64 75 66 68 86 66 77 69 74 68 83 57 70 70 78 89 71 71 70 83 75 66 69 74 
63 63 58 59 67 50 48 58 55 60 57 53 65 55 53 53 57 57 56 54 65 57 54 56 59 59 54 60 63 63 58 56 60 58 48 57 64 67 61 58 71 56 65 56 59 66 55 56 56 63 60 54 61 48 60 59 64 66 64 68 47 65 61 56 61 67 66 61 63 60 60 64 64 63 65 46 59 60 61 66 60 51 62 59 49 63 69 60 52 59 71 71 74 64 63 67 54 54 55 58 60 62 55 51 59 62 58 50 60 51 59 66 57 51 59 64 59 53 69 68 62 66 59 61 60 68 66 51 59 53 64 53 58 55 58 65 68 66 62 63 55 61 62 68 68 64 64 54 54 55 60 58 62 58 55 59 63 54 59 56 62 59 58 65 59 61 54 60 62 58 54 50 56 61 59 57 62 57 69 54 65 59 65 63 64 58 56 54 56 50 58 62 60 64 58 59 62 60 68 58 55 69 59 58 66 66 65 73 52 64 59 67 61 52 56 61 63 57 62 59 63 55 49 61 57 55 54 54 58 59 57 57 58 63 62 55 65 48 67 57 61 59 64 54 57 48 62 57 62 54 53 74 61 56 54 64 
69 62 55 64 72 52 57 61 59 77 58 75 67 66 64 58 66 64 64 59 68 65 74 65 63 61 63 72 62 68 69 60 65 56 61 67 71 60 62 71 70 63 69 75 67 63 68 74 74 67 71 68 61 50 68 59 72 76 69 76 56 61 65 69 69 71 76 65 70 71 64 72 72 73 68 62 74 67 64 69 71 61 64 66 62 58 74 61 63 74 78 77 88 68 64 73 64 72 57 67 67 64 65 52 62 68 65 61 68 64 75 69 60 65 66 75 73 67 72 71 64 82 68 71 59 70 71 63 74 63 57 58 57 57 68 73 64 72 76 63 70 73 72 72 82 66 74 54 59 58 65 75 62 59 65 54 60 60 64 68 63 59 67 59 61 67 65 63 69 76 66 70 64 70 61 68 65 65 74 72 66 69 64 69 77 64 62 68 69 62 66 69 69 67 62 68 71 65 71 62 55 62 62 78 74 72 65 69 67 70 64 68 76 67 61 64 61 68 70 70 69 58 60 69 72 69 63 73 69 72 66 68 66 66 54 59 68 60 74 63 68 65 78 60 65 60 65 76 62 63 61 79 65 60 54 68 
64 66 63 56 62 54 55 65 56 71 57 61 62 59 63 54 67 59 60 48 70 62 65 61 68 72 62 69 51 66 64 67 60 69 62 58 60 65 63 70 65 59 71 61 60 60 63 61 70 62 76 65 66 51 70 67 72 67 78 64 61 65 65 53 58 62 68 66 60 67 58 71 74 60 64 68 74 72 68 66 66 60 69 61 72 67 64 68 69 72 78 79 76 70 70 78 63 66 63 71 69 77 51 57 64 62 54 53 66 73 70 73 64 59 62 71 70 58 68 72 66 69 67 65 58 69 63 66 69 60 63 61 67 62 66 69 58 66 72 73 56 64 65 73 68 59 72 58 61 63 62 65 67 66 59 61 64 61 67 69 58 53 62 66 59 72 56 62 72 63 67 68 59 64 52 59 67 68 68 68 71 66 67 66 65 58 62 64 66 55 54 65 73 64 65 71 76 63 66 69 59 62 60 69 63 65 75 69 62 64 63 60 66 60 61 63 67 69 72 70 65 66 58 67 70 60 63 62 58 61 70 60 59 61 61 65 67 57 69 67 70 66 69 63 64 54 63 68 64 65 60 78 63 54 61 67 
67 69 58 70 62 65 60 61 65 77 57 56 60 74 63 54 70 65 66 52 69 62 73 58 67 64 61 65 55 63 67 63 74 68 65 57 64 68 60 68 66 62 68 59 68 64 59 70 69 57 66 56 63 54 69 67 78 70 73 73 58 72 69 61 63 73 74 62 68 66 58 69 72 70 68 61 76 63 66 64 70 55 62 63 61 69 62 62 62 73 72 86 71 70 68 74 67 69 61 73 61 63 62 53 63 60 61 57 65 59 75 68 55 55 64 70 64 58 67 76 62 72 68 67 56 68 78 62 75 65 65 66 61 58 69 75 62 66 74 67 61 62 73 74 64 69 70 57 64 67 63 62 68 67 58 60 60 55 70 70 66 57 61 72 56 68 66 71 67 63 67 67 65 60 57 68 57 69 62 67 72 64 64 67 70 58 58 69 70 62 59 60 62 66 58 76 68 67 70 73 59 71 62 65 64 69 71 76 63 68 63 57 65 65 57 68 69 62 65 67 70 63 54 70 73 71 60 62 66 68 78 71 68 61 63 63 74 64 63 73 69 61 64 62 66 62 66 78 53 61 60 78 65 72 66 66 
53 52 48 59 54 45 43 55 40 58 53 57 54 50 53 51 54 55 48 46 56 49 63 48 54 48 56 65 47 53 53 60 51 55 50 56 53 60 61 57 61 49 54 56 54 54 54 62 62 54 53 56 50 39 58 50 62 58 64 54 46 56 53 51 58 63 60 52 50 58 49 64 60 55 53 53 60 62 52 57 57 50 47 55 49 58 53 53 57 55 60 66 67 62 54 67 47 59 48 61 48 64 47 53 45 53 45 45 52 62 56 58 57 52 59 66 55 54 62 60 55 60 55 53 55 62 63 55 58 55 63 55 59 51 50 55 54 60 59 55 58 60 48 54 62 54 60 51 54 54 57 47 52 58 53 46 53 46 49 53 47 51 53 57 56 64 48 59 60 57 54 56 56 58 49 58 59 58 58 54 66 59 61 51 57 50 53 58 57 49 50 57 60 50 51 55 65 53 53 56 47 56 64 59 58 54 51 55 57 60 54 50 57 53 51 59 58 56 56 59 52 52 54 56 52 57 48 55 58 62 56 54 48 44 48 56 62 55 55 51 61 55 60 56 62 52 53 57 52 50 40 69 56 54 52 58 
54 56 59 57 63 41 52 55 51 65 53 67 59 62 55 54 56 61 58 55 65 55 56 49 62 65 57 59 46 60 61 55 63 58 60 58 60 63 58 69 65 62 58 54 59 57 62 61 63 70 64 63 57 43 64 61 65 57 70 61 54 55 61 51 63 67 65 63 61 64 57 66 66 61 54 59 54 63 61 64 65 49 56 54 65 57 63 62 57 70 64 67 70 71 54 67 57 64 53 67 63 68 51 56 55 63 58 55 59 62 63 65 55 57 67 66 62 56 58 64 61 65 54 59 59 61 73 59 65 61 57 53 57 57 67 61 64 74 67 54 53 62 60 66 65 55 62 57 62 50 59 53 53 68 50 59 59 56 63 62 56 62 61 60 57 69 51 51 62 63 56 61 52 60 47 71 52 60 53 69 63 56 64 58 61 64 54 64 67 63 58 59 59 64 60 62 64 53 54 65 59 61 50 62 63 60 67 59 48 67 52 51 62 56 52 58 55 56 66 69 61 59 58 58 71 61 51 56 56 55 61 56 58 57 57 63 62 56 66 59 57 58 62 56 56 55 62 68 61 53 55 68 60 55 55 52 
62 58 55 58 64 55 54 57 62 67 57 63 65 59 56 54 62 62 54 52 67 60 71 59 63 53 63 70 42 63 59 57 54 63 51 59 59 60 67 67 65 65 62 64 62 70 61 61 68 59 68 59 61 45 69 61 65 66 68 67 61 64 61 54 64 68 60 57 52 63 54 69 61 58 66 61 63 63 63 68 64 53 51 55 61 60 60 63 65 68 71 69 71 78 64 69 55 69 53 68 57 68 57 63 64 63 62 57 59 72 71 66 61 55 51 67 59 54 66 67 62 67 64 60 60 67 66 63 68 60 55 53 66 55 67 70 63 68 70 64 58 66 63 62 68 60 62 63 68 56 62 53 58 68 57 61 68 58 65 70 60 64 63 59 58 67 55 54 67 62 58 66 53 56 54 61 61 53 59 65 64 66 61 69 63 58 53 58 59 65 53 61 65 58 54 69 66 53 69 62 65 60 58 68 67 73 61 64 62 62 57 60 63 60 48 67 64 60 63 55 62 70 56 62 62 58 63 61 57 62 68 63 58 59 56 61 62 62 59 61 57 62 64 60 64 61 69 68 58 63 55 67 61 61 54 61 
68 72 56 66 73 59 56 65 59 67 61 62 64 61 57 58 73 68 56 62 72 61 71 56 66 64 63 77 63 68 64 70 66 61 65 61 64 73 66 67 67 68 71 62 65 70 63 63 63 64 78 64 60 54 75 62 77 65 71 68 62 71 67 66 67 69 79 72 67 67 55 79 66 65 71 65 66 69 66 67 72 58 61 59 65 71 68 63 62 74 74 78 78 72 65 70 62 76 57 67 64 67 55 61 57 71 61 64 60 65 81 65 62 62 61 70 72 67 68 74 68 68 64 63 65 62 73 66 71 66 64 64 64 58 62 69 64 70 68 76 67 72 67 73 78 70 69 57 63 60 62 65 58 74 69 59 67 62 68 62 65 63 66 65 62 69 65 68 71 68 64 61 68 61 62 64 64 69 62 68 68 65 66 70 71 61 64 68 68 62 60 66 67 68 57 71 74 59 72 64 59 67 59 70 67 67 69 78 73 67 62 57 67 59 54 67 65 60 75 74 66 71 52 69 69 62 63 64 62 67 71 60 67 57 59 64 58 68 68 71 66 74 77 61 71 63 68 67 62 63 61 79 65 64 67 70 
