94 39 94 76 20 113 35 120 126 126 104 0 9 52 0 51 128 0 82 114 20 80 170 48 92 102 172 24 90 79 16 89 18 47 58 31 56 149 68 38 40 35 43 82 122 116 72 135 33 50 71 74 14 48 6 46 51 30 72 64 12 84 34 62 107 0 109 150 27 12 88 105 78 79 60 129 63 132 26 48 129 126 28 129 56 16 86 122 35 0 92 12 0 20 57 42 58 5 16 110 93 66 62 9 25 129 10 87 36 64 15 26 36 84 12 20 48 42 1 0 36 75 119 5 57 34 77 20 138 81 1 40 36 112 64 176 98 96 117 53 4 79 114 57 74 0 93 83 40 65 9 42 91 5 113 79 74 30 27 87 119 65 40 76 23 62 109 0 106 55 37 79 60 82 24 48 0 97 2 19 115 0 102 99 28 26 0 48 145 199 198 89 119 140 41 82 71 0 77 86 64 7 98 6 18 116 59 38 12 22 0 74 156 0 13 46 54 2 8 4 0 52 121 20 79 50 59 180 54 100 0 12 57 143 34 37 24 203 0 93 56 35 155 60 79 159 102 67 72 48 13 130 92 175 0 92 
35 12 40 106 28 56 22 9 64 120 128 27 50 152 126 6 46 117 119 71 90 62 180 0 16 35 84 9 132 90 47 38 56 7 62 33 131 77 27 134 61 87 40 13 65 111 20 0 95 97 20 0 57 5 69 4 96 40 182 157 92 18 66 38 109 32 152 40 75 32 10 109 42 43 107 3 12 15 0 0 4 37 114 25 10 24 111 228 145 60 116 105 95 35 92 82 108 223 66 69 27 58 74 8 8 64 87 4 54 69 16 72 92 119 103 219 78 24 83 132 44 0 86 0 48 147 39 125 108 58 9 123 54 106 30 75 24 46 98 110 63 99 70 93 0 40 15 57 93 28 0 56 135 102 22 50 54 27 45 52 1 0 4 27 20 23 0 96 106 95 45 40 88 69 104 89 110 65 21 60 126 4 44 63 69 196 0 8 120 14 28 98 100 128 54 48 40 132 87 93 67 104 36 22 18 57 36 52 21 26 87 74 28 41 39 51 36 50 183 66 9 14 71 117 67 39 113 61 64 119 14 85 78 120 41 94 21 16 107 0 126 98 32 90 0 107 58 34 6 36 168 58 109 27 157 113 
62 54 48 69 8 60 14 74 50 252 32 47 9 86 115 32 0 58 57 41 96 126 135 52 0 22 84 97 176 22 159 41 58 45 88 96 72 126 62 95 15 166 64 69 78 36 165 32 10 42 27 15 106 73 0 29 0 69 96 24 72 167 120 145 92 73 121 106 31 42 88 185 46 165 137 82 18 4 16 34 45 75 45 89 66 128 70 132 45 48 42 169 94 60 60 77 141 80 50 41 0 48 187 32 0 12 40 130 45 110 113 112 56 93 121 144 64 131 24 143 113 36 78 66 16 107 0 164 129 18 64 74 127 54 18 133 135 49 42 68 27 86 96 101 86 0 103 94 40 0 63 69 176 78 84 100 20 118 25 79 32 43 3 72 86 26 87 57 18 121 21 85 44 92 24 34 26 15 46 173 154 80 18 6 52 98 82 0 100 175 38 37 0 56 48 51 39 45 206 36 50 72 135 216 6 66 9 31 46 112 75 44 4 143 57 0 196 4 97 4 116 36 105 80 42 105 76 66 40 64 170 24 271 3 144 117 32 98 57 48 123 118 75 41 0 123 36 65 18 166 32 135 142 85 56 37 
56 57 77 74 20 63 100 37 9 59 10 231 70 44 74 11 45 126 45 215 151 24 63 8 47 24 197 0 30 0 56 157 102 89 95 56 80 122 0 181 94 91 5 28 140 32 110 69 97 24 81 45 31 6 29 135 73 9 120 132 103 69 27 42 15 12 0 78 27 43 104 7 72 57 161 35 96 16 34 136 15 58 47 182 67 27 34 128 84 18 146 104 47 56 64 95 108 40 0 45 9 15 7 5 49 73 63 9 12 61 163 56 0 50 46 76 20 136 59 75 81 0 59 50 63 3 61 0 138 162 66 115 13 49 75 0 50 44 87 115 14 41 154 102 99 34 21 71 3 40 0 20 24 74 57 43 126 102 49 43 84 62 73 94 28 18 160 24 64 21 0 193 107 81 101 75 14 0 36 90 232 35 21 35 72 3 30 20 15 28 0 0 44 40 38 10 61 72 124 104 61 42 21 75 50 198 45 143 46 27 87 81 0 89 121 85 57 0 67 49 35 0 71 167 92 36 20 35 65 11 18 24 63 62 72 182 1 69 78 62 0 1 159 54 97 71 41 6 52 68 158 99 164 63 112 116 
42 79 54 70 0 30 28 174 85 96 60 39 26 171 14 0 86 53 31 32 113 67 73 49 42 5 81 8 165 82 69 39 8 101 16 15 45 96 0 115 254 65 54 58 117 59 2 24 242 34 117 108 91 51 17 20 23 63 54 115 6 0 186 123 96 42 90 64 3 81 0 43 82 67 46 0 14 0 0 0 104 18 32 96 66 68 46 131 28 21 45 59 18 58 3 76 86 113 69 96 110 4 66 40 0 33 78 127 36 45 4 0 23 29 73 103 91 79 38 135 36 8 0 104 56 25 87 39 0 105 85 16 6 25 110 37 3 106 0 0 8 73 49 116 74 75 36 21 102 47 14 75 133 42 91 70 40 26 141 30 105 42 35 64 28 108 23 0 18 81 80 212 0 97 84 42 103 19 60 9 106 4 0 63 8 86 112 8 4 99 111 56 21 97 8 0 64 113 103 105 173 91 103 60 8 56 72 42 68 147 103 36 79 0 135 54 34 21 81 0 17 101 0 122 153 9 42 119 0 80 48 24 0 89 0 28 116 20 6 9 16 28 28 109 139 168 78 15 0 41 127 127 95 40 14 213 
108 0 9 52 17 43 63 110 55 28 44 63 60 24 80 112 65 33 30 165 178 58 76 187 49 37 28 36 63 0 194 53 33 21 41 88 36 6 36 36 3 16 56 76 36 38 168 60 41 42 61 46 28 10 0 75 22 87 102 36 91 48 54 32 28 32 10 114 0 24 120 39 171 0 53 4 30 18 25 91 3 53 121 163 81 0 24 125 16 68 94 84 63 48 84 33 24 26 48 33 77 32 116 0 8 150 128 68 32 26 36 96 12 14 0 91 48 111 28 45 53 3 72 14 43 109 0 140 37 134 40 45 28 15 127 67 85 49 35 152 74 84 81 38 81 77 53 26 94 0 27 96 49 10 20 13 0 0 16 65 52 91 166 52 0 85 20 12 95 24 60 77 14 41 70 0 47 118 0 40 195 82 100 24 72 74 24 68 119 57 94 82 101 8 16 81 10 80 108 14 100 222 0 144 27 191 19 60 30 126 6 0 63 88 146 10 0 12 6 12 116 42 36 0 103 106 63 20 36 103 65 45 85 175 0 163 24 20 0 114 86 12 106 0 11 24 63 6 28 172 33 45 46 91 18 27 
181 58 21 32 1 88 72 44 22 10 0 97 58 63 114 93 54 36 0 112 162 44 160 3 36 40 24 60 131 54 35 31 126 118 63 53 56 0 49 77 20 94 8 5 146 36 0 62 64 128 73 67 47 32 3 96 65 121 107 92 2 0 36 0 138 0 49 0 4 12 34 64 0 9 107 64 4 27 55 0 32 32 48 105 90 71 64 85 94 59 0 81 76 3 63 108 0 24 0 99 45 0 28 68 35 77 100 16 0 74 118 55 65 27 68 47 85 25 45 74 60 24 82 24 24 22 49 109 56 119 36 0 9 5 30 145 0 14 45 50 78 20 56 74 138 71 0 90 89 24 56 135 104 80 104 75 102 24 131 53 115 85 86 71 47 90 40 105 124 201 27 36 3 18 119 95 12 62 78 89 54 48 6 21 84 83 0 95 41 40 90 85 43 73 0 106 85 5 205 109 22 110 24 113 0 35 8 0 0 75 63 35 144 106 0 82 73 46 54 44 11 113 64 141 48 39 30 0 0 87 58 0 75 70 0 95 28 56 108 70 56 49 4 42 157 40 100 29 72 37 122 0 167 202 54 83 
75 50 148 18 0 178 20 55 113 8 92 45 39 127 156 75 14 62 18 36 85 41 36 139 90 133 56 64 72 9 56 20 56 43 0 51 24 96 138 47 92 46 86 19 222 1 63 44 54 32 14 63 121 84 22 58 49 75 73 12 13 101 87 8 108 25 75 95 56 83 42 16 63 29 95 131 49 4 7 0 4 18 56 28 246 28 112 100 74 69 52 17 83 61 50 112 48 108 98 100 5 16 7 20 86 0 38 127 68 134 20 140 38 61 66 8 135 115 60 62 28 91 16 126 77 18 99 118 291 125 24 28 20 105 1 72 32 4 242 222 89 15 4 89 100 52 91 83 56 0 100 61 41 104 9 50 62 4 88 22 189 36 100 129 111 42 60 48 90 9 14 180 32 91 67 63 135 35 15 7 73 20 3 171 43 28 7 67 37 94 81 129 37 93 96 5 49 64 95 164 63 55 186 34 102 10 57 19 112 77 0 65 8 116 204 12 85 8 70 9 61 64 0 114 104 72 99 80 43 109 34 147 38 77 58 199 109 190 92 0 6 44 135 69 48 91 93 141 31 189 144 0 0 8 32 208 
91 101 20 63 0 0 90 61 51 147 54 4 68 42 66 148 0 163 52 41 145 0 0 66 45 0 0 15 38 16 89 170 13 28 56 127 46 36 42 91 102 75 14 0 9 15 174 104 126 72 0 49 16 49 0 55 0 32 61 44 48 41 93 64 0 36 24 6 68 123 4 27 53 105 111 0 97 0 25 35 2 28 0 0 173 81 68 70 57 48 63 41 0 69 2 45 63 54 18 0 0 0 21 0 30 36 56 50 0 65 0 0 15 60 87 76 28 117 45 51 32 0 103 4 66 59 10 40 84 71 0 7 84 63 0 17 0 0 71 0 21 70 30 23 133 32 56 62 0 0 18 9 62 24 0 13 14 31 0 136 48 24 54 120 0 0 115 90 96 70 0 0 27 63 0 28 84 16 86 2 100 0 63 12 95 53 77 21 64 29 87 63 48 50 0 7 0 0 50 110 49 96 30 42 122 12 0 40 42 36 0 156 42 56 59 10 116 28 81 0 0 35 30 64 94 3 0 0 0 0 30 102 0 21 74 0 32 73 45 38 145 44 12 81 4 134 20 10 60 45 74 52 102 50 16 46 
46 150 155 133 72 4 66 155 36 67 75 100 48 56 84 41 30 7 56 7 60 173 165 39 0 59 204 89 99 85 83 38 21 119 87 69 29 90 134 82 99 126 72 10 53 146 39 30 60 20 95 77 55 93 84 57 116 24 85 117 30 81 144 134 107 66 36 49 104 33 0 135 110 142 105 0 22 125 107 82 89 90 99 170 24 66 10 64 2 24 44 135 0 84 76 89 72 38 108 130 99 76 136 71 29 87 62 120 54 33 219 166 32 51 32 143 178 49 61 21 72 48 64 7 89 4 103 58 9 103 20 157 40 106 97 7 143 275 5 35 54 18 97 76 0 74 94 56 95 0 100 233 89 34 166 132 48 59 170 96 67 84 84 91 113 131 98 72 29 75 123 50 62 120 43 138 106 20 16 64 42 48 128 46 32 7 93 72 52 49 166 106 19 91 49 90 116 56 8 87 64 79 25 44 0 79 88 114 63 141 126 77 161 104 144 35 0 65 99 108 0 0 128 36 30 176 78 95 3 63 128 20 76 22 63 102 34 78 32 115 92 84 122 45 152 71 52 48 155 66 138 72 27 55 0 23 
88 2 138 55 2 18 56 169 97 72 31 32 0 35 0 38 10 38 0 70 7 0 128 108 6 107 88 88 8 0 144 84 124 38 36 0 13 0 27 66 0 9 20 4 72 49 104 51 46 0 74 78 72 11 7 0 14 56 4 38 32 101 15 69 57 40 33 6 44 74 39 31 181 106 45 87 12 153 0 181 114 7 2 81 16 24 40 93 43 48 115 6 7 81 41 30 81 8 15 53 100 33 12 0 34 44 0 8 36 2 4 72 26 41 22 39 66 90 35 0 0 46 46 0 2 33 18 72 1 115 24 7 71 1 48 33 41 32 18 100 0 70 85 69 39 45 21 18 32 120 123 32 125 0 63 101 0 6 21 77 0 32 141 36 12 73 28 0 7 25 0 131 54 10 0 14 63 4 51 28 44 129 53 0 96 7 0 24 44 34 120 122 154 92 106 45 87 0 32 82 163 90 94 48 9 39 13 15 36 0 71 10 100 34 109 35 57 15 33 177 25 88 0 45 34 44 62 0 8 12 0 123 133 54 87 85 87 100 0 16 173 12 4 105 67 21 0 18 47 8 18 37 114 109 8 105 
207 11 92 55 4 64 3 43 48 80 101 32 6 101 45 24 71 123 51 39 30 96 108 46 156 10 144 120 81 24 33 155 61 65 64 171 31 91 4 157 54 61 57 24 83 52 90 104 86 54 120 45 0 0 4 68 44 35 71 156 89 75 57 84 2 44 6 54 17 25 0 105 8 115 145 54 95 6 99 64 0 111 103 93 87 32 58 14 122 0 40 111 147 32 83 117 96 90 152 16 80 35 58 107 31 32 5 50 81 122 0 0 48 42 19 11 45 219 195 14 0 45 84 10 69 9 26 35 100 52 30 15 113 38 67 21 61 32 56 14 133 195 55 18 40 13 0 103 52 8 76 61 69 67 177 58 3 15 40 1 16 66 58 38 68 14 97 96 92 38 3 83 38 60 17 37 52 0 40 3 100 69 0 12 54 81 57 135 16 12 51 65 45 75 97 80 64 192 40 28 141 80 127 70 71 64 57 54 8 126 71 29 97 88 44 10 56 37 86 68 0 49 12 102 74 43 0 6 0 86 34 48 37 72 32 33 30 104 104 119 177 40 67 30 8 26 66 12 116 0 126 25 110 48 111 18 
18 0 48 9 0 109 8 35 12 88 45 9 20 7 0 16 18 72 0 134 72 20 160 0 0 54 67 33 92 0 0 72 6 35 8 0 0 0 0 21 68 12 78 49 48 45 60 0 26 10 74 48 54 48 16 31 129 15 64 106 0 77 75 50 14 0 62 30 54 24 74 54 0 36 0 69 0 32 40 7 89 42 0 54 27 32 149 112 33 0 92 104 0 33 56 42 141 0 27 7 15 94 51 14 0 24 141 53 85 6 6 0 100 109 24 78 32 111 28 145 35 54 0 0 0 81 0 45 59 56 0 24 111 16 60 186 0 20 112 24 8 12 0 32 27 21 49 70 48 63 76 60 86 22 8 0 36 31 0 12 32 45 54 0 25 69 0 42 74 20 29 40 32 24 0 90 28 6 43 130 117 84 0 18 56 42 7 18 104 42 96 51 27 14 36 123 135 56 94 0 72 21 105 97 72 4 0 36 21 32 72 7 127 60 54 54 56 0 0 30 0 169 25 0 18 0 137 78 0 65 12 0 152 6 72 46 0 8 21 28 72 35 28 18 81 131 37 7 0 9 15 6 228 219 0 72 
108 4 79 176 6 103 131 3 3 20 24 84 27 14 0 79 195 84 0 100 90 66 4 212 6 27 58 25 18 40 119 94 106 7 199 35 45 56 4 86 101 97 6 45 6 70 160 85 181 12 63 16 54 0 64 108 42 12 66 64 74 34 18 40 72 80 36 32 158 44 0 156 178 182 53 59 83 42 13 81 18 109 94 56 22 32 14 60 48 0 35 204 86 64 196 12 35 221 16 36 16 32 120 22 24 49 249 34 36 0 67 0 26 10 70 154 90 72 0 60 49 88 112 73 0 21 66 0 103 154 53 118 17 30 7 29 25 0 31 201 58 182 84 8 105 36 56 89 0 16 94 54 28 117 66 26 60 36 29 142 0 10 10 71 8 51 28 74 54 54 3 60 8 28 38 89 0 0 44 108 111 24 45 0 109 65 36 106 49 57 30 62 18 28 124 6 12 104 0 42 138 180 0 66 54 207 100 12 48 132 132 90 46 63 89 70 22 106 64 153 29 28 139 34 44 90 54 41 81 66 24 27 0 54 51 232 16 4 82 21 179 12 53 30 145 64 30 27 88 96 138 63 60 56 193 84 
96 3 88 60 8 0 0 20 14 33 23 63 5 33 42 21 48 86 0 82 0 7 0 8 0 0 100 4 37 16 43 6 46 98 0 93 41 6 93 65 28 125 66 57 17 6 36 60 107 40 28 7 73 17 6 28 47 45 42 18 0 76 51 84 52 6 12 0 0 54 16 95 76 36 16 7 2 51 0 16 94 28 28 129 18 30 45 2 8 71 0 52 85 27 38 30 127 0 23 88 96 94 52 8 177 0 0 9 117 35 56 24 12 42 0 37 64 0 0 106 56 1 0 167 0 27 200 12 67 0 16 0 90 19 3 103 8 0 14 60 42 0 58 58 18 24 42 14 6 26 28 41 22 98 70 114 35 0 94 124 49 9 0 31 18 121 0 21 56 132 3 70 9 40 34 42 7 21 16 89 4 0 64 60 114 49 59 124 73 0 42 67 96 56 0 24 12 21 74 10 85 49 42 52 21 0 42 12 59 91 31 0 100 39 28 28 115 14 56 7 39 42 0 0 92 0 97 0 0 24 0 16 98 63 0 78 61 24 37 5 44 125 0 41 49 54 63 92 76 14 37 94 14 27 33 85 
40 110 73 0 35 139 120 44 34 127 118 40 9 164 0 113 115 0 58 49 72 112 41 66 0 0 106 86 0 44 72 153 88 47 75 134 46 105 49 143 12 142 34 68 136 106 76 32 72 42 58 97 109 11 40 64 18 50 84 60 72 104 34 40 45 12 18 126 0 64 6 148 24 105 150 108 62 48 20 8 143 144 36 51 151 20 54 71 93 62 43 0 36 96 42 67 125 50 17 12 0 32 100 10 5 138 96 148 142 0 117 55 35 4 0 92 16 24 14 16 54 24 41 49 75 28 36 12 87 105 77 28 62 49 16 121 298 143 129 107 27 176 119 35 84 20 10 97 40 8 52 6 71 83 64 65 15 0 20 0 169 101 84 62 27 34 107 80 135 36 14 127 76 114 9 0 40 16 104 88 53 34 21 0 56 0 48 44 93 207 56 78 66 0 7 125 36 4 90 15 24 14 112 89 37 15 26 48 0 64 58 80 103 41 325 76 16 98 73 37 40 48 47 12 76 123 39 88 32 14 49 45 118 18 40 101 16 50 75 33 38 84 38 81 93 63 56 107 168 0 40 100 117 145 19 64 
21 81 27 32 54 63 0 283 1 17 1 48 7 122 76 27 54 14 18 70 117 45 52 14 0 0 201 9 100 99 44 49 29 150 71 137 6 21 83 45 0 69 35 0 49 64 72 129 85 85 0 0 71 7 133 72 18 0 103 122 40 32 23 1 73 26 0 42 0 7 10 16 42 0 40 98 89 56 83 34 47 23 0 63 36 64 63 75 16 170 0 77 30 157 0 124 112 60 81 0 8 0 81 0 57 3 23 46 73 35 79 79 41 29 0 9 30 31 4 142 0 30 0 0 24 59 0 61 64 69 106 24 19 0 18 25 28 8 4 80 117 54 80 56 63 7 18 14 10 54 108 106 28 46 111 20 72 81 10 25 120 91 0 0 103 42 113 0 24 90 0 2 57 74 18 0 49 0 14 91 107 66 0 103 21 12 36 72 45 2 64 5 107 117 71 12 28 48 56 24 25 103 25 65 99 32 105 34 35 111 4 35 0 94 84 22 0 18 63 80 84 57 68 120 7 56 156 84 5 173 9 0 14 0 27 57 72 30 119 56 30 51 48 36 52 111 14 0 237 35 130 112 63 0 126 129 
82 9 16 81 51 9 15 123 80 35 25 12 67 144 83 15 10 0 0 94 121 128 30 92 0 21 53 45 8 75 113 90 24 5 20 111 46 87 20 92 36 14 6 9 9 24 9 64 24 39 38 18 53 0 14 63 35 9 61 0 13 40 31 158 62 61 0 6 33 52 146 76 69 65 0 90 0 6 92 9 29 45 12 113 126 63 95 18 0 28 0 27 18 57 24 66 16 0 6 48 75 0 69 64 55 94 97 12 106 54 39 75 72 50 42 18 64 27 9 3 28 16 23 1 64 63 17 147 0 76 6 55 35 47 71 75 65 120 67 36 99 108 142 23 144 64 24 39 134 0 0 157 139 87 115 49 6 23 77 105 22 12 72 38 42 50 4 23 95 0 15 5 6 0 0 30 0 0 13 0 144 0 31 6 68 6 24 55 44 63 64 89 72 42 24 101 36 0 72 22 33 36 27 109 3 11 0 45 4 15 9 40 134 45 90 50 8 51 139 6 96 7 45 0 62 107 117 20 84 67 0 33 142 69 9 115 51 39 18 67 0 35 36 90 57 44 117 24 18 53 5 99 89 97 26 37 
96 109 128 66 109 134 22 95 46 30 93 52 75 239 0 23 80 0 0 88 69 40 90 20 0 28 44 14 69 158 91 34 98 12 76 85 54 123 16 72 32 51 15 86 16 38 5 69 201 88 106 48 159 7 0 40 112 89 130 142 76 0 64 57 82 0 0 32 103 40 20 109 34 98 32 67 19 63 35 0 104 42 190 126 27 0 12 24 82 48 69 81 72 42 53 23 160 32 0 80 15 14 83 0 104 134 24 62 117 36 0 9 6 28 45 40 0 120 28 62 37 44 64 0 148 54 16 90 102 66 80 1 3 0 129 87 134 98 106 37 40 165 27 36 103 87 22 2 5 44 8 31 159 52 28 85 32 91 8 38 20 80 16 0 24 135 119 56 80 0 0 54 24 0 46 52 49 128 20 24 35 16 9 8 48 122 0 54 178 0 108 100 0 92 113 55 42 97 48 36 48 20 56 104 83 84 155 0 59 36 88 19 0 124 129 48 44 51 112 0 0 5 65 28 4 90 28 97 68 87 0 3 58 42 70 52 75 74 173 6 74 84 58 14 34 83 50 0 30 59 95 142 208 99 85 75 
62 69 83 41 28 26 64 28 169 110 78 23 117 143 36 9 77 60 0 182 59 56 145 115 76 0 211 71 149 45 12 30 56 164 67 43 63 144 0 24 94 102 49 60 96 122 89 81 266 185 73 0 179 98 134 114 170 39 106 3 49 36 65 63 45 66 56 7 80 20 14 9 45 170 112 102 25 61 98 32 77 122 40 78 11 6 139 20 62 87 68 24 68 83 53 60 112 75 110 64 4 95 129 41 140 90 45 19 178 143 52 80 14 53 0 21 34 32 148 231 20 69 49 38 70 21 103 108 44 166 161 113 11 111 96 30 174 76 10 81 4 81 88 148 48 35 19 80 34 82 137 15 72 36 0 32 94 31 111 41 66 132 50 33 86 114 77 55 86 133 0 60 130 99 101 75 70 88 62 67 165 135 26 152 84 64 0 92 65 48 0 73 82 168 136 56 44 189 116 14 91 59 121 47 89 5 112 75 64 10 109 60 102 124 153 112 0 29 172 116 13 10 42 204 56 32 0 112 100 89 42 41 107 38 28 25 40 63 73 20 64 30 45 32 54 87 46 11 59 9 100 56 130 80 10 106 
89 74 40 46 60 123 19 65 62 18 38 9 141 85 120 154 12 24 34 77 18 77 89 96 103 16 46 38 116 51 98 43 76 88 6 51 63 84 111 94 0 19 106 81 75 32 116 35 100 132 0 63 87 16 0 181 55 105 39 33 9 81 39 65 46 20 52 100 112 107 128 63 104 192 16 100 50 96 116 149 109 16 121 51 9 30 20 66 28 200 116 71 117 2 17 15 72 73 53 95 0 8 48 54 98 120 82 96 35 36 61 67 21 41 102 73 118 121 66 21 92 111 147 68 87 15 42 156 161 66 64 35 20 155 24 22 39 5 100 118 24 180 83 75 123 9 86 85 44 18 24 68 42 213 93 51 185 10 72 36 142 105 0 159 28 96 158 53 50 0 30 216 4 88 17 88 51 44 10 41 30 21 76 0 4 32 26 13 110 58 41 152 93 88 137 7 127 14 44 180 80 55 46 70 86 71 56 72 160 93 23 4 93 140 78 143 77 76 143 13 32 64 146 88 52 0 27 12 105 50 8 67 99 84 126 36 153 96 53 57 83 8 74 12 180 99 0 4 20 50 91 59 191 154 32 94 
0 92 0 0 0 9 70 58 154 42 0 44 0 9 176 0 14 63 0 12 84 77 202 114 30 25 117 45 7 0 76 0 25 0 52 7 0 7 24 103 0 72 102 68 40 28 81 0 12 0 86 0 78 60 5 8 99 0 49 45 0 220 53 14 40 50 68 0 13 0 72 89 0 63 149 10 72 102 20 91 0 63 0 89 7 62 45 46 0 76 80 50 36 0 52 128 24 7 4 20 30 45 45 18 34 57 104 0 106 23 99 102 0 28 56 21 0 73 63 18 0 18 45 18 20 0 36 0 75 76 21 176 41 49 65 66 26 60 70 58 54 16 92 75 18 9 75 150 49 0 0 0 48 4 8 27 12 0 4 36 72 40 21 23 67 43 0 6 87 42 14 12 0 0 0 6 40 0 2 56 78 27 48 30 0 16 0 0 0 0 50 104 42 0 97 45 0 136 46 144 40 123 126 61 97 0 14 15 18 94 81 91 166 20 7 0 40 4 0 0 22 95 0 74 38 0 36 15 43 152 61 40 102 0 14 37 122 25 49 0 36 0 0 0 97 0 0 70 56 0 142 0 63 2 50 89 
91 0 80 68 36 24 42 89 50 147 28 0 57 3 66 104 0 31 27 5 35 106 40 131 12 104 166 86 35 52 208 79 118 0 56 111 92 63 84 136 20 45 63 32 109 110 54 0 46 44 0 0 0 1 36 76 26 8 126 56 54 76 18 8 49 92 38 40 22 57 8 116 6 172 0 9 108 8 75 77 30 84 74 21 52 48 57 31 8 42 32 43 64 80 76 152 93 30 0 17 0 0 136 8 37 138 35 45 185 56 114 129 33 72 4 2 9 87 0 57 77 27 49 18 18 16 8 177 109 35 0 151 59 4 24 48 34 72 10 160 53 25 156 121 9 21 41 30 51 78 25 90 136 26 51 40 128 4 34 50 28 28 35 27 42 19 49 0 40 21 3 75 122 30 26 27 8 51 44 109 77 129 9 0 116 0 123 44 56 69 30 105 58 98 0 86 60 45 33 7 112 16 45 163 77 51 54 32 4 28 36 56 36 47 138 45 2 114 11 97 43 25 115 59 98 184 79 60 46 86 0 54 52 22 40 76 105 93 155 27 86 64 69 22 78 111 12 0 129 40 15 54 94 82 33 88 
53 118 6 59 63 0 24 79 1 70 31 0 34 41 56 0 126 44 70 76 43 27 42 70 0 18 22 36 81 118 129 30 42 44 13 69 47 80 17 34 52 35 70 4 71 81 96 21 43 86 6 0 0 30 1 68 18 9 40 72 0 16 27 35 82 22 27 0 24 72 72 12 68 9 36 25 10 12 27 48 0 72 20 21 48 0 24 27 32 139 2 8 69 59 12 42 0 8 24 30 44 0 29 0 4 27 10 88 28 69 14 120 5 33 0 39 66 86 7 32 123 6 0 0 0 42 129 60 32 48 77 43 14 121 4 120 0 12 74 78 21 4 53 75 79 0 74 88 49 0 42 44 27 52 0 42 0 75 0 39 72 39 0 64 0 0 109 0 128 87 6 75 28 78 56 38 11 21 4 35 18 49 28 73 70 56 15 0 0 61 76 21 3 110 7 28 15 10 16 24 78 27 0 44 71 12 84 14 21 43 0 8 4 99 16 0 77 16 9 27 63 0 30 5 45 121 76 18 37 16 9 0 114 139 51 51 32 128 4 64 27 78 48 39 0 56 46 66 39 36 31 24 0 23 12 25 
48 25 64 0 25 5 99 54 16 14 115 21 57 21 52 7 1 148 0 114 0 45 75 8 76 0 37 111 37 42 65 87 0 40 63 66 28 11 42 99 75 43 68 0 99 4 9 2 8 63 8 21 24 20 70 50 91 15 63 0 22 13 41 26 64 0 12 0 30 26 27 0 0 32 194 30 4 72 34 36 30 63 48 71 102 10 103 52 67 6 28 0 99 0 59 30 66 35 0 55 0 5 31 48 1 4 75 0 81 86 0 56 6 18 32 29 194 146 45 90 47 44 7 136 37 54 32 64 69 122 0 8 9 0 42 75 13 8 0 86 36 51 42 30 15 5 38 88 0 8 39 69 90 65 36 7 133 0 0 25 138 31 119 175 28 102 46 4 137 87 18 115 36 9 108 16 31 14 36 19 115 146 9 18 21 63 95 66 20 77 65 78 48 83 0 75 3 30 67 89 148 25 92 57 67 0 50 121 64 84 12 34 29 53 54 32 6 4 11 79 35 25 50 54 150 99 60 47 36 30 0 15 51 90 25 79 78 32 74 46 30 2 87 72 53 0 34 56 15 12 0 54 28 51 6 96 
21 20 85 82 3 22 45 28 128 34 115 70 36 18 33 9 16 43 52 29 85 30 109 7 64 12 25 134 132 82 25 80 14 32 46 0 44 93 46 32 65 72 0 150 165 18 16 22 4 33 1 71 0 0 25 27 64 45 28 81 0 1 150 117 26 65 34 106 20 39 37 12 12 97 60 52 52 6 3 40 33 25 72 45 72 48 42 32 94 50 64 29 5 18 48 12 28 19 3 133 4 10 56 60 26 0 46 134 36 214 86 2 24 16 12 30 35 116 0 40 50 36 29 13 2 48 101 67 94 147 29 26 55 153 16 149 68 43 32 104 2 98 60 64 68 36 14 75 48 0 21 83 73 8 48 125 81 71 62 0 123 6 0 27 24 16 295 73 60 3 20 28 49 64 0 90 136 114 22 0 34 32 24 94 36 28 58 33 20 80 56 8 58 71 32 43 73 122 33 56 61 9 61 81 62 15 46 110 0 80 43 119 60 48 84 29 128 32 33 56 60 3 96 65 102 156 100 141 12 20 2 27 16 44 116 44 64 163 76 50 131 51 194 75 36 146 4 75 0 90 9 46 28 55 107 41 
74 39 100 6 4 60 46 104 99 68 49 52 12 56 41 28 80 79 30 81 109 92 131 72 26 29 17 12 92 123 8 44 0 139 98 32 66 37 0 72 32 183 66 85 116 45 45 54 121 117 16 177 98 124 8 40 20 9 5 45 45 84 170 76 159 44 171 40 24 0 72 76 103 36 110 44 0 223 0 130 119 89 38 66 81 82 40 75 63 27 41 90 24 80 109 7 145 60 22 133 66 80 69 8 5 129 30 31 6 114 58 32 40 113 0 205 8 44 33 28 6 82 0 8 144 134 18 96 124 116 118 55 83 30 26 176 126 66 8 30 9 8 12 105 93 34 53 132 19 27 15 121 112 0 69 79 42 104 51 49 112 63 146 77 102 86 113 107 24 109 127 36 22 32 100 45 36 16 104 81 135 28 0 42 94 80 72 28 138 170 202 53 17 35 69 74 105 46 80 146 124 83 110 81 4 162 69 7 87 100 46 93 60 168 145 72 40 10 59 100 53 81 154 52 61 60 45 45 108 13 7 117 128 12 80 116 101 0 44 66 79 54 92 42 81 40 124 48 87 29 30 40 147 8 44 109 
97 10 49 157 32 20 10 116 91 32 85 203 60 42 12 18 40 28 14 56 56 109 116 4 16 76 76 36 40 38 156 32 84 26 0 77 119 66 51 3 50 132 140 14 7 57 0 170 0 44 0 24 74 4 135 96 56 115 138 9 74 29 31 35 135 95 30 10 108 91 60 51 74 63 36 32 63 90 0 107 0 128 6 168 7 7 119 149 164 68 118 32 105 74 126 64 26 0 0 115 152 128 192 31 14 43 45 92 44 62 64 19 18 79 134 103 51 20 112 74 38 63 35 81 19 42 45 0 226 115 30 59 0 25 78 106 45 55 95 42 94 20 49 52 48 28 21 95 59 64 9 27 106 138 90 85 81 55 98 9 95 33 86 81 40 61 30 48 35 26 0 32 200 28 113 87 0 16 13 28 232 61 92 8 0 28 18 61 154 19 41 57 63 276 99 25 33 0 144 24 97 55 106 0 57 127 48 48 9 17 89 57 43 53 222 38 73 22 0 93 0 67 56 39 7 116 9 113 206 131 71 164 63 81 81 138 121 109 44 0 45 85 133 48 40 64 15 62 6 18 36 77 107 137 94 28 
16 0 28 54 42 4 77 114 90 114 27 70 5 24 87 0 111 62 16 140 81 88 132 57 30 120 139 66 45 28 72 129 76 41 68 16 80 81 27 92 136 54 62 58 30 93 68 69 36 61 143 127 8 51 68 13 42 11 208 0 21 85 146 121 60 18 82 0 92 35 18 41 120 124 125 107 12 36 8 230 122 93 30 18 21 85 104 124 58 39 118 144 0 126 97 0 199 0 57 95 60 91 74 107 14 15 72 57 27 16 50 45 72 154 14 81 170 133 30 30 83 161 73 178 0 81 133 72 53 81 27 0 149 132 50 94 61 35 0 62 63 90 208 71 62 63 9 184 76 132 2 85 147 18 74 120 106 59 81 0 0 16 42 126 18 117 16 49 11 32 50 125 24 6 0 27 29 98 133 111 70 54 0 19 42 14 35 54 118 121 72 59 125 139 69 40 143 16 34 27 101 66 57 80 94 14 0 60 104 87 24 0 44 26 147 21 5 60 92 82 40 81 36 45 49 0 54 36 8 247 113 206 111 48 207 51 44 66 117 53 8 30 7 193 133 42 0 7 137 71 81 136 250 10 113 192 
19 0 18 0 46 124 42 72 42 87 9 20 0 34 0 9 6 0 35 74 72 56 21 8 63 36 63 45 0 14 12 0 39 45 21 8 58 15 63 9 18 16 0 77 86 21 0 20 4 43 72 4 4 26 0 45 97 111 40 28 52 8 59 0 0 78 79 103 60 21 131 28 6 56 0 18 0 93 0 56 42 21 112 69 145 12 36 24 0 20 14 119 15 12 21 0 61 107 24 6 65 0 27 18 0 76 78 16 28 67 0 70 102 41 0 51 77 29 0 27 43 7 2 51 37 28 20 159 63 98 34 10 9 14 0 85 72 151 23 54 32 32 21 98 81 84 40 0 50 0 67 131 114 10 52 83 0 39 13 54 151 65 24 154 1 2 108 63 84 21 3 72 57 68 27 21 25 11 0 0 53 0 0 10 48 0 3 80 87 49 109 45 42 0 58 125 34 60 91 52 12 176 84 11 44 12 18 113 40 9 28 0 147 98 6 36 24 0 0 0 63 12 88 0 49 32 72 70 0 48 12 54 128 24 105 48 0 17 71 70 4 87 0 48 53 72 96 0 47 27 42 0 0 195 27 0 
0 0 194 141 0 30 36 18 91 151 111 12 117 0 162 72 146 9 129 3 38 119 118 136 56 194 35 127 151 135 45 88 0 113 140 37 146 59 0 68 40 108 24 57 74 72 89 63 41 163 23 0 0 0 66 16 53 174 97 24 72 156 125 0 42 37 49 167 35 70 76 45 23 81 0 46 12 89 12 8 60 54 130 50 39 22 91 5 0 44 179 78 61 48 0 67 118 182 52 102 0 20 216 107 0 176 80 66 113 78 93 4 57 20 60 111 55 74 60 0 28 119 42 67 46 20 9 190 56 146 18 137 0 63 0 64 48 129 40 30 108 0 27 97 59 89 100 47 55 63 118 205 48 15 3 67 41 56 0 86 104 123 61 12 32 26 6 36 93 0 0 72 115 79 90 0 83 199 43 33 21 82 97 1 0 129 15 16 191 89 24 123 8 12 56 91 53 113 125 0 86 223 63 51 93 0 126 44 32 68 36 117 56 44 129 244 63 56 58 51 25 33 156 45 56 32 8 219 162 171 15 77 93 42 30 168 1 63 56 88 108 94 15 0 18 88 40 0 24 86 48 0 113 116 81 43 
13 48 95 40 5 40 11 18 99 36 56 35 58 42 66 32 24 38 7 72 41 109 50 22 48 96 10 115 131 38 132 16 57 37 31 0 142 153 0 57 60 57 73 38 75 37 14 10 78 59 31 13 10 2 63 99 80 30 161 16 0 18 113 60 15 0 16 35 32 90 56 39 108 29 81 30 12 43 141 45 88 30 6 79 25 0 4 32 32 107 81 21 31 25 44 54 12 34 108 47 12 6 67 9 105 54 12 45 107 21 5 137 0 28 0 48 56 10 72 54 130 0 4 4 9 5 4 15 87 12 17 45 25 213 32 30 101 22 24 50 11 55 57 68 102 90 15 60 18 14 53 30 98 139 10 34 41 11 19 45 51 25 77 12 36 162 42 19 165 2 75 56 0 66 91 57 67 45 5 8 37 4 12 0 34 21 28 0 104 41 24 5 103 54 0 34 41 64 26 53 102 20 46 94 49 0 17 69 83 120 30 51 9 34 40 73 55 35 80 17 40 3 32 23 112 8 0 53 81 80 1 24 18 50 0 27 29 38 67 93 56 7 220 50 24 9 26 23 80 21 27 52 48 33 54 79 
72 35 4 21 94 56 107 76 14 64 66 76 63 71 71 85 40 16 0 113 49 139 55 120 34 55 92 0 28 21 105 95 61 100 107 0 29 72 15 7 90 160 54 76 35 36 43 0 0 32 152 18 79 177 31 4 108 21 64 121 10 18 89 62 3 0 50 8 30 4 143 45 51 119 14 99 182 29 12 27 10 112 63 105 124 61 29 4 6 54 18 102 30 18 24 41 49 3 72 24 97 41 82 55 0 114 15 70 57 5 121 7 48 32 16 35 10 168 50 78 70 0 56 66 78 0 135 57 8 122 68 94 47 6 0 0 46 11 0 75 162 32 56 42 63 6 19 8 84 13 117 56 76 99 93 120 49 56 6 32 63 54 4 63 38 35 11 0 38 0 74 65 25 51 23 74 70 15 12 0 107 21 42 63 76 0 98 36 20 32 9 48 74 56 0 148 17 48 111 50 258 97 51 24 45 40 2 84 111 122 104 3 87 9 0 1 64 8 88 15 52 87 0 73 17 30 69 9 0 125 8 115 91 58 99 116 99 65 96 80 0 42 18 73 99 16 0 103 127 102 154 0 179 60 55 58 
61 25 88 33 8 85 15 143 113 130 45 7 93 92 65 186 42 71 6 61 199 78 99 160 76 0 20 26 151 124 120 84 99 215 46 97 89 168 9 71 137 58 132 37 4 53 63 111 184 83 54 91 198 143 40 279 33 13 180 0 24 49 105 77 84 144 100 167 127 112 44 96 84 76 13 83 24 79 46 98 81 183 92 85 94 0 106 101 59 67 10 60 61 40 42 84 70 15 32 193 136 64 165 0 56 135 105 121 91 0 25 30 0 58 59 137 86 81 152 63 183 6 48 61 0 84 22 53 124 111 5 112 99 118 132 150 114 32 88 135 79 36 33 120 144 72 24 124 103 30 82 99 65 44 54 84 124 69 100 6 204 38 109 18 18 114 115 91 45 154 69 128 89 40 54 101 135 63 46 127 167 72 0 20 46 60 123 44 266 10 86 46 68 129 70 0 63 77 42 91 98 270 143 292 61 78 8 25 80 128 24 34 10 14 74 80 93 32 78 120 6 140 61 59 83 138 78 38 145 51 54 94 119 106 72 60 81 74 89 73 243 36 164 140 83 103 42 92 36 127 121 119 161 16 58 96 
0 111 16 54 0 36 8 80 25 0 7 12 6 74 102 68 72 7 0 16 25 7 129 55 35 135 45 5 27 108 16 10 7 29 0 48 110 45 64 37 0 60 0 12 3 0 53 56 15 0 41 166 38 14 54 48 20 48 5 15 16 52 43 15 0 25 63 0 35 30 151 9 36 0 72 72 8 20 16 64 0 0 16 56 27 18 138 78 0 2 210 0 27 32 3 62 0 0 43 6 0 32 72 6 1 27 12 66 37 9 85 16 32 24 43 31 0 58 53 8 0 0 72 32 66 6 28 50 38 36 35 112 117 1 67 77 24 16 0 0 80 6 16 54 50 2 0 69 45 0 12 24 35 36 38 4 17 50 0 8 15 114 38 8 40 53 7 8 5 100 55 81 21 99 41 0 0 59 10 6 72 54 91 0 16 8 0 88 70 51 68 0 24 27 16 81 101 64 51 0 19 0 56 21 0 4 58 27 0 8 187 72 72 94 0 28 56 21 28 6 0 96 52 27 0 0 95 98 89 120 0 41 61 84 27 40 0 64 90 52 125 18 4 16 27 44 35 10 163 36 15 28 3 73 72 50 
15 27 24 51 0 88 68 57 69 127 54 5 18 1 24 10 78 119 54 120 66 28 69 32 63 114 24 72 103 106 71 16 11 33 133 30 87 181 33 36 23 32 140 27 63 7 38 18 39 8 0 0 49 30 36 66 21 42 8 85 43 61 3 84 49 9 62 49 18 9 21 106 0 0 19 9 94 55 11 115 0 26 75 174 41 40 10 144 94 12 24 36 32 10 102 35 142 117 54 33 24 77 161 16 8 44 94 67 102 27 53 15 14 45 130 0 0 53 7 6 55 12 84 51 60 34 52 29 36 101 76 93 120 19 17 11 72 122 17 71 155 147 48 42 56 88 18 75 74 12 9 0 93 40 84 16 67 75 0 94 56 6 109 8 13 0 28 28 121 126 21 26 81 78 96 41 105 26 25 0 59 8 0 9 107 72 8 0 35 66 7 54 43 28 5 82 24 67 0 131 136 112 65 19 55 67 36 28 0 32 77 93 0 17 172 0 71 27 46 2 42 61 72 4 87 100 141 191 25 57 41 69 33 0 30 168 109 18 83 28 100 18 91 82 0 10 46 103 84 24 66 63 101 63 24 127 
5 34 42 3 15 0 49 56 197 75 52 43 42 35 81 62 64 42 45 49 104 134 168 12 86 91 59 63 84 7 11 110 47 35 80 0 81 46 29 15 78 24 47 32 80 27 1 5 61 36 37 33 54 0 49 87 7 35 130 0 42 14 127 32 17 84 140 99 27 0 6 121 99 40 37 7 9 35 0 81 73 1 21 24 10 0 73 42 59 25 99 51 54 37 42 63 113 68 0 119 82 118 138 104 7 7 140 0 0 117 56 0 14 36 13 44 0 134 89 0 4 63 7 45 28 3 77 84 26 22 28 48 85 30 0 28 0 2 36 42 77 48 31 212 84 0 7 65 12 63 63 62 99 9 0 147 46 0 72 58 0 21 16 14 0 10 0 24 18 85 54 69 18 30 60 35 117 96 13 12 0 0 18 8 65 133 6 36 124 69 12 0 139 99 85 36 57 127 45 6 75 82 81 118 66 67 70 7 45 98 147 29 45 97 49 51 66 7 104 81 45 86 43 20 101 23 31 117 75 94 4 42 58 63 238 110 29 21 106 64 64 18 58 40 0 7 0 33 32 70 76 100 108 102 20 35 
72 25 47 78 98 55 16 92 96 53 15 8 141 26 7 78 0 93 12 110 105 0 88 141 0 0 60 77 41 45 120 88 8 2 77 72 37 44 22 26 78 159 78 72 0 83 108 97 112 44 0 2 58 114 0 118 139 75 27 0 61 129 60 142 98 36 54 28 115 36 36 91 89 196 73 142 97 48 112 0 82 35 54 45 95 40 8 94 20 0 114 68 62 48 87 68 122 71 59 82 114 39 48 0 140 18 106 35 45 16 0 42 105 45 44 9 49 40 0 72 20 186 66 14 32 1 78 14 58 62 16 70 149 88 54 40 38 38 21 180 0 97 64 32 99 40 0 88 0 141 142 62 68 24 50 8 91 0 48 132 44 13 0 138 6 0 5 0 9 61 53 157 56 182 54 144 107 63 16 13 53 28 32 47 114 12 21 2 93 133 130 72 168 72 18 107 16 25 79 112 67 135 20 119 91 41 55 24 104 65 43 101 27 38 22 30 115 16 112 48 15 0 41 6 39 23 46 30 31 35 0 10 43 135 64 35 43 103 142 45 48 119 84 81 65 48 20 10 84 72 48 115 33 11 41 132 
4 75 64 27 45 72 26 66 5 6 23 84 28 166 54 54 95 0 24 47 80 152 30 96 42 40 24 42 88 75 136 21 48 88 25 33 39 227 40 68 112 57 28 0 50 21 36 0 36 56 28 127 23 29 54 135 32 42 126 74 8 1 32 35 53 0 24 2 70 0 84 14 50 38 39 20 45 20 43 0 63 9 24 43 65 51 33 44 100 45 119 8 100 10 14 124 35 41 190 67 40 2 76 63 16 221 35 81 12 0 36 125 15 99 75 13 28 139 79 51 34 84 73 72 96 32 31 83 52 38 32 75 0 7 0 15 63 49 56 56 62 44 57 49 56 36 22 18 49 11 79 53 58 57 107 106 66 44 6 47 87 96 65 99 89 72 9 6 24 15 41 78 0 69 0 33 6 4 84 113 28 28 74 4 53 11 6 18 48 123 97 90 37 91 69 0 29 30 0 74 32 84 27 29 44 79 13 16 0 18 39 27 0 73 23 32 43 81 39 63 16 28 70 144 42 22 63 8 93 0 9 32 101 108 24 27 63 90 58 21 107 92 16 0 75 101 37 20 51 54 24 93 15 63 71 90 
36 57 104 168 48 0 70 119 67 54 78 72 99 0 50 10 100 71 36 40 126 71 22 12 24 44 150 153 100 58 64 193 1 16 51 129 100 6 9 3 33 73 40 98 64 34 81 57 33 0 0 49 24 15 65 156 9 156 1 53 81 97 18 54 67 113 86 114 13 42 8 69 8 18 4 55 47 71 31 52 50 2 48 99 18 54 4 13 68 20 158 95 99 67 0 117 122 96 36 121 58 37 72 21 63 15 73 111 18 126 183 32 0 49 23 0 0 54 20 29 7 18 60 75 0 127 79 7 107 103 64 6 18 100 42 4 20 62 46 162 63 128 42 63 116 54 28 23 25 56 91 81 30 18 60 75 132 50 75 91 32 28 57 67 0 46 192 8 0 8 0 75 84 7 21 6 23 73 14 141 78 4 48 49 29 131 5 9 28 20 24 77 7 34 45 30 52 39 42 18 95 95 23 0 11 71 114 106 18 16 67 70 41 20 221 94 140 8 0 5 73 117 114 44 68 66 149 129 89 57 0 18 29 38 29 159 69 52 69 84 140 5 59 12 32 63 7 46 18 97 0 57 45 74 54 39 
62 45 162 45 8 53 44 26 88 102 95 84 54 74 8 12 14 82 0 84 181 81 20 4 80 0 27 28 110 16 99 24 24 95 43 18 45 19 36 128 56 69 74 0 168 38 36 24 48 64 23 30 27 21 0 56 90 60 4 32 45 22 82 111 153 131 50 52 0 42 42 15 18 12 119 73 100 72 0 99 121 24 36 44 124 124 66 8 77 69 32 63 61 100 46 9 135 75 99 2 0 20 6 18 15 99 86 96 85 105 0 0 105 24 40 47 7 38 65 44 0 82 111 197 51 15 8 24 103 41 15 0 19 45 0 113 50 22 16 142 63 12 32 20 133 8 99 52 35 30 41 145 48 114 147 119 114 10 96 59 114 72 12 273 167 156 63 50 32 4 27 184 28 70 39 36 27 37 39 76 59 0 0 0 24 40 83 62 81 82 154 102 85 0 58 12 105 28 132 123 114 58 162 63 126 96 134 22 72 77 81 18 82 27 82 20 4 9 33 38 0 227 81 0 150 43 165 123 72 92 51 3 64 27 0 84 70 191 74 39 20 99 72 57 93 44 78 77 0 135 0 36 42 25 4 80 
118 19 44 150 16 39 100 161 100 65 42 41 67 90 51 30 136 20 4 65 39 116 129 69 13 130 81 0 80 118 149 63 5 6 119 6 107 36 36 50 202 110 30 99 146 36 43 133 117 82 55 120 43 45 84 40 48 50 27 63 83 42 59 104 26 58 86 0 34 49 130 221 153 28 73 41 39 176 68 40 0 86 14 154 122 42 40 84 28 20 12 29 48 56 24 132 32 148 28 80 45 72 124 32 14 22 102 66 30 72 48 58 27 50 125 151 233 104 13 48 68 90 0 62 24 84 66 54 2 144 62 97 0 6 37 60 2 9 32 101 106 20 65 64 96 36 59 8 121 0 0 94 109 59 36 103 27 83 23 39 104 72 194 15 28 29 6 0 111 3 27 45 33 144 102 57 86 45 16 3 45 75 176 42 76 57 67 102 109 34 58 92 10 145 88 60 123 48 125 80 42 28 104 77 14 41 152 21 35 141 18 170 97 94 107 127 63 41 108 60 53 118 91 54 90 99 63 188 165 150 42 0 68 48 12 155 78 15 0 26 0 23 103 67 48 65 42 39 59 3 63 40 112 184 26 143 
107 87 36 4 0 27 70 0 60 111 141 8 81 0 12 139 53 110 23 8 9 67 70 2 38 0 24 14 38 6 25 120 65 94 56 164 8 116 0 76 0 102 24 67 46 42 64 58 14 8 28 35 27 54 48 0 4 82 136 90 0 27 18 21 14 0 57 71 65 4 0 16 90 84 90 1 15 0 77 137 72 64 16 16 0 41 0 109 120 75 108 29 36 48 74 156 10 117 63 76 119 72 114 8 153 127 11 114 24 13 0 16 27 48 0 102 36 28 109 168 81 40 58 72 8 38 125 127 54 68 45 0 7 10 99 14 18 63 6 24 44 66 20 23 24 142 108 9 97 0 114 71 63 10 0 12 78 30 81 42 63 18 32 0 93 148 86 14 29 117 51 29 0 0 41 18 85 72 145 50 42 36 45 0 0 98 31 23 127 112 129 81 73 24 135 4 42 14 104 48 197 58 0 58 0 49 14 35 15 7 33 48 0 12 120 0 210 58 99 0 30 51 86 24 93 92 81 65 3 73 97 162 57 96 228 69 0 60 95 10 14 30 89 81 79 124 40 27 106 116 84 0 111 103 76 110 
3 0 87 51 0 32 8 64 123 26 10 51 16 98 70 59 12 64 17 186 100 149 54 54 0 58 54 117 21 3 54 14 11 45 25 85 26 0 24 65 32 0 59 81 20 22 21 30 165 0 46 35 75 42 170 31 69 40 180 0 0 103 37 69 0 0 26 146 61 21 0 2 93 84 9 63 25 15 45 72 123 72 0 20 43 45 21 55 72 27 17 30 0 118 74 182 114 45 105 56 0 91 65 49 5 63 126 89 184 63 27 150 1 23 0 80 1 28 90 120 12 89 9 85 6 57 87 42 62 10 0 30 45 81 84 21 58 0 90 144 25 154 32 87 21 63 0 101 9 35 72 5 109 55 0 8 90 3 27 83 89 48 0 28 68 65 33 45 23 10 18 99 10 4 36 27 34 44 8 73 94 2 12 6 36 61 28 0 15 91 85 120 54 6 11 32 27 85 49 54 39 5 54 50 57 48 9 35 89 32 48 5 45 72 185 120 54 35 27 6 29 99 105 62 17 8 71 16 0 59 81 153 116 18 127 48 0 15 26 70 83 9 63 23 81 35 64 6 64 58 15 75 148 6 0 14 
12 83 4 186 78 97 24 203 137 270 171 0 30 45 67 82 80 74 39 64 90 190 225 32 37 50 100 122 224 98 56 111 86 214 50 30 173 71 138 168 108 241 59 105 85 96 65 6 52 52 54 65 21 0 203 30 90 140 82 256 80 188 31 69 82 88 130 114 104 69 25 81 0 191 161 93 106 13 7 72 86 66 116 179 72 70 64 81 77 22 70 90 149 78 97 48 54 71 182 105 213 26 220 36 42 73 27 172 117 144 71 15 132 104 110 119 161 83 36 81 126 127 121 18 59 103 95 85 201 45 62 63 78 17 59 103 106 177 50 2 222 178 123 67 64 40 40 48 198 24 43 93 129 40 32 52 63 13 46 0 67 142 145 54 43 55 45 176 163 77 66 102 228 80 31 96 20 56 0 35 187 68 79 24 141 122 73 124 133 121 16 70 122 124 34 168 47 110 127 45 138 38 123 68 36 125 108 247 12 122 219 0 75 87 247 97 135 116 195 110 44 169 134 181 132 175 148 220 111 133 15 76 160 113 138 91 82 47 91 45 182 54 91 94 16 105 28 0 195 99 114 24 14 143 147 54 
152 12 113 141 60 74 30 73 143 168 69 46 57 65 89 68 121 132 48 257 87 61 86 162 50 106 6 61 79 64 126 0 6 13 71 72 49 195 29 135 50 45 125 113 128 120 45 66 122 0 24 29 130 74 35 244 39 18 102 110 80 36 152 231 154 0 42 10 74 110 128 100 121 163 16 98 57 122 34 52 166 89 149 170 49 123 93 84 175 15 65 91 9 149 29 55 90 0 125 59 159 70 62 41 91 31 125 22 123 93 122 60 27 90 36 34 59 47 104 67 15 54 302 115 72 96 82 7 48 146 23 118 136 57 98 30 87 59 60 192 105 178 122 0 116 93 15 167 90 106 98 92 109 102 202 0 193 37 25 109 82 6 111 112 49 160 30 30 121 54 57 56 10 172 6 133 122 32 23 45 153 53 54 20 132 9 32 48 10 3 98 82 207 35 29 66 95 69 96 82 226 54 83 34 136 63 87 18 142 119 48 45 142 0 173 126 83 80 106 84 59 58 176 66 59 113 137 34 117 27 117 65 77 145 123 227 120 157 144 133 87 45 77 50 145 14 79 168 91 8 66 10 158 153 28 158 
86 84 26 110 7 26 82 163 88 87 95 92 152 48 120 0 128 62 21 77 30 34 192 9 0 56 0 42 120 109 157 65 50 64 197 6 155 56 2 60 194 96 23 83 0 86 20 32 27 133 73 32 10 64 16 88 101 57 62 65 29 4 139 99 134 88 58 18 54 46 6 63 4 222 100 86 2 1 1 42 50 40 80 99 112 50 114 57 0 81 152 57 114 36 7 73 0 22 7 58 72 16 101 32 0 0 61 15 72 37 68 0 18 70 8 149 0 70 99 46 102 3 93 77 9 0 85 21 69 57 60 96 55 9 35 103 0 10 48 47 79 56 30 93 0 0 59 84 16 16 84 64 84 85 111 181 26 71 42 7 52 75 40 12 184 88 35 72 126 173 7 7 35 57 92 186 121 119 25 14 49 58 0 40 52 105 61 27 40 41 8 54 62 49 11 42 20 144 78 72 82 36 73 158 49 15 88 6 24 54 45 18 0 127 137 179 148 16 2 6 46 150 64 105 56 84 82 57 0 50 6 0 163 131 0 176 38 28 159 0 24 190 7 86 28 33 3 194 80 9 59 0 120 45 30 80 
10 103 130 18 67 68 192 12 56 76 112 40 2 171 101 130 136 144 0 59 152 171 17 84 90 0 63 63 0 62 144 52 241 36 88 26 128 95 145 81 139 105 37 70 64 79 80 0 30 92 117 67 14 0 72 81 158 39 142 37 16 47 106 72 99 0 46 71 119 34 70 47 27 54 128 6 83 9 39 166 194 74 41 393 238 0 77 77 74 133 115 45 142 46 72 136 131 35 12 84 15 99 137 54 29 154 38 10 95 16 24 105 0 154 209 24 88 164 72 30 66 90 99 42 181 19 54 91 128 93 87 148 7 6 46 150 52 122 137 184 59 85 0 128 131 159 24 5 58 47 88 127 66 22 16 63 55 47 8 135 29 18 124 99 60 81 41 12 91 56 6 146 17 48 110 0 64 32 114 112 59 60 42 20 153 76 26 87 117 84 109 102 107 41 189 27 21 68 104 34 30 174 92 102 47 129 39 18 25 145 95 90 117 72 90 54 61 42 35 97 18 5 155 103 107 31 228 35 88 144 29 147 154 104 135 50 77 67 121 42 151 42 46 85 209 27 91 82 114 63 90 141 61 188 69 24 
0 16 6 0 0 64 0 79 68 0 23 112 59 73 0 0 43 12 0 78 45 45 75 0 117 24 1 12 36 0 108 71 48 99 7 133 72 52 183 72 72 0 26 81 120 68 102 20 18 25 0 32 40 22 45 54 55 101 0 45 0 70 40 32 0 27 32 126 7 51 7 0 183 68 0 18 84 91 45 73 0 19 56 8 48 4 0 92 124 45 26 125 12 72 135 50 18 0 45 45 41 21 18 69 28 114 0 86 5 81 42 24 24 71 60 119 72 35 83 135 149 27 0 32 0 0 14 6 24 93 47 16 84 0 18 9 6 5 0 2 10 38 159 4 0 0 0 0 57 2 0 0 40 81 21 0 62 12 0 9 122 94 0 54 10 0 59 72 69 39 0 48 105 47 17 39 69 105 72 71 137 28 98 25 6 14 110 27 72 0 48 63 50 8 123 55 30 30 8 72 66 10 43 24 45 153 0 24 32 3 0 0 0 80 121 32 0 93 0 0 0 64 0 25 89 116 0 24 45 0 12 51 12 81 0 83 65 0 0 8 32 63 76 56 18 55 0 21 149 21 9 45 56 54 54 102 
24 33 0 99 8 83 15 0 76 36 81 6 0 12 92 45 9 12 3 42 27 0 90 135 35 16 121 0 6 31 57 17 79 0 8 0 27 24 48 4 95 86 104 54 0 14 105 12 58 30 18 0 69 40 101 12 24 54 102 0 45 21 0 62 32 6 9 33 95 10 64 2 19 91 97 30 106 6 10 70 0 81 20 2 16 0 43 12 6 41 48 94 75 4 1 13 51 1 12 9 40 28 99 12 23 20 48 12 90 5 71 94 80 0 0 63 18 80 42 48 9 54 0 0 18 72 31 102 0 32 64 106 45 54 65 0 16 17 0 78 20 48 72 72 8 17 45 150 35 4 6 9 101 1 12 0 124 9 72 0 32 68 65 0 53 72 0 86 50 42 2 106 10 94 0 18 66 35 20 22 96 26 22 0 24 5 5 42 47 68 0 42 83 118 0 28 0 152 0 0 150 21 0 25 0 0 27 4 54 5 104 0 10 40 39 7 6 34 49 54 96 26 36 0 0 16 45 64 144 6 7 75 72 40 58 22 48 14 0 66 6 0 51 36 48 17 0 27 16 35 10 0 50 0 0 0 
89 0 106 63 16 63 35 31 83 31 54 80 4 36 0 12 32 49 24 77 48 100 119 19 0 63 4 157 0 28 28 101 4 67 20 83 114 41 62 146 0 0 118 18 156 40 10 175 82 7 14 81 0 0 36 12 21 80 63 0 35 36 0 0 0 80 0 24 31 45 56 0 0 38 0 24 39 0 0 111 0 62 16 111 20 0 28 25 123 0 48 0 28 8 48 75 66 21 4 48 57 0 90 45 25 0 16 0 65 24 0 0 89 0 14 14 0 36 0 69 6 142 37 14 8 63 13 58 29 14 0 126 31 0 69 40 94 40 73 26 50 160 74 15 24 7 56 36 48 104 63 45 175 20 54 101 24 42 9 0 21 56 42 26 15 56 83 0 125 45 21 46 66 49 8 34 0 77 0 12 87 47 84 0 62 3 6 46 185 84 40 32 91 180 3 12 78 0 89 0 32 5 76 42 32 0 39 7 18 20 27 63 0 48 56 0 49 21 18 47 0 28 104 44 103 184 28 63 63 145 0 27 103 72 23 3 73 127 65 110 28 63 28 16 89 12 87 0 39 0 40 147 12 69 54 48 
72 108 26 128 56 74 52 63 0 24 2 92 81 19 0 0 34 101 76 81 72 0 40 69 8 69 56 15 109 140 144 72 90 66 22 115 63 82 12 0 76 35 48 63 0 8 64 17 116 63 0 0 16 65 93 107 12 5 0 87 81 139 0 88 35 4 145 13 85 81 0 7 27 112 16 79 77 0 23 6 71 0 7 12 32 0 18 129 0 81 76 126 0 45 0 0 66 24 68 65 52 46 0 3 35 36 119 54 48 0 78 6 0 37 8 24 18 58 0 8 72 63 32 60 32 42 18 153 30 14 18 56 46 130 0 70 32 28 16 53 0 65 30 57 102 28 38 99 6 0 17 84 77 54 0 28 93 111 49 21 0 39 10 71 42 37 87 72 0 7 51 164 2 80 35 85 124 52 30 42 54 8 33 35 33 73 4 16 16 18 0 198 0 99 0 56 28 108 36 64 46 109 84 102 100 132 29 1 63 12 6 0 10 114 54 55 0 14 0 4 93 92 12 0 0 72 160 8 8 16 7 64 40 33 70 114 147 82 0 8 45 0 0 36 56 12 0 22 38 41 27 0 102 8 28 107 
0 88 37 66 27 36 0 126 0 56 105 64 124 0 39 40 24 108 63 0 87 92 49 96 14 15 0 27 108 3 0 50 72 29 40 56 36 86 32 35 12 23 72 81 75 38 34 85 28 29 8 0 28 0 119 136 29 131 135 0 37 0 118 99 0 72 81 91 8 11 0 18 104 0 165 7 98 0 7 66 50 36 40 154 3 0 52 105 38 80 166 22 53 9 0 3 67 120 40 98 0 0 114 9 61 63 35 0 10 40 0 11 0 0 28 79 5 0 114 43 6 8 0 16 78 36 29 38 33 0 9 72 8 40 135 34 101 1 0 0 79 76 21 107 0 39 0 56 53 0 59 0 4 2 8 24 0 4 0 28 0 66 45 14 56 4 0 100 88 56 72 7 63 8 65 0 167 153 0 21 50 32 117 5 16 78 27 0 141 0 0 72 40 69 8 0 91 60 58 16 43 45 59 72 0 27 27 57 12 72 105 16 0 69 44 23 0 7 16 13 9 42 96 61 107 88 14 46 57 167 111 0 128 79 0 56 4 21 28 24 100 0 72 12 0 44 0 16 7 108 20 89 153 16 63 0 
113 144 234 26 30 27 88 67 63 85 127 35 6 51 72 72 54 197 71 157 63 101 0 21 53 109 50 81 98 52 145 28 43 34 3 18 36 24 0 154 183 92 42 27 9 93 92 12 62 9 15 67 117 21 134 36 0 159 87 35 0 55 94 79 124 54 66 162 86 21 96 90 25 32 71 9 53 35 53 40 57 54 40 106 131 90 42 71 81 149 63 90 126 77 66 72 154 87 29 156 0 0 21 59 84 172 30 24 69 22 25 27 21 98 0 35 32 43 83 140 97 24 114 72 75 121 194 42 81 55 81 62 17 114 101 272 9 127 27 228 83 67 113 184 120 18 126 62 134 49 178 43 180 73 18 54 144 66 12 228 48 68 61 162 61 96 128 141 133 109 53 23 37 3 90 40 130 58 65 134 49 26 0 0 28 233 2 158 82 54 88 21 159 21 54 129 66 51 33 63 18 103 71 152 72 45 36 109 99 91 72 58 93 36 203 90 135 0 15 62 0 47 70 30 148 0 315 111 54 0 22 0 96 194 20 183 91 93 158 94 92 107 63 65 153 129 36 105 6 108 80 24 0 36 24 12 
31 20 161 21 43 117 21 67 2 101 92 109 5 24 12 86 27 8 16 16 0 93 99 58 130 86 175 98 0 0 36 77 6 30 69 66 7 15 39 81 67 14 91 82 30 73 168 87 0 30 153 36 51 66 42 6 86 25 162 20 70 2 25 3 112 0 66 45 13 111 114 106 5 133 68 79 88 112 50 72 30 36 164 144 50 8 133 85 56 8 56 45 0 0 15 60 24 10 4 9 0 55 35 36 37 78 35 48 96 90 49 140 20 87 58 0 82 170 35 79 56 2 76 100 5 20 0 123 110 30 131 0 26 6 74 35 77 179 46 94 6 38 107 45 51 42 45 52 51 0 39 36 86 198 28 80 81 4 9 17 128 77 63 69 51 52 76 45 71 4 20 91 45 122 19 56 15 49 39 24 118 54 33 56 74 0 42 60 174 92 32 108 33 60 95 104 117 0 63 89 70 0 101 0 24 54 32 80 172 66 66 89 67 101 117 23 35 91 29 63 48 17 64 33 16 78 0 91 0 64 0 27 90 62 77 157 23 77 68 88 28 75 4 51 34 52 83 158 48 60 8 65 133 102 0 54 
9 12 182 111 0 46 0 93 42 27 36 52 56 0 21 56 4 0 72 32 88 8 106 33 66 84 166 71 162 33 35 54 15 102 48 28 27 10 30 129 16 108 49 89 99 74 131 20 12 48 0 32 45 24 30 0 0 79 70 0 14 0 81 6 12 28 0 36 9 74 0 69 9 0 61 40 135 33 92 58 39 36 148 56 38 6 95 29 60 2 14 12 63 32 18 63 0 15 82 68 12 15 12 116 87 69 16 90 100 77 45 0 57 19 0 20 3 76 12 72 66 47 18 24 0 48 0 30 0 95 10 58 24 0 16 6 87 137 86 42 22 36 8 43 0 0 10 11 45 19 64 0 63 6 14 30 39 0 0 0 61 106 56 8 72 9 65 0 60 27 36 62 0 18 0 24 101 98 46 0 87 93 87 55 0 15 40 10 56 15 91 74 90 18 26 79 45 13 0 21 111 229 82 136 40 48 0 71 0 29 0 48 0 40 48 57 71 26 0 75 39 42 33 33 71 125 15 30 0 96 38 61 72 21 0 21 6 71 95 32 0 5 57 15 0 14 25 36 147 151 150 3 30 0 28 30 
4 22 61 72 24 9 27 64 48 227 145 9 58 7 21 74 86 9 84 21 72 42 44 0 6 5 13 6 72 8 104 54 4 10 34 18 34 63 0 76 120 46 44 62 3 8 18 0 6 30 53 48 9 69 1 72 56 54 194 12 7 8 24 0 31 62 60 3 0 0 45 51 6 24 0 91 27 15 24 27 18 18 0 24 16 69 11 63 15 5 90 49 0 66 73 64 111 119 0 24 3 27 61 0 40 74 70 24 39 168 14 0 92 93 18 124 57 2 84 120 73 0 100 95 40 12 17 0 56 17 27 99 45 6 79 36 36 7 41 45 51 8 63 44 159 39 56 14 99 30 65 73 49 76 11 108 78 53 0 36 22 24 2 81 0 52 25 0 38 25 44 52 36 97 72 108 123 16 54 51 78 15 32 29 54 138 47 8 136 0 36 0 13 42 48 77 184 0 108 72 126 58 0 24 48 49 50 72 62 46 6 17 53 5 111 16 101 8 6 19 7 91 86 52 14 0 67 3 135 126 63 0 84 24 24 0 0 33 73 24 12 69 33 43 0 67 56 6 19 157 28 0 147 82 81 6 
21 0 76 66 32 21 0 0 5 0 78 54 29 9 84 0 5 80 17 78 208 14 27 36 19 90 15 32 35 84 16 18 0 9 32 0 44 11 18 28 41 5 22 54 73 60 12 28 20 54 44 30 51 0 0 24 29 66 18 41 27 30 53 44 97 0 50 40 31 6 72 0 27 19 47 0 54 83 68 54 81 0 24 0 6 72 63 27 45 63 20 45 14 102 1 28 149 27 108 21 15 22 78 37 27 64 5 40 45 14 0 0 24 33 53 0 46 10 0 0 25 6 0 0 100 116 63 61 42 48 3 24 110 16 96 34 0 12 8 0 0 48 5 45 16 0 36 13 35 63 0 129 18 8 88 38 33 25 18 15 81 153 78 9 81 30 9 111 51 36 102 0 34 58 0 72 4 23 0 97 21 12 117 26 0 9 0 56 118 54 144 63 46 0 0 0 0 42 23 90 59 63 73 72 4 72 18 0 39 40 0 50 21 12 58 26 34 0 100 27 25 8 84 4 36 4 117 116 63 28 0 24 0 19 53 0 2 22 17 152 93 49 114 50 0 76 57 45 0 0 5 18 2 48 7 84 
47 24 99 62 6 8 65 81 60 96 88 0 45 28 0 21 30 0 0 86 81 129 96 42 27 0 58 0 57 24 68 133 9 36 0 0 56 49 17 116 65 55 54 64 24 53 85 4 22 0 75 39 43 18 28 43 70 45 42 6 20 95 18 182 127 24 0 64 8 55 0 9 35 39 35 0 55 112 59 3 50 40 15 72 14 18 39 53 112 33 88 108 0 0 2 99 126 0 0 3 55 19 93 4 86 145 54 92 36 9 56 46 43 15 81 88 65 92 3 185 50 6 102 66 32 6 0 82 32 137 3 20 21 119 38 43 76 59 12 111 0 52 40 86 50 24 117 50 20 0 66 69 109 7 42 24 91 22 53 39 105 18 50 51 44 60 74 14 57 12 6 74 27 69 76 32 63 16 41 21 56 72 15 0 64 40 65 25 108 28 137 92 2 4 96 50 84 56 44 78 49 75 75 66 0 114 6 21 0 89 36 68 40 0 63 107 154 22 28 42 10 93 35 53 24 0 0 63 26 40 9 10 96 25 18 16 52 0 157 0 24 30 12 68 102 43 40 3 5 125 76 108 80 107 38 142 
0 34 41 60 12 124 39 34 35 54 44 3 108 16 48 72 9 32 15 32 59 34 82 49 81 3 19 24 73 84 61 27 15 0 80 54 64 71 54 7 0 0 48 48 0 39 135 8 7 119 35 0 0 7 92 22 35 10 65 24 63 0 14 53 49 0 18 49 116 16 12 3 40 169 34 21 74 0 2 33 39 12 92 44 95 21 5 152 87 45 116 132 73 87 0 67 81 0 19 63 20 46 49 20 81 133 104 13 109 8 2 6 12 4 106 0 76 60 36 6 80 0 0 16 62 24 18 59 143 8 0 74 33 8 13 42 65 38 18 45 28 24 16 72 65 28 63 7 33 0 31 41 9 63 69 17 28 1 54 16 62 30 0 54 10 40 2 24 28 43 0 22 43 59 67 36 68 84 90 2 0 34 59 0 56 18 0 48 158 42 36 101 5 0 45 36 0 35 36 42 107 16 23 74 46 42 63 45 30 10 0 0 72 21 78 42 0 9 23 68 49 0 53 34 27 64 42 120 45 7 0 42 30 84 12 12 133 4 131 62 0 8 0 39 25 58 39 34 12 61 51 79 21 70 71 33 
63 93 12 149 24 46 125 60 158 91 257 92 124 32 0 122 176 13 85 9 70 61 79 25 36 0 125 2 143 180 115 94 101 83 168 60 150 85 32 159 104 75 99 21 78 43 87 42 72 125 45 56 1 42 43 48 98 103 111 14 10 46 142 68 49 18 34 6 81 54 48 152 60 46 102 43 90 14 4 64 113 51 66 113 201 73 24 61 21 176 152 15 59 33 64 36 165 138 31 91 18 44 181 16 92 81 154 146 114 74 141 4 26 26 137 107 80 151 48 32 172 55 4 114 81 59 151 21 124 134 129 15 10 212 110 127 43 35 10 84 19 20 69 48 148 51 66 164 102 101 25 169 148 213 126 87 57 17 39 32 178 9 53 22 53 86 80 15 101 8 40 85 34 70 176 50 84 28 32 77 76 46 80 81 71 36 89 20 157 39 197 25 129 187 60 31 40 44 112 69 170 24 54 71 64 106 141 99 88 158 28 40 107 46 141 102 22 86 73 35 35 130 61 40 58 51 63 120 58 162 23 67 8 79 64 143 134 139 179 19 123 24 162 197 141 188 51 63 79 90 42 91 122 63 108 173 
21 63 36 9 15 54 120 6 9 23 137 60 27 122 57 60 125 85 89 16 50 115 57 45 12 12 83 54 11 12 118 83 28 32 0 81 33 33 0 80 77 78 29 12 136 12 81 10 2 63 8 153 14 0 59 45 39 54 23 96 0 61 0 47 99 15 67 25 95 0 30 23 27 68 74 11 78 52 0 66 114 29 22 47 17 0 10 125 96 159 69 44 129 34 43 36 28 6 116 22 87 15 14 6 116 20 90 26 16 28 4 0 72 81 32 59 24 87 82 54 33 38 36 45 40 9 167 63 41 6 0 85 45 11 33 137 10 86 77 42 60 144 68 99 3 119 132 12 24 16 24 50 50 0 54 113 72 15 91 18 170 18 83 4 51 118 104 20 159 99 138 15 13 34 35 9 38 0 92 1 77 57 51 0 24 66 3 51 31 112 69 37 86 72 79 34 40 69 0 38 20 41 38 69 3 70 23 0 1 102 5 83 38 50 199 14 60 90 119 24 24 116 61 0 76 122 75 72 0 77 33 63 38 54 86 21 66 126 26 99 73 61 40 42 101 59 34 36 65 57 28 22 62 27 47 50 
42 36 169 57 15 17 112 64 105 68 34 100 16 8 156 67 0 154 54 138 90 142 27 25 50 118 56 115 129 76 196 98 109 58 98 33 151 148 27 151 27 64 167 36 63 28 156 12 40 22 40 8 72 64 108 99 63 25 100 127 44 91 38 95 49 28 93 53 48 18 92 24 0 40 72 18 22 60 61 110 16 18 99 121 56 48 23 56 44 48 42 91 152 32 59 162 56 87 82 81 59 41 121 19 7 158 103 40 88 48 0 225 33 114 65 53 54 77 0 63 20 34 15 18 60 59 83 164 111 116 129 8 12 55 9 32 20 115 109 162 44 81 4 69 14 33 139 68 30 0 61 61 60 2 12 7 133 45 33 79 162 45 58 72 53 104 57 0 37 10 44 149 84 115 88 25 89 51 0 18 51 21 40 54 116 42 1 20 88 73 33 111 103 150 8 40 54 73 62 107 111 111 101 18 75 42 104 52 35 98 0 116 71 126 64 8 106 52 29 57 54 104 59 117 52 44 161 134 56 45 3 100 75 39 0 70 77 84 126 33 108 21 32 4 199 42 16 76 69 42 81 103 68 139 32 99 
151 0 97 47 51 0 0 20 29 78 28 0 72 8 24 31 16 70 12 0 0 0 78 24 0 32 13 59 0 0 55 0 11 56 0 66 0 22 0 100 50 63 0 18 64 54 63 94 0 58 60 36 20 27 44 18 36 4 10 0 5 37 10 8 24 0 78 16 52 0 32 15 6 133 78 12 22 4 51 19 0 5 0 16 8 20 0 136 0 0 0 21 34 80 0 30 14 30 58 0 0 8 8 8 50 33 18 0 0 13 37 0 45 119 0 0 8 0 33 56 2 42 3 36 0 0 28 112 14 0 0 66 27 19 72 56 16 32 40 6 0 8 36 57 0 10 70 3 66 0 149 77 21 14 18 0 17 0 29 36 2 0 22 56 20 27 0 48 78 0 12 52 44 35 16 50 21 150 8 7 12 26 46 15 61 36 36 12 23 72 27 50 28 24 0 52 0 56 85 20 48 12 0 70 0 101 0 34 21 33 12 12 41 32 1 78 88 0 60 16 0 52 6 26 61 99 73 0 0 80 10 32 18 93 48 27 42 65 42 16 78 54 14 45 54 0 0 0 33 59 12 40 24 106 22 0 
53 6 45 60 10 49 119 79 130 88 48 123 0 18 18 74 24 50 42 91 106 39 138 44 30 81 56 58 97 7 160 95 58 77 22 25 23 61 30 7 153 102 59 69 0 10 62 80 8 39 36 26 4 3 2 83 39 4 118 72 12 0 15 49 73 26 102 52 46 52 72 26 36 80 113 94 76 15 0 81 52 67 40 79 31 31 69 73 0 0 46 9 25 5 70 40 6 10 0 16 86 30 45 35 65 16 55 12 30 186 43 0 60 79 0 115 78 25 0 63 18 80 36 14 0 4 8 15 105 118 16 26 0 0 0 105 63 16 137 62 20 87 54 26 71 52 0 62 6 40 52 19 56 100 58 83 121 0 69 0 151 62 61 55 15 107 4 21 90 36 0 0 80 54 40 142 30 61 70 12 83 41 16 32 145 46 60 12 100 14 52 65 128 124 94 0 16 0 150 0 117 21 75 64 82 6 8 57 30 33 24 60 10 88 151 9 82 12 9 43 23 59 0 0 4 104 52 6 60 56 0 88 50 40 96 115 30 51 7 18 0 68 72 44 89 42 21 14 40 124 0 48 78 66 20 48 
49 2 40 12 6 0 12 5 81 39 45 63 72 144 18 63 49 78 0 55 90 26 0 73 32 10 172 72 17 89 37 32 40 24 12 28 14 17 120 0 50 67 0 21 2 0 12 72 108 76 16 46 118 54 14 90 151 10 54 0 51 71 91 53 14 16 16 46 0 45 58 63 12 0 91 42 107 27 51 0 48 129 10 165 9 0 88 23 0 20 44 64 48 10 86 66 124 7 35 143 57 101 199 38 25 96 38 2 45 131 66 0 34 30 99 25 54 54 4 102 48 8 0 32 105 5 18 16 189 171 162 0 20 10 128 76 81 103 0 36 117 30 66 45 12 18 30 72 62 0 29 63 126 86 46 22 80 8 87 62 8 8 38 78 22 16 0 8 0 78 43 106 1 30 40 14 14 24 0 72 140 8 0 12 33 70 0 36 6 74 8 10 35 216 81 88 79 32 159 151 132 35 8 95 12 4 13 50 57 149 48 9 45 79 218 12 0 14 60 2 0 27 12 36 52 22 108 0 141 91 16 0 12 16 0 35 2 0 0 73 34 29 75 36 38 9 73 10 24 10 25 38 81 84 18 52 
49 33 20 72 16 141 27 86 53 72 32 45 49 75 50 41 51 84 0 47 99 34 96 95 0 48 63 61 74 115 91 39 42 79 22 105 19 68 12 71 91 56 0 12 0 48 5 44 128 49 16 47 75 0 0 180 24 35 79 61 48 13 58 40 65 0 15 72 96 67 56 62 124 21 89 0 28 146 2 8 26 81 124 55 14 6 110 35 140 29 67 91 33 24 70 19 0 3 45 91 97 32 96 10 68 30 46 12 104 48 44 0 24 43 83 89 110 45 54 169 0 48 68 64 64 59 63 65 189 91 0 69 0 123 85 48 3 3 84 68 83 93 9 107 46 20 34 152 40 8 29 0 40 35 16 58 111 64 26 46 35 0 38 54 68 26 0 73 102 9 134 65 70 56 106 55 63 55 8 84 112 0 71 47 163 104 0 12 76 27 0 102 0 109 93 36 51 93 54 4 23 84 65 72 22 69 0 48 8 54 118 12 43 122 31 77 36 40 110 22 45 0 76 70 108 50 40 0 123 51 21 16 104 132 86 120 20 48 94 33 115 69 158 28 6 33 85 48 24 43 103 121 60 138 60 7 
6 84 24 24 18 67 0 34 40 104 91 24 0 68 43 0 30 182 6 79 213 9 74 50 82 42 69 40 67 104 12 58 8 147 100 72 78 100 0 26 51 144 12 86 22 115 183 24 157 64 12 63 60 116 71 86 24 64 48 18 6 27 10 86 20 80 63 64 79 66 0 118 0 63 46 21 6 99 82 9 40 84 9 75 135 16 35 113 102 0 56 86 96 54 18 81 18 110 9 0 104 83 0 41 170 3 103 24 104 22 48 112 12 33 18 98 20 91 69 116 26 63 24 86 0 74 144 80 54 84 40 40 69 0 66 14 87 41 68 102 0 67 61 40 64 36 62 40 53 0 57 104 66 26 18 0 42 9 0 182 96 6 80 83 66 57 104 88 69 72 6 143 32 0 9 127 0 66 28 111 103 89 9 58 123 22 0 0 83 76 4 18 71 36 8 27 10 69 0 106 120 105 0 135 1 55 7 26 0 18 54 86 64 11 20 63 20 24 62 48 24 91 103 76 106 41 0 9 10 21 28 9 34 24 15 9 14 15 9 21 0 55 21 27 65 82 203 18 135 27 16 90 56 114 79 56 
61 22 49 163 32 40 17 160 28 0 14 72 18 72 0 12 46 83 124 39 144 94 113 0 28 99 6 38 129 42 136 14 24 79 49 24 45 67 20 233 7 215 114 36 0 112 39 45 6 64 20 80 32 8 49 90 89 67 154 137 93 24 125 96 118 52 7 60 39 56 52 27 19 106 0 8 125 6 0 76 95 13 0 102 151 120 24 132 0 60 22 84 80 44 63 51 74 46 60 76 20 35 119 98 15 0 38 74 16 81 85 0 87 67 68 74 28 134 13 18 42 110 58 68 66 6 75 39 8 60 24 125 27 0 0 52 88 72 96 40 136 36 30 16 25 29 47 22 40 42 77 83 99 22 97 96 37 57 3 18 157 163 47 88 92 12 33 36 71 42 0 111 127 118 15 78 20 61 16 6 78 15 44 10 12 8 77 4 56 0 78 17 62 147 16 2 0 14 18 54 57 187 21 33 80 60 6 83 0 148 30 45 12 72 85 96 73 8 37 42 25 77 150 60 1 107 79 87 27 123 8 18 120 24 0 54 111 42 74 30 85 190 32 43 78 45 42 60 131 14 166 104 24 86 70 68 
40 0 94 43 50 0 60 48 40 20 60 92 28 9 63 0 38 75 0 146 28 76 23 91 36 56 28 0 34 56 11 146 8 79 24 68 24 20 42 20 36 0 61 108 0 77 28 47 18 38 34 92 0 18 24 72 27 86 132 48 27 22 87 133 18 61 70 32 0 68 0 37 106 32 40 92 0 18 106 0 0 36 98 121 32 62 0 127 0 62 27 0 12 40 9 56 42 0 54 94 0 0 16 73 56 74 95 91 67 8 81 0 56 0 40 30 9 56 3 64 74 36 81 0 0 36 53 94 5 20 41 0 49 28 86 24 75 58 16 28 12 120 181 10 118 93 7 8 73 24 6 58 161 0 88 94 32 0 32 9 4 6 44 24 10 38 23 4 12 0 39 32 30 90 45 26 60 79 30 14 73 19 12 0 9 93 11 0 96 0 121 118 8 103 57 8 66 105 38 122 16 85 29 167 63 18 71 40 28 122 2 37 83 0 97 0 84 100 57 8 56 7 16 64 0 154 0 35 24 42 65 0 22 48 71 14 80 22 84 30 0 50 16 175 80 52 22 27 56 72 32 0 105 9 20 126 
6 36 95 27 8 52 45 168 18 74 12 0 24 0 18 78 0 64 4 48 8 0 33 150 64 65 115 24 2 6 22 64 0 2 0 20 36 152 72 82 50 82 114 0 0 50 64 31 24 0 0 10 45 155 25 120 26 39 49 0 0 98 80 72 67 18 36 72 29 141 69 42 102 4 16 92 0 18 32 20 13 76 69 78 14 72 0 14 48 12 93 80 4 84 12 4 72 15 0 84 57 48 0 0 36 40 0 42 55 64 15 109 0 25 17 3 58 32 0 8 56 18 27 10 88 8 63 48 56 63 64 20 36 22 40 10 16 77 3 21 2 44 45 58 31 4 67 2 14 18 0 88 0 60 69 72 13 6 21 42 55 16 42 27 0 33 30 45 4 58 102 61 0 101 0 153 6 0 36 8 29 16 54 0 6 10 18 48 90 54 29 96 16 60 4 43 46 2 67 40 29 17 16 46 2 49 0 59 36 8 93 0 49 74 99 45 28 15 44 0 32 115 94 51 0 45 39 3 45 2 48 10 72 66 29 25 56 48 4 42 64 38 28 29 32 2 46 16 64 2 16 50 48 0 0 105 
59 85 90 0 45 28 11 50 0 50 60 27 12 14 38 90 8 45 37 85 115 12 72 67 6 32 72 100 105 12 15 17 0 30 41 54 59 51 42 42 157 65 112 44 41 35 0 0 6 0 35 99 61 110 56 48 27 25 54 42 15 65 96 47 94 24 81 70 28 9 30 52 0 36 115 72 165 40 9 72 87 0 36 84 40 0 16 188 65 69 54 61 16 179 63 51 118 15 72 52 35 14 151 15 43 30 24 26 30 35 24 99 56 72 65 49 36 54 54 28 18 24 35 33 26 0 56 18 134 42 13 89 100 0 58 39 21 32 85 52 43 66 48 128 58 0 20 15 37 0 117 49 47 55 111 28 94 0 10 35 42 33 155 31 45 89 0 42 2 32 24 74 99 64 31 151 0 15 27 15 25 0 0 107 36 65 9 6 78 79 90 49 46 8 0 95 81 72 18 87 18 79 72 27 81 86 9 41 118 72 39 6 15 0 121 75 7 7 32 27 44 51 40 0 105 77 86 154 132 74 36 28 98 41 0 44 0 70 23 64 92 24 40 64 0 62 93 3 119 37 7 9 81 0 1 7 
84 18 108 28 56 49 69 155 82 0 16 277 4 52 69 60 99 12 16 170 216 67 184 81 60 121 122 28 110 30 21 99 91 116 67 64 46 226 80 18 214 109 166 74 18 74 21 58 78 91 32 0 129 58 25 33 99 106 34 56 27 85 94 10 9 12 80 115 105 42 55 0 64 32 90 176 183 86 0 68 160 114 91 136 25 122 56 185 49 69 119 77 73 104 139 99 117 42 72 37 7 116 81 73 41 16 91 46 135 56 51 101 50 39 133 43 56 24 18 12 58 4 78 12 56 59 0 50 186 126 22 29 25 14 12 109 76 105 171 52 125 51 49 96 130 24 15 40 48 34 52 135 38 56 46 70 34 134 56 137 146 96 41 99 93 137 97 124 142 86 0 0 39 7 21 211 84 0 33 90 155 57 0 59 38 47 3 82 40 73 69 53 70 118 24 52 84 48 59 0 4 102 128 30 116 53 12 141 93 33 140 140 64 119 277 63 72 6 6 38 43 73 74 32 90 28 102 103 0 70 80 15 117 0 195 91 45 67 0 84 81 0 76 163 49 182 0 5 52 31 86 50 151 52 74 112 
21 30 0 108 70 40 0 66 13 136 56 52 0 61 96 0 91 0 8 69 153 49 28 50 16 72 65 0 132 94 60 72 34 36 0 15 0 98 83 111 85 63 83 17 5 28 13 12 37 97 116 80 17 59 56 64 65 0 56 57 0 33 119 49 124 63 78 5 6 0 30 0 81 81 34 0 154 18 0 61 68 94 35 164 63 52 9 113 24 40 27 56 28 76 135 28 123 0 97 28 53 154 124 87 0 70 35 41 102 0 71 0 75 77 28 30 35 99 34 86 25 63 25 107 6 0 123 43 49 0 63 100 63 0 24 131 4 103 0 0 0 25 116 15 25 93 31 61 46 49 66 65 49 57 80 21 75 10 45 93 155 17 10 0 51 109 12 0 6 41 79 74 51 25 46 36 55 55 9 45 110 0 4 30 10 42 161 8 8 0 32 28 19 71 111 48 85 22 101 18 100 63 10 17 81 31 10 18 71 166 64 28 46 40 42 2 18 96 82 24 20 24 76 45 0 40 120 122 0 186 87 42 18 32 89 67 64 95 35 36 20 25 53 143 69 47 28 59 57 36 0 123 210 51 35 146 
111 47 16 56 14 111 54 69 171 100 99 18 65 99 0 127 35 14 34 86 112 18 101 12 118 136 58 57 104 48 48 87 2 175 4 55 80 104 6 72 81 18 56 62 47 0 9 56 107 24 147 114 33 32 41 45 81 118 63 85 0 70 11 51 29 0 49 89 20 18 66 27 54 92 4 16 17 12 24 50 0 66 21 64 101 160 0 59 166 84 6 69 10 95 50 121 56 88 2 64 61 61 147 12 20 135 41 102 21 63 48 150 0 91 0 147 87 42 12 158 42 0 16 70 40 36 96 96 0 58 59 3 11 18 54 62 56 65 84 72 42 42 14 78 55 19 78 12 228 30 56 133 56 28 70 27 8 26 8 77 1 8 32 57 42 117 39 9 143 21 12 25 0 45 24 85 42 8 61 0 49 56 73 61 3 46 18 58 73 48 21 96 121 120 31 33 72 46 66 64 97 4 27 0 89 0 2 70 35 63 12 80 143 133 147 4 209 12 93 0 20 37 132 69 61 7 126 40 0 132 122 94 66 78 131 98 0 3 112 42 50 4 42 34 78 36 57 15 48 62 99 32 48 54 0 109 
109 16 74 109 36 24 103 0 287 184 42 141 0 56 60 20 49 122 66 157 119 86 129 67 64 124 63 87 0 72 183 152 72 41 115 136 278 30 90 220 112 97 38 140 109 130 67 21 98 46 0 122 72 64 108 1 18 65 48 67 4 92 9 136 24 91 253 305 55 24 64 55 146 149 110 132 45 92 72 151 55 139 42 136 52 6 27 120 155 62 58 84 102 39 7 156 54 24 0 56 77 49 38 69 127 10 67 56 4 210 24 158 0 117 66 127 42 46 4 54 30 81 54 62 4 104 57 114 99 157 123 123 84 63 92 84 36 42 137 213 0 42 156 180 46 8 97 24 68 53 57 266 54 44 63 136 87 28 133 109 154 23 97 78 28 186 59 72 159 60 36 169 61 90 108 169 82 128 21 10 115 71 52 36 96 114 50 0 55 29 79 77 128 9 186 68 82 70 45 156 127 24 102 153 71 135 204 54 24 81 32 120 61 139 112 86 96 3 61 66 67 145 68 76 40 233 149 49 108 4 12 40 105 216 69 109 120 170 46 168 32 34 116 168 184 56 70 43 7 113 92 0 26 70 91 28 
0 55 128 0 28 111 21 81 0 108 46 7 7 12 130 108 4 42 0 32 106 121 0 141 85 5 104 34 147 28 95 85 17 88 27 49 16 46 0 24 16 0 0 81 20 24 286 85 51 95 0 0 113 12 136 32 0 60 159 0 79 63 38 24 1 24 0 42 76 60 16 89 32 4 71 99 59 40 133 24 24 48 80 91 54 28 9 4 44 109 42 51 0 72 40 108 80 45 76 5 16 0 30 0 28 95 4 66 24 20 8 143 23 49 5 56 0 104 105 133 105 49 8 16 0 40 0 0 48 0 81 0 21 0 124 72 132 17 40 171 44 94 78 0 74 65 111 30 28 28 93 12 40 17 44 20 36 0 0 79 5 18 20 48 107 8 77 100 20 33 6 99 74 36 0 8 60 67 0 0 63 72 21 51 36 44 6 3 161 14 45 36 63 8 127 9 99 56 36 36 32 114 40 76 16 75 27 31 51 43 0 1 24 59 14 0 48 17 34 42 28 0 0 73 2 0 0 59 35 35 68 60 98 17 14 35 61 0 0 40 36 30 18 40 34 111 28 6 54 121 32 100 84 54 6 42 
59 24 22 6 25 36 101 128 84 59 10 112 18 50 74 35 9 35 26 87 65 121 119 52 28 29 167 28 0 18 34 86 51 79 61 30 86 8 21 63 54 26 89 46 15 15 85 34 22 0 16 5 54 44 0 8 21 42 6 97 4 133 42 47 24 20 46 44 65 24 56 20 72 40 56 20 91 42 0 74 15 0 45 82 0 12 0 117 19 95 33 31 0 2 24 105 15 0 72 9 134 44 18 96 50 37 31 104 89 7 32 116 76 7 64 45 8 116 32 0 28 28 2 12 16 14 20 114 0 37 62 26 38 17 21 58 22 109 31 0 26 124 137 23 2 4 94 10 119 6 75 43 46 4 4 55 1 36 12 58 84 63 6 39 49 12 57 16 23 3 0 124 4 56 0 46 66 0 15 0 24 42 16 10 0 2 7 8 45 67 41 13 84 16 9 19 44 140 0 8 33 72 9 83 0 47 29 61 4 58 20 81 60 56 16 7 45 25 29 0 47 63 51 0 36 7 69 5 18 51 14 20 73 38 133 51 16 52 5 10 53 8 12 10 94 16 75 3 55 10 101 36 32 43 4 70 
12 41 55 95 54 130 0 54 33 114 144 15 73 0 36 103 37 132 46 88 60 20 43 74 0 30 37 36 8 28 3 60 113 0 18 50 31 115 27 174 60 6 27 109 71 32 84 42 36 18 123 152 30 82 64 183 72 8 117 21 29 47 184 132 9 35 30 69 125 90 77 36 75 126 8 27 5 15 72 53 5 0 65 27 175 85 83 183 102 18 27 138 40 148 46 35 90 0 15 123 24 56 147 0 47 57 84 172 61 51 98 63 0 49 9 78 116 98 0 132 112 9 102 26 12 6 108 54 1 64 6 30 57 142 12 95 97 4 111 83 1 97 80 126 75 6 131 91 60 9 141 18 97 24 75 73 0 31 0 77 47 55 16 18 0 34 34 64 66 16 93 117 0 84 28 62 129 72 65 1 36 18 91 108 52 10 39 56 156 43 56 158 82 70 49 75 137 101 138 33 112 32 114 136 36 0 9 9 24 190 60 0 116 71 152 30 120 42 162 82 12 12 124 0 48 80 67 48 0 163 123 88 136 64 79 31 12 158 90 56 97 51 148 44 54 72 87 154 57 72 76 150 81 123 102 149 
52 66 20 93 0 39 15 152 33 36 125 146 58 35 17 32 52 30 8 135 191 27 108 0 16 38 86 25 136 101 25 32 12 38 71 90 81 32 42 93 40 82 110 80 117 97 36 70 0 54 45 198 23 25 42 0 81 105 87 20 43 49 105 203 128 59 59 44 45 80 12 90 94 134 65 66 2 56 24 90 75 45 6 134 169 56 94 86 25 46 45 74 36 20 14 22 30 102 8 112 75 25 144 40 53 62 146 229 24 47 126 45 0 27 88 123 24 48 5 4 129 48 42 21 56 108 140 134 0 79 154 37 20 138 40 64 63 107 77 0 146 0 248 4 96 105 27 46 40 0 21 97 167 5 72 0 29 35 111 0 109 36 181 58 41 3 26 70 50 14 16 23 106 126 83 25 42 3 18 8 60 8 10 82 12 65 42 52 66 28 149 75 0 58 50 143 77 6 57 95 95 69 73 130 0 28 82 57 31 78 88 4 103 73 319 170 55 102 50 22 0 154 48 93 76 117 54 243 24 41 0 45 80 64 32 154 118 121 15 0 184 61 135 108 120 144 57 99 0 154 67 6 125 74 10 82 
210 59 39 5 0 88 6 188 54 25 41 6 89 59 0 48 91 40 0 61 42 11 129 6 60 59 124 50 112 28 54 35 44 97 5 70 10 45 62 24 117 81 77 105 0 15 90 155 166 75 58 48 148 2 63 100 146 78 82 40 157 24 191 86 41 24 0 18 66 102 85 87 83 140 80 61 2 7 65 83 34 8 20 122 43 24 114 186 0 125 63 82 54 8 8 78 48 80 30 40 40 10 62 36 0 86 24 98 16 6 28 11 74 20 27 0 52 102 15 26 148 104 0 23 49 31 96 200 9 99 54 3 133 134 52 81 113 40 18 10 110 75 138 66 169 128 31 14 74 61 127 119 124 69 54 44 71 2 27 4 31 62 143 40 42 108 114 56 38 58 18 114 31 134 8 128 101 0 19 6 83 90 35 0 31 0 81 131 63 65 43 67 60 87 90 116 101 116 32 76 78 20 0 88 114 13 60 27 66 132 101 30 121 86 93 52 110 66 76 111 25 0 6 16 51 93 214 42 69 88 12 70 139 40 108 64 90 39 13 74 147 72 102 30 22 73 21 24 32 9 21 138 170 78 50 114 
72 2 86 3 18 30 78 105 136 64 25 31 12 6 75 56 33 0 0 126 162 0 0 4 33 88 106 90 105 57 0 40 0 60 19 72 4 118 51 56 73 12 77 5 114 0 0 16 40 34 28 9 96 45 4 32 93 0 30 72 20 8 40 0 0 0 27 0 0 0 36 0 15 0 16 10 86 47 2 69 25 31 20 195 46 53 54 0 0 36 103 9 144 28 103 112 94 18 121 35 0 0 42 95 0 128 16 44 70 0 8 116 40 44 42 13 4 128 0 39 1 70 56 30 44 105 62 81 81 61 39 9 9 18 46 45 54 73 83 153 14 19 18 0 9 28 113 28 73 0 66 32 37 0 99 72 26 0 0 0 173 0 192 30 50 89 9 0 91 6 18 45 0 0 2 32 101 40 0 47 78 49 93 9 19 0 40 8 49 12 61 109 98 16 35 27 16 10 1 96 35 15 16 7 25 8 0 5 0 189 24 112 5 103 115 0 103 103 64 16 0 160 0 198 118 53 79 63 22 64 0 6 0 78 32 31 96 132 28 109 49 0 24 35 87 57 4 0 90 19 0 0 103 125 3 165 
103 98 153 42 12 31 88 0 66 86 24 0 44 15 0 16 72 35 47 103 67 139 128 69 0 64 100 36 70 28 35 16 60 58 50 0 30 47 42 10 87 99 51 6 0 80 50 0 0 79 174 25 61 0 0 28 104 6 56 12 4 122 42 62 32 16 73 56 56 79 35 2 9 15 76 0 96 97 0 80 17 97 24 53 8 27 0 148 71 213 59 104 4 48 7 0 0 0 68 34 35 14 18 0 16 178 29 84 42 0 44 14 56 65 0 57 18 56 45 24 97 5 150 12 18 16 0 14 8 172 37 55 76 126 34 64 58 37 0 109 102 25 64 67 91 45 48 14 51 40 112 30 5 58 0 27 124 25 27 24 125 20 178 49 0 115 122 66 34 42 2 4 28 41 15 15 0 7 23 0 37 112 0 0 36 0 0 64 10 38 6 9 58 137 143 5 35 144 0 121 150 100 68 88 112 72 0 45 0 118 63 18 0 0 100 125 3 37 25 82 35 63 79 56 10 10 0 43 63 97 8 64 146 43 22 16 28 0 70 55 116 5 0 31 98 14 0 0 104 48 143 30 69 77 40 81 
36 34 30 15 35 89 99 13 12 86 65 0 33 107 0 23 147 81 0 63 74 192 28 0 44 0 32 48 28 12 0 85 0 9 159 85 0 132 0 50 56 52 0 64 138 40 8 32 6 97 22 64 0 0 0 3 3 0 32 91 15 0 28 55 97 0 24 89 3 0 0 188 0 98 0 41 46 40 36 9 93 62 16 25 88 18 28 45 95 25 24 18 0 8 13 55 35 111 45 10 45 0 44 0 48 119 81 42 21 27 27 44 64 40 0 49 0 84 16 24 12 0 93 87 8 32 114 63 96 71 9 29 0 105 0 176 120 77 16 71 35 103 63 112 98 50 93 30 0 0 0 104 40 79 112 18 122 20 55 45 120 0 10 63 32 88 120 26 41 114 80 43 0 32 5 38 14 0 69 0 30 4 33 56 36 20 0 0 0 254 96 62 0 90 49 35 91 14 0 92 121 0 0 61 25 84 51 0 4 5 23 111 72 58 71 38 13 52 72 0 35 6 185 20 47 84 24 158 12 15 15 0 90 6 17 99 0 57 66 55 14 18 94 69 61 187 75 76 27 44 32 165 43 116 26 99 
237 61 205 173 28 101 78 148 16 59 10 114 43 18 63 63 18 63 10 67 119 108 118 23 159 0 104 62 240 14 118 106 115 248 0 49 49 185 158 185 36 105 42 6 258 68 1 32 87 47 36 5 116 16 63 127 120 114 123 14 47 27 58 195 153 40 101 121 51 99 66 45 82 86 153 40 19 51 56 94 36 70 61 73 23 90 31 163 102 69 122 147 99 42 99 86 75 49 147 74 0 88 83 44 125 192 106 11 54 60 156 72 142 46 74 66 145 18 30 113 27 56 91 148 46 8 118 170 88 76 66 116 34 3 24 168 8 0 48 51 126 10 4 36 118 0 8 155 66 40 91 53 69 90 153 81 96 116 85 134 158 84 81 139 83 188 55 186 105 132 45 146 45 5 180 106 161 56 112 141 79 127 97 54 229 125 58 130 102 46 119 80 44 88 80 28 95 91 104 5 108 140 57 77 58 14 32 96 36 49 153 28 167 62 49 32 107 56 66 140 86 110 57 139 226 131 53 168 21 102 188 24 93 33 0 250 56 113 269 166 0 133 87 50 247 32 84 127 37 175 76 97 71 58 12 135 
44 72 32 81 0 0 16 48 0 42 53 36 0 6 54 44 28 0 14 24 118 8 0 48 0 6 96 102 0 0 48 20 6 0 12 8 8 50 21 32 56 10 0 20 0 54 4 20 0 34 0 42 16 30 0 0 0 0 0 32 12 48 51 63 96 75 0 54 4 20 32 52 0 119 62 0 36 40 0 35 0 72 0 125 29 48 24 47 0 72 84 0 56 66 32 32 108 8 54 6 0 16 98 40 0 0 30 0 96 35 42 36 12 6 30 68 0 16 16 3 0 0 99 10 18 32 0 12 20 56 0 48 66 56 40 0 0 8 0 24 38 52 123 0 0 0 0 50 39 0 0 64 32 54 162 64 0 63 0 24 70 0 34 0 126 0 0 54 36 25 16 0 3 10 6 57 0 0 31 95 0 40 24 8 34 8 18 24 0 0 6 8 52 0 0 5 28 0 0 45 6 0 0 48 0 0 18 0 20 10 21 12 0 15 161 0 2 22 8 30 38 8 54 0 54 111 36 84 30 77 56 0 0 0 0 87 8 86 18 0 0 86 0 6 0 9 35 72 24 0 6 47 63 0 27 21 
53 26 27 51 0 96 72 36 95 38 38 81 0 200 48 20 139 0 71 0 28 12 0 131 27 32 62 45 4 35 58 12 40 69 142 84 66 100 90 40 110 10 82 12 74 49 7 0 25 3 103 99 96 40 56 134 90 15 35 0 0 20 48 66 49 48 40 135 96 9 48 81 0 7 0 6 8 72 16 103 18 72 109 52 30 36 12 183 45 40 7 117 40 52 9 64 74 49 65 3 37 10 74 0 114 0 105 69 21 56 138 72 20 0 63 38 93 40 16 6 33 21 64 116 92 0 178 48 164 58 8 0 12 53 57 24 65 20 110 148 64 72 120 62 40 0 3 84 36 12 42 0 153 0 18 40 24 39 0 0 197 28 104 144 20 81 47 59 66 12 16 87 8 88 63 0 157 21 48 0 56 56 0 27 59 7 24 78 101 134 61 86 6 22 41 50 60 115 4 48 126 9 0 31 20 54 75 3 12 184 4 68 63 25 161 25 52 31 12 36 0 109 0 60 49 45 0 33 0 118 92 20 36 21 21 86 26 188 81 59 100 0 24 26 29 27 49 36 25 96 30 63 77 32 21 133 
0 106 6 87 8 53 76 17 104 72 0 21 26 12 56 0 132 50 0 52 12 24 79 88 30 63 5 50 63 79 72 35 0 151 85 0 113 124 6 0 45 122 4 64 45 40 87 85 77 151 53 47 109 60 96 72 30 47 89 59 34 0 45 66 0 0 72 72 0 14 72 0 8 203 152 149 34 0 68 40 127 108 0 31 0 3 44 66 50 193 73 9 35 0 0 112 19 53 23 44 12 0 146 15 34 8 20 3 18 13 0 91 15 7 73 63 0 0 16 84 25 87 54 12 90 50 80 64 92 55 135 42 0 82 36 198 128 55 26 78 15 53 0 77 0 6 6 0 14 35 71 40 50 42 117 87 0 36 74 21 72 133 53 12 71 23 25 6 146 96 45 45 54 143 97 21 15 49 0 5 147 24 63 60 16 41 0 0 67 56 69 4 55 9 155 5 54 8 37 15 76 0 153 20 4 70 17 48 6 92 93 71 90 64 40 43 98 20 6 0 43 36 90 72 71 17 48 172 63 65 15 5 89 160 0 32 36 75 7 0 18 55 55 105 12 160 9 47 15 0 5 14 16 151 45 53 
0 36 59 24 14 20 35 68 36 44 78 77 0 17 104 59 16 36 4 13 68 33 119 15 8 0 36 23 92 6 6 48 72 80 28 10 43 12 42 10 34 55 18 32 63 46 4 0 32 32 32 40 86 55 53 16 17 56 43 16 31 0 0 0 84 54 42 70 18 16 0 94 16 64 76 34 6 18 59 25 66 36 62 40 6 30 24 98 5 48 0 0 96 16 17 13 4 9 0 70 18 0 36 60 12 7 74 16 24 0 63 20 42 0 48 8 114 4 62 0 82 44 63 27 4 32 25 18 62 87 4 45 28 40 76 28 79 28 22 23 51 17 64 46 71 3 0 6 38 7 52 0 105 4 102 56 103 20 0 55 154 19 25 6 45 0 18 32 0 56 8 72 49 46 16 21 43 57 0 206 80 32 12 6 12 32 23 32 37 36 22 0 16 105 22 22 84 8 0 90 6 64 57 120 13 6 9 0 13 0 54 16 133 34 59 110 0 36 4 68 32 42 128 80 0 35 103 62 45 5 74 4 82 0 16 0 40 30 87 50 128 24 20 94 81 36 43 0 56 4 0 2 86 80 20 0 
27 50 101 168 0 69 33 65 16 87 70 12 8 116 30 111 25 32 72 35 126 0 41 71 32 53 44 30 47 36 37 0 116 137 2 42 54 84 30 93 139 158 94 34 30 45 39 36 18 18 121 29 89 71 63 53 64 117 35 36 0 0 158 4 44 108 42 85 26 14 92 0 5 0 10 7 35 115 25 54 0 93 12 95 180 78 190 48 81 18 50 82 59 44 112 119 0 90 36 111 111 59 68 166 125 135 141 61 171 23 59 79 55 41 54 77 71 114 81 115 40 0 72 86 72 12 110 123 9 85 12 72 60 9 0 30 4 121 63 185 44 28 113 22 137 138 45 5 95 46 32 217 61 21 71 81 87 66 0 117 28 63 75 23 17 124 59 58 108 0 45 91 38 0 10 84 122 0 75 0 74 80 17 12 0 9 55 139 41 42 99 72 41 12 0 162 94 131 100 40 73 206 70 58 65 0 18 24 52 49 126 139 88 78 112 81 35 71 22 13 25 36 54 25 24 0 42 25 61 48 30 117 111 75 18 104 48 108 77 59 54 121 28 5 74 42 177 102 18 119 116 81 128 87 12 50 
79 0 37 81 0 64 67 14 50 77 88 35 49 36 95 144 100 16 0 55 65 95 136 150 72 6 88 2 55 10 7 107 50 127 57 112 104 61 129 129 126 32 48 75 75 130 101 6 22 26 0 133 90 0 36 54 24 64 97 88 74 133 24 79 106 27 52 89 76 32 28 178 133 28 81 7 49 188 51 0 104 72 104 128 73 21 102 56 76 136 62 129 27 66 20 10 56 36 52 67 64 92 102 51 0 107 44 80 30 0 71 55 51 39 118 64 140 56 43 46 60 23 100 41 0 40 8 68 50 83 45 45 48 4 16 22 94 45 32 0 103 38 148 21 89 72 0 51 42 48 81 99 100 18 66 92 70 20 2 61 106 68 90 22 46 120 0 50 144 68 26 79 40 145 81 2 8 21 7 102 86 96 89 1 14 50 34 92 25 36 91 109 8 49 127 126 83 86 4 101 23 59 159 56 0 53 88 94 12 82 127 97 168 0 126 67 113 132 24 99 20 1 96 32 54 73 30 121 81 22 0 18 63 23 113 0 83 25 102 7 144 35 0 16 212 128 22 24 88 38 18 24 77 153 32 135 
105 35 21 163 60 64 77 142 39 88 53 30 6 64 104 80 38 70 6 23 0 41 65 72 112 66 159 22 30 93 41 34 64 17 3 74 62 17 52 53 20 64 1 0 48 42 0 55 52 62 0 24 106 4 71 138 6 88 16 21 40 0 48 42 22 0 27 80 68 24 40 0 0 81 26 34 81 113 6 136 36 96 119 15 66 14 8 27 87 125 10 112 148 22 24 122 48 56 64 8 0 0 117 49 40 64 24 8 20 25 104 87 48 18 87 112 104 158 45 48 57 23 32 32 83 78 45 6 131 0 4 30 72 30 12 86 0 107 42 103 135 72 43 37 21 72 4 0 12 1 6 21 88 150 90 44 72 51 53 16 12 112 0 61 22 30 73 87 68 125 15 28 23 37 40 30 29 41 0 62 121 39 49 0 34 35 28 32 116 16 49 26 58 123 56 46 13 28 65 74 156 0 40 39 79 64 47 117 32 74 60 45 12 63 68 48 80 36 30 29 77 39 140 20 5 31 72 80 77 35 0 35 30 97 61 71 23 8 98 38 0 59 64 57 115 0 3 20 49 0 0 7 10 81 5 5 
80 49 49 51 0 123 85 68 64 11 150 78 0 115 94 111 51 106 0 62 120 119 40 18 106 107 181 48 0 74 116 78 173 32 54 0 56 36 88 103 43 183 94 73 47 81 72 25 35 68 0 54 33 50 139 26 92 70 127 75 85 17 99 14 149 24 30 85 125 43 58 107 18 0 2 26 100 72 81 92 52 17 139 190 209 35 120 88 36 34 28 68 201 18 72 78 36 95 25 26 50 124 98 44 8 42 0 9 76 0 18 135 86 40 94 162 116 147 74 0 1 87 5 7 72 48 0 128 88 83 72 85 39 107 0 77 57 83 76 153 23 22 52 0 72 50 0 24 27 56 5 88 162 24 60 40 97 34 9 63 137 5 37 81 38 28 18 24 137 16 2 178 56 34 48 20 45 0 20 68 231 125 8 42 61 0 0 45 0 17 125 154 125 93 129 122 53 36 93 35 120 136 87 36 0 1 75 129 0 75 97 69 0 97 0 64 0 5 26 117 20 0 54 65 22 1 56 50 100 169 0 128 155 120 63 96 53 92 16 18 40 76 114 18 159 8 90 165 6 9 84 73 32 90 58 24 
80 27 30 0 90 92 82 51 11 174 105 4 8 74 87 0 86 0 56 42 90 42 133 24 28 0 43 24 95 66 139 0 0 15 97 17 98 25 40 83 0 109 9 95 0 32 16 20 136 51 0 24 30 0 42 0 27 56 46 88 93 120 15 23 86 9 0 88 29 24 0 55 55 134 123 50 0 13 3 18 66 5 28 61 28 36 29 131 166 6 0 23 23 14 63 57 126 30 35 42 24 60 109 0 49 103 75 30 24 0 107 62 9 14 63 98 63 22 21 68 46 84 81 7 59 62 62 73 57 86 45 65 72 1 7 131 76 71 57 65 54 117 52 32 28 1 16 168 49 84 14 121 39 7 0 75 45 9 36 39 99 113 93 63 21 35 41 167 107 40 5 29 18 25 14 118 5 0 114 21 45 42 39 0 88 27 20 68 73 87 36 58 74 28 0 15 8 23 42 93 6 0 0 6 57 15 7 6 49 70 0 65 149 10 167 115 32 36 32 93 9 7 65 74 18 54 54 72 20 22 0 8 76 9 72 72 0 1 37 16 69 10 13 9 113 66 37 0 20 0 0 18 87 60 9 0 
40 33 99 32 6 4 60 102 146 99 45 8 82 68 98 8 50 54 28 49 28 0 26 55 30 161 187 8 111 90 89 26 7 108 90 82 3 144 72 35 88 202 54 31 0 8 71 32 91 36 46 67 258 125 52 90 39 87 46 37 34 109 32 69 25 18 87 56 94 88 54 167 47 67 12 6 30 99 65 140 0 56 16 121 18 36 121 137 0 2 28 86 37 10 73 140 132 66 0 101 46 94 0 4 81 0 0 46 158 2 154 96 32 85 56 39 40 44 46 133 56 48 16 56 106 36 161 0 171 190 12 2 5 1 132 148 32 51 73 146 120 53 20 109 27 6 10 8 0 39 24 90 131 10 85 77 70 125 44 142 162 0 99 0 88 16 81 72 125 74 137 63 12 32 42 90 73 14 20 94 245 85 41 70 84 70 0 40 112 69 0 115 56 141 49 149 66 10 0 90 147 0 0 80 35 92 21 39 0 123 87 43 70 78 107 49 91 17 38 87 28 92 62 102 106 0 64 139 80 35 0 50 81 57 63 124 14 0 54 36 26 97 116 0 16 108 154 48 43 0 20 72 96 10 65 110 
113 107 60 22 36 81 12 24 23 133 72 0 42 38 21 92 57 101 104 79 35 42 41 9 30 40 58 71 12 45 62 7 56 110 0 119 136 99 30 128 4 49 49 24 156 36 0 51 63 0 32 27 10 35 15 27 88 1 94 126 117 41 0 104 72 0 54 189 3 69 8 73 0 93 71 37 29 118 13 36 72 144 0 170 112 0 149 19 16 46 16 11 81 0 5 37 30 95 72 0 91 0 102 77 21 164 38 108 95 8 24 72 28 85 78 10 20 140 38 40 5 27 130 10 71 0 14 40 0 40 38 132 52 36 5 23 0 76 85 72 35 16 33 7 104 51 143 0 164 108 32 57 73 28 200 14 58 37 22 11 0 27 175 6 0 137 70 0 74 33 76 92 23 61 121 4 119 11 0 50 18 103 60 18 68 7 9 100 92 78 72 179 20 4 113 14 75 92 33 162 34 85 110 43 72 90 44 14 0 105 9 207 9 71 85 86 33 63 15 54 47 64 91 89 43 45 87 38 0 68 37 117 28 12 4 20 28 71 85 158 25 52 163 0 127 18 139 78 23 53 30 15 91 78 18 58 
64 93 66 20 1 61 24 167 10 32 42 70 84 42 60 33 16 76 85 50 143 130 33 2 54 77 139 58 65 56 49 32 64 21 36 110 54 54 0 102 138 16 14 49 20 1 195 8 47 37 14 64 117 18 109 71 14 20 201 32 8 71 36 4 63 0 31 54 120 0 0 164 120 96 135 3 66 91 92 38 51 114 21 16 94 84 81 30 40 66 83 39 7 47 167 62 129 108 105 87 119 10 69 15 48 98 52 55 85 46 48 96 3 45 9 160 6 21 60 16 39 46 0 2 67 30 0 87 86 24 0 30 83 94 0 70 14 8 74 51 21 37 31 185 3 66 40 68 0 9 39 133 78 40 2 122 24 16 26 61 73 46 44 58 122 71 0 82 65 1 97 48 82 61 172 19 112 103 72 98 121 8 42 54 113 32 24 24 137 19 96 10 55 45 81 94 109 95 11 1 16 9 96 124 12 62 19 36 66 143 24 57 57 128 106 42 7 4 14 45 80 78 139 12 73 8 58 111 6 126 69 96 16 56 68 82 14 62 46 38 119 12 162 29 90 89 28 68 168 59 20 126 70 9 73 26 
24 24 110 24 63 53 49 0 83 37 83 168 36 155 76 16 22 64 30 95 91 28 56 0 57 24 125 21 66 145 83 53 24 0 86 42 38 90 159 23 0 87 80 99 0 50 50 18 61 80 68 131 182 147 8 4 191 0 6 0 0 95 157 102 68 30 47 50 66 0 58 87 45 59 15 114 63 39 30 0 56 37 52 164 85 0 64 208 36 29 108 75 96 0 6 102 154 7 0 72 0 96 149 10 5 0 27 4 36 0 69 180 0 4 174 24 20 89 25 20 34 15 0 14 102 24 36 69 192 48 86 12 56 0 61 83 49 60 167 70 5 41 103 60 147 84 0 15 37 25 0 63 127 6 0 10 44 0 18 31 96 12 42 119 50 131 0 0 0 20 0 67 80 36 117 4 91 58 8 87 71 132 0 0 69 21 0 72 64 104 29 119 0 115 87 107 75 28 141 86 47 47 51 103 145 72 43 24 35 216 92 49 162 97 106 51 45 42 56 0 4 67 48 50 0 18 119 117 0 84 0 16 0 39 24 32 67 31 128 0 210 0 66 97 0 94 17 18 42 0 44 112 36 102 6 65 
60 100 106 45 81 94 7 172 199 112 78 60 126 120 57 91 5 0 58 132 144 46 170 99 75 15 131 30 209 72 187 96 67 64 67 36 161 73 171 90 97 168 193 13 171 127 46 28 66 106 105 119 48 31 130 94 196 31 216 116 58 216 126 193 80 19 66 213 74 147 92 118 51 182 160 132 87 36 21 235 88 110 136 86 105 12 137 207 133 114 152 35 96 90 48 121 171 34 31 140 10 88 199 83 83 144 36 133 340 18 79 138 57 57 195 0 109 230 10 39 97 161 81 36 153 14 158 98 235 141 49 129 27 92 50 99 40 169 235 284 150 81 24 66 82 0 47 67 24 130 103 43 63 48 66 120 55 60 156 82 108 105 219 117 50 12 165 23 84 68 0 128 150 75 180 36 148 56 66 16 129 82 59 54 161 0 44 77 248 90 165 189 48 37 72 72 207 172 145 123 114 121 212 104 269 150 79 107 59 209 115 50 142 122 179 182 54 46 111 69 49 180 90 149 173 185 114 165 27 87 42 120 136 113 55 65 197 119 183 103 63 48 120 112 80 53 103 67 122 62 133 137 110 89 76 30 
11 39 30 0 0 21 0 149 48 38 0 40 41 44 45 0 3 42 0 93 61 0 30 44 24 42 13 5 36 62 61 16 6 17 0 33 98 32 0 62 163 20 144 51 16 0 42 6 53 8 117 0 31 36 0 36 54 63 18 34 0 126 124 62 0 0 42 0 3 58 40 12 0 24 88 0 92 81 0 81 4 17 35 135 90 96 0 29 82 42 30 28 0 36 121 106 12 0 0 6 9 126 0 42 32 29 16 4 108 20 37 45 9 38 0 56 0 69 0 47 104 67 18 12 44 24 6 8 0 47 0 0 0 0 0 4 0 0 21 55 72 32 0 8 43 0 30 36 41 46 16 43 8 45 0 42 6 95 4 81 0 0 18 0 60 12 27 20 63 27 36 40 4 22 33 100 54 6 27 0 0 0 15 0 12 6 72 0 0 34 77 27 12 28 15 33 33 165 119 84 29 10 143 12 85 32 5 0 35 0 0 14 81 21 0 0 2 5 30 0 0 79 40 0 62 0 8 0 28 6 36 4 3 0 10 47 0 20 5 8 0 16 36 78 0 12 49 17 0 20 0 0 160 18 0 14 
68 124 96 262 10 43 32 89 104 129 187 67 128 146 70 106 90 184 186 91 98 47 58 73 157 35 26 143 108 82 145 110 110 43 68 107 151 262 22 88 79 223 32 14 39 34 116 52 177 18 96 64 85 103 171 118 99 160 220 54 16 26 11 73 0 41 63 152 104 23 47 69 49 44 179 93 30 105 25 16 80 132 16 22 109 31 39 108 49 58 169 72 105 47 3 135 170 155 29 103 89 41 96 39 162 230 117 73 40 107 51 45 7 26 61 196 94 48 119 83 105 36 24 52 52 84 54 39 105 171 62 0 51 18 109 101 1 4 0 57 68 105 52 72 124 72 52 161 41 74 72 98 85 15 33 58 116 45 51 139 55 55 81 168 150 130 63 73 117 131 34 23 8 40 146 84 140 120 150 63 160 20 48 66 28 217 35 29 196 64 84 124 125 157 80 47 64 24 141 85 191 128 134 12 65 96 68 140 19 32 40 24 63 83 128 146 12 47 26 80 65 32 87 43 6 38 84 49 136 58 27 136 30 74 28 72 36 52 21 43 138 20 83 54 96 148 10 40 74 27 35 0 163 105 121 101 
95 0 12 90 27 0 20 4 4 20 132 90 54 0 0 12 12 25 81 119 6 29 0 49 0 5 100 24 94 0 83 0 39 27 0 36 87 45 30 28 0 36 0 81 0 18 36 102 12 45 5 0 42 0 0 36 78 99 153 0 0 60 52 167 0 0 0 16 0 0 0 95 120 104 36 24 3 18 0 0 40 36 0 92 0 16 56 47 40 0 80 47 24 4 18 0 115 85 31 41 63 41 0 24 63 84 83 0 0 45 18 52 0 27 40 62 92 16 75 18 44 0 4 8 36 28 42 64 87 0 14 0 104 100 64 27 22 12 0 38 35 102 167 4 0 54 0 35 0 0 0 12 45 103 71 28 0 5 135 79 17 0 0 4 16 54 0 35 0 15 0 16 0 28 72 54 81 72 29 27 24 0 61 0 60 51 0 25 112 32 0 71 68 32 0 52 55 0 108 7 19 4 0 2 8 57 31 0 4 37 0 16 20 0 7 0 28 35 113 9 18 27 63 0 45 64 0 72 51 158 13 40 14 51 0 51 15 20 30 0 24 16 12 0 6 45 0 0 16 0 5 15 218 0 134 50 
25 12 102 69 10 135 79 123 62 45 15 5 76 48 36 77 86 43 8 250 76 56 60 58 28 95 36 0 106 10 75 164 4 91 27 85 35 89 39 12 195 61 16 116 7 2 133 115 151 88 145 84 135 44 97 50 117 20 0 9 21 51 80 145 68 50 0 8 118 88 0 30 63 0 35 102 102 62 91 38 62 98 45 143 48 8 77 48 85 143 10 15 14 6 101 85 125 5 48 66 163 71 33 36 184 121 69 36 98 106 28 108 24 13 43 8 24 104 48 141 145 0 78 41 16 26 86 6 72 126 114 82 94 42 30 0 98 9 214 109 77 0 149 35 82 105 14 10 24 18 10 40 63 0 36 109 28 27 22 173 49 36 4 62 14 101 15 4 42 18 3 21 137 119 72 10 40 24 94 0 174 52 78 63 0 27 38 81 48 54 25 95 74 58 286 14 5 68 0 42 118 75 139 121 149 156 17 36 23 99 60 72 43 124 115 76 6 71 70 11 16 59 117 94 42 4 24 35 45 0 42 20 48 12 48 44 72 48 67 13 8 2 109 55 45 145 6 48 21 248 44 26 90 25 10 120 
21 98 4 16 14 51 56 151 60 146 72 68 0 16 69 68 75 136 16 14 12 32 212 116 84 24 130 37 108 84 84 38 4 49 58 4 8 8 0 93 39 117 77 18 8 29 128 38 60 46 95 0 14 36 21 62 89 96 84 32 78 120 91 75 0 0 14 52 112 60 46 76 40 125 0 24 52 84 0 66 46 5 139 100 37 88 76 185 59 64 4 183 87 0 63 40 24 140 8 121 0 36 4 43 0 88 43 18 58 0 44 104 18 93 50 38 0 62 29 181 56 2 86 8 8 36 54 65 46 0 121 70 86 32 54 116 49 181 32 65 36 51 124 32 117 49 57 36 108 10 92 83 69 85 10 24 29 41 8 67 32 79 35 24 37 56 28 12 41 129 37 8 20 48 35 30 26 30 32 64 69 8 73 0 16 151 54 28 77 109 66 26 64 4 72 89 33 0 89 142 76 23 76 2 80 48 4 128 73 189 64 60 0 33 56 0 0 51 57 24 0 0 141 16 56 12 60 143 20 8 0 0 107 106 64 57 133 25 92 187 35 62 68 41 100 85 149 6 24 62 95 106 88 12 24 156 
27 43 94 30 42 28 33 12 0 56 9 45 38 90 18 0 58 18 11 63 83 54 72 2 50 4 80 10 156 48 20 79 0 0 9 12 10 90 6 16 87 24 86 1 114 0 51 81 78 27 38 42 35 4 45 40 100 9 18 78 12 0 9 0 27 88 99 0 0 31 16 40 0 40 22 76 12 48 22 124 0 92 24 36 10 53 128 53 8 24 60 6 18 21 14 10 0 133 32 62 0 27 20 55 15 78 32 48 56 76 0 67 112 72 45 51 41 8 0 72 3 0 54 2 24 34 5 47 29 54 40 59 0 38 5 6 12 2 112 36 57 64 0 91 40 0 50 0 109 32 0 35 10 101 27 20 18 4 0 9 8 4 18 15 4 45 20 0 17 0 2 44 108 70 18 0 8 8 18 2 15 25 16 63 107 6 0 42 72 48 29 24 44 162 6 5 64 8 127 5 18 8 27 10 35 45 19 19 3 73 56 172 9 43 66 90 0 26 87 0 18 72 26 71 57 83 60 132 23 76 12 0 70 62 0 0 48 66 10 0 0 40 25 49 0 114 18 0 16 36 72 16 0 0 0 91 
52 58 182 74 48 47 72 119 89 197 166 48 54 83 32 49 56 125 115 3 111 46 204 0 40 40 77 52 181 63 36 94 119 46 24 16 110 75 121 55 48 205 53 120 21 199 40 17 36 134 76 0 64 75 149 44 105 104 156 59 46 75 212 72 202 8 199 119 35 29 0 93 103 163 205 214 117 64 72 81 151 87 80 154 15 35 5 221 0 92 221 27 153 104 89 28 99 88 24 92 6 163 171 44 29 72 75 35 19 26 10 61 49 88 140 143 136 0 99 16 80 224 0 102 56 47 46 196 210 48 117 79 8 187 64 172 106 82 50 116 99 48 85 92 69 104 20 48 61 91 125 71 68 144 71 32 119 4 113 98 108 0 100 46 96 100 2 22 42 108 60 132 128 50 111 12 142 171 40 177 48 62 0 0 38 62 28 96 136 112 97 92 50 175 183 39 99 46 143 0 115 141 98 40 24 44 61 52 76 177 149 27 72 98 72 96 0 0 64 50 0 6 120 48 78 73 171 72 16 226 78 49 113 153 88 156 44 154 120 51 162 45 93 204 51 117 22 83 177 0 0 120 131 155 196 56 
24 13 16 122 12 67 5 88 47 27 90 24 44 12 51 57 98 0 4 40 97 67 11 69 5 40 4 0 58 94 129 0 51 58 72 8 121 245 40 31 56 35 64 45 91 8 20 33 68 6 122 4 44 0 0 16 54 71 31 77 15 66 96 81 60 124 35 27 10 9 0 72 129 18 8 7 2 47 0 10 28 0 30 120 95 18 48 0 0 12 72 0 32 0 37 36 24 0 76 16 0 30 166 37 46 121 50 60 54 54 128 0 16 5 0 4 213 30 75 12 68 76 35 17 64 25 29 28 56 188 27 56 37 66 40 1 45 18 18 69 0 32 8 24 74 10 0 125 104 36 40 81 109 27 81 34 37 103 5 63 54 16 107 24 45 34 69 32 51 12 45 58 5 61 35 10 50 66 23 74 0 63 54 0 56 67 21 32 44 0 66 61 39 8 119 30 75 48 118 46 26 45 94 96 65 19 52 12 20 12 0 20 115 16 59 108 82 66 22 45 21 156 74 94 25 32 30 0 136 124 63 22 33 28 105 57 0 34 123 20 138 20 50 20 81 107 31 21 40 0 0 0 211 174 125 136 
148 111 108 63 0 27 55 133 89 37 24 137 16 18 90 191 112 42 30 76 159 145 200 66 123 0 18 33 48 12 55 34 30 61 87 84 96 126 0 21 118 124 16 18 66 82 71 6 268 4 94 68 81 62 54 90 55 45 195 16 133 20 1 36 0 45 84 95 81 48 100 122 124 30 49 107 62 77 9 71 22 72 70 117 129 4 67 48 89 67 134 117 70 0 27 78 46 84 73 15 98 27 158 18 35 99 39 100 75 42 161 13 45 110 71 55 36 55 216 99 117 109 35 8 10 6 34 102 117 124 116 56 23 77 110 21 31 97 105 35 188 65 51 147 174 44 19 173 59 12 41 121 108 140 59 107 52 12 110 101 47 35 93 77 44 85 58 54 41 181 20 63 208 78 161 112 4 42 6 0 12 9 21 10 43 0 77 138 97 15 35 0 79 8 174 64 34 118 99 9 53 115 185 45 14 66 109 4 72 122 99 5 125 69 82 80 24 37 37 23 38 36 14 61 66 75 87 106 69 102 12 22 66 43 102 187 71 116 188 51 166 2 184 17 126 130 35 0 80 62 151 19 159 86 63 12 
2 73 8 33 32 45 44 43 96 111 136 0 44 0 120 0 76 0 7 72 39 0 42 86 0 64 8 0 100 68 48 64 65 42 64 72 130 109 39 84 26 56 47 36 86 32 70 8 18 57 32 23 101 70 27 24 112 81 10 24 32 44 116 16 18 77 18 35 49 2 14 24 84 83 67 9 25 48 36 42 27 34 24 24 106 35 24 29 35 20 61 7 0 0 142 86 60 65 0 118 48 10 54 80 61 36 7 80 24 62 86 55 62 21 7 12 20 148 29 30 67 102 64 11 80 84 237 47 60 135 89 136 76 80 66 70 56 2 63 81 4 33 27 30 38 30 8 72 115 142 24 61 14 9 41 52 24 46 11 24 107 0 35 0 45 47 56 21 61 35 86 27 84 16 27 27 39 52 69 33 28 95 97 82 30 57 18 14 48 42 93 132 71 95 74 18 38 12 8 36 60 83 6 67 146 68 14 109 68 90 80 47 24 32 27 60 72 36 40 67 0 30 66 190 40 58 18 24 28 40 39 69 49 89 123 16 30 78 85 16 72 32 119 94 27 96 13 44 27 165 65 75 117 21 27 73 
14 6 17 106 0 22 12 144 98 165 6 60 0 3 39 49 34 15 0 0 143 8 75 42 38 42 30 3 81 6 30 104 0 79 6 51 10 92 30 40 53 48 35 60 4 43 9 44 26 27 2 39 21 0 0 87 0 18 49 36 45 33 40 49 60 38 84 42 0 56 15 26 42 76 9 66 66 0 0 26 33 27 0 0 0 78 18 78 0 64 43 35 12 45 0 99 162 0 139 26 76 0 39 38 54 40 37 65 36 126 66 6 3 16 36 80 16 0 0 51 14 33 3 0 27 4 0 87 48 58 32 6 0 16 0 40 30 20 57 41 0 30 16 12 57 12 40 14 16 0 73 106 38 0 54 4 103 20 0 12 167 93 8 8 111 39 0 12 84 25 9 24 0 30 36 33 30 42 48 55 141 0 0 12 9 75 32 0 77 6 30 43 98 0 58 0 0 51 3 12 77 63 78 4 79 12 39 66 0 50 18 0 64 51 127 32 84 23 6 27 0 32 0 72 0 37 58 118 15 20 4 28 6 21 98 74 88 16 82 25 0 20 84 8 78 90 16 0 30 62 0 40 52 12 14 123 
18 25 122 26 19 67 83 107 144 76 91 14 5 69 114 33 38 75 1 43 134 42 139 0 94 78 88 0 111 118 43 111 11 115 143 0 1 83 153 56 145 115 0 124 94 36 27 48 12 139 137 94 81 139 29 2 123 67 2 0 23 3 94 120 42 41 55 88 36 51 32 45 40 128 108 137 57 166 94 98 20 121 70 133 181 31 43 51 40 35 89 82 86 35 15 198 5 62 30 42 37 99 59 75 147 67 72 66 4 142 48 101 39 33 40 102 72 72 62 154 46 4 0 43 0 114 92 30 121 171 134 111 0 68 48 110 18 40 147 136 0 15 40 46 45 26 4 113 30 0 16 96 88 18 57 163 65 0 0 78 260 108 89 40 158 22 57 45 54 72 0 21 27 41 20 87 160 74 6 76 105 92 16 113 34 48 11 35 81 49 137 101 56 64 227 0 9 76 54 86 123 75 109 99 83 97 0 17 32 132 88 89 39 105 96 144 147 10 22 15 35 99 116 91 0 75 53 97 10 72 27 43 12 30 39 90 88 128 85 3 11 24 167 59 68 124 93 95 68 239 36 15 0 57 30 98 
35 87 202 344 83 98 7 49 96 161 81 12 68 169 21 18 36 26 4 56 112 156 121 33 78 0 82 87 31 42 42 180 16 108 102 27 114 120 141 107 21 97 47 65 48 78 57 49 32 90 215 203 63 7 7 93 85 103 54 96 70 68 83 105 9 190 129 72 71 79 14 158 171 129 0 27 48 72 0 176 105 52 56 151 2 22 32 48 0 78 124 120 66 17 107 79 192 26 128 20 81 77 131 22 140 72 0 81 90 144 9 0 27 65 96 54 153 189 127 77 32 9 22 36 76 18 54 4 99 58 160 115 38 70 92 81 18 81 108 73 7 56 112 18 148 146 29 8 26 30 64 132 131 72 51 97 21 29 147 199 48 66 50 54 54 179 71 72 17 30 48 24 23 0 115 107 52 56 107 39 125 93 18 2 87 209 120 0 188 17 66 17 45 101 333 36 84 46 167 34 231 69 21 0 43 51 187 91 80 33 53 11 135 92 45 54 8 103 141 34 23 14 138 69 10 81 75 177 181 129 108 0 7 33 36 55 90 25 19 8 85 34 44 12 108 106 23 83 30 0 0 132 215 247 29 46 
44 69 50 35 70 74 16 192 33 15 56 47 6 151 140 18 36 72 2 49 152 95 131 32 59 73 110 63 110 15 47 34 8 100 120 145 63 21 36 121 251 107 104 68 62 44 48 27 83 47 12 87 119 43 115 40 27 74 33 155 167 203 64 0 28 15 125 140 38 94 98 78 100 68 110 71 5 136 23 94 42 63 81 67 96 84 96 131 183 39 110 102 83 66 54 88 66 166 0 47 94 91 111 49 85 74 86 82 26 6 78 49 92 64 99 46 28 55 54 0 64 74 45 20 0 76 81 97 93 30 11 0 149 54 42 38 74 53 43 127 103 119 68 54 125 29 24 70 0 69 63 109 228 77 123 70 108 22 0 49 49 32 115 6 12 46 3 256 57 104 16 112 54 0 0 179 97 35 41 129 129 73 21 7 44 54 15 81 43 144 123 25 89 6 57 119 35 177 35 139 145 108 0 139 0 177 26 27 40 37 98 24 10 58 100 35 45 38 70 86 30 131 73 46 45 43 126 68 62 23 67 131 173 38 82 122 79 84 60 0 126 5 48 51 0 32 89 70 87 36 106 97 68 93 54 56 
34 27 25 47 32 74 58 49 29 40 28 0 63 0 31 47 55 64 13 93 105 24 54 80 28 45 115 8 9 0 9 32 74 33 12 56 80 51 45 93 81 24 43 36 73 87 113 0 7 29 3 12 30 0 0 87 3 36 105 63 76 93 39 16 25 0 80 54 39 8 32 53 87 15 108 42 37 15 18 54 147 75 16 201 72 0 0 74 0 51 56 39 51 10 35 128 110 0 5 125 0 40 198 0 2 48 118 61 51 0 106 27 30 108 0 13 40 12 2 12 0 73 0 0 16 0 0 11 64 20 21 24 1 35 31 54 64 90 52 56 51 38 31 64 0 53 10 14 86 0 51 20 99 22 52 66 79 0 2 53 13 72 185 8 10 111 4 70 50 3 78 74 91 77 0 24 49 159 40 58 92 5 75 0 20 20 0 44 42 46 30 20 14 78 30 39 4 50 0 4 96 28 57 141 0 30 12 88 0 75 44 0 48 0 185 81 0 10 28 6 0 151 43 9 61 4 18 56 16 107 0 45 12 96 116 131 0 0 94 38 124 27 115 80 133 29 0 14 58 28 5 49 179 177 0 72 
170 56 29 84 80 163 72 141 0 0 57 132 0 14 63 123 114 85 4 80 72 65 36 43 24 61 34 87 77 64 84 24 40 40 8 0 73 62 18 56 49 24 63 53 56 50 32 60 84 10 154 80 20 0 53 107 75 92 150 49 22 26 69 14 123 57 78 54 1 15 93 24 10 0 135 96 44 54 24 37 41 57 52 183 26 32 49 145 156 64 167 72 12 56 64 75 56 39 24 14 31 72 56 24 44 137 9 30 5 34 86 62 14 30 93 28 95 88 6 162 28 0 120 18 32 72 16 117 29 80 16 45 135 0 47 125 113 44 4 0 81 102 9 24 69 34 9 96 76 56 189 14 91 106 50 104 39 29 46 26 16 202 129 83 8 40 40 161 91 75 0 84 26 4 8 114 0 47 75 144 62 63 18 6 64 46 36 142 76 0 124 19 20 118 22 111 58 20 89 54 12 89 32 34 97 30 15 66 28 36 105 54 128 92 73 43 9 46 12 79 22 141 87 31 16 0 151 16 77 64 18 0 137 72 34 124 84 94 153 115 129 108 0 40 156 74 27 0 54 16 45 141 131 152 28 50 
30 8 96 102 23 28 76 162 0 84 55 89 36 153 21 101 105 87 52 56 145 91 75 113 120 77 137 30 58 14 42 138 114 66 102 124 132 214 24 72 159 62 35 61 16 80 35 27 60 62 24 48 83 59 124 138 0 70 165 40 70 92 0 126 96 85 21 96 0 20 40 34 62 30 80 77 65 25 99 172 100 225 15 114 6 14 67 128 83 5 119 62 8 31 0 167 27 35 18 35 38 26 72 3 83 76 46 135 38 88 12 75 34 90 4 34 52 56 29 58 69 36 24 16 24 6 105 24 30 116 27 84 156 37 47 72 109 48 84 169 74 85 40 63 171 47 12 111 32 33 92 6 88 14 88 34 75 79 40 46 0 115 98 52 102 27 0 68 96 55 64 76 2 93 3 128 91 75 59 99 48 97 42 0 79 89 0 173 66 81 79 45 57 32 20 108 45 99 32 12 144 78 106 68 85 66 111 51 16 65 72 40 30 86 217 26 35 13 14 144 26 105 30 20 24 6 134 54 167 47 0 131 97 62 79 16 48 197 12 116 179 30 14 44 66 35 56 14 76 5 72 0 141 125 44 18 
81 122 46 0 4 88 57 58 56 67 35 59 0 0 76 108 81 0 2 86 149 124 119 103 171 0 99 56 92 80 103 50 24 53 60 19 63 103 100 95 0 53 37 84 73 71 73 28 80 30 19 38 64 56 21 40 36 54 0 32 86 71 163 42 49 68 0 198 1 128 0 73 6 62 68 28 92 54 4 62 109 99 68 57 42 0 46 32 40 96 10 191 4 32 32 23 94 16 27 8 10 40 149 40 8 211 108 17 49 77 77 50 8 43 2 32 126 30 25 20 125 36 79 52 58 8 36 24 43 227 115 55 84 200 24 64 124 114 16 62 73 1 81 0 96 0 59 174 96 32 16 54 100 14 24 18 130 55 48 0 82 56 36 30 13 73 119 60 95 0 37 22 51 25 39 44 58 81 40 136 61 37 34 0 6 0 56 28 127 37 21 19 58 16 36 57 68 10 0 2 144 34 96 94 60 12 0 8 24 33 14 0 4 36 130 116 6 56 0 5 15 70 5 25 72 60 0 30 53 107 73 6 67 0 0 13 8 61 155 87 47 28 64 24 201 0 49 8 28 85 8 0 139 96 63 168 
188 18 56 66 0 30 48 255 109 0 42 86 120 105 63 113 26 82 36 75 84 58 170 22 6 35 80 27 77 60 50 43 83 4 74 278 72 124 176 90 130 60 64 61 52 82 130 134 6 0 40 0 120 12 35 78 33 128 36 12 78 99 131 71 75 24 85 58 24 58 22 140 117 116 88 134 35 136 4 23 82 43 86 169 100 80 123 34 8 45 0 110 133 112 0 81 103 12 51 119 108 63 45 73 53 63 82 3 20 51 152 84 76 22 112 39 204 56 2 0 89 24 85 42 48 70 47 68 56 143 22 0 65 94 101 24 81 3 51 93 136 24 83 44 157 56 12 60 12 63 81 121 132 7 159 136 95 55 32 98 75 55 75 86 53 105 11 34 96 95 33 33 15 106 28 69 187 15 6 123 224 36 119 10 33 49 47 104 56 31 137 105 164 154 89 84 60 76 64 89 49 234 99 27 0 14 5 76 45 43 66 49 115 68 129 74 103 20 3 115 12 0 60 20 42 118 73 0 72 106 60 39 106 120 0 109 28 59 160 86 143 122 70 21 45 8 56 60 67 64 36 9 50 100 93 121 
80 73 125 6 5 40 49 102 48 112 74 50 18 59 119 66 63 143 99 58 144 55 58 53 119 90 120 184 94 131 12 56 8 37 56 21 51 315 104 36 164 95 64 75 191 54 93 14 37 40 0 7 87 86 90 108 49 138 132 25 51 61 135 73 63 0 54 148 0 15 50 177 45 43 101 17 56 95 36 165 132 120 89 113 56 32 135 56 105 40 57 80 20 45 47 78 0 68 51 73 58 144 115 98 0 27 63 119 41 112 75 0 36 91 43 0 102 70 36 109 52 28 84 90 80 10 131 108 110 162 78 0 30 28 12 92 0 93 124 35 61 108 0 81 87 59 44 219 68 8 158 49 63 0 158 79 118 37 18 160 90 67 39 151 83 61 99 45 150 72 91 0 45 78 62 135 102 82 6 86 114 0 0 100 69 161 11 27 57 97 64 71 16 75 129 131 72 100 98 114 185 59 45 3 24 42 58 80 20 108 153 16 81 15 138 155 39 65 30 0 9 16 180 27 150 73 164 156 83 177 37 99 36 69 111 75 28 184 66 164 122 28 111 61 113 83 95 139 33 69 18 0 87 157 10 159 
76 82 71 60 72 36 75 111 31 44 76 1 159 30 124 0 43 105 40 159 189 40 145 15 170 153 197 48 83 100 86 85 52 42 72 52 149 43 36 91 49 5 22 45 83 41 73 67 124 177 8 0 192 96 70 88 169 68 81 0 76 26 18 74 0 69 80 96 158 18 56 1 71 130 81 72 28 37 62 94 72 58 95 0 63 0 164 83 103 28 64 88 62 22 54 136 86 102 34 48 0 80 116 102 94 23 95 3 104 91 87 93 43 77 77 17 6 65 36 38 6 26 24 34 48 97 148 264 50 45 11 178 67 38 84 28 12 181 64 45 137 126 51 161 27 71 56 90 41 0 108 122 182 44 103 81 21 51 16 87 29 189 0 95 0 24 67 139 115 199 42 155 92 54 69 30 33 28 42 4 113 92 221 60 35 27 32 106 73 80 63 115 114 71 0 120 106 96 68 28 118 0 184 92 32 27 10 81 72 69 99 118 192 223 160 79 153 17 163 71 94 53 159 0 95 40 70 180 84 155 17 79 33 3 279 21 98 146 72 98 187 37 0 77 188 25 63 44 124 41 20 68 154 165 4 73 
45 7 205 129 36 90 63 143 84 103 72 0 108 74 135 34 87 49 46 19 99 123 164 80 0 63 92 103 86 68 81 117 125 48 18 55 27 58 124 118 243 246 135 43 47 92 71 146 70 12 168 42 174 23 117 158 129 154 147 45 68 118 88 42 121 72 165 0 150 78 122 113 24 36 95 87 52 36 169 0 12 114 35 122 0 117 27 161 0 24 49 186 107 54 0 54 96 37 14 52 68 41 84 24 170 161 56 59 105 63 51 63 103 130 60 90 111 41 32 49 39 103 0 54 90 88 60 24 52 62 99 76 105 116 137 95 35 75 101 126 20 15 78 44 84 43 39 23 83 4 6 75 114 20 9 55 109 59 61 57 45 68 76 0 92 106 0 78 87 50 132 99 76 86 49 87 104 135 0 111 133 1 30 43 73 87 0 47 160 76 8 19 94 126 204 36 143 176 109 36 120 34 137 126 36 150 44 43 3 106 125 3 43 119 169 96 0 5 80 54 68 16 76 0 74 72 78 84 180 146 96 121 32 205 28 58 60 71 0 107 58 120 180 67 63 24 53 46 7 144 28 73 51 78 40 82 
49 5 43 93 0 0 33 27 88 130 40 66 8 132 39 14 17 6 0 41 113 120 126 126 24 58 58 6 35 0 71 22 42 32 34 64 0 70 108 80 93 10 88 100 37 61 8 3 58 20 92 55 0 0 20 0 74 0 34 36 16 138 67 58 18 54 24 0 52 4 30 129 84 81 27 89 32 69 24 103 36 39 65 179 90 0 62 106 22 16 54 41 0 92 105 52 168 40 52 138 86 74 66 4 58 12 64 42 50 18 57 53 28 29 46 42 64 44 16 68 32 153 50 116 0 36 16 89 63 65 0 68 30 18 14 84 121 40 10 58 56 193 127 72 70 31 0 84 30 87 10 161 122 103 36 145 81 0 0 129 42 27 107 99 36 111 0 42 8 58 15 142 4 26 8 92 2 0 30 9 78 18 73 36 32 66 121 96 185 153 96 116 76 164 0 84 5 36 47 9 150 115 0 97 2 72 24 8 158 161 18 65 54 59 18 14 4 72 2 25 0 118 36 6 36 12 88 45 6 32 0 46 108 22 56 83 32 19 0 21 81 39 8 70 102 81 29 9 72 95 11 229 102 0 40 116 
116 4 8 64 6 0 40 158 88 56 52 78 24 88 45 40 7 73 0 144 81 59 49 21 8 0 72 0 115 24 164 70 46 122 86 69 46 91 99 50 28 89 135 25 84 6 71 94 58 91 145 84 84 99 64 69 27 60 120 20 12 0 32 89 66 75 21 25 12 0 18 20 40 70 0 22 82 144 38 165 9 76 0 108 38 72 12 113 79 66 9 38 59 41 64 155 40 76 101 0 8 96 66 0 53 89 35 40 66 60 63 96 1 29 0 24 164 63 55 121 70 3 34 18 15 132 28 103 71 168 80 135 56 0 123 0 120 32 49 92 169 27 32 64 42 70 49 0 15 16 160 76 71 83 0 127 0 84 20 158 168 89 86 0 81 85 24 0 161 108 24 4 52 123 16 74 50 54 32 82 96 140 21 76 44 38 66 0 10 56 52 98 34 136 88 46 36 0 195 109 93 63 0 80 151 65 0 15 8 35 36 32 0 26 82 36 35 22 86 108 17 93 16 118 34 111 98 54 75 18 72 0 31 107 0 28 145 16 12 101 91 109 76 0 105 54 66 54 7 44 81 72 0 127 36 102 
29 52 67 137 45 6 8 82 43 56 18 68 0 2 78 35 107 38 71 0 0 30 49 24 90 58 64 2 83 97 58 67 42 122 0 0 88 73 141 184 161 56 32 59 75 103 153 59 31 35 147 67 63 37 79 92 23 49 27 0 42 40 63 74 13 126 176 12 121 0 72 63 56 173 0 104 15 48 100 20 20 12 0 49 10 95 150 81 48 0 69 122 96 141 0 47 109 79 20 71 32 36 65 82 70 72 161 2 34 64 43 47 71 58 53 47 167 9 45 19 6 36 151 111 52 4 60 71 78 120 36 122 15 0 16 13 0 72 77 50 42 73 20 81 54 4 91 44 95 64 32 67 27 84 116 66 52 23 21 118 93 64 0 72 7 31 103 9 110 81 6 94 29 11 14 57 47 4 78 34 76 132 35 46 16 37 56 62 52 56 52 98 19 28 81 66 72 81 93 49 28 143 52 24 74 22 45 36 44 95 36 16 72 95 63 67 40 22 72 115 36 95 45 84 62 55 28 48 19 202 154 0 83 99 52 12 69 84 47 52 16 10 16 58 95 21 14 42 56 24 56 82 6 145 155 49 
47 69 0 129 36 18 36 198 109 0 103 22 56 9 72 14 96 104 6 160 161 0 75 12 0 153 69 20 109 149 99 28 54 3 28 72 57 8 30 0 80 96 95 19 120 82 18 81 0 67 72 16 16 56 137 81 18 57 152 111 0 56 112 50 84 36 48 60 56 5 26 6 18 58 20 81 0 72 18 91 88 92 90 72 178 16 83 43 36 93 0 39 104 111 0 71 33 46 13 58 47 63 63 18 12 42 112 158 74 12 52 36 12 52 86 127 56 60 54 21 63 109 0 93 140 139 183 175 0 94 20 61 52 205 89 162 72 48 74 35 52 30 12 105 66 46 12 45 113 21 93 98 86 0 30 48 55 118 56 77 48 145 62 12 82 3 92 130 120 152 138 0 8 76 104 56 36 27 0 34 80 18 63 96 58 42 18 99 54 71 136 156 64 93 40 179 87 0 48 64 132 99 0 150 72 54 42 36 2 30 16 0 0 148 84 120 68 8 35 40 12 118 84 27 46 90 105 31 57 72 63 138 140 87 102 131 56 126 16 91 12 125 96 95 42 117 83 75 24 72 50 56 78 96 27 106 
0 15 39 30 38 32 96 108 126 138 31 9 0 31 140 32 28 63 6 61 137 75 38 67 28 17 41 124 99 22 49 16 65 30 14 24 62 88 33 110 45 36 143 82 8 18 122 7 77 6 78 56 21 26 0 76 67 17 43 0 8 163 66 88 36 56 88 44 60 38 71 52 56 7 237 18 32 42 0 74 87 53 14 115 22 0 13 111 147 18 66 20 32 6 117 58 66 9 104 75 37 82 87 38 49 105 124 129 59 157 97 105 6 61 84 96 108 115 0 180 47 118 32 10 8 44 18 118 45 84 73 20 144 6 14 69 68 64 9 43 80 107 53 18 75 174 110 92 20 28 82 67 27 32 49 52 105 3 9 45 108 43 53 95 24 146 8 49 35 112 7 83 57 104 38 102 51 0 100 25 56 18 24 18 0 138 7 54 74 57 100 22 50 110 120 42 28 133 187 101 64 62 49 34 127 0 96 72 3 23 20 48 100 63 168 2 56 78 53 0 20 53 36 72 107 56 0 113 129 63 0 77 133 0 76 48 24 35 80 0 80 35 0 75 177 40 29 8 89 6 62 36 50 135 20 64 
62 17 162 69 6 16 50 145 35 25 56 58 33 45 81 18 50 67 67 72 65 28 66 113 25 45 131 18 68 52 7 27 26 116 66 195 155 31 74 83 47 102 62 171 55 164 60 1 78 10 0 28 162 21 52 34 36 9 152 0 0 80 94 30 45 6 12 124 196 70 0 44 87 102 44 52 9 0 24 54 71 47 155 66 63 0 60 101 0 33 48 128 43 47 31 18 118 35 39 57 80 24 33 86 9 88 128 134 117 18 82 87 33 32 27 59 0 35 43 2 26 114 31 47 36 109 73 0 0 148 32 86 138 70 187 49 28 234 8 84 58 151 100 43 24 45 43 167 58 49 12 18 115 0 39 23 118 0 9 56 81 112 56 54 66 136 35 24 36 83 42 103 89 76 24 81 55 100 42 97 128 2 27 71 29 34 12 0 126 12 154 150 54 20 37 39 111 108 7 18 18 84 126 82 17 8 3 105 81 94 102 88 90 56 49 76 24 90 29 32 48 64 99 55 50 191 109 59 36 67 10 42 43 56 147 43 52 42 64 79 136 34 85 56 174 108 20 43 202 24 103 0 65 66 94 84 
82 55 57 39 72 67 71 97 123 196 43 42 32 71 84 177 71 31 2 20 67 39 117 64 57 102 82 114 9 2 2 115 4 143 79 7 27 49 65 39 200 44 30 159 32 48 39 48 45 96 92 16 70 9 45 18 96 0 100 8 97 27 69 45 100 21 49 69 85 83 0 100 42 145 127 142 71 31 12 8 15 80 57 75 0 43 90 140 33 155 0 99 0 42 5 19 26 77 18 0 93 10 54 91 70 101 65 15 14 129 16 37 58 38 121 186 36 62 19 67 42 39 102 16 10 65 28 188 5 119 26 50 28 104 9 27 14 52 129 24 63 40 34 37 8 24 38 0 41 0 88 37 8 6 94 27 122 0 1 77 176 43 80 31 61 75 54 57 120 59 15 56 0 23 0 63 35 91 8 40 109 49 58 47 73 21 5 60 138 0 7 109 107 9 97 126 27 53 53 29 122 62 78 27 135 45 0 21 37 81 76 121 33 167 77 100 135 36 54 9 104 36 45 92 171 56 8 51 45 77 52 60 106 60 99 98 0 60 117 41 63 25 56 105 115 56 8 40 66 82 0 47 38 141 27 115 
180 93 82 78 20 160 55 13 43 42 36 48 0 41 21 41 124 25 52 15 52 18 132 82 66 78 175 38 21 28 9 129 43 112 40 46 82 73 60 95 10 37 14 35 74 66 24 127 70 42 65 123 14 0 12 98 12 83 59 91 15 0 4 84 85 48 75 63 36 34 56 59 9 65 139 22 116 60 81 30 36 189 40 86 45 86 6 166 78 83 82 16 78 52 70 167 38 92 66 42 55 31 152 0 69 46 130 106 58 76 168 0 67 64 68 24 0 90 14 170 26 86 42 25 44 4 65 88 20 159 37 42 9 49 62 125 56 23 100 98 35 24 51 8 47 0 2 120 36 50 85 114 138 12 0 52 15 39 36 36 36 106 41 110 76 99 61 81 103 0 29 12 44 123 9 18 83 99 80 72 24 8 84 30 146 85 36 40 124 90 153 76 28 63 0 34 12 75 116 8 179 115 89 108 4 79 65 35 0 19 60 119 104 44 88 0 224 52 34 48 59 109 110 42 58 125 48 102 63 74 55 10 64 66 73 134 38 54 109 76 27 28 0 27 135 0 15 43 40 85 91 20 39 319 9 65 
139 0 106 24 49 15 21 120 12 77 41 37 15 50 35 8 0 28 12 42 0 41 43 30 32 54 110 156 28 29 165 16 56 6 27 30 93 0 8 0 36 76 57 3 8 28 0 18 28 15 20 8 86 45 141 4 36 86 108 0 50 141 31 18 35 52 0 144 54 6 18 119 121 57 0 69 8 6 20 103 54 108 0 45 39 0 44 66 36 134 14 0 127 105 84 65 60 12 37 46 0 63 220 50 8 0 37 157 67 0 53 30 27 83 14 55 8 16 42 50 12 16 42 147 8 16 82 147 16 34 27 61 53 7 84 115 46 72 0 114 54 0 72 89 0 0 78 40 102 0 170 50 142 0 59 49 58 0 10 75 76 55 73 137 76 41 66 2 0 6 0 125 97 15 41 0 36 61 0 65 62 44 18 9 16 81 57 0 58 0 24 42 56 39 42 101 0 25 32 21 114 56 0 122 25 71 0 20 0 81 54 0 0 46 229 103 0 12 2 13 50 115 41 0 56 37 136 117 25 114 95 75 61 15 48 223 98 106 62 72 165 18 20 52 28 9 0 4 66 157 0 15 28 20 0 48 
30 73 62 24 4 4 75 64 76 68 84 24 23 15 115 18 13 133 14 49 125 42 110 90 0 55 74 138 56 0 82 62 56 42 83 12 15 39 69 64 65 75 62 0 0 24 111 40 31 8 72 78 40 54 109 6 81 43 34 80 39 100 51 24 49 73 143 51 111 61 48 42 0 62 58 1 127 12 0 112 18 54 0 27 138 44 78 177 6 85 93 93 64 57 20 120 48 56 48 63 58 65 147 17 8 73 197 5 116 16 85 119 75 95 101 66 12 128 19 50 9 24 16 12 44 24 43 132 45 56 32 72 51 5 32 44 0 22 119 54 33 16 110 74 101 80 68 71 34 12 27 72 153 0 73 9 20 0 18 73 98 39 42 6 14 26 3 0 102 102 25 55 28 55 15 34 43 9 19 0 90 46 9 0 192 68 12 65 42 109 75 192 93 66 20 83 56 93 80 102 184 89 60 66 50 0 16 15 0 31 108 44 56 31 42 18 36 26 32 132 41 73 96 32 0 86 6 14 67 86 6 67 170 9 42 11 38 53 12 42 0 7 16 0 14 42 108 7 24 39 46 40 82 56 48 61 
98 85 94 81 21 98 91 48 24 122 31 27 128 0 21 21 54 40 6 169 123 3 164 43 66 72 31 77 30 97 9 46 14 38 18 112 73 36 78 90 104 15 12 14 76 66 107 56 4 93 72 80 22 38 40 118 66 94 79 0 20 29 167 67 12 0 57 56 126 80 64 37 6 83 7 117 12 94 0 112 10 51 42 58 104 45 67 105 31 27 56 159 24 145 42 56 9 14 0 70 105 28 144 0 19 6 80 61 0 30 16 9 0 14 16 46 54 40 30 21 58 30 76 34 34 86 41 25 119 83 5 110 55 76 63 121 10 8 94 0 4 10 38 26 60 10 49 31 9 0 113 30 105 29 41 40 2 54 32 18 58 154 181 42 13 122 107 60 6 71 29 70 73 112 128 35 18 32 15 7 135 60 102 73 0 47 7 24 289 6 101 6 32 129 98 47 16 0 96 0 112 74 118 51 45 24 0 4 67 59 0 72 17 99 41 42 99 0 38 40 0 83 118 0 6 138 28 119 72 56 30 40 60 150 44 19 19 174 26 73 109 40 148 58 45 88 20 39 4 52 9 0 39 165 48 18 
15 18 84 138 16 8 6 36 1 90 1 46 8 89 63 0 33 121 20 58 13 99 63 79 63 135 61 40 63 171 180 70 5 80 59 52 142 83 45 46 52 75 98 129 125 6 46 66 46 31 89 46 81 36 6 40 8 91 161 165 28 79 130 80 42 0 69 9 144 37 158 78 113 106 120 30 54 6 61 71 12 61 35 94 75 101 48 44 54 3 6 18 124 6 74 122 202 35 21 48 50 12 192 84 42 3 78 142 75 66 126 71 18 102 74 0 30 71 38 61 20 90 15 17 32 14 89 25 34 0 24 74 49 0 52 196 40 91 32 176 51 80 33 46 121 58 75 140 42 48 6 63 181 65 54 32 58 35 12 25 14 103 135 14 53 13 35 0 113 45 0 106 72 95 126 28 83 51 0 74 17 12 98 10 88 29 32 0 204 77 45 68 65 30 48 64 5 6 80 49 195 52 79 50 117 50 18 45 117 76 0 92 18 5 146 4 191 19 32 0 80 0 151 28 136 28 113 271 63 55 7 63 92 28 105 204 195 35 119 7 173 30 129 104 116 26 43 137 20 65 92 106 117 77 21 35 
0 49 123 0 0 69 0 0 18 34 79 36 31 56 21 0 75 0 42 30 233 73 0 33 54 80 134 30 72 105 63 35 18 52 48 46 59 16 102 138 49 36 77 42 78 75 27 0 27 38 4 26 13 0 24 42 112 108 115 51 0 3 147 19 5 14 49 193 27 109 28 9 4 32 0 0 18 89 40 104 109 0 94 105 61 53 18 94 1 0 117 177 61 24 48 0 97 65 0 64 9 103 42 47 9 64 81 63 90 49 21 0 0 46 24 6 54 55 0 0 53 1 42 78 0 56 59 93 54 123 137 0 33 34 104 0 1 127 0 42 78 0 5 98 6 6 21 36 35 26 3 128 111 0 78 112 22 0 54 14 107 48 70 30 0 24 76 54 32 9 29 118 14 33 18 54 23 3 34 44 84 105 0 7 1 62 64 14 133 21 37 72 20 21 96 0 63 51 43 0 188 60 108 38 7 0 0 49 52 122 18 6 8 60 62 33 0 31 7 87 70 39 12 54 54 101 42 0 0 90 12 35 65 56 56 0 7 59 77 25 12 0 108 40 87 15 24 0 96 43 82 8 66 36 54 79 
104 30 62 224 6 8 9 76 50 117 55 4 32 40 89 0 124 126 0 156 90 117 184 72 56 76 4 54 180 98 4 143 12 51 15 0 103 201 0 82 83 57 92 40 13 163 99 28 36 62 128 82 57 0 36 102 175 115 68 88 24 161 126 98 54 27 108 80 66 81 68 81 54 120 11 0 79 62 16 18 32 43 0 214 81 54 112 0 70 96 48 24 91 80 43 73 85 72 44 24 0 67 193 101 42 156 56 137 92 57 3 62 81 166 135 102 41 160 63 72 57 0 234 64 67 0 0 128 12 66 66 36 3 126 14 70 36 132 87 60 37 29 91 48 214 137 58 32 38 0 72 209 70 70 85 79 126 103 2 34 20 52 129 42 64 81 93 48 21 16 0 0 137 133 88 76 0 32 72 8 84 35 60 8 103 55 69 0 108 12 101 6 41 108 54 35 40 116 64 75 77 177 154 25 192 10 87 54 42 82 24 148 207 0 181 60 32 97 0 0 54 58 94 64 18 59 64 219 84 84 0 104 36 35 36 221 103 64 70 60 77 136 0 0 164 167 64 73 72 0 62 26 186 80 2 105 
30 91 110 33 28 169 0 4 0 77 48 0 0 63 36 27 50 36 66 28 108 16 37 92 0 20 92 19 36 15 4 8 24 49 52 21 66 169 63 193 45 66 70 39 72 101 27 20 24 21 16 67 24 20 27 138 36 72 175 85 0 0 65 36 28 27 93 20 71 0 175 14 68 98 118 4 0 4 75 71 38 117 68 143 12 63 115 63 50 69 63 72 47 0 37 52 36 109 49 70 48 0 30 8 84 0 7 0 36 63 0 29 48 149 0 12 0 4 64 66 12 14 67 87 0 28 38 100 183 33 75 35 3 81 47 0 24 38 83 45 153 45 74 8 93 32 2 48 25 0 16 24 20 100 24 31 9 4 36 20 56 0 50 42 37 60 0 57 142 99 50 48 67 126 18 94 5 63 0 56 18 4 21 15 72 59 32 84 50 91 40 27 8 0 24 28 0 43 31 35 159 64 0 18 50 7 84 100 70 75 43 0 4 73 7 37 9 32 99 0 0 27 78 56 38 8 72 16 144 135 68 96 100 106 32 32 57 62 85 72 35 73 40 87 12 54 58 40 116 71 147 8 28 0 146 60 
136 30 38 181 0 156 7 113 69 98 33 77 18 16 25 22 42 38 0 141 88 147 109 72 10 3 134 24 161 80 81 80 8 28 32 72 39 66 48 124 0 5 90 30 16 75 155 150 164 8 21 32 8 0 84 26 48 6 71 9 25 13 87 123 54 8 0 194 74 15 0 47 106 141 135 47 136 136 9 24 86 43 45 103 28 48 40 72 221 2 126 71 28 108 42 36 48 2 248 0 0 78 84 15 8 99 100 18 122 0 72 36 6 18 8 17 94 61 60 106 71 97 147 54 84 76 15 17 26 88 30 65 114 195 43 72 105 45 2 169 122 20 75 44 52 106 112 148 6 12 39 53 86 36 104 50 75 77 118 30 35 32 0 66 115 84 90 75 56 178 144 134 26 48 68 29 46 0 50 18 6 32 132 4 156 27 52 24 84 0 59 42 58 21 54 114 155 33 12 71 210 48 72 54 72 32 5 9 10 66 25 22 53 62 137 69 48 19 6 107 63 15 62 25 52 83 18 1 0 51 40 4 68 58 25 164 0 29 86 31 40 104 33 47 148 12 43 0 84 65 70 67 54 74 116 124 
3 28 88 72 0 60 70 45 94 40 24 0 62 18 14 6 58 18 0 7 114 44 114 74 41 137 28 76 91 0 86 10 6 33 32 26 19 233 54 21 34 110 124 0 63 31 0 24 10 4 54 22 106 109 0 0 36 8 104 44 0 36 0 35 4 0 0 0 40 29 12 121 18 25 78 24 0 5 43 0 72 131 30 36 111 46 32 116 28 0 42 45 7 0 67 0 86 14 0 36 41 2 34 5 24 42 56 31 32 38 0 94 8 125 85 14 32 2 16 53 48 102 0 0 120 4 50 63 12 81 6 48 66 0 24 77 120 25 52 70 54 128 27 24 26 2 0 4 0 60 43 56 68 40 115 29 30 0 0 25 0 24 74 2 28 92 15 6 120 24 135 51 0 16 63 28 46 19 27 15 55 5 48 1 96 42 0 54 118 80 26 82 69 103 66 56 0 33 3 76 200 12 24 87 0 62 0 18 0 71 117 104 0 0 40 36 55 9 2 0 40 89 88 14 144 79 0 185 17 20 2 90 6 51 0 40 19 55 14 0 12 28 63 16 102 96 30 0 97 36 83 42 24 92 10 93 
42 41 135 102 81 63 87 0 5 144 134 278 39 22 114 157 91 53 46 83 124 88 155 95 136 39 53 42 106 129 94 65 54 13 135 2 174 163 36 189 3 132 68 104 112 128 83 48 27 61 49 139 3 103 36 61 107 44 59 133 111 19 213 37 83 18 175 70 37 88 167 77 58 37 66 56 36 83 131 58 135 17 66 57 35 53 119 331 58 47 120 94 21 0 0 24 0 23 41 64 81 20 71 24 18 80 79 75 36 68 42 37 10 123 111 57 92 37 29 24 82 0 8 62 32 0 56 59 102 71 83 10 65 96 166 49 45 95 105 24 80 21 57 12 112 7 50 146 103 30 21 128 109 124 49 20 29 36 100 16 8 45 34 68 59 101 20 0 96 27 102 113 53 60 102 66 12 219 10 26 35 60 54 51 0 32 3 56 151 144 87 36 45 63 20 55 81 8 90 149 199 50 45 40 62 133 104 59 44 66 75 53 111 141 210 162 55 24 80 0 50 0 76 31 76 26 46 98 18 92 10 86 86 155 79 55 151 98 143 202 81 91 121 126 137 95 141 92 66 108 174 0 25 164 99 190 
58 64 17 6 0 52 67 49 73 0 28 40 58 46 17 79 29 23 27 47 21 16 24 56 3 21 63 0 0 29 0 16 49 23 4 79 21 159 56 7 1 60 26 6 0 21 0 16 66 0 44 39 70 94 7 40 43 0 31 30 30 13 50 120 2 95 42 105 64 14 0 21 20 56 0 75 8 24 3 9 40 38 87 40 87 0 87 82 48 22 20 76 65 0 46 40 0 60 0 53 25 30 1 20 39 72 49 71 28 0 106 63 0 44 15 23 12 6 63 0 35 77 0 0 80 23 81 28 40 108 45 0 26 69 57 69 102 63 64 118 22 16 36 0 92 39 9 24 17 25 44 0 38 9 109 67 26 25 63 0 5 4 28 21 0 61 48 0 0 39 78 96 8 134 12 16 85 0 92 28 66 0 40 0 33 16 0 36 28 13 90 114 14 43 123 3 67 29 28 51 64 60 91 77 0 0 12 63 35 59 111 8 16 8 0 0 0 23 16 0 9 49 42 0 0 12 30 16 0 6 10 51 82 81 49 16 8 39 28 28 0 60 29 56 106 30 68 86 0 0 58 40 32 32 35 94 
39 0 43 64 0 39 0 181 57 40 47 0 12 134 51 81 67 27 6 117 122 87 50 92 6 80 40 0 9 0 94 136 28 35 19 22 26 81 0 35 62 90 129 37 62 38 26 53 225 19 98 0 87 40 36 66 6 169 110 112 0 9 155 0 54 0 0 63 85 69 46 32 84 0 12 82 155 140 75 84 87 46 83 254 6 32 49 109 49 8 65 9 52 80 123 97 5 81 115 108 64 123 87 2 16 44 73 92 85 12 27 87 35 34 0 29 52 88 28 19 84 63 174 73 8 44 0 100 0 155 0 42 82 4 50 48 20 36 28 84 148 96 39 26 86 186 2 4 140 159 113 124 54 44 24 63 38 56 81 152 64 93 63 78 0 89 38 48 112 155 0 69 57 0 12 0 56 7 14 3 111 34 4 0 25 14 0 48 16 7 134 37 119 24 2 20 20 79 4 43 109 194 9 73 229 41 17 20 133 30 66 132 9 30 189 39 1 6 36 100 35 65 24 0 60 18 0 0 36 63 35 101 4 0 24 106 24 42 2 74 0 89 58 64 10 170 45 12 12 0 49 169 72 72 31 142 
111 36 83 124 56 93 132 153 162 128 113 42 25 60 127 222 81 63 0 45 111 80 115 138 143 137 67 100 148 74 123 219 135 39 30 72 61 171 116 61 117 30 76 194 31 23 121 15 35 118 80 6 140 52 71 109 75 149 83 90 63 10 32 68 81 104 74 172 26 69 0 94 90 32 18 98 88 0 40 26 24 22 32 175 83 149 135 0 27 123 137 129 47 117 113 102 64 0 111 77 77 48 63 53 98 154 30 7 101 10 14 115 115 85 100 0 74 102 53 54 0 18 138 62 57 48 140 62 168 85 0 50 34 34 104 56 117 58 127 277 118 102 166 74 166 44 107 10 68 30 89 152 1 9 64 97 102 57 21 119 206 27 160 79 77 158 69 104 166 42 75 90 14 18 0 60 216 146 63 49 144 18 145 48 58 83 60 108 129 99 0 144 64 151 0 115 0 182 28 72 156 0 49 79 18 29 24 70 6 133 72 109 102 94 175 56 158 148 132 27 146 155 87 219 53 38 28 132 95 137 45 9 25 135 78 56 122 126 69 153 112 15 93 92 214 108 49 122 65 103 6 145 161 106 42 127 
71 71 40 84 66 49 116 28 9 129 77 45 76 103 107 90 89 191 0 151 139 36 56 94 71 30 90 70 64 81 82 106 43 45 91 12 4 68 109 130 59 84 17 0 94 42 70 27 236 122 28 15 18 32 18 138 139 97 25 59 62 53 178 75 8 78 25 99 84 101 0 53 14 55 23 80 184 58 30 48 32 90 52 151 67 72 139 80 120 31 51 83 66 106 69 82 16 58 58 166 0 112 118 35 63 125 136 73 134 52 73 0 30 12 112 3 14 25 20 41 39 27 96 17 17 35 26 158 118 138 100 96 74 41 38 29 0 4 26 44 39 16 133 37 52 16 75 48 95 48 54 134 118 28 31 18 31 25 0 172 49 67 59 77 20 7 123 88 64 77 21 42 39 50 86 145 38 6 18 80 65 65 36 14 38 38 73 69 0 38 0 70 27 23 120 37 0 52 146 99 79 82 0 38 81 0 40 0 12 117 28 217 44 78 37 98 54 84 98 0 24 51 96 92 80 57 146 50 0 151 53 24 0 0 78 19 107 47 22 29 66 63 117 42 53 136 51 34 90 0 74 72 154 156 77 142 
11 57 104 56 76 49 18 59 73 195 140 170 31 0 54 0 0 24 63 50 95 41 60 54 108 1 109 18 50 30 8 45 17 18 30 42 74 78 39 175 75 75 67 150 10 36 0 0 91 103 35 54 137 70 50 50 100 72 113 25 43 54 17 86 0 42 27 27 84 15 42 25 24 157 0 85 51 135 88 63 45 121 21 36 99 80 63 104 93 30 99 24 58 25 0 194 179 144 174 64 0 70 64 65 57 76 141 36 57 38 57 123 39 18 50 124 20 36 66 102 86 121 99 60 65 132 128 1 101 4 72 127 115 23 49 0 45 36 106 117 190 123 18 2 64 99 48 164 59 88 45 40 111 103 136 94 91 3 21 5 214 17 82 18 45 44 45 3 23 108 20 131 15 10 55 47 174 0 3 27 15 136 37 6 25 58 109 112 98 0 128 156 75 124 0 41 49 26 59 122 145 73 0 119 197 50 21 56 126 164 16 61 39 86 129 113 133 39 35 120 0 108 120 114 10 43 65 88 0 38 29 0 101 70 63 54 16 48 116 26 8 80 76 98 106 55 30 0 8 129 84 0 68 48 55 106 
9 80 14 60 5 6 56 153 0 27 0 0 51 80 23 78 8 53 6 164 95 54 30 71 33 64 110 71 68 110 41 84 10 70 49 45 52 27 27 17 24 81 31 54 24 14 57 12 95 80 99 0 22 40 21 58 79 93 34 6 10 101 90 26 71 70 36 36 39 60 0 81 17 45 12 111 95 78 15 27 0 53 6 24 60 12 101 35 0 0 83 16 60 5 56 77 84 48 0 92 43 40 66 71 33 45 30 24 47 32 14 27 50 9 39 9 84 50 61 63 42 56 38 18 128 35 63 22 74 67 33 17 62 9 45 9 18 50 8 66 33 123 15 68 25 19 24 25 49 6 42 42 121 27 35 57 37 77 7 148 51 140 16 64 115 0 79 88 26 62 126 16 30 18 108 35 0 8 27 0 43 69 99 21 42 0 9 55 36 103 3 33 35 63 21 90 80 0 129 0 132 8 0 94 36 10 13 12 0 89 20 48 5 82 104 48 24 5 184 9 10 94 24 101 125 71 9 46 0 0 31 12 33 2 24 23 32 15 10 99 12 73 45 60 34 81 62 90 0 24 26 24 27 31 0 107 
18 68 13 86 43 25 128 93 24 55 66 84 67 7 30 20 55 52 87 111 75 116 87 27 0 63 93 15 65 84 28 0 47 0 30 93 32 40 0 0 28 36 23 24 48 0 76 37 54 18 26 8 28 0 0 0 44 19 105 117 38 59 16 9 35 42 35 16 40 0 41 10 0 40 54 0 86 45 21 59 68 3 14 70 0 0 22 185 31 64 143 21 0 42 116 136 67 63 71 68 37 8 35 2 45 143 101 18 94 8 30 3 12 25 84 70 9 24 42 10 48 41 0 0 79 64 24 48 32 48 38 18 22 0 24 102 98 36 24 0 31 5 88 19 0 66 49 12 48 0 6 9 59 0 0 40 9 94 22 84 85 26 62 9 16 40 74 0 0 17 36 10 22 33 86 58 63 30 95 21 14 44 52 2 38 59 72 2 77 21 55 75 8 54 55 30 102 70 30 0 52 102 30 74 18 0 42 14 49 130 36 91 97 92 76 8 21 48 11 0 9 127 118 0 15 90 50 54 47 107 7 45 17 0 67 10 18 4 0 0 58 48 0 45 46 62 19 15 107 32 63 110 202 107 63 48 
9 6 56 77 36 25 60 32 14 142 7 48 35 21 14 0 50 72 23 39 92 52 18 7 0 0 5 42 0 72 9 15 66 0 34 66 90 117 64 108 0 80 24 78 19 90 82 0 11 32 42 37 21 41 20 48 135 51 0 46 38 6 29 94 62 16 92 101 83 0 8 62 29 82 109 0 9 82 117 61 54 52 0 43 68 0 25 89 108 20 91 89 0 8 102 106 0 16 96 35 28 32 7 24 66 4 46 41 15 21 79 85 64 79 0 42 30 32 4 89 36 28 32 8 30 64 27 28 90 15 0 64 155 28 67 0 8 68 29 75 64 4 137 12 32 162 4 29 64 0 8 133 98 44 26 2 21 46 2 0 44 20 28 40 0 98 72 44 7 123 51 136 44 142 3 87 104 63 40 4 24 18 36 0 16 8 6 40 0 6 124 25 29 0 66 6 55 31 0 127 56 52 0 188 68 28 11 36 0 40 9 160 0 8 156 36 142 43 5 0 0 28 49 40 11 34 0 30 4 0 44 45 12 98 150 28 8 26 90 63 0 80 117 142 77 80 51 15 32 117 88 0 16 20 64 67 
100 61 81 118 3 107 64 80 19 64 124 30 35 244 96 9 104 42 37 268 219 196 93 0 5 98 58 30 32 137 55 159 21 120 94 187 142 217 182 168 36 119 182 157 51 36 32 0 86 30 164 17 36 59 12 0 103 132 55 54 6 24 166 96 24 80 78 96 8 13 49 21 103 0 114 2 95 64 12 72 68 97 55 215 73 107 51 25 152 0 76 66 59 0 64 132 96 64 29 90 47 140 102 101 48 153 21 106 55 33 51 72 0 58 21 73 183 69 59 157 182 54 73 78 72 122 146 7 57 215 143 21 72 97 130 85 95 16 42 177 193 104 41 39 73 3 28 98 96 25 9 140 168 61 54 59 68 81 18 168 72 143 75 47 70 114 39 16 151 12 101 57 22 54 32 68 49 28 52 74 81 92 83 30 29 93 96 84 146 59 36 69 42 31 147 19 10 59 117 103 201 101 84 93 164 45 60 86 76 133 64 12 21 40 125 40 28 4 69 0 49 48 115 55 24 61 168 16 12 136 79 73 194 147 71 58 51 92 192 115 35 80 153 99 69 0 40 142 74 48 186 82 65 127 108 170 
80 16 31 12 0 45 26 48 0 8 7 6 36 28 42 54 4 7 0 105 141 36 48 0 8 0 12 0 40 42 28 4 5 30 16 118 40 90 32 30 39 0 0 4 27 20 4 0 36 6 14 0 42 9 36 9 54 45 12 0 45 0 3 36 37 36 0 32 0 0 30 72 6 0 0 4 32 23 36 36 9 76 0 40 99 12 0 0 64 0 22 6 22 12 0 36 32 48 27 7 0 0 37 15 99 44 6 0 12 27 0 72 81 0 36 30 44 0 54 38 0 0 48 2 16 84 0 75 0 36 0 27 0 41 56 2 35 10 12 101 30 33 24 66 20 0 28 8 28 0 1 121 7 39 18 41 72 4 2 0 42 1 57 81 0 93 28 4 0 0 36 85 0 45 40 36 11 9 0 6 72 15 0 3 70 0 24 6 20 6 22 7 30 45 18 0 68 35 0 75 0 36 0 9 0 41 1 0 0 15 36 76 4 12 36 16 0 4 20 0 54 57 46 0 62 48 30 48 21 37 12 0 29 107 0 0 11 63 40 59 8 62 49 0 28 102 29 2 42 24 9 49 66 16 0 0 
44 36 175 73 41 62 64 165 79 163 12 0 32 0 157 159 83 102 48 157 42 0 240 37 21 14 89 115 88 27 51 77 92 109 7 0 56 23 12 153 61 200 20 2 0 69 97 109 67 65 89 107 73 7 152 0 57 28 89 0 53 48 63 122 49 16 33 91 61 52 59 20 39 127 117 44 59 33 75 92 99 52 60 51 113 0 127 132 64 138 43 5 71 0 28 108 56 0 48 121 16 0 60 72 119 39 112 64 112 109 133 90 64 69 18 21 118 24 36 171 67 84 116 0 44 86 87 108 45 96 56 128 70 101 60 143 60 111 138 126 126 45 92 58 88 96 12 90 87 64 54 4 112 46 17 32 125 9 97 60 10 102 81 112 6 59 83 58 40 114 34 64 51 82 20 0 105 54 68 0 79 48 36 47 52 155 92 18 85 149 98 10 80 202 80 36 20 36 176 50 143 131 82 128 157 73 0 112 0 6 17 115 54 16 184 98 119 41 50 76 87 0 113 89 54 84 237 135 46 41 0 89 132 114 130 38 86 10 104 20 32 39 0 50 93 72 56 76 89 92 115 9 150 131 0 36 
16 71 82 92 21 164 99 50 14 126 30 63 54 109 96 0 0 64 12 109 84 0 155 2 184 66 124 98 81 54 108 48 52 129 33 72 4 72 11 0 114 28 9 9 26 0 49 36 30 140 100 69 118 61 28 108 159 93 72 72 30 34 27 71 27 38 24 15 72 24 20 93 5 0 136 214 89 72 140 82 0 96 38 35 86 0 131 81 48 65 48 8 62 20 18 106 89 6 40 117 10 30 16 30 157 20 64 36 60 107 48 18 12 58 39 54 39 108 119 79 87 14 54 84 42 24 16 44 18 22 18 97 52 0 112 72 84 12 165 86 64 18 133 46 36 44 2 142 24 48 92 61 121 0 153 63 82 5 0 9 155 111 0 97 57 129 79 0 73 105 0 102 12 35 78 0 105 14 11 0 135 173 0 18 0 24 12 64 88 0 12 28 0 8 127 128 0 52 24 93 90 62 121 153 19 45 0 8 0 74 54 0 0 256 81 10 78 15 12 19 49 133 38 118 41 59 60 80 0 36 45 36 51 38 0 89 80 32 74 37 20 0 30 117 32 0 24 54 50 213 52 10 0 35 0 70 
115 90 153 42 0 172 102 88 185 112 38 46 4 115 0 103 36 44 5 107 72 41 124 42 28 178 216 118 178 158 24 85 14 7 75 81 92 215 81 107 118 146 98 60 101 0 0 79 56 96 54 118 70 45 113 152 50 80 89 35 20 31 0 75 107 56 59 141 77 24 109 61 0 68 183 28 96 105 7 34 102 201 78 215 81 63 78 72 83 28 111 27 78 71 147 99 11 108 147 93 146 63 123 27 68 101 0 37 61 47 86 0 46 105 10 76 40 84 33 73 48 158 27 28 28 84 72 45 54 143 36 131 72 58 14 103 45 8 31 103 122 89 89 162 105 29 100 126 75 72 118 22 76 32 74 44 9 25 36 119 45 107 157 141 57 68 48 81 129 107 24 49 34 196 54 126 81 52 100 72 39 12 164 62 144 81 12 138 155 92 81 36 147 166 111 0 49 69 116 62 37 36 100 45 30 98 60 9 11 5 90 157 100 123 86 195 156 36 196 74 14 85 139 202 8 51 123 45 142 127 60 14 94 30 52 98 90 3 5 106 43 0 60 73 155 90 57 45 183 119 56 92 67 195 108 189 
140 89 74 32 53 38 66 5 36 50 100 36 4 60 102 0 121 54 112 63 26 53 28 64 54 32 147 0 64 0 97 154 20 60 2 72 94 95 21 48 49 80 23 84 4 114 26 20 60 39 16 36 42 96 0 20 85 32 103 108 4 20 44 14 48 64 23 73 36 74 0 18 36 131 146 44 24 36 54 42 27 164 84 73 20 24 16 32 24 93 64 32 113 8 93 71 78 9 12 0 21 30 12 36 17 66 95 42 81 129 40 27 82 46 0 73 0 32 18 0 32 54 105 0 4 0 122 12 90 99 12 99 34 68 0 103 36 65 129 84 59 140 40 43 11 0 4 148 64 61 54 72 20 72 48 103 62 14 51 36 91 32 40 85 69 42 24 84 187 61 18 44 80 0 24 58 32 64 100 100 21 32 91 61 72 47 0 16 68 49 68 157 76 16 0 54 42 0 40 18 60 8 24 40 58 64 81 48 70 98 0 48 59 6 159 27 138 33 8 34 34 34 18 124 28 77 105 0 0 12 72 3 68 66 123 58 0 81 52 60 0 53 0 51 84 12 21 78 105 72 0 32 81 6 4 3 
39 6 117 14 20 31 52 144 57 130 56 66 102 29 36 72 14 50 32 71 42 68 139 4 56 37 141 44 18 8 12 66 0 42 6 49 35 67 176 72 112 36 154 55 35 104 45 0 0 42 62 0 119 81 16 36 78 126 90 63 10 104 73 68 34 28 54 0 123 0 86 91 38 36 38 0 105 84 134 28 0 205 114 68 0 35 152 84 0 0 60 106 124 8 60 99 96 45 54 156 105 67 0 79 5 99 27 100 102 51 37 48 62 84 80 4 88 29 56 20 4 39 35 35 30 2 6 51 95 28 0 89 91 32 92 133 72 68 40 82 71 36 22 24 23 35 57 75 40 105 17 82 124 28 71 119 106 0 90 64 7 88 80 114 50 69 25 42 48 24 18 40 15 36 0 90 34 30 0 57 37 90 113 0 28 21 36 74 98 21 87 45 133 147 42 46 15 124 12 73 135 185 37 38 125 10 16 94 20 9 58 99 117 72 80 81 0 0 14 43 41 21 51 97 70 4 50 88 63 10 6 125 57 123 34 88 122 38 36 82 16 135 42 8 37 18 46 40 104 0 136 21 21 10 27 30 
48 3 207 7 49 0 88 6 7 30 142 0 20 168 51 0 35 35 101 131 81 151 173 54 24 0 61 79 12 72 83 7 10 93 22 30 128 95 90 44 17 241 75 80 153 78 74 46 39 24 115 72 43 49 50 12 40 3 72 163 21 63 62 99 64 0 122 117 105 18 82 118 22 81 36 52 43 88 8 55 103 109 32 10 62 62 40 166 126 67 4 75 64 54 0 121 96 4 63 166 104 35 68 10 27 148 48 45 38 56 0 116 25 109 69 152 37 87 74 51 18 44 82 29 0 79 6 136 70 40 12 59 5 136 56 18 40 9 27 207 12 89 104 72 30 5 152 14 118 0 62 109 114 18 141 67 57 12 134 10 145 92 84 54 0 45 108 17 150 23 24 24 30 26 15 114 21 36 62 4 71 17 30 0 93 42 16 0 61 160 75 101 63 56 27 95 41 115 90 146 165 18 138 19 35 166 14 68 0 57 50 115 2 101 153 65 7 26 58 40 89 15 47 18 13 84 72 106 6 23 6 125 117 68 105 8 244 2 124 42 76 7 84 49 87 14 96 73 7 0 108 0 35 155 70 8 
93 37 26 54 44 49 55 72 7 191 87 76 30 35 54 204 53 128 39 174 45 12 0 57 0 35 79 37 39 72 0 60 45 70 52 125 98 23 192 196 51 0 103 67 104 40 68 71 66 14 20 109 15 22 63 48 18 14 50 74 29 35 149 83 39 22 67 15 101 67 32 79 12 105 52 79 40 69 24 72 54 69 48 169 115 117 137 74 46 0 117 42 110 103 72 63 36 20 54 109 0 53 40 79 49 43 47 123 128 80 94 24 47 69 130 60 84 0 60 102 43 28 206 87 70 31 21 24 105 107 20 65 42 23 12 40 30 0 43 131 75 36 3 21 25 0 116 18 61 72 59 47 52 85 114 48 93 15 81 41 120 41 111 115 12 23 63 0 1 72 19 133 24 93 30 30 14 25 2 52 37 58 0 20 106 6 70 101 83 36 84 79 124 35 7 27 80 16 105 104 42 26 46 0 101 3 85 56 10 98 54 98 74 58 150 108 153 24 62 35 25 137 164 92 131 27 56 24 0 83 36 72 152 139 49 7 173 173 112 19 199 118 11 52 155 122 35 12 110 51 146 62 139 199 54 126 
15 9 24 54 0 9 104 126 63 92 24 84 28 80 120 2 129 132 9 69 183 8 0 64 0 18 94 0 72 19 35 54 85 59 132 45 133 136 35 177 78 72 16 89 26 93 101 34 128 11 90 0 175 45 80 91 34 30 87 45 5 4 102 11 28 48 45 72 145 20 8 18 36 81 39 7 19 52 0 72 96 117 90 169 38 6 43 99 18 63 50 90 108 72 0 88 8 58 56 115 52 45 128 102 2 117 143 84 92 0 14 149 52 0 8 54 54 12 0 76 102 9 0 28 8 8 121 40 90 70 32 16 78 19 54 56 63 124 107 70 30 67 24 49 80 57 151 4 70 61 96 31 30 0 33 62 66 27 6 33 121 116 36 26 2 199 21 72 105 105 8 96 18 45 31 33 52 0 0 25 35 10 12 2 29 49 8 72 139 25 87 105 45 24 29 0 71 39 66 72 45 31 66 131 18 0 53 96 63 49 110 123 12 38 146 56 199 40 9 72 0 76 115 132 0 87 49 12 4 22 0 0 120 99 86 18 18 68 68 63 2 109 4 65 193 82 87 34 41 0 81 72 17 193 72 94 
28 80 42 35 2 0 64 34 18 0 0 49 103 13 0 0 94 10 75 152 48 0 32 128 0 38 71 48 89 62 65 16 41 122 37 8 0 59 36 89 45 72 14 60 0 84 27 0 24 138 46 0 40 74 29 96 65 66 25 49 4 18 84 39 10 0 26 21 52 88 0 0 56 73 24 54 114 0 0 0 64 153 12 25 50 24 127 64 56 92 0 39 12 48 5 14 0 3 24 134 0 12 158 60 0 60 44 59 45 2 33 23 18 97 100 12 52 117 78 114 102 0 10 24 88 0 70 19 0 0 12 20 0 93 15 18 64 67 71 46 18 23 94 31 94 54 21 0 41 0 80 14 176 111 9 58 12 8 0 8 67 205 0 22 26 30 95 9 58 64 35 0 63 38 64 31 8 0 18 0 107 48 94 0 79 5 0 39 96 52 0 72 9 135 0 13 44 12 0 63 123 35 64 41 64 107 3 90 0 63 84 0 8 78 52 41 0 55 35 24 4 36 0 16 0 75 7 0 35 48 24 54 31 69 0 32 67 36 0 57 0 25 15 0 8 0 0 58 47 0 100 35 6 32 66 50 
23 41 102 33 0 63 0 52 43 46 146 75 34 48 130 131 32 102 8 29 105 173 118 40 96 92 115 31 165 84 103 170 91 127 0 149 81 81 0 209 84 26 40 38 25 61 36 36 28 74 23 38 52 114 183 75 17 0 113 143 10 14 129 140 0 28 0 159 22 80 87 21 0 16 12 56 68 100 253 37 77 133 0 16 144 87 146 58 121 57 63 101 59 125 47 167 48 34 80 14 88 105 82 13 59 95 57 109 36 75 80 69 34 152 0 39 79 153 41 56 16 0 54 69 10 9 46 112 104 124 27 4 96 0 17 51 80 79 81 189 84 69 24 70 99 25 0 77 71 0 22 65 62 96 93 0 80 28 75 15 72 55 19 36 76 74 45 9 127 54 0 123 27 98 0 81 45 47 97 119 117 139 20 41 53 17 36 60 13 38 41 114 37 165 68 100 69 100 109 7 162 23 150 64 26 44 0 51 28 0 32 75 0 67 45 58 49 10 89 57 83 24 107 15 78 34 47 28 27 44 74 48 82 0 0 36 13 25 32 93 35 9 40 32 116 64 93 92 156 32 33 64 63 4 4 29 
46 24 64 50 60 55 0 6 6 63 35 126 42 43 116 2 77 56 31 56 84 27 8 104 74 42 74 62 8 45 137 58 45 85 0 82 119 39 30 97 68 69 19 50 65 78 95 16 125 24 38 4 31 0 0 76 74 94 70 24 60 137 4 49 56 0 63 24 0 102 0 52 72 114 9 52 104 0 4 24 0 44 8 71 111 38 35 65 121 31 22 59 87 66 6 24 150 53 36 47 0 0 108 93 86 54 35 8 88 45 67 53 31 122 193 32 42 151 126 179 57 114 127 57 183 0 125 104 35 24 18 63 9 0 31 18 22 78 24 16 2 57 103 114 24 28 54 0 28 79 46 59 73 146 32 46 41 2 14 0 81 63 85 9 51 56 45 49 26 0 49 114 64 50 79 25 2 0 0 68 9 111 165 40 148 7 30 87 151 26 8 10 19 55 36 33 8 104 16 3 111 18 59 36 93 146 34 0 0 102 47 63 45 52 88 0 0 134 77 59 49 50 81 100 78 48 16 36 71 29 9 22 9 116 70 50 68 35 170 103 7 110 28 36 36 52 56 35 35 0 14 189 65 66 60 107 
95 41 45 48 24 70 80 8 0 84 100 94 0 0 9 50 68 40 8 71 159 104 26 185 24 14 98 0 60 17 105 40 57 2 0 63 93 205 0 46 39 20 13 123 87 98 84 11 0 0 104 113 44 32 1 94 32 119 8 4 24 30 239 80 61 0 0 22 21 31 10 76 56 121 138 0 90 11 30 103 15 147 42 214 66 35 21 61 98 42 6 55 0 119 45 34 97 4 27 38 0 0 180 0 69 103 15 75 0 66 12 87 14 49 61 45 72 141 138 90 167 0 58 42 8 39 21 19 80 85 0 32 17 121 137 88 195 4 75 126 35 75 68 21 0 16 0 98 9 0 9 46 130 76 64 26 0 63 8 0 54 26 109 41 128 56 6 114 46 5 8 32 0 24 18 35 0 68 34 33 9 77 70 65 45 40 8 74 121 83 83 97 18 80 35 29 0 30 29 18 70 180 7 90 57 181 24 12 40 56 58 47 32 36 52 30 10 14 15 8 5 48 86 67 20 78 0 63 78 133 145 59 81 63 0 100 49 78 114 34 64 67 24 14 83 41 18 80 0 131 69 70 84 9 110 80 
3 53 25 76 0 65 27 6 43 104 70 24 0 0 37 0 103 62 6 0 36 16 30 16 53 0 8 18 25 83 131 32 8 110 42 36 116 105 32 69 87 89 32 61 34 0 53 12 88 31 85 14 14 19 33 24 42 75 12 44 31 12 24 42 0 73 48 78 24 3 56 24 59 37 72 80 30 4 33 32 0 15 21 109 53 58 18 33 6 140 50 20 39 0 32 41 24 60 9 72 40 0 53 17 110 40 52 2 44 18 35 36 27 31 36 0 46 24 15 63 55 0 96 72 12 24 77 36 28 85 81 30 12 17 54 46 42 29 10 15 19 6 92 44 15 32 0 46 58 64 36 128 53 76 26 117 39 0 0 80 50 0 23 108 64 111 0 0 62 57 12 108 18 62 20 20 10 7 14 0 80 51 9 15 22 81 70 12 45 0 75 2 9 6 87 0 15 20 73 19 130 12 64 20 5 67 0 66 63 30 24 87 0 3 13 20 65 45 14 9 9 93 35 31 0 20 47 37 39 0 69 40 83 120 0 27 64 49 4 21 12 53 70 100 0 50 32 88 7 93 71 37 76 45 12 4 
27 32 129 39 68 22 42 86 79 40 105 81 56 25 111 69 46 79 13 221 169 98 103 5 45 59 67 91 63 44 95 116 43 65 30 40 34 73 57 16 114 58 110 106 88 24 36 0 39 48 82 109 106 93 132 169 72 55 207 75 0 60 98 73 9 19 10 170 85 17 66 50 52 99 45 186 36 93 66 30 131 62 34 117 52 0 110 102 94 50 66 94 100 104 106 146 166 31 3 99 9 104 98 47 57 108 81 72 99 27 98 155 20 107 76 24 123 74 22 14 62 55 21 19 40 0 91 167 78 116 20 44 163 87 78 213 68 17 150 179 15 82 72 174 91 26 30 63 114 7 36 31 165 53 59 57 49 25 32 36 111 100 119 46 36 50 22 172 144 112 65 100 59 112 72 204 119 93 62 91 94 138 31 36 125 50 12 62 60 117 38 115 137 4 62 105 129 58 21 63 24 5 54 111 101 0 0 33 58 154 82 3 90 59 168 81 84 32 65 57 0 91 16 30 187 90 103 111 63 138 31 56 104 118 133 43 42 32 63 20 232 49 99 84 24 0 16 42 95 0 25 90 216 149 47 111 
89 15 173 0 0 49 151 124 104 123 69 117 6 92 24 92 122 105 0 49 136 36 130 69 7 0 21 40 114 72 89 80 105 117 122 183 51 28 141 21 98 87 128 61 21 59 68 132 61 37 82 65 178 19 10 161 36 63 92 0 27 6 117 25 112 90 215 79 162 39 24 91 47 122 38 40 0 117 5 104 65 84 58 108 89 59 5 118 20 70 27 108 96 64 27 98 15 116 66 78 193 10 133 28 14 72 252 45 50 8 138 18 49 30 101 122 84 0 2 104 103 79 0 91 72 41 100 143 156 196 50 115 37 49 79 90 14 28 126 116 15 109 104 63 190 50 49 21 10 15 234 90 63 81 24 97 79 28 15 84 10 123 117 124 12 164 78 35 60 160 40 0 184 63 102 37 75 14 0 127 39 21 0 40 97 123 44 96 251 41 87 90 28 80 105 36 30 152 77 12 91 279 186 110 117 62 56 24 132 48 131 34 130 56 81 99 197 0 3 68 0 74 50 0 0 79 93 21 63 0 49 60 130 75 131 119 147 115 44 105 292 119 95 14 125 34 44 86 7 124 9 88 70 290 32 0 
140 63 81 103 32 37 42 93 47 160 38 34 103 76 6 60 28 21 39 50 87 70 44 92 128 4 121 40 6 78 6 72 0 32 12 92 66 136 12 135 132 121 159 117 56 77 50 0 170 76 100 0 153 89 35 134 72 37 151 97 18 138 122 63 24 0 141 186 0 85 88 28 144 163 169 84 19 76 13 78 94 144 96 111 72 56 40 96 16 110 74 12 9 72 52 73 60 63 71 88 69 61 0 52 48 99 130 138 221 0 30 11 28 136 92 84 40 104 24 64 51 7 12 36 31 34 27 111 68 127 2 51 45 49 21 94 34 140 40 16 25 96 48 27 46 77 81 128 178 92 161 81 68 72 68 18 38 9 3 65 68 16 78 77 136 86 18 31 35 85 35 94 24 100 12 56 42 42 50 68 78 59 75 16 25 4 9 0 80 56 157 137 38 0 20 38 63 151 36 62 64 39 170 0 81 110 29 39 53 76 46 72 168 0 71 110 36 63 14 42 25 72 66 2 69 125 158 68 0 30 109 98 64 48 134 96 100 0 35 0 56 50 35 147 0 111 14 140 58 27 52 114 109 47 24 54 
96 16 40 16 0 77 24 92 49 88 28 0 97 75 0 45 33 62 5 199 127 0 0 94 86 0 136 0 88 32 33 42 18 74 16 251 0 84 42 55 21 52 72 5 73 4 27 46 91 42 32 72 91 38 7 94 34 110 63 28 45 12 87 239 36 44 0 71 75 73 60 15 73 105 18 79 59 144 56 144 42 110 32 160 53 90 79 48 126 20 0 77 47 62 72 124 72 25 91 0 34 81 14 14 145 222 48 33 90 85 46 54 9 14 5 0 38 25 85 56 108 95 44 77 108 143 84 155 70 111 100 0 69 91 106 42 84 64 5 66 273 32 80 13 49 71 36 35 34 25 41 65 0 16 144 4 30 95 131 99 35 3 114 11 90 68 27 19 106 63 88 16 13 51 28 0 7 0 85 30 75 34 45 25 45 18 10 77 34 96 75 152 55 14 117 148 126 0 104 61 100 31 0 34 32 46 4 6 4 38 78 0 25 118 108 13 0 28 73 8 15 67 52 14 115 48 36 70 53 35 72 35 55 96 24 28 0 97 0 108 0 47 100 44 0 50 133 39 5 118 0 45 166 53 35 24 
0 66 142 12 35 41 30 183 104 95 39 49 91 55 63 100 77 28 0 121 58 62 105 30 1 0 183 10 83 56 61 49 22 100 29 156 112 63 68 68 12 76 67 73 0 54 52 33 131 40 99 63 67 18 0 16 72 137 67 8 27 201 92 83 80 20 58 3 39 122 10 104 169 95 84 44 110 39 15 56 19 0 148 138 45 0 57 22 32 74 89 65 93 34 47 0 56 0 125 83 52 86 11 18 89 102 40 93 249 46 118 42 0 66 20 32 124 68 127 163 121 2 94 127 36 17 81 73 69 48 1 109 78 166 67 22 58 58 25 44 0 22 172 65 145 131 32 132 0 56 15 68 154 116 24 94 69 7 27 54 42 80 0 39 63 110 84 3 59 52 0 35 41 56 24 16 28 38 20 68 12 52 209 45 97 34 36 146 128 22 122 95 120 101 61 64 36 136 91 30 70 105 177 77 171 40 68 70 70 48 90 6 169 37 0 33 0 101 49 63 40 132 48 104 54 44 0 40 56 66 0 57 75 144 16 104 52 118 127 13 36 45 67 9 6 36 108 80 168 21 12 128 103 85 73 114 
74 36 110 256 35 8 0 85 106 328 0 12 122 32 18 101 68 66 68 31 111 0 27 0 66 101 165 117 59 21 25 157 7 146 0 152 65 65 0 188 107 221 2 72 0 113 127 23 90 14 2 78 117 0 70 161 0 72 0 12 84 178 207 64 47 22 140 158 8 44 6 201 122 154 103 66 32 36 32 93 66 6 0 28 0 45 83 104 159 51 65 99 87 72 0 85 125 115 72 112 76 0 0 157 116 108 43 124 0 66 71 27 27 40 129 197 38 112 52 36 42 12 75 37 42 53 48 68 85 70 66 33 124 58 9 46 28 184 4 18 78 149 52 134 56 130 30 16 92 6 131 77 20 129 24 54 56 15 74 63 39 76 22 36 49 45 13 0 44 132 12 66 27 6 89 49 65 85 126 0 125 18 64 46 4 139 31 45 78 98 54 72 98 18 88 112 41 68 130 72 256 91 15 38 86 78 105 96 10 160 54 34 72 16 204 57 99 38 105 18 0 57 73 0 104 20 66 63 33 49 42 75 95 114 132 50 48 62 0 82 16 52 52 42 68 93 25 84 54 80 56 0 133 10 32 68 
0 108 114 166 52 9 48 188 12 86 18 76 32 30 89 64 40 99 9 106 95 54 104 142 64 0 12 163 78 84 46 91 119 217 58 99 30 91 54 139 90 0 18 63 138 58 82 3 70 69 86 0 63 112 42 218 0 48 40 138 0 88 7 22 58 41 0 90 27 127 21 12 52 88 106 84 49 0 18 138 40 114 8 54 16 0 27 72 48 88 22 72 0 115 24 15 7 81 57 61 58 47 43 68 0 52 10 120 25 56 18 16 96 73 103 113 153 52 74 98 222 111 0 11 0 45 5 54 111 66 0 20 133 81 49 101 0 0 78 0 0 180 161 8 72 0 60 114 116 7 79 0 0 162 0 5 63 104 12 36 29 72 54 72 6 2 83 96 54 56 0 162 72 14 0 83 9 42 43 101 101 54 34 14 63 49 74 110 0 34 5 6 50 176 0 63 0 92 49 9 38 13 66 79 92 116 87 74 0 78 63 30 0 18 158 10 6 134 21 0 6 40 62 64 180 123 9 0 70 70 7 7 48 60 70 14 64 88 6 45 96 63 0 49 49 25 0 8 117 0 81 47 91 151 51 107 
81 30 136 119 48 26 81 93 100 265 56 0 170 12 36 163 32 91 42 89 163 54 109 45 128 0 120 57 52 0 154 87 27 57 43 91 132 115 45 185 210 122 39 55 25 102 101 0 102 20 33 72 105 93 13 223 158 96 259 18 46 14 145 123 9 93 64 66 83 58 52 139 72 84 123 71 76 39 89 50 16 48 60 97 140 75 16 72 57 102 88 178 98 63 111 179 147 41 0 21 3 100 60 78 98 116 81 119 52 161 154 9 48 104 80 113 0 21 99 67 44 0 131 74 24 13 0 0 158 77 66 163 111 64 175 57 92 27 42 149 79 17 38 10 102 15 46 15 83 55 100 189 62 82 58 140 194 21 66 83 35 53 74 99 123 76 54 54 76 60 31 171 87 224 133 186 74 63 6 77 118 7 126 49 141 75 124 56 118 0 97 45 97 34 36 130 69 0 110 109 141 80 95 86 31 120 107 110 38 41 0 12 120 20 93 35 68 4 97 85 6 72 95 104 6 66 169 140 107 25 100 16 86 18 18 105 64 116 141 63 4 52 153 123 161 116 65 69 35 174 54 0 60 52 18 25 
77 0 45 24 26 0 55 197 74 28 67 57 153 68 52 271 23 84 12 87 47 117 70 113 49 0 130 115 0 35 4 83 20 91 12 224 128 112 12 128 32 29 73 24 0 6 184 86 31 56 50 138 52 16 0 32 44 56 35 36 97 114 100 57 0 0 0 46 98 44 24 60 28 99 124 7 141 44 24 82 29 109 92 35 35 35 74 14 0 28 28 74 163 5 87 28 80 0 101 0 107 0 159 14 110 56 0 167 85 79 65 40 44 33 0 16 180 156 121 189 63 18 24 28 0 3 45 46 116 62 21 7 71 146 0 90 162 56 74 95 66 93 53 71 36 29 74 145 46 3 34 68 312 3 68 115 130 9 34 0 91 93 63 79 26 44 0 0 33 0 0 52 141 105 72 48 56 51 8 32 19 0 162 16 85 56 64 25 184 40 101 55 242 195 56 58 58 48 60 6 202 128 63 36 67 33 17 125 31 110 50 24 50 32 120 6 109 38 122 34 7 121 3 38 114 16 49 72 33 95 0 56 10 57 55 70 54 156 102 75 160 83 87 32 53 86 18 0 40 127 52 30 111 92 79 128 
190 34 39 44 37 71 23 40 56 24 51 173 37 30 27 16 74 5 14 70 61 81 41 69 0 84 15 1 107 54 52 17 50 100 54 0 123 74 0 67 158 50 24 77 0 65 18 72 8 80 122 26 82 18 78 113 10 45 7 32 8 107 60 78 95 107 177 0 11 20 42 10 0 51 136 39 61 69 19 24 126 131 52 129 68 44 22 62 56 16 54 24 51 84 56 31 0 114 36 3 90 42 135 15 54 11 49 36 8 107 150 33 14 65 0 33 26 0 17 58 32 6 10 23 18 0 98 20 57 90 99 65 56 0 62 175 78 140 9 27 24 122 46 79 85 10 6 100 44 0 159 117 47 160 36 74 10 16 124 85 16 145 66 99 57 97 75 177 85 31 19 33 87 21 8 151 4 40 93 27 60 0 21 15 76 99 42 55 68 0 32 46 64 29 71 109 30 115 162 12 113 132 103 67 0 107 64 54 49 36 99 12 110 61 120 54 2 0 56 67 16 95 13 41 36 0 87 75 110 69 12 0 33 0 2 238 4 10 27 24 96 10 0 0 140 27 21 46 41 52 0 51 106 124 20 13 
0 12 147 60 10 70 16 1 47 60 82 0 44 152 30 4 28 130 9 57 103 121 46 63 12 43 23 93 6 27 44 42 66 41 58 38 115 30 61 58 28 105 128 18 52 92 69 72 15 12 30 75 28 0 151 171 48 79 103 0 0 78 91 74 78 118 18 85 131 35 42 41 51 71 42 1 12 9 64 20 48 4 72 127 74 48 39 110 36 45 9 164 180 129 0 20 89 8 77 155 0 52 137 24 4 2 105 166 35 25 0 9 0 36 26 34 64 60 68 19 20 30 15 105 66 118 72 6 103 54 49 32 106 123 102 96 24 76 26 64 149 47 0 109 28 0 49 44 89 53 45 60 149 75 27 79 59 0 26 76 59 94 98 60 46 42 24 56 36 13 95 49 136 106 37 97 67 51 0 87 76 0 55 54 42 71 0 106 157 107 72 20 49 133 10 69 0 28 88 32 78 79 93 181 60 27 52 19 56 78 30 32 18 18 186 37 13 0 69 80 0 42 84 64 38 137 161 126 32 62 36 30 92 53 20 128 68 143 130 133 113 54 156 59 0 110 40 110 66 124 70 78 26 18 86 18 
126 10 128 76 0 39 36 48 52 73 105 70 49 59 54 128 46 129 56 41 63 8 24 118 16 0 14 90 71 0 39 162 30 78 8 128 98 51 7 64 149 32 21 0 119 20 76 84 195 52 16 35 84 11 0 41 77 65 54 48 129 69 144 161 112 66 108 0 143 104 28 126 16 135 24 36 135 89 25 12 91 72 16 27 96 155 15 106 111 47 27 37 56 71 37 53 96 96 156 138 76 6 0 63 16 73 127 63 58 108 114 0 114 33 0 61 20 4 24 27 16 73 89 1 29 4 21 100 27 65 0 85 61 19 42 64 14 70 58 50 26 77 14 33 79 33 71 10 56 20 67 81 31 27 144 77 16 20 25 64 63 55 2 97 67 67 83 24 21 34 56 107 61 72 27 3 20 16 46 48 12 4 59 12 33 90 49 101 109 60 92 152 55 2 179 12 9 129 32 150 63 156 58 16 99 84 66 66 41 85 17 72 11 31 35 0 143 13 48 66 30 0 110 36 83 52 62 84 57 17 27 49 39 38 61 20 24 81 20 83 135 72 154 67 12 97 91 20 8 52 32 80 55 15 43 62 
8 73 24 76 0 3 72 76 93 82 80 56 40 81 126 15 14 70 42 76 74 149 0 44 32 48 20 4 40 62 89 56 52 54 48 48 30 82 97 18 30 83 24 4 8 27 29 0 21 38 80 18 12 46 10 54 54 0 36 90 16 126 69 45 35 76 81 104 33 50 0 45 96 28 36 66 2 83 0 31 24 0 0 81 84 0 76 75 37 22 37 0 66 35 48 18 127 23 82 16 90 23 35 80 32 4 0 10 95 81 24 28 24 48 93 58 44 123 36 32 16 28 30 14 104 45 90 45 47 14 0 18 42 18 42 4 44 83 63 16 56 48 57 39 77 86 51 88 24 49 44 0 90 12 38 47 12 6 63 24 97 4 44 4 6 95 16 24 54 75 35 111 37 0 90 28 40 18 42 27 110 36 18 0 110 85 18 58 79 70 76 54 88 54 142 47 0 56 104 48 6 39 45 0 97 30 126 0 49 59 9 57 30 33 61 0 18 65 128 32 0 21 18 44 18 56 65 49 89 47 37 66 8 28 62 38 50 66 53 0 18 32 72 90 30 36 40 54 40 24 60 84 145 23 45 11 
72 93 20 36 54 25 7 232 30 136 45 75 0 7 149 69 108 54 67 152 35 97 40 72 24 70 2 120 94 118 135 48 82 55 130 81 49 92 24 55 32 18 56 22 108 14 0 0 50 6 43 22 14 9 48 52 73 44 7 131 0 122 30 60 143 64 61 133 2 13 49 155 44 35 4 16 58 8 39 0 43 27 70 0 73 12 45 106 46 22 64 21 0 62 38 28 59 66 43 4 0 20 150 44 3 36 60 9 86 52 173 77 0 28 30 0 16 104 0 8 9 0 99 45 24 54 60 135 0 150 14 185 116 26 0 4 35 18 90 55 14 87 65 78 56 6 30 133 32 39 21 130 131 11 72 102 59 117 12 48 117 38 8 26 7 34 106 24 96 88 0 85 89 0 25 49 58 21 0 39 71 34 54 0 60 48 0 0 8 54 38 38 22 0 0 62 66 81 48 50 72 49 172 120 57 91 47 85 4 42 12 42 99 54 59 159 36 70 0 8 59 46 110 30 44 96 46 8 41 71 76 33 38 0 83 88 35 108 96 72 114 24 0 40 125 10 51 21 102 60 43 0 92 42 21 102 
136 0 175 42 73 72 163 63 24 62 18 100 10 0 18 124 70 35 82 26 0 82 40 51 152 27 89 14 21 28 45 104 15 79 24 55 57 147 24 96 175 161 140 63 117 87 0 30 67 19 83 54 39 39 2 98 108 0 38 87 4 0 63 34 32 0 102 16 88 14 72 0 18 20 118 99 10 0 23 62 50 92 175 42 20 75 36 204 46 134 0 72 3 0 0 24 123 7 0 134 96 10 27 3 75 146 52 18 6 50 18 105 35 61 19 27 20 4 45 25 43 0 114 152 0 30 12 20 27 63 6 28 24 87 30 6 20 97 88 95 65 92 95 77 84 0 18 48 42 56 24 111 36 8 54 68 100 6 9 0 98 0 32 219 62 131 42 36 54 1 41 142 16 17 8 0 31 92 54 0 28 40 0 9 30 20 77 136 0 127 179 19 30 72 49 44 10 130 45 53 226 43 76 75 57 168 30 111 0 181 78 48 17 32 135 57 25 4 29 5 40 97 157 18 118 15 68 115 36 19 73 96 72 113 83 5 129 67 32 50 42 20 27 253 195 96 12 82 4 115 54 110 45 43 36 157 
37 8 110 92 64 38 30 45 27 58 65 155 152 143 32 63 76 77 11 146 9 31 118 33 100 118 43 123 4 84 32 165 22 78 86 123 78 118 90 70 92 78 200 19 6 80 64 98 138 114 97 35 99 29 24 159 186 69 32 20 2 13 151 175 56 94 66 21 119 75 106 12 37 86 169 83 70 64 88 28 83 89 56 28 39 129 41 140 121 87 12 155 27 141 4 103 77 117 0 26 59 37 37 4 105 94 73 108 36 55 113 119 24 57 73 80 0 32 43 12 59 56 68 85 88 16 142 221 7 173 114 54 102 112 82 48 95 0 62 25 70 76 105 77 153 55 40 15 117 97 114 126 90 8 117 128 79 30 46 104 86 88 55 118 117 65 69 3 10 24 105 102 58 116 25 128 87 16 115 54 30 48 150 0 38 24 8 58 81 81 91 228 88 123 40 80 0 44 82 24 240 214 135 41 220 86 27 72 70 74 8 46 172 124 81 56 65 17 150 14 74 9 112 32 88 58 63 68 0 90 97 164 157 26 72 104 30 113 22 114 140 85 56 177 44 88 58 38 0 0 41 25 50 210 1 28 
45 13 131 66 6 13 0 10 72 211 53 0 60 20 73 12 46 112 0 22 75 12 95 101 103 0 74 54 65 52 75 84 43 54 0 81 58 95 52 21 83 58 58 81 81 0 20 44 42 18 0 0 89 4 0 113 36 0 89 0 0 54 59 65 72 29 12 103 65 37 26 54 18 71 198 35 18 76 31 8 36 52 99 114 86 0 12 51 31 68 19 71 189 0 0 24 89 2 0 4 0 0 85 70 78 0 12 35 44 182 26 32 4 90 5 0 91 40 142 138 43 16 0 80 51 10 73 40 92 129 30 9 18 9 105 150 120 71 16 73 49 51 0 67 8 29 0 84 41 21 15 108 75 63 46 43 153 16 2 75 54 0 129 90 132 88 6 54 162 52 72 80 58 55 77 48 109 63 8 4 21 45 84 76 28 133 0 74 32 16 24 133 82 62 24 78 14 0 64 18 116 16 98 30 84 26 89 66 88 102 0 5 50 80 72 0 148 0 56 0 26 0 16 83 46 48 118 143 24 40 54 50 112 82 44 149 39 40 76 20 36 43 134 57 32 50 39 189 10 25 0 0 29 67 9 5 
16 21 24 86 0 0 6 97 106 3 59 30 61 0 24 45 18 0 0 14 153 72 45 121 24 66 120 31 159 0 80 94 73 38 34 16 22 158 48 53 63 64 96 42 32 20 56 112 47 16 34 48 30 18 36 104 18 40 35 12 20 44 99 91 0 78 35 4 10 0 28 26 77 18 49 8 97 2 0 0 4 82 0 46 8 49 32 51 0 18 63 70 31 15 18 37 30 4 79 18 0 0 79 48 29 80 32 64 21 21 64 0 57 7 52 5 129 130 3 48 28 7 0 24 9 23 14 64 25 47 15 0 28 69 38 20 102 2 4 80 35 46 10 14 45 22 1 33 62 0 32 24 92 27 0 43 34 4 35 44 67 0 28 0 36 102 0 0 39 40 6 45 54 70 0 55 68 7 10 60 64 33 61 0 88 28 3 2 104 52 0 40 70 136 7 44 56 56 71 27 100 30 27 23 0 23 1 13 20 56 113 30 48 44 27 0 52 56 40 9 24 28 0 97 49 145 40 18 0 90 49 16 0 65 30 98 20 40 115 63 36 3 11 12 72 16 21 0 113 0 85 0 20 29 73 125 
202 85 25 0 9 19 104 61 108 75 24 1 84 20 18 0 75 0 0 36 38 65 84 29 50 42 157 34 10 12 27 64 42 27 17 0 20 56 25 20 65 64 96 43 0 35 140 50 49 63 49 28 108 49 0 47 100 39 48 24 56 32 15 6 0 78 71 39 97 11 74 75 81 100 133 56 16 51 31 58 105 99 101 14 32 18 40 61 0 66 54 55 114 18 89 72 0 63 0 63 5 2 36 14 1 21 13 72 18 114 27 155 32 84 7 14 21 36 14 3 0 51 0 6 3 30 33 203 58 73 88 26 0 62 48 30 60 67 27 18 9 10 15 54 43 57 90 0 137 0 121 64 36 21 42 33 12 6 9 48 113 79 20 15 63 76 20 0 45 40 14 110 36 122 32 17 47 72 62 57 56 42 86 48 0 92 9 63 8 122 71 51 41 7 163 0 30 0 103 18 18 0 36 0 25 69 132 93 12 108 44 5 73 87 106 0 101 0 24 0 36 12 91 48 6 41 145 32 81 56 87 78 80 35 172 66 8 3 32 15 0 4 65 66 94 42 0 56 36 36 0 8 18 124 2 62 
62 0 96 19 0 36 9 93 1 46 0 0 67 135 39 21 0 18 34 106 133 54 56 49 98 3 51 86 65 30 45 45 40 96 3 85 24 88 180 101 173 0 40 28 130 3 29 38 41 7 0 90 94 63 48 70 90 0 31 30 22 11 3 61 18 12 57 0 121 39 24 27 0 44 14 17 0 30 0 48 37 21 43 0 110 16 88 48 69 0 42 72 20 8 99 65 71 21 50 80 105 105 26 68 73 36 16 0 0 0 86 36 69 87 77 26 96 28 8 15 5 49 27 71 72 0 66 117 194 15 10 0 49 9 0 18 41 9 177 107 80 62 74 54 0 0 13 0 15 0 56 63 122 54 66 30 65 18 73 40 52 20 25 138 30 36 9 16 44 27 14 185 60 40 80 40 34 58 76 23 37 20 17 0 202 0 0 105 73 178 23 133 102 28 42 17 111 41 20 168 6 16 58 85 0 24 3 16 7 7 52 3 76 16 100 38 14 38 96 81 6 32 34 90 131 33 32 43 0 72 18 137 64 48 9 10 91 207 65 2 42 4 54 24 97 29 15 4 42 48 118 141 42 12 22 77 
54 86 65 91 0 0 148 126 99 99 85 90 96 97 51 129 63 42 112 63 86 81 89 49 104 75 0 43 105 74 135 76 136 79 85 12 30 96 31 182 84 160 28 83 65 91 185 14 74 40 84 82 32 44 108 0 99 63 54 86 14 16 69 8 0 0 62 18 120 41 0 5 30 158 24 112 118 112 15 66 30 9 90 54 25 48 78 81 38 36 61 85 117 142 57 59 114 21 111 49 36 55 0 69 56 47 136 0 96 0 35 98 0 22 10 141 8 54 8 0 36 54 109 54 78 8 42 45 36 31 42 38 0 0 12 0 96 63 58 95 20 148 40 50 72 9 156 70 89 35 45 141 37 0 63 0 58 30 0 36 187 132 47 54 79 68 72 28 173 16 32 167 0 0 30 101 125 0 90 0 21 10 153 0 44 9 92 6 82 66 76 126 261 12 7 30 95 0 20 75 75 165 0 53 8 24 48 54 137 117 18 148 0 155 72 30 76 38 90 204 0 75 4 64 46 73 24 74 6 8 0 30 69 132 66 31 44 150 54 86 27 24 9 55 118 0 51 10 96 6 122 126 20 85 80 53 
16 67 132 18 0 0 90 14 6 16 56 77 67 45 66 35 92 114 0 165 50 74 101 71 12 57 0 87 28 85 64 76 128 160 24 12 114 16 126 14 36 16 26 0 27 19 40 23 44 72 58 42 60 40 72 187 169 47 78 80 42 5 126 34 81 4 65 4 150 0 83 54 112 67 38 122 32 48 80 20 0 63 58 30 72 32 56 93 46 40 162 86 7 76 45 47 148 9 136 165 48 66 100 119 0 26 82 56 88 0 105 36 66 106 130 4 40 104 62 24 6 53 116 21 89 28 42 98 20 45 22 78 83 79 68 72 58 56 24 70 40 108 71 87 40 18 9 14 48 0 118 187 115 89 23 21 19 82 0 0 184 92 27 35 47 6 111 60 17 108 93 121 50 91 103 88 138 106 0 72 138 30 23 0 193 53 80 60 83 22 24 101 38 0 42 2 40 148 13 70 26 153 66 119 70 78 6 94 24 103 60 89 12 45 70 18 7 4 56 148 0 48 5 0 63 111 100 148 91 74 52 45 129 134 110 46 104 109 83 113 187 16 98 52 25 12 60 14 63 0 91 144 74 17 44 91 
18 75 55 118 0 27 143 88 0 85 0 22 139 9 72 22 108 124 106 230 198 33 83 103 85 5 197 82 90 109 54 112 28 0 68 146 60 74 97 71 40 40 147 55 0 66 100 36 20 157 74 101 105 28 10 213 72 50 98 47 111 56 114 229 35 32 174 73 12 4 66 84 47 45 72 82 106 0 165 117 74 84 42 53 0 0 105 218 7 15 153 118 8 102 0 117 0 36 120 212 110 21 81 0 114 8 99 52 0 40 48 5 4 54 42 9 103 70 0 39 21 14 72 24 45 20 64 139 180 87 25 123 251 85 121 62 60 48 38 78 74 76 47 25 52 32 29 71 53 0 181 30 108 39 98 30 40 43 137 96 63 145 72 104 37 35 35 58 29 179 69 81 67 105 92 67 62 10 14 45 35 66 46 36 15 111 0 104 95 39 108 99 79 31 28 96 47 128 0 135 18 242 173 85 81 40 16 0 45 56 8 61 94 150 137 61 15 0 100 50 27 63 58 30 0 63 119 73 36 18 16 153 70 152 28 58 135 74 18 184 155 74 47 65 18 63 17 30 50 32 72 72 0 63 48 32 
40 30 14 74 72 109 49 53 64 105 16 81 9 99 42 8 76 49 7 60 77 34 96 6 0 14 62 54 52 145 76 52 20 61 132 79 82 88 108 55 0 38 159 5 47 63 86 14 175 8 95 9 50 76 0 35 1 37 30 0 64 56 52 56 17 42 71 51 41 0 64 47 35 41 66 64 49 119 12 37 42 86 12 63 37 27 78 114 12 29 120 120 42 40 0 37 0 24 193 90 0 30 257 40 20 150 136 140 125 1 190 56 5 47 0 46 78 34 89 54 51 182 49 8 132 47 7 109 28 96 80 111 79 67 72 55 14 56 2 19 26 10 132 55 22 33 91 97 57 102 54 66 93 49 114 9 43 68 63 37 57 62 89 112 79 158 62 56 40 57 81 84 120 56 50 34 54 6 33 55 44 84 0 15 27 51 60 89 7 41 64 102 28 12 102 141 61 131 34 64 119 92 37 177 59 23 24 2 24 21 44 48 45 62 153 163 36 68 15 20 51 77 80 131 60 68 27 48 0 8 36 0 98 23 28 82 4 30 49 54 177 100 73 56 103 75 21 21 99 16 25 34 103 203 2 72 
10 34 57 100 115 83 41 111 44 57 71 56 12 68 78 70 64 152 63 65 32 2 23 86 55 0 96 10 60 59 43 110 58 63 113 100 227 179 0 48 36 107 76 11 5 12 35 57 56 57 131 37 25 113 44 31 60 45 48 33 73 15 61 96 25 71 54 109 30 77 0 48 40 63 0 56 7 45 27 41 40 40 64 34 4 83 58 0 75 43 66 83 104 75 43 49 0 49 8 0 61 34 18 89 151 103 62 24 161 56 0 24 94 28 30 64 41 24 97 17 4 0 31 36 58 35 43 78 35 43 42 80 60 11 0 44 24 108 0 77 25 113 63 24 41 12 56 0 44 0 54 120 38 75 59 112 28 38 0 44 34 20 0 9 90 136 49 35 33 89 86 0 19 74 28 112 85 85 16 23 48 8 31 74 38 2 0 2 113 49 6 71 77 54 15 80 133 33 40 157 126 56 42 78 9 26 19 36 37 57 45 68 26 86 93 58 6 16 44 24 72 63 106 54 44 50 83 0 83 46 54 76 49 35 7 61 33 65 33 61 20 20 21 0 104 52 136 87 119 58 6 63 78 6 0 185 
0 96 39 30 0 7 0 58 127 64 50 41 10 2 175 36 45 81 4 116 138 0 113 95 126 29 97 46 208 0 112 84 41 192 30 75 61 89 70 49 99 105 26 33 60 42 180 51 88 67 44 63 141 57 105 0 42 175 44 81 5 30 20 79 0 84 59 46 134 30 78 0 90 103 102 2 84 96 149 59 48 81 20 35 127 25 20 93 75 81 156 84 129 44 58 101 56 4 43 0 81 22 111 155 11 18 62 16 70 9 64 147 92 30 60 27 70 76 120 169 8 0 2 8 0 41 59 0 201 27 81 68 45 0 59 41 62 119 192 95 0 126 26 69 101 17 30 122 10 54 39 21 75 10 64 157 11 0 45 129 78 83 27 104 88 40 91 64 102 86 0 62 179 75 122 13 75 40 30 62 135 48 33 54 121 77 81 0 81 30 10 129 5 56 147 0 21 76 17 53 71 4 160 121 81 29 0 39 17 108 156 2 27 59 85 25 103 4 43 34 15 107 0 113 56 173 81 120 0 12 35 15 49 23 18 77 72 171 32 79 8 11 99 8 23 161 105 6 35 99 4 0 32 24 34 8 
72 93 27 26 16 49 48 86 0 0 90 0 141 0 79 134 21 152 117 16 56 36 101 21 93 45 8 4 100 67 68 23 24 20 0 56 20 123 74 80 16 12 16 0 75 0 125 31 68 0 40 16 4 0 10 0 18 189 134 18 17 6 86 32 24 36 24 61 54 25 0 0 0 24 80 5 46 84 5 95 0 0 99 24 107 0 92 82 74 48 158 121 83 0 15 55 45 162 0 18 12 8 5 0 51 216 68 0 42 10 40 40 8 30 57 45 63 40 119 2 44 52 0 93 71 20 12 83 48 10 0 116 32 0 59 0 9 10 0 0 95 5 61 38 68 111 47 80 0 0 32 77 0 0 3 68 0 60 4 73 5 118 45 89 52 22 101 123 80 47 48 35 41 53 165 18 136 24 54 74 15 23 108 0 39 28 38 48 117 32 0 99 56 0 61 56 77 52 36 52 137 194 44 12 72 29 12 52 57 0 65 0 0 39 0 20 0 0 0 50 37 0 63 0 65 32 60 40 36 60 9 113 43 41 35 82 60 0 35 0 56 88 45 4 103 91 62 26 16 0 15 9 89 28 115 6 
186 45 54 101 28 27 165 21 48 134 0 0 62 17 42 176 125 12 60 220 0 120 99 70 49 0 89 74 173 6 63 98 72 60 36 58 49 14 92 110 42 64 97 46 32 129 96 72 93 186 0 136 15 38 44 102 120 54 28 52 119 28 105 60 57 133 136 58 8 68 10 59 30 99 49 70 95 48 11 0 6 114 86 182 25 42 236 0 10 106 39 95 38 60 6 0 0 40 101 126 0 21 26 104 35 214 39 133 141 81 75 1 180 89 40 39 2 0 26 30 45 24 79 19 15 31 18 113 25 20 25 105 16 18 43 65 30 82 50 20 153 0 95 26 91 54 59 0 82 88 75 25 172 16 30 0 87 0 0 0 43 120 23 18 43 39 121 0 0 176 56 130 126 54 133 0 0 35 30 28 81 113 23 16 76 54 36 136 145 16 25 96 26 115 88 60 64 16 106 28 7 67 80 84 56 47 151 27 0 67 6 48 54 121 84 81 24 83 0 51 39 3 100 64 36 168 42 52 54 102 0 0 31 36 0 14 89 66 64 99 48 90 40 30 117 113 28 18 182 58 48 32 28 45 72 65 
24 9 133 39 12 47 20 47 16 69 0 30 1 68 69 0 86 36 24 56 60 34 59 56 41 0 87 72 0 5 46 43 0 18 83 24 130 14 32 57 48 24 69 25 54 36 33 20 69 33 44 68 99 33 0 85 107 45 165 12 87 52 1 0 0 32 20 45 91 34 18 115 116 26 127 8 121 59 22 150 0 54 63 194 9 32 54 197 89 107 141 3 37 5 62 72 146 61 49 0 6 74 45 40 109 0 39 96 43 16 34 68 16 77 147 32 0 100 49 73 48 54 207 42 10 69 0 66 85 48 20 102 35 7 82 147 0 72 8 86 105 81 33 37 61 76 21 5 16 44 32 84 101 103 49 46 43 43 61 62 109 64 74 80 57 87 74 23 101 121 0 85 19 6 54 0 40 8 36 64 44 59 49 0 24 52 0 18 255 42 20 25 27 0 72 6 28 39 5 44 82 57 40 76 128 14 82 74 69 190 12 120 48 4 198 14 6 84 17 30 39 72 39 44 84 2 60 112 81 46 63 0 10 11 0 65 61 88 44 61 97 40 73 15 59 37 3 0 40 18 63 106 10 0 6 84 
40 0 122 0 43 0 6 135 68 111 0 25 60 39 12 56 28 40 30 49 23 35 100 49 0 0 129 6 9 7 4 116 25 4 4 20 94 7 75 92 0 4 17 20 50 102 87 0 40 5 8 5 85 17 0 24 22 58 72 0 21 155 6 0 0 0 28 51 81 8 20 116 84 54 5 76 58 187 27 5 52 54 112 60 9 26 28 36 0 82 44 52 140 109 0 0 160 0 47 41 5 57 18 4 19 41 27 0 64 23 0 68 11 108 12 4 40 11 68 50 29 12 122 0 18 46 0 38 7 34 25 63 9 28 77 81 64 7 0 92 26 0 73 48 48 19 0 0 12 163 75 122 93 0 33 105 31 0 0 83 48 38 0 0 0 54 71 0 13 8 0 0 38 0 3 12 109 0 0 73 2 98 95 48 0 39 52 38 76 0 105 28 140 62 126 41 0 36 14 72 55 142 62 32 77 3 44 42 32 44 16 1 40 27 60 15 56 47 0 123 42 45 46 86 34 30 116 63 0 51 7 0 55 38 24 36 4 3 60 5 27 52 24 29 0 35 16 56 73 3 0 0 8 49 0 95 
6 97 54 0 84 2 48 140 114 118 166 40 10 56 0 72 44 0 0 88 98 113 80 74 130 90 86 72 111 220 12 191 48 71 28 144 14 201 74 0 37 37 52 20 99 0 15 0 32 115 0 36 66 28 42 112 49 14 16 72 48 0 82 100 85 0 0 48 77 45 0 92 6 0 81 63 63 198 92 18 83 56 0 166 57 71 75 105 90 60 64 0 0 93 43 60 109 0 0 0 20 211 49 0 130 62 44 25 40 61 0 20 70 18 100 28 72 143 116 48 56 12 0 24 0 80 12 89 73 69 67 39 60 45 108 10 102 0 0 0 16 86 55 35 103 0 100 62 62 11 3 160 117 54 180 48 24 86 10 50 134 6 68 41 63 15 79 48 210 0 15 78 0 9 45 32 104 0 63 35 84 81 88 0 81 14 6 32 0 68 148 185 74 93 101 56 4 0 42 46 21 24 20 68 48 125 37 78 0 37 60 116 94 96 21 44 124 59 179 126 63 20 36 144 105 129 49 120 5 56 43 17 94 24 149 27 88 0 54 31 14 0 88 105 45 38 66 0 54 54 53 36 64 171 12 16 
184 36 90 15 62 9 54 234 41 31 22 124 16 64 107 10 120 65 17 233 181 52 135 71 0 118 64 68 108 168 194 156 116 175 141 200 5 180 156 151 71 81 169 63 190 126 68 12 145 74 54 24 96 18 12 159 16 0 162 61 133 32 51 66 103 16 52 51 104 32 35 78 98 56 184 121 124 66 31 15 170 145 36 112 46 98 146 237 57 22 69 100 105 154 149 63 86 156 69 103 90 30 164 41 0 107 113 6 67 18 74 90 64 51 130 86 46 34 26 36 57 151 0 42 124 177 50 211 132 28 9 80 52 47 78 129 121 8 148 65 3 51 175 78 77 41 32 34 89 94 100 60 126 53 142 107 57 52 48 24 132 186 159 116 9 157 69 102 153 72 96 199 163 26 171 16 123 69 20 140 273 58 54 0 29 21 112 101 122 70 36 78 48 94 137 102 66 37 39 54 168 98 160 107 10 64 60 121 45 161 142 97 156 108 273 93 0 139 102 41 105 28 27 121 283 152 83 45 4 125 13 20 54 116 83 98 166 191 83 87 283 99 276 133 145 66 2 71 109 36 60 121 146 136 43 239 
72 73 36 100 7 9 81 140 40 36 35 146 19 91 39 9 39 123 5 7 97 148 125 13 0 87 82 14 109 38 75 95 92 91 99 62 62 36 72 75 63 93 72 2 71 75 48 46 105 63 53 4 28 12 157 165 18 30 92 69 114 18 43 57 19 45 42 67 33 85 18 63 36 88 0 45 127 27 17 149 35 4 30 9 18 18 10 205 29 64 83 33 89 88 0 110 7 165 135 42 89 0 70 12 75 40 77 52 43 14 28 0 20 8 126 98 16 67 9 61 116 75 2 28 34 30 160 144 16 80 18 69 5 99 22 75 35 93 21 87 27 61 100 55 93 81 21 30 33 27 75 98 46 95 72 35 24 30 75 63 27 63 92 12 42 88 83 62 45 138 59 16 75 6 7 58 111 28 62 39 105 129 59 24 13 49 97 175 31 156 12 90 53 84 123 88 12 140 16 83 195 139 19 4 124 24 82 0 0 93 0 95 63 69 152 66 0 144 74 160 36 16 81 24 66 179 27 49 40 7 69 70 133 10 8 95 98 76 5 58 0 94 90 15 53 22 59 27 111 78 90 56 65 69 0 151 
80 30 35 12 26 132 107 76 48 38 214 80 23 27 12 21 67 87 53 103 32 72 96 0 84 62 32 64 18 0 132 108 73 3 48 40 151 30 84 10 69 51 42 111 136 52 14 8 133 0 8 21 10 41 0 63 93 171 30 58 101 51 94 80 46 56 56 81 45 44 10 110 30 82 31 12 38 149 23 132 0 14 72 144 70 0 59 84 160 74 108 96 85 0 75 8 24 87 97 95 95 38 126 12 7 2 85 44 72 0 47 0 65 24 32 80 82 32 104 90 59 9 42 57 8 20 40 78 75 79 41 14 45 105 42 17 22 82 61 81 32 184 143 106 74 133 18 80 31 34 8 0 153 15 46 90 45 4 36 0 67 88 163 103 20 79 148 92 99 26 55 123 116 81 42 4 59 115 55 28 24 86 0 0 40 30 35 27 110 34 4 48 80 44 168 40 18 81 24 111 52 78 55 144 22 98 62 0 37 137 48 103 13 44 213 68 46 87 26 64 0 48 38 58 103 76 36 161 24 79 12 80 99 83 72 123 104 126 40 32 130 30 151 55 9 8 0 52 28 10 40 43 213 106 16 65 
7 140 40 0 83 11 0 133 173 94 21 63 25 63 172 0 19 0 21 178 99 72 161 86 28 145 253 15 97 102 52 40 38 0 41 112 115 65 45 6 120 81 93 29 25 42 24 10 62 54 69 46 90 66 69 40 86 35 97 72 57 105 101 53 22 10 48 56 30 65 96 38 149 152 134 3 5 59 0 110 0 117 70 130 50 42 83 152 179 87 36 37 54 58 162 179 68 39 81 36 122 50 56 67 114 161 49 30 81 25 32 202 8 18 56 180 96 108 67 108 67 116 26 7 51 65 178 117 105 72 24 73 102 93 66 100 40 208 83 195 63 24 47 55 69 72 104 0 144 93 27 102 91 11 18 21 16 26 135 81 160 34 201 54 36 107 53 132 20 37 63 21 21 24 36 170 54 15 65 165 190 97 52 8 0 24 21 0 159 72 12 207 160 54 79 66 90 25 2 193 78 45 0 88 90 124 18 9 36 180 0 17 95 143 156 78 40 119 104 108 17 158 40 91 123 166 214 88 36 111 157 58 178 5 45 138 68 0 21 0 124 0 12 26 33 2 57 15 65 27 0 54 113 9 20 38 
0 90 34 21 0 0 81 147 36 119 35 114 33 0 148 64 47 107 4 101 102 69 117 71 40 55 147 72 118 19 144 12 33 61 58 0 60 73 18 160 142 123 23 41 71 48 0 20 50 53 18 0 41 40 91 62 18 21 59 15 55 58 73 71 110 40 42 105 27 75 72 46 26 116 128 45 167 27 89 60 18 152 81 139 113 36 0 136 34 61 24 28 36 89 35 77 40 8 56 40 0 9 106 37 18 51 25 64 25 22 35 38 0 50 128 99 62 42 16 4 97 75 12 12 48 4 89 78 18 113 45 143 45 204 14 134 89 38 73 12 66 36 40 32 24 18 42 60 44 21 54 0 66 42 0 49 40 9 48 61 59 15 64 27 35 0 30 0 128 62 16 108 63 0 48 68 2 27 0 65 24 46 42 63 97 21 135 0 30 6 82 72 12 116 0 0 0 0 38 95 14 151 111 82 24 0 15 3 0 0 75 87 45 75 110 149 0 0 80 32 29 0 36 72 74 139 108 26 45 61 80 10 120 40 0 69 86 153 4 75 64 57 83 84 75 63 48 42 84 105 115 18 108 21 36 0 
69 58 152 144 9 8 0 72 100 92 63 108 66 42 48 18 42 93 10 59 176 104 75 14 29 0 11 46 134 6 81 115 87 23 0 33 57 82 81 153 34 0 27 3 77 37 60 105 85 30 84 90 241 41 60 151 28 133 42 32 48 0 153 125 108 40 72 0 69 148 19 81 66 92 22 7 21 66 12 151 27 90 24 24 27 111 45 56 114 0 63 79 34 121 0 56 132 56 75 75 91 4 26 54 31 112 18 122 33 75 63 69 60 72 152 51 228 94 81 87 132 9 33 50 66 15 100 36 161 125 56 12 62 76 84 72 165 76 49 136 84 63 127 0 64 38 58 78 49 12 27 24 177 190 63 18 36 26 90 68 150 32 54 48 0 117 21 122 42 48 49 21 40 72 7 42 95 7 24 54 71 60 68 0 58 44 18 154 107 24 24 186 49 63 60 85 101 35 120 47 28 9 45 56 32 80 47 41 48 82 135 18 8 71 238 67 59 115 115 68 6 156 87 71 53 65 0 112 102 95 108 3 5 76 34 122 98 172 90 96 0 41 0 63 0 18 36 60 29 21 51 60 66 18 113 103 
14 108 48 30 63 64 73 7 37 142 94 33 139 36 81 54 29 16 17 107 233 0 50 91 20 45 86 77 83 57 77 0 20 10 2 0 0 40 0 171 140 0 34 139 47 4 35 31 101 97 36 13 70 95 42 74 95 51 81 85 15 25 108 46 54 18 0 29 79 32 38 84 47 150 42 114 15 62 10 0 65 54 94 24 154 28 82 27 122 18 30 93 35 30 51 20 84 28 98 90 45 0 82 61 54 95 224 27 18 30 129 24 6 10 15 48 30 59 28 94 46 105 148 44 28 62 150 144 45 107 45 35 64 71 18 8 55 98 15 139 74 136 24 35 81 146 56 95 30 0 179 90 86 79 116 52 99 18 36 0 101 73 56 6 13 41 70 67 110 136 24 126 27 49 64 63 58 27 46 103 64 75 94 40 40 52 32 112 66 36 76 163 67 0 0 149 104 93 138 84 188 47 64 64 64 23 11 32 107 53 39 43 155 78 136 106 148 74 96 16 15 46 112 4 36 52 21 0 12 55 54 40 109 40 122 50 5 127 109 8 98 44 24 23 228 21 71 4 99 65 61 0 127 247 30 8 
5 89 65 24 37 97 45 128 20 38 78 1 82 86 27 41 110 12 0 44 141 20 62 36 73 83 90 0 74 62 69 41 46 103 105 45 0 97 0 54 139 134 97 22 0 70 63 48 76 61 111 4 110 18 129 84 146 0 149 54 34 84 20 32 81 24 50 21 67 56 27 83 0 151 43 21 40 13 53 83 68 112 20 86 56 0 86 78 96 89 14 42 39 82 68 81 44 26 0 52 21 95 132 19 57 46 45 46 40 7 56 12 0 43 7 47 0 45 12 92 40 45 9 74 32 59 166 98 18 65 98 57 31 91 30 56 82 36 35 171 44 18 36 112 91 28 10 27 47 35 60 73 12 30 15 71 15 92 4 17 54 84 11 10 72 8 115 86 133 42 0 78 25 33 16 148 63 10 64 20 157 15 60 43 62 24 28 80 42 78 28 64 84 68 0 145 1 100 37 0 114 70 105 63 123 62 20 57 32 97 61 92 138 101 127 2 103 0 78 18 14 85 56 72 14 32 115 78 52 251 47 114 71 6 130 51 93 106 91 20 0 28 18 18 60 30 21 136 54 8 100 78 118 80 73 16 
10 50 194 32 92 113 102 81 83 40 43 116 0 161 54 62 48 35 6 115 48 155 54 0 66 21 72 2 0 53 16 47 66 112 67 0 53 181 148 89 78 47 59 46 76 16 0 6 18 54 160 54 93 24 12 47 121 51 54 104 23 101 102 73 36 61 35 77 117 34 43 157 119 24 90 30 15 92 6 110 115 121 132 141 125 27 42 55 18 54 87 124 117 8 149 48 104 12 135 42 86 67 94 68 20 163 48 109 89 57 42 21 48 106 54 71 122 179 76 56 56 108 86 54 80 14 10 42 36 125 6 67 14 0 54 143 6 0 111 154 6 70 21 0 138 42 25 32 51 37 0 80 60 10 108 86 42 28 10 103 51 142 0 116 36 44 62 68 56 10 0 67 3 41 17 47 124 18 23 105 121 72 32 12 48 81 24 132 171 24 106 117 81 55 265 69 48 176 125 109 2 42 127 0 161 163 91 40 24 44 86 30 130 149 131 126 50 32 61 20 0 35 186 104 76 20 71 75 45 14 36 3 96 38 42 92 83 55 56 8 81 43 0 27 149 95 42 16 47 87 69 0 87 225 12 14 
178 23 132 38 9 0 131 44 103 0 42 253 18 40 39 42 0 172 60 317 45 100 210 18 54 60 0 125 118 81 0 101 153 31 114 139 73 52 85 135 75 16 108 76 79 47 72 96 0 67 15 42 70 25 0 80 35 65 27 94 60 49 27 59 64 20 107 113 24 1 42 60 60 72 131 27 68 65 0 111 12 59 66 99 15 67 162 56 151 25 142 48 35 32 103 12 50 0 16 114 63 36 30 49 0 63 73 6 21 118 54 34 75 21 86 75 137 69 45 112 0 81 72 118 104 27 79 6 152 136 4 12 54 111 21 78 17 0 72 128 0 102 42 64 142 0 51 135 20 88 36 43 69 120 35 30 203 33 56 49 12 96 42 251 12 125 76 24 14 89 58 106 77 98 54 75 65 4 51 76 104 20 71 30 58 91 0 66 135 146 27 61 112 211 36 0 35 12 136 24 42 61 74 21 66 152 74 136 91 42 117 84 30 113 48 58 93 0 49 16 9 33 0 9 42 9 69 48 63 18 49 54 0 32 81 112 103 107 62 77 126 67 0 2 114 9 0 97 30 27 72 126 61 234 7 87 
54 9 70 205 6 0 22 124 110 75 2 97 51 70 36 0 60 0 20 35 67 37 132 78 9 72 132 48 173 34 179 0 13 159 95 167 41 57 12 80 55 0 142 2 0 94 183 75 33 50 8 64 63 0 137 131 16 62 101 61 40 85 54 86 53 8 4 76 83 67 48 21 120 155 49 42 69 0 149 24 62 4 157 163 71 72 20 204 90 81 54 88 44 122 85 99 48 2 86 133 88 33 32 8 2 84 75 137 147 50 141 46 0 161 83 111 0 25 63 139 84 81 180 62 16 6 5 23 80 30 81 0 72 0 68 3 98 85 16 66 36 117 101 10 54 8 81 0 0 93 36 30 110 109 137 42 101 65 27 22 94 0 49 90 99 43 47 51 27 30 81 162 56 64 0 79 30 39 24 65 220 18 132 55 0 7 6 27 169 69 48 73 72 144 79 54 68 27 16 0 190 0 69 24 3 88 25 67 42 129 0 18 8 54 154 48 47 52 36 95 25 127 117 77 12 151 0 0 63 0 63 58 18 81 9 155 108 24 81 45 95 78 60 0 12 113 42 64 186 60 0 176 76 8 114 126 
0 90 114 0 0 27 0 35 0 0 28 6 21 12 0 0 0 25 0 0 8 36 36 42 48 0 24 42 75 36 12 60 18 114 0 16 8 0 0 0 56 9 84 54 124 0 12 106 36 69 0 8 62 36 36 49 0 0 8 0 0 40 33 43 45 72 45 0 63 81 2 0 42 42 25 57 43 32 0 10 67 2 0 45 1 0 46 82 28 122 30 57 4 0 9 5 71 18 12 21 0 33 4 0 6 34 48 59 0 0 0 0 36 32 0 59 0 0 0 3 72 117 0 42 10 0 12 51 39 36 6 5 48 81 48 70 6 24 24 30 0 108 27 35 72 4 22 108 45 7 57 35 10 54 36 12 36 24 8 30 8 9 0 90 6 4 60 0 14 31 12 78 113 0 2 18 0 50 72 43 50 0 0 0 0 0 0 12 72 91 48 70 0 126 3 0 12 0 56 30 0 5 117 27 81 35 4 6 57 6 5 3 42 5 0 0 7 12 0 0 0 40 16 0 84 105 0 0 0 55 0 12 42 0 42 0 44 49 0 17 56 4 32 12 56 2 24 8 18 0 27 104 87 24 12 42 
12 74 69 6 24 0 86 21 7 65 73 82 0 12 137 53 125 42 37 0 49 74 118 6 72 50 75 6 61 28 97 23 0 24 56 0 15 33 3 6 21 69 0 15 25 37 109 0 80 26 63 47 18 5 26 0 63 54 6 16 63 21 16 38 79 24 3 24 0 23 0 117 17 20 71 5 0 52 44 45 20 56 107 42 82 0 108 56 97 44 128 29 18 18 0 8 16 0 0 30 0 44 102 20 24 70 73 8 0 0 108 9 16 12 66 73 15 24 85 36 76 24 51 15 8 0 26 67 58 106 4 77 29 45 30 23 0 30 7 55 27 44 77 30 43 12 0 153 15 28 0 82 32 7 45 0 76 0 0 97 95 27 50 48 33 13 54 69 91 17 0 0 15 7 18 27 9 15 28 34 69 12 0 46 24 24 9 35 34 0 6 62 34 0 81 51 40 55 0 97 0 49 15 57 2 131 15 15 5 75 117 29 49 27 45 189 47 57 0 9 0 32 89 55 10 21 43 51 0 50 0 20 57 10 72 46 4 0 43 0 99 0 0 36 80 58 16 44 15 42 0 18 76 94 0 1 
94 59 24 0 4 16 47 94 97 93 24 57 0 54 47 24 4 116 12 182 67 128 56 131 77 15 89 65 58 50 10 12 16 16 32 36 4 41 59 113 125 49 6 156 0 67 104 34 121 8 18 24 5 0 124 117 40 0 102 0 0 54 115 129 32 64 2 114 168 126 28 28 0 135 100 59 59 65 16 22 18 12 109 8 40 105 4 148 138 36 38 99 44 131 44 74 54 0 46 8 16 16 85 63 71 81 130 48 83 140 68 57 0 34 36 25 36 8 0 41 16 147 172 12 58 50 99 0 20 144 49 23 36 112 19 45 120 45 0 162 16 190 71 21 101 18 102 149 71 0 30 4 56 0 24 114 220 81 81 12 74 26 24 81 42 58 79 54 42 63 66 103 5 109 72 121 115 49 86 8 16 36 0 12 56 28 8 97 42 83 89 91 39 108 12 48 128 116 100 0 44 35 16 65 43 0 16 85 113 116 36 0 34 46 155 40 28 42 57 40 8 49 84 4 39 60 0 19 26 36 110 18 47 0 142 51 24 146 63 93 44 100 56 28 210 0 119 18 54 0 65 32 0 56 34 72 
0 0 16 24 15 90 41 39 33 57 93 28 24 31 36 24 0 0 0 0 76 80 87 24 0 0 12 10 9 9 18 0 12 33 19 67 76 0 12 78 0 0 72 142 72 10 23 0 24 30 80 4 38 28 32 0 56 72 20 65 0 70 39 0 16 0 12 63 24 0 12 10 0 68 16 34 107 12 0 0 50 0 32 30 150 0 33 32 0 0 20 22 27 0 30 56 56 0 53 9 98 46 0 12 0 51 80 93 96 12 0 41 15 0 36 0 0 119 20 20 0 36 12 56 5 20 87 42 87 78 0 56 23 63 35 131 51 20 46 52 0 92 23 25 58 52 0 113 51 0 8 58 0 14 24 14 72 0 0 0 135 45 0 26 0 75 18 0 42 33 0 54 2 74 0 12 92 40 0 0 21 0 27 81 0 25 46 48 0 35 145 94 29 55 28 54 21 114 72 24 67 95 68 0 68 40 23 32 52 48 0 97 123 8 0 0 41 8 0 8 36 88 30 16 0 73 48 72 20 35 0 0 30 9 28 16 60 93 12 0 0 0 72 47 44 136 42 50 0 98 28 0 77 77 0 36 
32 40 8 40 0 0 64 0 0 68 25 63 48 20 167 114 149 0 24 72 56 18 0 56 104 124 104 0 44 115 18 127 23 19 6 47 89 121 83 40 97 53 39 58 107 12 88 0 15 58 52 61 18 77 35 16 34 17 0 27 88 48 59 14 54 27 71 137 21 22 0 65 61 22 27 47 10 0 0 115 115 15 74 67 98 0 74 101 57 96 158 52 0 14 30 0 100 0 0 25 28 36 14 79 46 40 24 21 30 0 75 2 0 100 50 20 32 94 14 19 6 15 194 134 112 27 106 0 54 194 0 0 35 24 51 24 19 0 48 78 101 6 43 91 0 47 13 61 16 27 0 67 8 20 149 0 51 68 0 0 163 18 81 72 69 69 127 24 16 7 23 73 16 0 0 10 18 125 90 41 27 113 48 67 73 18 40 57 100 125 91 72 16 15 26 14 56 42 0 78 101 15 21 64 61 16 7 0 20 107 3 18 79 56 120 144 70 65 40 81 76 138 64 36 57 47 12 25 10 40 0 144 129 117 150 69 26 160 39 73 89 33 110 109 105 92 7 74 83 84 48 91 167 28 83 94 
64 74 100 42 78 52 92 66 54 77 60 135 36 16 52 20 66 16 0 95 119 28 88 105 140 22 121 44 124 71 180 49 68 115 0 44 96 111 48 91 93 104 44 89 62 58 77 21 107 63 35 42 153 87 10 66 36 275 106 122 98 36 116 80 4 0 42 62 78 87 62 190 127 134 0 122 31 5 120 51 20 66 15 48 27 102 189 46 108 23 8 49 159 71 96 0 122 69 27 88 0 13 2 42 60 32 50 32 119 10 34 8 45 111 98 21 125 45 89 101 65 81 69 86 95 28 137 51 0 64 24 63 21 42 124 152 94 40 81 246 12 80 70 30 74 16 45 7 23 120 42 54 131 108 154 79 36 10 78 42 91 36 0 70 27 12 89 0 85 96 72 73 8 12 51 24 54 64 43 94 66 132 86 49 106 92 6 100 76 42 24 21 101 122 166 69 76 0 24 0 54 45 39 71 72 132 56 17 0 158 147 4 40 78 86 36 65 26 53 63 36 0 57 104 200 68 48 101 72 142 114 17 23 173 9 101 127 46 36 58 45 118 68 36 78 11 81 42 14 60 22 139 61 15 84 73 
29 0 51 21 1 102 64 78 30 32 64 48 0 24 0 20 6 10 61 97 47 4 36 3 0 43 36 2 24 21 137 44 0 0 0 0 5 48 0 3 59 85 48 34 0 36 112 61 33 0 62 75 40 49 76 89 69 112 27 44 49 15 36 27 12 116 54 25 81 9 18 0 0 109 24 36 25 107 12 53 27 0 28 44 97 38 33 53 42 0 4 106 99 90 40 0 25 154 35 6 68 90 25 3 63 0 110 0 25 28 4 48 84 24 9 84 21 4 0 45 40 0 36 42 0 4 60 24 5 86 58 0 32 0 1 0 36 28 60 47 48 109 55 10 0 30 63 16 17 10 36 50 0 12 31 30 0 46 43 111 84 16 40 81 0 28 84 0 142 25 0 83 58 45 30 27 14 15 46 0 23 0 0 32 56 0 45 0 53 30 0 10 95 5 50 6 24 50 11 53 31 138 54 37 62 6 23 0 12 45 0 48 50 52 124 3 36 4 26 72 0 10 35 0 18 99 77 20 0 24 18 27 68 27 0 36 0 5 50 0 5 78 20 0 18 0 15 28 0 81 25 10 0 76 72 24 
87 72 27 63 117 27 39 88 192 99 89 0 13 35 167 60 8 128 54 29 84 25 128 93 140 108 218 84 135 68 94 136 12 57 24 65 47 111 27 60 36 197 111 7 0 64 132 53 158 24 48 28 72 72 30 0 41 110 76 18 63 114 20 64 0 32 79 135 72 50 0 56 0 40 0 25 0 126 42 55 20 48 196 15 113 24 30 78 113 96 65 121 156 30 72 72 69 0 0 0 18 71 89 15 117 137 0 30 109 25 42 162 0 68 54 49 9 58 50 67 0 0 40 118 0 0 134 96 129 30 39 0 84 18 56 25 71 113 63 99 56 32 68 44 125 26 47 52 0 0 0 81 15 0 69 24 12 35 39 118 149 36 21 91 15 46 101 127 59 0 18 20 73 30 48 81 93 89 40 100 62 15 8 89 111 49 149 0 56 48 79 119 75 18 73 65 4 26 60 293 84 153 96 54 43 58 45 101 1 140 65 45 87 51 59 10 162 0 6 0 74 48 73 56 86 72 188 33 0 70 39 83 56 30 83 51 35 6 87 38 52 35 0 119 97 59 49 75 117 84 46 76 76 80 20 119 
87 6 100 64 65 55 8 29 46 112 20 81 42 66 12 33 14 30 78 109 94 87 0 84 130 4 110 54 92 15 55 20 12 78 26 120 71 206 21 96 16 128 51 3 26 51 67 8 71 2 0 107 117 4 16 62 109 84 90 58 0 91 77 167 1 6 0 76 43 18 16 36 113 71 42 96 6 58 32 79 75 81 8 45 55 67 115 163 45 105 35 21 32 80 16 139 72 18 111 48 101 43 133 125 144 181 82 216 163 87 72 63 60 0 0 27 0 8 27 3 40 38 4 48 0 30 72 157 73 82 38 36 83 28 86 45 75 88 96 0 39 133 89 9 130 2 134 26 107 72 72 30 51 35 72 8 15 0 111 110 134 4 84 79 98 111 68 22 40 123 3 91 69 24 30 27 1 18 77 8 0 68 30 48 56 12 111 96 90 105 97 136 80 81 59 36 47 32 42 48 133 124 36 162 68 0 30 56 68 243 0 69 43 106 108 88 130 53 117 16 48 89 132 130 0 68 168 52 0 63 33 52 130 0 54 78 0 8 28 10 195 45 19 139 70 106 82 18 134 60 25 120 32 16 43 166 
0 5 105 36 0 97 60 124 31 45 194 24 60 70 56 0 27 59 64 61 167 15 55 1 91 52 105 27 162 126 156 134 0 4 25 0 67 140 48 62 167 85 90 1 142 70 52 41 51 24 0 33 143 113 48 24 42 65 27 70 4 0 96 32 3 27 58 12 0 18 15 0 38 32 21 60 74 40 45 117 54 16 0 112 132 32 66 9 36 7 3 9 69 0 85 12 102 21 14 12 8 126 69 0 56 5 113 43 49 48 25 0 0 33 24 82 8 45 35 6 64 56 37 54 0 0 57 81 78 139 63 0 0 49 56 62 64 70 18 15 99 145 80 98 59 11 0 80 6 28 21 138 27 33 1 47 39 98 36 107 89 4 38 102 52 55 136 4 183 42 3 59 69 42 18 50 19 45 121 93 48 45 0 56 33 27 116 0 1 63 42 5 69 114 67 8 60 60 45 87 150 51 169 108 6 5 1 16 5 41 45 90 73 41 72 29 85 17 3 8 87 107 56 26 123 42 94 80 42 68 0 0 25 2 94 18 0 69 27 2 86 2 145 101 109 100 0 24 157 77 0 134 163 132 51 36 
30 4 84 27 0 32 54 131 15 200 75 0 8 0 42 34 57 79 4 10 36 82 0 36 0 57 4 141 27 18 100 82 0 7 61 0 4 58 0 69 45 45 63 68 0 0 8 36 0 7 121 20 0 0 71 73 92 33 138 20 0 48 72 41 60 48 0 45 0 26 18 48 0 0 32 0 14 96 16 36 39 49 18 99 24 82 0 65 96 24 42 51 0 33 18 63 0 49 106 37 0 0 135 47 0 70 48 101 30 10 121 95 0 59 42 54 92 144 0 136 82 36 94 0 4 34 0 134 6 76 0 72 138 0 20 18 40 81 4 58 78 35 48 45 21 107 63 48 44 0 236 24 24 40 36 8 18 0 8 70 65 149 59 48 2 12 0 50 62 180 9 4 0 50 17 14 0 19 16 9 0 78 21 0 23 35 9 78 137 49 76 80 20 28 72 56 36 24 70 134 122 0 0 92 151 54 0 29 0 42 72 63 16 0 123 66 96 59 24 56 20 0 169 58 8 1 0 0 30 48 12 0 92 0 16 32 72 75 8 160 0 81 0 20 80 72 43 4 45 61 25 72 7 81 5 49 
120 118 0 90 0 104 89 40 84 130 48 71 33 56 81 74 32 88 0 66 72 24 214 5 0 56 72 52 16 52 227 30 77 124 38 68 64 88 121 0 84 92 36 80 0 33 6 42 72 64 54 0 18 10 40 42 53 74 32 32 8 0 13 73 29 54 0 32 51 9 7 18 109 272 138 118 74 0 40 72 48 119 0 69 68 0 40 48 153 36 56 15 0 49 44 121 89 9 27 48 0 12 79 0 108 130 0 20 68 56 72 88 0 104 112 48 81 54 146 88 32 32 0 0 8 176 0 74 112 118 18 120 25 92 142 58 106 59 112 74 2 0 95 134 8 0 48 72 40 63 12 131 65 78 8 0 39 5 40 81 169 130 42 1 36 74 55 20 41 35 54 72 43 116 51 191 137 24 18 153 137 87 137 46 126 0 155 24 0 58 27 88 5 21 127 0 45 80 112 73 0 15 107 124 23 96 0 23 35 24 113 33 72 121 81 0 0 40 71 40 24 0 48 48 18 163 189 72 40 25 164 3 92 153 80 82 176 82 8 104 24 10 63 61 0 135 40 0 0 128 9 40 32 173 48 60 
25 0 179 38 0 90 18 38 40 0 35 24 11 0 0 27 2 54 13 14 0 9 22 6 4 8 125 92 7 18 35 60 35 52 42 14 18 6 81 54 24 63 17 6 54 3 14 42 0 12 34 5 63 20 35 8 15 42 20 48 0 97 2 12 57 0 0 24 15 0 18 63 101 1 0 42 28 37 8 23 10 3 97 124 19 32 6 82 24 56 0 111 35 24 52 0 120 60 0 99 2 101 36 0 15 24 15 12 35 9 30 27 36 37 40 46 79 0 0 14 28 50 48 57 10 30 0 36 85 26 4 0 57 9 47 12 12 17 24 28 49 160 81 0 38 6 6 24 4 4 48 42 25 106 56 92 38 24 0 131 24 0 0 40 6 44 53 42 64 70 3 0 43 6 0 27 3 42 34 14 59 15 77 2 0 42 18 138 0 42 0 37 40 93 6 14 35 45 27 48 92 0 97 19 21 6 43 27 83 41 42 0 84 3 3 3 8 41 48 30 5 51 63 0 114 88 0 64 40 89 6 25 24 0 0 83 14 72 84 5 98 0 35 8 33 0 30 51 78 12 62 58 85 16 36 86 
143 20 17 79 0 147 0 39 7 6 36 0 20 75 48 66 3 32 28 27 32 24 20 32 16 0 25 49 95 46 0 20 35 0 48 77 33 29 54 5 129 0 72 4 0 40 126 56 41 68 14 62 87 0 98 18 15 0 62 0 48 7 28 67 36 107 0 59 125 22 18 21 28 126 82 0 23 51 19 0 4 12 23 5 52 76 105 91 81 22 15 139 99 100 0 18 0 54 73 36 45 53 24 9 42 31 126 74 37 73 73 0 78 38 42 10 0 0 87 61 0 53 27 37 40 79 54 30 24 15 2 0 72 54 3 24 0 8 30 108 41 6 24 27 96 6 71 10 42 5 28 38 2 0 51 27 98 63 5 36 0 0 87 37 46 85 66 96 35 48 51 40 5 106 35 21 108 0 36 0 52 4 0 20 22 18 0 66 42 63 15 15 10 2 10 54 53 157 26 20 0 0 35 97 2 3 5 49 32 0 4 24 14 46 42 43 120 0 18 56 80 69 98 16 61 35 8 45 81 0 0 0 85 45 0 0 0 42 75 8 159 48 0 18 53 38 54 42 6 27 25 102 0 13 56 0 
4 0 131 138 62 83 41 48 61 181 45 77 0 41 102 8 79 50 16 63 39 0 67 127 40 0 63 14 44 56 98 20 30 92 70 24 8 136 83 67 56 51 41 133 0 61 56 26 109 48 56 90 35 65 45 26 54 33 24 21 0 154 85 161 0 43 24 95 86 76 40 111 161 116 52 218 0 75 60 44 128 107 21 100 74 36 6 125 40 3 30 67 18 56 41 20 104 0 10 121 0 98 80 43 23 35 136 45 72 20 35 45 8 62 38 60 142 5 20 57 23 225 30 33 8 52 20 57 0 70 48 48 2 49 67 79 45 25 154 92 11 111 21 7 94 70 48 74 24 45 18 108 25 27 42 84 71 0 56 108 38 24 50 51 41 177 2 74 93 9 27 141 0 14 36 45 6 37 41 21 24 115 86 0 85 59 23 120 0 66 74 82 14 144 108 18 48 72 77 0 107 22 11 84 65 40 50 0 80 102 71 1 87 32 172 168 0 42 66 9 9 112 86 48 68 23 0 105 24 20 67 43 0 38 131 21 44 55 0 28 38 5 28 150 162 135 61 8 127 27 0 49 102 97 71 17 
15 36 68 11 55 130 75 112 67 56 35 152 5 49 23 42 0 56 41 134 84 62 48 159 106 80 170 54 7 71 24 68 34 43 64 54 33 240 110 84 81 77 81 146 20 21 0 69 136 4 37 41 150 75 14 54 101 15 92 24 7 25 39 51 21 64 88 67 178 10 66 64 0 56 9 184 20 0 40 30 37 60 115 74 73 6 95 134 26 7 18 126 60 6 45 54 94 0 16 20 70 88 118 17 155 30 122 30 50 174 90 143 32 16 1 51 5 20 9 73 35 72 72 12 151 0 115 159 27 131 40 72 40 14 0 15 33 63 132 83 70 160 154 88 136 41 106 72 21 7 70 118 99 39 70 53 64 41 79 70 107 55 27 136 7 67 30 21 104 128 88 104 51 0 77 51 54 6 16 6 75 51 34 16 136 83 7 182 56 18 95 92 104 95 109 54 48 56 112 10 47 108 131 16 85 21 94 128 77 87 142 82 83 145 230 20 64 28 115 72 25 6 94 4 36 24 44 95 62 73 31 28 156 59 137 48 64 9 53 102 153 71 0 106 189 130 35 0 64 81 128 51 40 142 90 194 
110 185 24 93 151 83 88 62 31 117 124 137 24 92 116 128 38 420 45 266 141 88 36 40 149 63 76 54 86 60 105 60 99 148 192 97 45 72 49 299 74 102 104 77 107 58 81 52 126 15 42 55 63 121 0 134 58 61 63 139 49 24 157 150 90 65 97 222 0 75 98 85 97 113 128 111 41 16 4 122 51 99 34 184 221 167 98 218 254 74 111 63 105 72 58 62 42 113 32 40 62 20 18 67 186 112 32 99 91 140 58 12 40 28 129 90 106 176 216 39 0 0 142 64 79 39 43 107 90 172 67 83 89 161 104 103 72 53 108 89 118 102 0 8 127 69 114 147 39 0 95 76 156 107 119 110 111 72 56 119 335 99 0 125 40 42 166 173 44 174 33 196 52 35 113 127 25 0 56 102 174 63 61 98 142 16 59 92 21 63 148 39 88 104 81 107 36 35 65 223 279 97 149 8 62 46 146 42 23 134 0 49 119 155 225 44 0 16 64 28 80 61 135 96 78 53 111 50 9 71 131 141 102 97 18 165 154 224 72 71 33 69 40 109 322 216 172 120 136 144 159 6 108 115 93 218 
141 12 45 40 1 66 54 56 84 48 70 25 35 121 34 125 14 59 69 0 0 63 84 45 48 58 56 50 51 0 51 134 3 21 0 0 23 9 0 33 83 135 96 53 46 18 8 139 66 6 85 101 60 24 36 46 16 26 45 36 7 6 138 42 22 64 24 34 40 0 70 3 47 29 30 63 6 48 32 8 39 1 104 67 45 28 21 141 33 64 64 95 142 0 0 32 67 45 38 93 32 0 14 64 63 130 37 83 0 49 79 8 0 67 40 25 33 56 98 0 7 7 6 39 55 4 0 48 48 22 38 21 48 12 70 0 67 29 69 0 129 66 39 14 42 57 15 15 72 35 46 70 25 0 56 27 31 1 38 53 39 56 45 0 43 91 17 0 1 5 13 7 93 98 73 30 89 71 27 15 35 36 0 72 63 27 65 36 124 110 35 0 16 48 56 36 25 32 109 4 40 21 87 53 2 47 40 0 49 32 37 0 16 77 77 19 56 23 23 0 12 0 38 20 90 215 145 56 0 27 9 53 50 55 12 78 41 25 52 13 8 0 7 0 63 67 0 88 8 157 95 56 45 55 68 79 
0 10 77 24 9 54 13 65 9 76 74 92 28 128 65 11 65 40 15 27 28 117 124 118 89 35 56 30 68 64 129 0 17 85 32 12 28 14 0 108 80 107 138 119 129 0 102 10 25 12 12 68 103 31 42 83 73 42 216 135 34 40 84 4 19 0 57 18 111 57 98 126 44 88 72 72 11 54 36 47 49 42 28 27 109 42 67 82 132 10 10 15 81 72 63 15 161 28 123 49 108 0 114 49 0 51 0 78 0 37 36 84 43 114 84 84 53 145 156 123 85 116 24 78 91 31 29 42 136 28 0 18 7 0 42 63 82 21 8 28 113 72 62 111 10 12 81 36 54 16 89 96 141 81 48 72 6 56 6 3 101 83 172 0 60 15 53 36 118 0 74 160 39 52 119 111 64 5 0 26 102 25 58 96 0 21 127 15 173 62 52 0 22 45 42 103 155 117 48 37 168 50 31 18 28 115 16 39 63 113 0 59 8 41 15 59 64 67 28 73 55 24 21 20 116 69 57 110 51 94 36 63 216 77 40 58 86 15 37 36 42 114 72 109 24 30 27 90 0 77 36 25 3 81 56 69 
44 94 34 173 6 10 76 23 63 37 35 5 90 70 0 41 88 16 104 79 144 66 130 79 45 81 77 48 36 60 51 46 46 49 0 45 87 67 81 134 54 182 103 81 48 143 105 66 86 86 84 32 56 50 24 100 84 69 81 61 12 123 184 11 68 67 20 82 39 27 72 87 65 67 0 108 160 7 3 40 32 131 32 103 58 6 75 76 8 13 34 43 82 78 125 71 42 7 68 199 72 67 196 128 0 20 51 38 71 150 47 0 22 0 50 24 6 97 12 84 36 101 14 26 2 6 54 16 64 93 20 126 2 0 60 87 0 131 36 34 22 0 94 14 48 124 41 67 62 89 48 61 121 27 23 0 87 54 54 40 142 152 42 50 14 126 53 0 108 90 30 36 83 150 120 61 45 99 19 33 132 62 103 0 37 8 60 8 78 70 124 11 45 49 50 94 0 48 132 39 121 84 123 0 102 8 89 0 68 83 113 108 82 107 95 0 74 106 104 24 3 63 93 16 60 183 0 161 81 121 18 2 21 22 42 7 32 105 28 69 0 45 93 0 46 113 45 14 49 0 66 142 83 126 59 52 
140 103 54 45 21 135 60 81 34 76 133 96 36 186 108 33 60 96 58 240 204 163 237 81 136 83 71 99 80 95 109 72 20 130 36 131 80 29 48 149 78 70 24 76 9 43 0 57 87 128 193 132 10 72 0 80 92 120 0 170 9 111 30 100 63 104 0 175 48 84 66 96 36 32 6 71 141 0 64 6 127 130 62 143 192 119 66 153 213 129 18 54 104 53 35 219 127 72 123 106 56 57 165 45 21 185 126 90 148 40 91 184 21 120 87 84 57 199 170 139 143 1 78 31 75 99 85 31 113 70 108 150 133 162 144 64 33 0 154 127 89 40 139 53 130 6 48 121 148 12 7 112 24 120 99 32 101 48 0 0 122 123 51 24 42 142 114 63 84 0 42 27 90 46 41 76 0 55 30 66 165 70 55 24 1 81 24 111 21 208 17 18 42 129 72 69 80 80 132 30 22 1 57 88 145 223 0 125 90 39 58 35 0 119 75 198 21 8 9 21 48 33 151 48 20 54 46 87 92 137 16 27 123 237 72 84 61 60 140 74 15 0 99 45 86 72 37 6 40 85 105 46 196 131 24 45 
55 33 59 15 0 56 76 91 32 80 51 0 44 84 0 20 56 10 66 34 66 36 36 16 64 43 106 0 0 0 100 96 0 24 50 0 77 61 63 36 214 70 0 12 0 51 71 20 88 16 0 18 0 27 56 12 30 25 61 29 30 69 15 31 50 44 18 38 6 6 10 88 103 0 100 129 14 117 24 18 72 45 70 67 94 6 15 24 39 70 25 46 72 78 25 36 132 40 45 69 33 56 56 27 145 0 104 3 84 59 24 63 63 75 45 86 56 0 0 8 41 0 24 20 24 0 97 20 12 32 30 16 4 8 0 4 22 34 95 129 0 66 74 32 40 0 37 30 0 98 86 117 6 0 23 95 13 24 0 103 73 39 66 69 56 0 0 60 81 26 1 81 0 68 45 28 106 1 78 0 25 12 74 58 52 0 1 128 33 76 130 28 104 56 50 22 43 64 6 25 24 62 119 12 0 94 83 0 66 87 0 52 74 94 187 36 70 0 0 52 0 8 28 0 12 0 64 12 0 0 24 8 23 24 53 51 10 80 63 24 16 35 0 84 6 21 36 68 71 40 0 93 57 17 0 30 
44 0 32 0 0 0 3 107 0 52 60 56 12 21 15 49 0 0 10 14 44 82 105 64 3 32 76 0 45 0 0 0 16 15 29 26 110 53 16 42 36 21 16 6 5 28 42 42 33 0 28 28 27 21 56 40 56 0 0 35 42 0 28 8 0 136 0 24 0 7 0 28 57 0 28 119 95 126 28 32 42 77 18 5 16 0 99 82 56 10 119 0 40 112 85 10 0 0 70 10 44 84 72 0 3 66 118 2 54 42 0 77 86 16 20 45 8 82 107 48 36 6 0 25 16 9 10 53 0 48 3 42 6 0 73 0 15 12 22 60 6 21 3 20 28 0 45 58 78 61 63 0 58 63 21 80 26 0 0 24 25 6 55 13 8 92 2 0 0 53 3 63 129 44 0 18 89 70 7 10 15 50 56 0 40 28 0 48 8 90 63 18 56 56 36 2 51 8 63 16 96 49 27 53 4 145 32 54 91 129 102 18 21 81 0 10 27 29 0 92 0 80 0 108 0 51 0 0 0 0 0 52 76 44 63 0 0 12 144 31 59 0 4 20 45 17 0 0 142 63 12 121 64 124 0 40 
26 40 3 132 0 54 0 40 12 96 20 0 37 61 8 71 30 90 0 0 12 24 63 0 0 0 36 42 8 34 27 32 123 144 8 0 33 127 63 7 42 104 57 30 7 21 36 18 0 13 186 28 0 42 24 107 159 21 61 12 26 143 69 111 7 99 0 85 39 25 0 97 85 55 21 54 0 69 64 7 35 14 0 0 63 0 82 69 3 25 22 126 85 0 52 0 54 18 0 67 0 80 117 46 98 83 65 65 63 6 63 8 0 35 7 56 105 25 72 10 14 0 0 18 6 9 0 43 83 72 0 6 70 67 60 56 32 18 66 63 0 26 30 60 64 0 0 74 10 0 12 98 0 12 6 33 21 28 0 81 9 0 8 1 0 69 19 27 43 27 75 104 0 135 0 63 109 72 53 49 67 105 0 0 62 15 27 0 29 98 27 0 0 9 63 73 15 82 229 0 0 0 136 140 53 23 9 0 3 126 36 25 45 0 6 0 0 8 92 0 0 70 0 36 90 15 0 30 2 30 87 0 74 63 0 8 11 14 26 35 57 0 130 3 79 12 67 68 36 0 55 48 91 102 18 50 
74 172 68 76 7 212 8 164 36 72 120 85 180 105 72 97 28 119 93 138 177 0 40 24 51 95 122 49 151 98 39 28 85 90 0 49 35 189 0 71 213 8 157 96 55 18 122 108 102 84 148 12 158 48 81 331 238 73 124 72 24 136 70 90 30 151 66 49 62 158 151 4 0 123 30 92 130 45 48 97 16 44 64 162 213 16 185 86 33 165 114 18 48 14 102 72 8 64 35 95 85 97 59 35 144 87 93 109 177 96 104 0 46 70 117 103 0 115 103 108 181 21 24 15 0 10 126 98 90 169 42 68 67 145 143 38 8 2 141 192 125 77 71 53 285 25 110 81 122 8 83 36 24 202 8 30 79 105 36 108 185 59 54 81 0 63 209 112 48 18 55 140 51 226 50 165 225 14 59 44 187 46 71 16 92 0 57 63 72 74 45 96 62 144 68 57 96 198 214 113 50 133 268 130 169 44 22 63 104 181 27 25 187 101 202 7 136 79 62 0 56 223 14 81 8 12 179 18 159 129 14 138 161 0 78 108 107 68 97 78 67 49 58 0 117 68 77 65 56 114 73 40 242 208 18 170 
0 34 45 112 24 70 6 117 77 138 100 24 24 20 32 225 118 20 1 103 70 44 89 101 18 0 83 72 88 74 68 26 66 86 50 117 67 112 18 95 42 24 60 132 45 52 30 6 98 14 73 73 82 59 6 136 90 35 95 36 23 45 102 83 42 36 46 134 32 56 58 46 59 88 27 50 66 36 3 118 22 54 8 151 147 12 118 21 52 72 20 12 72 48 121 31 43 66 85 16 116 12 157 80 78 135 46 123 133 69 65 63 55 67 203 176 40 106 95 159 80 12 96 18 35 0 46 70 116 56 48 5 53 16 72 82 27 95 55 169 22 112 113 68 106 97 138 62 129 24 117 124 151 158 22 19 72 3 22 111 82 57 131 47 7 138 19 0 61 21 9 112 4 88 101 54 52 10 8 62 66 0 22 36 36 0 15 6 136 16 40 33 197 75 66 41 127 53 86 165 109 12 88 89 42 68 96 14 78 200 54 135 119 10 205 62 109 189 50 0 15 91 7 92 203 50 101 87 6 61 24 0 172 3 21 28 159 90 78 67 117 60 37 62 216 152 119 95 24 32 5 2 68 108 14 152 
24 0 99 14 16 24 19 0 115 131 52 72 10 0 117 87 61 96 27 247 50 61 81 0 58 126 88 28 66 15 14 249 105 162 26 106 126 158 75 81 40 72 50 62 64 92 102 52 85 42 82 26 18 0 79 143 77 5 191 17 14 18 172 108 60 0 60 109 57 0 49 48 220 191 54 2 54 22 12 43 20 67 32 60 0 0 49 125 21 85 70 54 55 136 54 24 72 0 24 81 57 72 140 99 88 24 78 21 29 9 36 49 8 6 8 127 84 78 63 91 129 24 86 96 12 45 101 97 43 108 16 50 79 175 104 66 56 8 10 85 45 35 140 119 5 0 87 74 30 74 51 85 133 60 18 73 81 52 69 12 165 9 8 36 42 67 41 43 41 18 93 63 91 23 53 39 80 138 0 50 166 40 1 0 84 51 59 41 160 62 51 15 81 22 7 76 17 72 63 24 53 74 129 89 131 134 27 73 90 81 0 67 23 42 157 4 120 85 80 74 35 25 33 60 134 113 51 64 20 146 46 143 75 133 129 126 30 81 100 56 88 85 85 98 7 76 28 74 80 40 52 63 203 142 104 128 
55 75 109 146 17 71 20 33 26 88 60 46 133 85 84 2 0 139 69 94 183 38 94 113 40 11 115 12 70 70 63 120 18 18 79 18 74 49 24 52 12 60 12 4 9 57 138 21 132 30 16 6 98 6 12 63 55 38 149 0 24 111 43 121 54 32 27 8 90 50 12 60 63 65 66 0 43 42 21 0 34 36 99 47 78 26 5 27 100 6 193 111 81 37 0 36 104 100 17 2 45 15 43 0 85 56 35 63 45 10 0 54 6 93 0 99 56 87 114 103 16 78 34 7 40 36 30 6 48 0 33 27 43 53 36 84 68 54 23 102 47 10 70 14 121 75 36 40 20 27 31 90 112 8 32 92 6 47 56 176 0 55 21 70 68 12 63 112 49 36 6 78 62 0 60 88 101 49 10 111 0 8 46 42 56 25 8 0 159 40 51 27 50 81 36 15 59 84 16 62 72 61 30 28 79 25 96 30 4 0 8 4 14 41 77 26 49 6 62 27 39 0 202 2 10 59 153 100 39 28 19 12 73 94 32 141 2 46 85 12 54 145 5 25 14 96 74 85 39 0 35 16 81 16 101 64 
72 31 18 39 6 126 40 121 64 98 37 92 45 69 56 4 80 89 18 173 14 8 38 95 0 14 79 72 64 16 62 45 83 65 102 118 149 54 24 180 9 18 39 28 10 24 63 0 48 40 29 117 18 37 65 60 80 17 20 25 18 134 62 53 177 64 30 69 97 42 110 70 30 63 99 9 37 39 8 55 30 48 36 94 9 94 33 161 170 70 78 82 61 102 83 90 16 3 99 30 61 49 72 0 46 72 104 14 104 33 113 78 68 66 9 32 16 12 76 45 40 38 18 57 32 28 16 26 42 64 58 64 101 37 24 131 3 2 15 35 64 20 70 28 6 15 43 135 53 20 9 25 20 0 12 81 38 79 38 34 132 53 25 63 109 105 27 90 27 83 68 82 26 59 47 65 2 55 146 9 61 35 58 30 133 16 2 52 70 74 56 85 67 104 72 20 64 50 50 0 96 50 52 112 6 44 36 58 0 48 16 79 84 95 24 63 24 18 30 86 75 77 68 43 10 63 7 0 56 94 36 50 85 30 25 124 11 100 7 120 38 8 37 0 128 2 34 63 107 45 98 16 20 53 41 54 
76 7 66 54 9 3 5 108 14 67 75 18 8 30 81 8 48 54 41 99 45 56 22 132 77 0 91 27 38 0 22 28 16 54 20 112 36 157 0 80 60 120 36 44 1 107 42 0 35 0 0 20 230 63 0 126 33 16 22 56 0 193 45 59 12 0 0 112 108 54 16 144 55 110 23 96 80 75 79 72 48 135 36 51 0 5 55 56 65 29 0 0 99 48 75 0 76 79 20 24 81 81 65 52 32 114 24 76 58 27 6 48 36 9 121 109 0 75 0 8 26 73 95 32 10 4 45 102 197 86 14 47 45 65 45 12 70 50 103 35 0 167 54 116 71 54 134 15 19 20 31 63 95 101 4 87 109 0 2 43 0 88 8 48 39 43 49 36 43 20 3 108 189 42 99 54 0 55 0 49 90 36 27 36 81 6 5 38 74 82 39 31 82 64 63 49 93 89 92 31 15 47 147 69 18 119 48 97 54 220 38 106 109 9 93 122 8 87 145 83 0 40 0 5 14 0 18 54 27 46 52 30 56 11 18 12 14 70 0 0 66 30 112 50 49 54 0 18 144 18 13 0 8 81 0 60 
2 4 28 40 85 81 0 81 15 74 62 12 79 129 27 23 18 0 0 0 220 81 48 60 8 7 113 61 128 57 36 21 10 166 0 18 98 118 130 43 0 74 35 0 26 37 27 57 78 15 70 65 47 61 51 84 51 5 9 102 61 86 81 35 0 78 3 39 102 9 46 89 25 48 1 75 20 0 26 81 12 0 24 42 181 0 101 79 6 52 0 19 147 8 123 83 126 26 144 24 89 0 57 18 42 213 88 48 90 46 0 27 72 118 156 20 85 66 77 27 0 36 60 42 128 0 40 74 87 87 81 92 36 0 0 48 48 72 55 94 100 100 72 2 46 38 45 0 96 64 0 50 8 0 94 36 74 0 18 48 93 66 50 0 18 54 99 0 35 0 12 4 72 63 0 0 23 24 31 30 69 93 48 19 131 0 33 56 41 126 37 151 93 0 62 145 47 48 134 76 45 29 51 6 91 94 18 70 8 165 72 0 0 51 117 19 5 41 54 40 35 39 45 191 185 83 36 80 36 32 45 80 93 0 63 0 120 70 149 0 56 0 20 35 114 71 37 0 18 148 55 27 102 100 0 67 
27 0 88 128 4 102 41 96 66 136 2 34 48 119 82 87 28 18 64 67 38 65 101 48 0 35 78 113 169 8 71 56 12 118 83 12 0 7 28 100 91 100 56 36 93 86 93 24 105 49 43 28 55 15 118 50 114 102 43 80 25 85 93 26 91 100 131 103 68 27 20 105 18 102 50 61 117 36 0 32 66 72 84 13 62 52 138 42 0 20 28 82 84 64 25 12 59 125 65 91 0 82 108 175 1 57 114 106 171 108 138 24 138 80 70 58 27 29 12 121 0 60 88 69 27 4 12 0 16 108 37 151 28 0 6 50 46 94 72 53 37 77 69 151 67 6 54 80 63 28 75 92 53 69 110 53 126 0 9 82 54 139 12 124 68 68 8 0 6 10 0 102 38 132 48 21 97 39 41 54 39 24 54 75 63 134 29 0 61 0 44 56 102 72 72 4 48 46 127 51 101 160 83 44 81 24 110 43 36 84 42 87 137 42 130 150 0 50 83 47 48 80 80 71 16 15 99 70 83 96 4 0 67 34 28 23 78 58 58 80 60 80 0 0 134 93 30 3 44 110 168 0 77 39 44 87 
50 74 272 123 61 79 100 96 64 110 84 98 62 151 0 55 20 54 6 105 4 20 26 86 12 8 20 26 23 52 26 69 135 29 75 143 67 47 26 71 21 12 17 20 102 16 10 24 2 32 60 48 130 19 61 128 100 22 58 80 3 50 18 67 169 49 25 21 28 70 6 27 38 0 28 64 72 165 79 63 90 18 108 63 28 10 71 118 86 12 52 16 22 54 74 80 32 9 70 78 30 56 0 16 102 88 23 98 128 8 81 45 50 17 58 44 16 91 12 88 5 14 80 81 16 66 0 24 35 84 0 60 118 0 62 35 44 74 69 64 124 68 63 6 38 72 76 8 9 0 48 8 124 132 72 0 79 66 40 86 10 10 17 57 6 128 50 9 24 125 27 99 18 72 16 52 170 34 27 14 87 24 36 0 1 24 42 100 92 62 174 112 44 91 18 31 46 27 5 108 84 37 63 95 119 73 105 20 72 47 51 67 3 101 161 0 56 67 50 0 32 60 96 32 14 91 61 33 54 16 60 30 18 43 31 97 84 98 144 42 35 0 64 39 79 24 48 63 102 72 115 100 63 91 12 91 
2 1 36 162 16 108 0 64 0 59 60 0 89 84 0 0 8 0 62 0 168 100 66 63 0 0 143 0 54 28 83 128 18 99 24 12 51 155 51 8 0 116 81 0 80 16 127 43 0 8 94 54 34 8 16 136 60 0 60 27 50 135 20 111 54 54 49 28 48 0 44 9 45 0 2 28 34 129 20 46 76 72 45 0 24 28 60 74 0 72 71 129 30 20 50 30 50 0 74 0 0 24 63 48 107 168 51 90 102 49 0 0 16 36 5 8 109 174 39 20 58 0 0 44 8 28 0 101 102 92 12 39 0 63 27 6 155 0 41 49 91 26 17 63 46 36 64 20 24 32 37 137 83 13 86 76 15 45 75 81 132 36 30 0 16 22 199 36 35 28 57 34 14 29 0 18 51 0 18 4 0 200 45 0 8 0 99 3 7 107 86 96 8 0 63 41 36 84 88 89 26 95 99 130 72 123 6 36 0 103 0 115 60 42 0 87 54 35 47 90 67 109 24 64 0 50 12 0 0 73 127 30 18 27 137 0 59 6 63 56 45 74 102 63 32 71 36 0 102 117 70 48 46 81 119 37 
32 71 29 0 21 91 46 79 42 53 133 208 0 0 18 9 0 41 5 27 132 31 39 7 3 37 117 18 47 16 0 12 17 35 15 2 49 61 0 60 89 12 22 126 26 43 0 36 64 63 85 25 3 6 4 148 12 109 98 59 6 0 49 36 8 129 90 32 56 0 76 18 18 80 45 76 121 84 15 21 30 25 134 123 95 73 27 39 18 79 62 3 90 46 21 52 56 121 79 119 41 4 76 25 4 51 145 14 27 15 63 68 10 6 0 23 0 20 50 2 76 84 0 10 31 65 75 56 68 109 98 6 1 87 98 105 67 83 19 38 6 92 61 85 54 21 0 33 49 6 63 56 21 113 39 94 36 0 102 0 122 3 29 25 62 109 70 12 30 63 37 49 28 55 0 54 46 87 1 23 10 48 8 35 10 65 54 22 0 45 81 5 34 55 36 15 51 66 94 54 113 120 7 183 11 33 27 106 104 53 44 8 81 9 14 0 3 27 6 36 0 104 72 84 18 10 33 103 28 75 8 12 66 76 58 110 15 69 66 21 24 25 78 86 166 74 27 21 15 60 55 21 170 195 20 58 
91 3 20 80 5 32 58 60 32 36 44 48 7 9 35 127 69 6 16 31 79 100 27 16 19 27 32 24 64 12 48 78 0 90 44 0 24 20 72 37 82 88 124 32 14 0 11 45 6 65 0 90 64 24 54 35 17 15 31 18 32 1 21 112 153 0 61 102 32 8 40 0 50 32 64 18 102 48 16 5 29 67 22 115 28 38 30 84 12 84 63 109 38 16 75 21 24 36 62 33 84 44 116 0 0 72 9 36 0 36 41 0 120 51 34 39 48 51 14 0 21 72 0 36 32 42 18 56 0 36 1 112 37 6 8 110 0 0 8 6 65 0 35 9 38 65 0 38 3 56 24 71 47 6 66 0 84 15 0 3 140 21 75 6 20 100 23 66 42 113 35 54 40 46 16 16 36 12 0 0 96 111 84 20 4 12 32 36 57 4 40 46 24 49 0 72 28 80 19 13 64 52 58 21 1 14 0 46 12 51 40 81 4 89 69 0 89 21 21 44 60 12 74 0 24 4 9 76 99 77 48 32 16 52 34 42 28 56 39 56 88 0 0 32 99 19 8 41 24 100 12 88 6 36 46 51 
4 43 19 33 0 85 51 4 0 48 4 41 11 45 23 36 0 3 0 2 2 9 0 50 45 0 6 19 47 48 48 30 43 27 25 30 0 33 36 77 63 16 32 45 108 0 8 3 39 37 16 1 17 14 28 20 55 0 57 0 0 12 3 14 0 8 8 29 74 68 24 0 0 35 103 27 56 54 33 5 0 56 4 43 46 12 85 38 52 55 36 48 0 0 18 5 72 3 62 9 0 22 30 38 16 72 128 76 96 12 56 48 6 12 0 29 0 21 0 0 40 76 8 42 40 5 17 6 8 14 1 73 0 51 0 13 10 0 30 58 3 47 28 35 64 0 31 45 3 24 15 35 33 41 31 8 58 0 0 8 2 0 66 128 31 22 40 0 74 6 9 154 4 35 54 15 114 7 42 6 29 0 0 0 4 0 0 2 6 70 20 69 0 45 20 8 10 6 12 24 49 13 21 38 53 0 0 1 45 1 9 81 30 0 4 69 23 10 18 0 58 4 0 38 109 10 54 39 0 36 4 0 12 6 35 0 72 11 0 12 36 37 60 4 72 36 21 21 24 0 15 71 0 17 7 23 
130 81 52 25 62 28 41 168 25 77 22 134 53 0 72 36 40 0 6 323 63 76 157 2 0 50 50 6 187 162 60 112 0 0 77 129 14 9 77 13 56 21 49 24 46 24 24 70 0 53 36 40 29 0 25 53 82 0 52 199 4 8 82 77 81 16 77 72 30 42 10 48 115 80 0 6 31 65 45 20 81 36 118 48 0 43 81 99 22 6 104 39 60 59 56 33 20 24 41 27 26 30 22 42 20 61 36 7 61 0 56 3 76 79 12 72 15 45 0 47 20 6 94 29 30 120 68 80 54 84 24 67 32 37 84 21 32 54 72 38 8 23 28 22 20 1 44 25 20 16 63 56 8 9 73 0 88 81 63 70 66 45 54 52 15 77 118 5 3 40 18 5 51 12 16 9 42 103 6 59 126 42 52 36 56 28 0 0 0 77 11 12 57 0 5 0 68 35 63 39 79 18 48 35 109 113 117 8 12 6 0 0 109 62 83 106 54 24 26 13 0 16 76 33 36 111 52 63 0 50 40 23 6 127 54 105 61 1 74 67 42 20 24 8 128 92 0 42 3 87 24 40 74 157 0 32 
32 57 268 211 23 64 159 85 12 95 20 2 0 36 55 71 80 38 68 42 9 57 131 178 186 20 32 31 23 12 37 24 81 91 4 32 42 186 63 125 146 193 102 59 78 79 42 27 37 48 155 33 48 95 51 66 72 42 78 56 16 4 102 96 82 53 33 158 50 151 0 15 42 28 80 64 40 81 0 150 141 149 185 54 9 27 41 72 57 42 43 93 18 35 99 19 53 0 16 117 27 14 51 55 39 151 33 58 148 15 23 9 0 44 82 53 159 99 48 8 158 59 15 78 86 44 114 68 9 87 33 133 36 72 3 0 75 103 95 118 36 50 72 49 54 45 0 18 77 0 90 32 8 0 42 44 35 30 31 120 20 109 63 101 3 55 93 72 60 42 154 78 96 9 42 82 42 20 125 54 48 55 54 0 107 19 63 45 156 68 30 132 24 56 162 54 61 55 50 12 138 117 12 34 3 145 0 56 50 33 165 49 0 65 46 173 5 48 53 60 0 13 132 54 98 115 126 60 54 0 45 45 58 60 58 32 60 17 46 30 158 34 3 59 106 0 41 6 155 70 24 108 51 89 52 47 
68 72 104 123 81 51 48 108 58 117 27 36 72 149 54 113 38 34 28 164 228 105 158 30 40 44 127 47 36 231 34 157 0 14 32 158 182 8 56 56 34 45 2 99 70 8 80 0 54 90 40 104 135 47 51 110 120 35 93 124 55 96 81 58 46 45 28 96 92 0 106 116 0 112 0 32 79 41 65 72 28 60 32 123 126 88 96 120 90 116 128 84 36 104 3 169 229 138 75 0 32 63 82 47 43 129 8 8 68 63 7 198 126 62 136 135 15 128 59 61 25 14 34 0 53 52 27 48 85 8 63 78 148 31 48 124 46 18 75 207 72 96 63 58 94 68 24 12 139 16 16 192 151 74 57 72 30 96 30 49 54 0 47 71 86 116 58 12 26 32 0 141 26 69 49 72 50 46 66 37 124 100 12 1 20 97 25 75 64 66 5 20 62 2 193 179 127 113 42 147 76 71 56 53 88 82 95 66 0 120 76 88 142 88 22 24 24 65 20 28 48 60 10 28 28 96 179 148 0 88 0 29 43 72 100 69 24 42 123 8 114 66 38 48 76 5 55 9 14 0 0 0 68 78 16 125 
44 0 22 212 32 87 0 43 88 158 63 39 42 146 48 63 39 0 35 9 69 20 144 128 0 69 58 36 9 72 147 27 63 151 0 90 115 74 77 120 48 81 0 30 0 57 36 68 36 30 70 181 40 30 63 91 39 45 36 35 5 14 33 133 50 63 69 80 101 20 151 45 137 20 55 66 33 48 60 5 29 87 32 8 0 21 215 258 53 28 88 82 103 15 36 54 42 12 88 58 40 42 88 62 129 153 44 79 104 35 28 54 36 92 143 140 149 99 104 54 25 0 19 50 18 54 25 0 112 91 34 82 167 18 24 98 0 25 110 107 100 65 97 8 26 2 46 30 63 32 12 110 68 10 90 35 66 20 22 84 64 35 48 10 20 57 7 0 65 42 41 103 65 42 36 48 0 35 73 40 284 143 41 14 64 50 27 5 0 72 15 50 97 119 132 122 137 34 78 81 98 8 75 35 0 64 54 92 0 49 81 102 111 108 101 134 15 13 60 54 45 25 11 38 95 108 94 86 108 8 89 45 30 72 37 89 39 31 6 40 99 88 50 101 66 73 34 5 49 132 7 0 87 101 8 73 
153 52 55 24 22 118 155 11 30 10 28 70 98 42 24 5 82 136 0 337 151 34 196 30 8 71 41 119 40 30 34 45 2 25 41 76 64 55 72 84 118 58 16 51 24 66 45 36 88 76 77 24 59 32 0 98 162 72 86 81 18 21 31 0 54 0 65 58 3 25 26 20 88 40 122 99 2 26 0 32 112 148 15 134 78 68 104 128 92 0 84 48 14 8 161 123 80 28 60 110 0 49 104 48 0 64 177 12 55 48 117 57 63 63 46 138 54 5 14 119 26 54 12 0 0 161 0 92 75 93 0 60 6 0 127 102 49 0 119 92 15 103 41 7 0 8 0 110 49 56 105 41 84 68 11 40 70 0 87 0 48 142 117 112 15 181 40 110 35 147 45 141 20 56 94 67 0 75 48 100 254 58 34 14 94 132 0 71 28 104 53 30 24 94 35 4 30 87 100 34 100 73 55 95 21 203 24 86 0 32 60 6 62 128 161 103 0 20 7 41 16 105 75 12 16 108 72 6 50 67 12 0 10 129 76 142 12 14 23 76 0 0 36 0 184 116 25 0 0 54 35 10 155 200 18 51 
32 24 16 123 52 10 18 41 15 136 71 54 4 186 109 159 19 112 2 70 15 56 25 157 110 1 29 22 0 55 67 151 4 50 62 60 30 101 36 50 108 102 60 25 34 7 22 45 144 66 14 48 92 30 20 137 0 12 10 24 9 12 56 114 40 12 21 24 98 40 0 73 111 27 61 6 56 3 38 16 134 21 107 22 101 0 24 138 30 103 16 57 156 0 42 103 84 10 0 16 54 18 0 92 103 0 91 32 39 74 96 0 12 6 13 0 102 136 72 32 5 2 178 28 171 16 44 46 56 114 12 40 82 0 46 32 36 4 110 78 14 135 96 14 68 26 40 4 47 45 47 31 105 65 64 15 38 51 0 136 41 0 18 106 77 18 54 0 30 5 2 29 26 28 8 0 64 25 71 53 49 60 28 0 93 72 39 0 0 28 86 30 80 0 0 47 48 27 0 73 85 65 58 44 80 57 15 32 34 83 38 100 120 56 168 54 64 25 82 0 21 0 89 86 129 41 84 23 0 5 86 29 48 76 108 101 52 6 85 0 116 25 36 90 70 125 44 0 51 36 32 48 104 128 57 145 
50 9 48 69 0 84 183 63 72 146 116 7 51 12 0 60 32 178 21 119 7 44 9 49 68 64 161 48 78 0 175 138 68 4 45 140 71 17 96 171 127 24 50 51 12 35 94 24 23 61 49 14 0 27 64 87 66 22 12 73 9 72 116 170 7 124 24 31 63 63 0 98 137 35 190 0 177 80 157 108 99 72 32 158 66 171 77 21 62 2 72 121 95 171 92 86 83 0 82 131 12 82 2 12 39 32 105 24 81 100 12 27 30 147 0 44 211 133 72 25 5 45 39 43 21 75 0 80 27 60 0 161 79 28 100 21 36 19 6 42 56 54 41 29 0 90 127 43 77 0 41 105 35 7 63 150 76 14 5 56 101 0 51 18 50 154 0 0 198 39 48 68 32 153 4 116 239 33 99 14 56 114 215 0 73 28 9 106 0 47 100 117 30 143 66 85 65 63 73 9 14 27 64 122 0 22 6 39 0 45 0 53 89 120 120 0 28 32 110 58 57 56 104 97 39 91 63 27 0 56 96 81 40 106 104 49 117 60 65 147 36 0 73 89 162 51 52 18 154 53 8 18 0 69 2 16 
27 20 44 108 8 13 56 66 57 12 24 40 82 66 27 9 42 51 0 140 171 0 165 54 87 60 101 42 169 140 68 60 21 140 173 18 38 12 65 67 79 73 92 22 0 12 59 103 115 93 131 126 0 36 29 104 84 116 76 113 40 25 123 8 0 0 3 0 67 80 38 26 31 72 99 48 97 36 61 60 129 39 99 112 142 0 56 122 14 7 25 0 0 42 31 107 81 8 162 44 0 66 124 31 5 15 59 0 156 8 61 0 0 57 60 26 12 46 76 67 49 55 78 0 0 86 65 61 28 43 84 40 21 63 48 16 72 56 38 40 45 72 15 2 23 54 3 28 0 119 54 105 72 13 18 75 0 21 48 16 36 56 82 39 100 93 36 0 62 63 81 123 9 89 44 56 26 55 24 74 32 24 111 0 62 28 23 0 52 40 54 34 36 0 54 54 26 76 106 0 213 6 189 20 54 59 17 8 19 77 25 51 18 41 105 105 91 19 12 36 16 34 71 94 69 60 109 36 36 60 59 28 55 43 93 39 28 0 28 9 32 0 73 50 107 71 30 72 69 28 5 17 66 96 8 76 
81 8 102 61 88 50 102 162 14 0 20 53 12 23 15 118 26 69 0 45 132 71 35 29 88 42 102 4 87 60 48 120 10 51 5 23 92 133 16 74 171 12 40 18 59 27 36 16 61 62 85 12 7 54 84 122 71 0 81 0 0 46 34 84 8 53 16 12 88 12 45 0 46 16 27 94 13 40 76 32 36 51 94 18 24 42 53 0 74 102 68 63 51 78 109 95 45 0 25 20 0 75 0 96 27 150 29 0 124 33 7 117 72 70 0 85 0 43 5 105 12 0 33 98 16 2 0 25 10 37 36 122 25 18 0 2 0 149 43 70 87 48 84 55 123 9 63 35 36 0 60 87 16 73 87 30 41 5 12 46 38 0 22 130 0 54 0 0 128 43 0 116 43 106 10 109 10 14 59 25 73 42 27 50 54 0 58 111 0 63 88 0 10 11 53 102 29 52 47 40 26 0 72 70 78 67 4 118 8 6 93 5 99 93 35 18 18 57 40 0 42 35 150 65 59 8 54 9 81 0 2 0 35 0 63 48 115 34 148 30 74 0 16 94 316 46 72 7 111 33 25 178 113 23 9 50 
77 8 75 8 63 50 65 90 101 90 67 66 106 95 52 111 32 49 4 58 197 80 109 165 87 36 76 131 76 78 23 93 60 99 127 44 46 41 116 20 168 66 64 18 133 84 58 2 93 84 52 45 88 22 16 143 35 7 77 0 106 16 105 57 32 28 28 173 77 20 0 77 82 73 40 132 77 152 30 122 51 66 150 108 74 9 106 240 15 73 83 168 64 112 0 54 47 43 63 57 75 26 152 28 41 68 12 64 194 19 27 42 138 24 84 62 32 127 58 38 40 61 32 22 16 0 46 103 54 133 29 16 76 98 66 120 48 0 44 24 125 68 41 100 29 15 34 39 8 70 110 59 90 10 145 31 56 0 0 48 176 5 178 55 21 113 67 88 42 76 63 92 45 4 16 30 129 196 36 0 72 98 23 94 30 8 46 96 126 41 151 67 121 20 39 87 22 216 0 64 101 221 34 136 78 27 148 32 64 200 18 98 56 99 46 106 49 10 51 110 116 48 18 93 173 88 64 138 78 198 43 52 60 137 0 0 16 93 158 35 155 20 134 145 0 83 32 58 115 79 105 80 108 48 100 57 
53 99 28 58 0 7 10 14 93 42 47 12 25 86 18 18 18 171 0 0 141 10 62 0 45 0 56 0 1 80 24 42 42 63 99 0 66 23 8 6 16 129 56 41 20 44 105 12 99 86 99 90 58 30 82 21 49 48 45 0 0 67 57 71 12 24 0 70 81 0 0 40 27 94 35 0 31 72 0 0 16 105 12 73 116 18 8 103 95 30 60 45 62 94 40 71 52 68 72 25 0 94 42 14 9 0 51 79 97 0 75 63 0 35 20 128 0 77 46 64 0 9 26 32 12 150 7 0 43 71 12 24 24 48 72 50 72 29 22 60 27 21 0 10 75 69 40 72 60 57 62 102 78 14 49 6 17 14 0 138 76 0 60 110 16 45 44 60 34 134 10 66 33 72 9 91 0 0 12 99 102 12 21 15 3 18 0 0 43 77 75 0 54 41 15 0 6 97 34 121 138 22 90 42 87 24 18 0 21 4 12 31 94 21 68 89 2 18 18 76 2 79 113 24 24 44 61 3 48 8 35 30 0 0 0 36 16 9 15 12 26 18 54 9 12 99 117 20 27 21 59 67 84 18 54 63 
57 48 91 0 0 27 78 116 25 205 150 74 56 25 126 172 142 132 21 69 24 38 115 192 124 65 60 122 89 46 162 98 3 19 133 0 26 69 45 126 71 83 74 89 27 0 83 48 214 89 0 9 89 0 95 87 95 64 52 16 166 95 123 86 28 89 0 84 145 167 12 153 76 146 23 69 90 110 19 33 36 16 63 62 46 89 87 60 235 54 66 152 78 113 24 42 94 89 106 80 0 72 101 12 40 52 276 18 20 45 150 70 28 66 15 21 46 63 115 45 30 110 139 28 19 61 95 105 9 115 63 32 104 8 21 12 68 40 44 104 111 153 81 90 88 92 10 198 128 28 112 99 0 97 30 74 79 19 0 159 46 66 22 48 12 16 7 4 87 159 24 106 16 34 52 56 40 66 43 6 15 25 126 12 6 28 24 111 56 65 4 139 103 71 77 6 32 32 72 87 145 27 16 113 198 98 42 9 109 88 72 127 101 0 130 73 127 52 101 4 66 51 154 0 66 11 46 58 35 104 72 84 54 27 198 55 63 99 100 190 42 24 35 26 91 93 116 41 121 103 12 69 82 143 20 60 
59 22 32 84 9 71 18 51 46 100 73 27 24 60 54 36 0 10 9 24 133 96 124 130 8 20 49 3 112 65 48 15 125 58 20 69 96 144 35 27 40 27 0 27 132 6 16 8 83 15 71 0 43 28 26 118 12 60 36 88 0 8 145 8 51 10 0 24 54 0 8 69 0 28 141 4 12 63 8 88 29 28 60 161 0 0 47 48 36 6 36 63 31 5 34 16 68 52 83 37 48 20 36 0 66 32 0 68 59 70 52 0 40 51 0 65 165 55 143 89 106 56 56 0 62 53 0 56 74 50 5 105 92 75 195 60 99 12 0 16 64 103 33 98 30 8 44 135 110 0 48 12 160 35 12 18 0 109 7 9 0 106 81 8 143 28 0 147 109 53 63 40 12 30 59 23 37 28 30 82 67 8 30 39 10 48 0 112 68 0 0 109 55 70 24 42 101 105 56 18 32 54 24 108 0 45 60 8 28 60 111 22 0 177 124 0 0 28 102 72 0 56 64 112 60 0 56 52 102 161 73 15 139 13 48 40 28 80 97 59 87 28 12 63 8 23 24 4 64 22 82 40 99 54 150 203 
76 40 148 102 18 52 5 80 8 66 49 124 4 74 81 5 63 72 28 108 177 17 65 107 3 85 224 151 142 59 95 102 105 79 27 15 203 20 78 60 104 120 40 6 163 54 117 52 30 56 64 30 94 66 192 32 60 121 90 78 9 184 65 8 111 24 0 109 72 24 10 172 87 38 113 58 150 85 53 147 99 104 28 235 0 64 0 74 175 270 11 29 105 217 62 121 162 9 92 125 40 149 126 34 52 16 54 63 56 0 53 112 21 72 8 59 120 0 38 90 124 25 2 116 17 6 107 0 64 74 57 115 74 41 140 173 28 34 57 86 56 63 79 137 61 0 6 60 138 8 192 155 62 25 7 159 0 64 16 156 116 63 123 57 129 58 153 88 109 119 4 66 98 42 69 56 44 98 32 113 45 40 63 109 64 136 70 102 118 62 55 30 28 66 78 95 0 22 63 56 41 145 83 124 25 2 11 9 30 158 58 33 100 73 164 125 72 57 74 161 56 142 52 38 52 69 124 74 106 130 63 99 84 85 18 122 38 67 15 139 192 92 41 38 52 54 53 32 201 45 28 7 56 108 54 158 
74 29 0 28 7 0 9 110 14 10 32 82 0 95 153 74 59 0 80 0 145 79 104 0 10 20 37 0 49 30 56 0 46 34 81 5 146 48 22 0 123 17 98 24 85 30 64 56 34 89 99 8 24 14 42 77 0 14 135 0 120 0 27 0 54 24 56 44 12 30 102 113 36 21 140 13 13 40 0 58 43 100 54 6 81 54 126 132 149 35 78 103 0 66 3 83 56 84 0 0 60 32 12 100 51 54 139 24 57 167 69 101 52 32 69 64 63 64 46 53 0 18 63 43 0 84 78 257 69 90 56 2 14 27 0 48 0 60 45 93 0 57 24 86 102 63 35 86 68 3 63 165 93 56 109 103 65 36 55 0 94 101 0 41 27 51 0 72 136 107 6 59 16 62 5 90 64 41 46 100 68 26 9 5 9 27 0 108 31 71 74 83 10 0 32 121 180 93 137 54 40 36 114 24 100 56 43 6 27 37 69 41 132 95 84 81 24 36 0 7 71 27 96 0 80 24 35 0 0 72 75 16 101 15 157 4 56 97 90 75 162 48 16 27 107 24 164 0 0 27 0 119 108 171 0 0 
