46 147 150 0 208 0 83 116 21 150 162 104 77 48 6 33 103 45 23 4 110 67 3 54 63 125 72 6 95 79 29 24 53 18 64 169 90 109 319 146 96 48 29 54 77 113 126 81 46 101 10 93 75 63 116 108 18 67 97 53 98 183 9 0 26 140 120 36 38 59 93 96 55 122 146 81 0 109 42 160 94 139 59 99 59 0 12 86 20 79 88 8 31 97 20 139 100 37 95 12 35 0 0 106 195 208 102 60 264 116 0 54 156 167 110 91 64 68 89 115 48 0 139 71 108 66 74 49 126 0 91 44 30 24 36 96 96 63 123 99 140 137 80 8 30 8 18 171 123 59 159 135 71 60 50 29 26 45 91 81 40 8 79 132 57 9 52 112 14 46 64 8 24 18 133 177 82 123 16 106 78 30 107 42 38 87 221 148 30 54 81 28 110 53 30 97 100 81 21 70 139 10 42 18 43 149 36 0 49 0 91 65 0 21 42 75 35 101 71 14 128 17 118 29 97 27 184 286 167 9 38 143 75 73 155 24 0 167 117 91 114 53 56 107 138 22 27 9 18 1 150 86 8 125 100 135 
107 71 197 18 39 32 153 93 90 138 58 12 5 65 0 55 38 108 122 52 36 39 80 36 99 198 45 61 102 35 32 38 172 198 175 233 143 39 206 46 54 45 5 136 20 54 202 271 158 168 9 186 125 202 176 99 75 43 108 25 80 77 16 130 23 38 0 243 241 10 29 0 30 46 151 119 28 194 16 155 42 57 176 168 68 106 9 125 182 92 91 57 52 67 101 109 32 208 56 244 69 36 30 0 53 30 116 85 193 80 116 101 0 51 120 6 84 52 41 87 81 115 8 36 63 66 49 25 45 42 63 54 120 56 164 24 82 84 92 132 70 164 249 9 88 0 53 75 149 80 124 164 0 60 74 53 40 86 40 18 27 29 4 192 112 56 23 71 113 204 12 45 71 0 177 2 121 170 12 141 53 68 83 196 126 72 30 35 109 85 206 90 134 197 89 86 130 84 64 87 0 95 100 36 155 48 124 111 38 0 103 59 129 64 95 66 77 45 197 0 66 80 135 238 11 63 178 131 43 24 46 203 129 129 22 18 78 25 168 214 125 14 142 164 67 37 21 45 135 76 98 61 135 283 28 90 
113 8 13 36 31 0 1 7 36 117 105 12 15 90 30 60 25 41 7 68 37 94 0 70 86 20 32 4 0 80 32 145 81 18 22 174 5 24 104 109 8 16 32 8 14 80 142 190 70 16 8 12 15 13 34 78 18 27 152 0 62 180 34 42 1 48 103 119 35 20 65 24 57 110 57 12 0 139 24 108 66 32 108 63 58 154 0 195 24 65 87 6 42 36 36 40 138 6 24 21 78 40 3 57 108 57 66 4 22 111 176 99 54 36 77 36 0 30 88 3 80 24 24 41 116 0 70 56 90 14 77 0 97 23 0 88 107 40 84 128 18 76 43 24 42 12 6 33 38 47 25 7 110 81 118 42 60 104 28 72 12 1 52 0 0 40 16 62 0 9 72 36 149 72 0 0 28 28 32 57 0 17 144 110 85 55 24 29 65 72 48 64 1 6 69 64 78 17 8 119 15 44 36 8 53 60 43 94 34 46 5 113 88 10 15 107 96 66 62 106 30 64 122 75 7 24 34 116 65 38 99 67 47 41 44 4 110 0 36 46 191 0 61 95 68 66 56 64 25 15 63 28 48 42 0 59 
137 37 113 25 120 146 16 174 85 38 66 57 47 24 28 60 143 69 70 20 24 10 204 60 63 19 0 185 141 75 90 164 100 74 90 61 0 124 103 18 76 32 30 69 33 127 163 75 131 70 73 121 25 104 27 60 45 109 75 35 133 93 45 163 37 81 203 132 108 46 176 127 114 182 190 22 67 48 128 57 147 57 68 115 80 87 33 172 74 61 83 32 36 28 141 56 103 32 88 107 72 15 25 176 117 16 74 188 0 60 23 121 15 50 112 77 94 138 115 77 16 80 37 5 17 30 28 237 125 82 86 39 56 76 15 41 65 8 33 116 63 177 139 18 148 88 133 105 102 18 8 54 139 223 153 49 52 16 71 188 5 0 141 163 58 92 46 178 195 6 12 143 40 197 58 36 0 138 18 4 57 63 191 44 71 41 168 20 0 125 0 108 0 237 63 70 100 99 55 60 103 38 54 84 4 116 40 64 24 58 133 10 34 156 8 113 97 101 176 35 29 175 48 211 44 45 95 92 40 20 134 45 32 89 261 65 61 90 7 72 115 51 78 71 88 108 88 99 12 15 120 131 19 137 46 94 
0 96 12 99 98 0 28 75 0 83 0 6 69 55 24 180 48 10 0 51 32 42 0 81 107 15 81 0 162 81 88 129 94 30 38 32 103 197 54 84 115 52 36 103 70 56 25 62 45 57 99 113 30 33 69 17 25 100 83 32 25 40 12 24 16 16 55 159 126 72 36 8 42 35 65 0 88 149 99 18 42 81 153 21 0 50 202 32 63 99 28 40 140 49 0 107 137 113 72 84 27 27 68 171 54 56 39 72 24 107 7 7 203 62 150 0 144 63 0 16 171 36 60 36 56 36 12 90 24 6 81 53 123 120 39 107 134 48 66 5 69 0 160 80 63 42 0 99 42 74 16 8 148 25 32 114 72 67 34 46 82 0 15 0 34 33 120 30 113 66 4 16 128 48 71 0 0 1 109 106 45 127 20 21 28 27 0 35 0 109 89 4 48 7 163 5 128 16 93 103 94 63 0 20 45 40 38 42 0 56 45 48 116 45 82 36 99 12 0 114 0 0 36 86 4 48 77 133 106 63 24 95 161 0 77 36 37 30 0 124 39 98 44 42 65 20 69 17 0 0 8 73 0 248 32 25 
101 0 0 85 0 0 41 18 142 16 92 15 3 77 32 136 141 128 24 62 24 122 63 50 74 6 15 16 44 32 10 48 140 48 8 88 48 38 36 77 93 0 40 107 66 132 6 62 0 18 66 36 30 112 64 70 54 14 64 66 41 118 29 65 74 0 56 72 21 0 76 48 49 24 29 49 7 131 62 45 37 54 230 89 85 92 8 42 0 4 112 62 54 145 14 5 85 60 51 56 118 32 105 52 12 36 0 70 155 111 16 28 38 73 83 0 46 74 192 110 66 115 57 36 56 81 56 24 172 65 108 74 50 36 90 40 85 61 0 16 68 71 179 13 42 18 0 52 76 31 0 68 81 111 10 78 9 17 112 54 68 42 26 113 78 86 86 0 130 32 0 42 39 82 76 0 32 70 0 120 0 9 56 89 28 32 0 0 70 52 97 0 42 159 85 0 117 42 0 204 0 0 28 21 35 74 0 30 28 68 16 36 29 0 33 70 8 42 77 72 127 0 153 68 140 54 40 112 126 16 168 195 84 181 102 0 98 12 106 114 118 0 97 35 275 90 61 142 126 40 56 28 58 79 4 117 
56 44 123 4 28 50 48 109 58 63 196 49 30 61 55 28 36 4 14 12 0 38 0 0 0 12 81 92 79 108 54 96 0 46 113 25 18 0 0 0 12 0 0 0 41 99 59 68 0 63 138 156 49 40 56 177 73 118 77 28 0 12 69 115 58 32 68 133 56 0 60 28 202 50 52 0 126 36 24 64 28 121 107 51 0 133 38 56 92 126 0 0 46 0 63 88 30 0 52 0 15 48 49 59 34 59 42 0 79 21 0 162 63 66 81 16 70 62 38 28 65 0 94 72 8 122 147 84 6 89 113 113 0 120 51 102 64 82 84 18 21 33 7 61 118 0 0 54 124 64 43 0 75 109 39 0 106 0 45 74 50 4 24 76 0 20 148 60 40 0 99 4 112 72 0 57 33 0 6 117 0 0 42 0 142 49 61 7 67 56 61 57 0 46 4 60 123 88 108 84 7 35 28 16 193 64 9 71 94 63 123 45 18 0 135 48 21 106 194 28 32 52 74 153 49 24 0 104 56 0 183 178 10 23 40 62 18 135 6 89 56 14 103 73 93 21 33 28 22 22 134 15 40 72 16 45 
72 50 109 24 6 32 119 112 30 126 132 44 66 59 4 9 171 0 51 37 28 50 45 63 45 66 0 21 95 54 86 39 125 8 63 17 60 58 196 136 24 56 0 67 20 28 46 52 35 27 33 72 18 87 10 66 0 118 109 49 40 5 78 16 56 38 114 16 139 73 126 0 130 54 0 35 78 60 10 47 27 99 15 46 42 8 43 49 80 17 45 27 35 62 104 105 10 30 54 0 13 48 33 55 72 122 76 127 0 21 28 79 42 18 50 0 76 26 6 31 0 45 48 63 93 64 36 39 0 81 108 68 3 21 12 48 8 27 0 72 110 88 139 85 159 21 46 26 64 38 61 27 108 33 0 24 14 56 21 0 24 40 23 61 44 59 35 31 57 30 131 42 0 47 70 77 110 6 34 15 0 90 31 15 0 33 42 91 30 0 44 66 24 40 36 8 88 132 58 106 56 0 40 28 16 6 55 0 83 24 39 108 1 42 29 25 36 0 98 40 73 37 59 31 48 0 28 143 84 77 115 34 36 8 60 82 0 43 44 116 49 21 54 76 51 18 15 24 58 24 24 0 67 88 46 56 
41 171 216 81 163 135 120 175 56 93 90 12 139 41 179 45 0 0 179 26 38 100 43 24 28 59 51 56 32 110 18 76 64 8 0 132 94 36 135 169 96 129 12 7 15 180 105 105 115 78 63 3 94 18 77 71 90 0 109 143 27 153 0 27 0 88 63 102 87 65 95 0 24 8 4 40 75 79 87 24 93 9 187 162 11 93 1 110 107 126 35 68 20 46 0 108 83 136 27 60 0 176 84 49 72 103 96 37 80 20 32 29 69 9 164 56 203 66 3 6 0 46 111 12 34 8 118 28 50 61 45 54 9 2 87 72 33 72 42 0 30 47 145 91 64 227 21 95 3 69 22 32 78 16 10 138 72 38 151 103 42 80 168 0 28 89 141 42 172 193 43 72 136 104 4 63 24 5 31 74 28 48 156 149 9 35 64 128 28 97 171 63 155 48 66 8 40 120 92 102 36 64 12 0 91 0 77 166 0 26 56 145 48 103 121 37 185 90 129 90 32 180 107 111 58 24 115 174 80 1 93 143 78 180 0 48 0 134 63 0 20 35 150 6 41 96 127 5 76 101 59 54 89 6 50 54 
16 89 28 0 49 94 61 40 30 50 73 57 25 8 4 99 44 112 163 90 0 24 21 35 26 26 22 64 68 65 45 76 67 0 118 40 53 37 88 38 23 85 0 42 72 63 48 219 88 48 108 42 4 86 47 68 18 125 122 3 45 123 135 110 156 33 28 88 72 162 51 52 30 46 50 24 0 85 18 24 16 76 9 54 26 119 30 76 42 107 95 30 20 61 24 68 111 118 90 78 14 21 26 13 50 58 1 38 81 14 76 20 62 0 104 18 51 71 11 30 68 27 14 184 98 102 30 33 48 50 0 121 80 52 19 68 0 45 24 30 35 20 146 5 50 58 24 27 57 28 47 76 169 53 42 4 10 18 161 50 122 61 68 64 21 14 30 10 18 142 71 46 23 77 21 0 56 14 24 94 25 42 29 64 99 0 103 81 37 50 8 36 9 64 23 57 40 51 67 106 28 106 30 25 45 40 54 57 93 7 50 75 152 72 0 54 176 91 9 24 89 79 53 97 0 58 40 82 9 10 92 87 65 0 96 97 24 0 18 0 13 18 0 181 0 35 69 83 26 30 60 107 6 0 85 86 
16 130 164 36 28 72 195 96 104 71 77 144 4 53 0 83 71 8 135 135 144 156 77 128 49 81 64 0 98 127 75 72 109 181 0 156 108 96 270 154 160 65 127 54 44 98 88 131 56 174 0 87 13 99 34 32 38 91 99 212 89 158 101 199 0 24 296 114 126 100 174 63 16 72 116 27 0 7 24 77 101 63 80 56 63 120 7 85 132 32 129 7 78 28 113 130 78 53 56 15 40 27 109 91 62 119 62 60 181 95 90 50 0 72 128 25 49 25 124 121 99 112 140 30 160 27 128 76 114 51 125 34 84 181 51 106 0 35 134 97 224 7 105 13 24 52 115 53 109 12 40 97 246 134 6 93 74 70 0 87 119 0 71 53 56 70 72 18 45 6 44 107 260 68 47 55 3 63 26 65 45 40 88 0 87 36 34 77 97 48 212 45 35 164 34 216 95 106 98 114 139 73 87 0 70 12 10 0 91 80 101 57 25 0 83 286 51 48 246 12 35 32 53 87 229 0 155 132 229 2 223 185 86 131 127 0 140 145 92 138 140 42 32 158 122 71 0 81 0 12 149 100 50 87 8 32 
101 54 38 10 106 90 146 173 86 24 107 109 52 72 0 145 24 3 84 99 95 31 79 39 28 0 35 12 115 100 99 114 106 61 57 72 2 41 294 49 24 116 60 117 12 125 113 91 31 64 54 22 62 44 109 87 75 48 0 60 135 169 81 77 52 229 87 92 92 93 141 24 25 6 67 19 0 153 174 99 92 84 18 68 67 169 0 135 75 74 95 51 58 66 124 74 40 42 51 48 74 3 76 45 49 91 23 102 51 38 66 51 42 16 145 0 30 78 45 30 18 39 61 73 82 65 46 145 61 113 30 8 128 53 8 135 0 66 86 135 43 215 190 24 198 25 28 61 38 93 60 40 177 115 8 88 84 85 69 156 89 35 138 122 27 63 23 120 175 146 56 4 190 46 52 76 78 33 21 64 111 119 151 116 103 40 24 120 102 90 129 33 72 112 23 9 104 97 11 75 35 45 103 34 64 142 74 32 83 6 90 88 43 149 22 183 22 79 33 65 68 0 65 77 96 18 0 98 61 58 103 223 25 191 15 23 30 114 88 76 75 0 95 29 177 12 87 42 74 16 67 101 90 93 98 83 
93 44 182 81 211 62 92 85 96 25 15 275 156 40 72 6 16 82 123 127 7 26 86 30 51 90 27 35 135 102 33 146 59 101 60 84 44 27 131 42 41 30 87 32 51 69 154 123 99 64 169 145 46 82 90 120 51 0 79 124 162 53 224 30 72 43 141 129 147 63 122 155 125 12 195 86 107 0 104 130 69 220 81 89 20 142 48 250 100 156 154 5 69 67 74 33 135 90 80 124 12 67 24 100 70 122 0 92 255 66 86 210 20 79 156 63 172 178 100 92 15 207 26 145 312 122 27 308 213 21 84 188 136 45 72 161 150 45 167 183 18 36 154 30 191 26 116 233 135 144 41 86 162 98 84 19 58 146 94 86 49 8 123 140 128 3 75 161 211 112 7 108 325 87 51 25 0 128 0 104 1 75 178 81 76 42 124 12 55 130 92 138 63 61 24 0 87 186 129 256 40 21 9 37 83 61 133 48 79 28 85 59 66 0 79 130 72 427 71 124 101 26 151 164 8 252 224 66 40 56 173 86 125 172 177 132 21 67 33 14 70 76 69 117 73 104 18 11 154 84 174 162 30 121 105 92 
40 32 62 111 88 116 213 58 95 88 110 44 41 157 27 47 60 3 18 0 91 6 94 27 72 13 113 16 15 99 50 1 75 49 40 97 19 52 67 38 84 122 27 162 18 99 10 18 59 84 149 0 16 36 70 70 15 0 88 64 129 47 58 9 37 78 82 85 74 107 77 17 70 72 87 0 30 158 107 64 46 119 54 85 36 6 64 178 44 45 120 37 115 15 17 113 114 28 116 24 24 50 65 79 50 51 0 70 66 13 39 194 2 71 86 87 84 112 16 3 63 32 37 4 23 20 69 9 39 0 44 69 19 81 30 92 6 113 73 0 46 84 90 81 117 32 19 41 160 39 119 57 148 72 21 175 40 6 145 47 92 0 129 50 1 116 67 141 107 7 43 68 92 27 0 55 64 3 25 150 9 89 14 78 6 68 69 118 0 56 71 127 69 159 0 0 34 35 46 94 3 30 39 9 125 0 45 55 36 28 168 116 47 59 33 12 28 13 42 155 14 48 73 98 72 27 28 106 92 14 102 45 64 65 35 30 47 115 23 0 0 62 38 21 130 58 34 4 0 9 106 8 8 63 56 97 
27 0 5 0 40 83 60 10 29 0 145 42 30 0 2 0 46 0 0 28 72 63 27 3 18 1 5 44 48 0 18 63 0 35 133 0 63 0 41 57 146 81 8 45 9 0 0 81 30 0 207 9 25 0 36 6 22 16 0 9 0 8 0 21 0 36 14 47 9 9 29 0 68 0 0 63 72 45 0 63 60 32 0 20 72 16 17 28 4 44 148 35 84 36 25 67 79 0 49 30 49 9 7 8 88 81 45 2 6 3 27 3 51 0 8 0 32 0 14 16 72 0 27 0 0 76 103 24 63 35 31 6 0 1 0 77 8 45 8 149 125 139 86 46 75 35 0 32 52 12 35 42 54 12 63 0 7 0 108 32 65 0 42 53 0 42 63 34 101 72 44 14 0 28 0 26 148 95 0 30 0 0 25 0 6 17 6 15 0 0 7 0 10 21 14 6 41 0 35 61 93 5 9 5 112 63 33 42 54 56 15 0 0 87 0 89 0 28 9 4 36 35 84 42 0 0 42 81 8 27 63 56 0 45 32 12 77 124 50 9 0 65 0 100 0 26 0 0 7 27 35 1 51 10 19 72 
133 54 34 2 69 3 14 48 8 36 53 23 8 96 122 114 198 150 18 15 58 7 92 0 30 28 7 0 124 30 24 21 72 31 130 9 100 45 62 105 0 0 75 30 0 0 31 9 73 30 0 45 98 0 38 110 9 0 94 77 21 6 41 84 56 145 12 62 103 35 73 24 124 0 0 63 0 0 54 21 0 0 84 42 123 35 61 7 132 57 84 51 36 69 35 56 18 0 113 0 21 64 63 2 71 126 42 78 15 72 7 42 9 76 0 101 56 0 0 0 17 40 0 18 72 61 28 25 93 61 126 0 106 27 80 122 0 0 0 0 61 63 49 7 0 0 0 32 47 54 0 0 92 149 14 14 35 14 28 0 69 2 0 63 0 63 124 0 117 154 91 0 100 56 75 22 63 94 21 16 8 7 59 0 0 48 63 0 67 10 0 27 81 0 0 79 39 50 0 99 79 0 36 50 91 4 56 24 42 81 0 63 81 135 14 72 50 0 54 0 115 16 121 40 0 80 0 63 90 49 49 22 0 133 0 120 4 56 76 57 21 40 35 56 45 81 0 3 96 0 148 81 80 45 0 0 
62 65 45 36 0 5 35 58 39 42 78 15 35 50 45 80 51 49 139 75 114 0 27 15 35 14 53 0 25 0 145 98 14 168 47 49 96 44 39 112 37 61 21 98 3 138 127 68 32 54 98 67 0 42 28 51 0 63 23 9 0 83 87 58 68 64 97 55 56 65 73 0 50 12 78 40 78 0 55 98 21 0 60 30 34 55 0 45 10 61 46 127 72 55 36 159 75 0 24 24 0 15 69 3 40 28 12 34 66 78 77 82 70 108 68 84 25 115 40 34 35 146 82 65 36 207 31 99 90 16 69 3 59 125 50 63 13 28 48 0 54 137 106 69 36 38 48 111 152 46 0 12 80 24 45 21 81 37 59 6 73 42 0 40 22 38 60 18 28 58 4 83 96 24 15 40 0 60 0 24 48 125 80 83 44 18 171 0 45 118 32 31 64 49 33 121 14 58 63 91 10 116 15 61 37 56 7 9 101 3 0 47 96 0 75 58 24 52 82 0 123 62 0 84 0 0 90 40 48 1 79 164 22 72 14 104 64 43 83 69 62 84 55 35 0 24 6 35 123 76 0 36 55 24 45 52 
42 108 12 35 60 63 142 72 15 28 0 4 6 21 0 28 111 56 45 42 48 0 104 24 76 37 42 0 5 48 72 0 0 42 63 30 90 52 87 54 0 138 21 24 48 36 86 126 0 6 0 99 0 18 18 40 0 29 35 42 0 157 43 0 24 92 36 0 58 84 54 44 142 20 0 45 81 0 25 27 37 32 18 45 133 0 37 27 0 45 46 53 62 69 40 0 0 62 0 66 0 0 99 88 87 2 106 36 16 36 0 0 44 10 44 35 0 62 2 48 24 36 40 74 92 36 78 54 24 26 14 90 50 38 48 126 28 0 0 0 151 153 69 0 79 0 0 36 9 19 16 41 6 44 87 0 0 26 0 0 164 0 23 76 4 8 88 18 0 20 40 31 0 53 0 54 81 0 0 18 0 51 46 39 12 66 40 72 72 24 30 0 64 46 8 14 136 31 30 56 0 0 96 30 71 137 24 81 9 0 48 117 66 27 28 81 63 20 127 189 40 126 0 45 182 40 84 72 4 3 64 0 5 0 18 96 106 101 6 96 63 70 60 39 71 63 40 66 45 42 16 109 77 84 0 0 
64 0 77 14 55 40 84 113 52 117 40 61 194 61 36 130 7 92 40 42 0 61 112 0 153 79 20 57 0 64 48 50 147 43 28 182 189 27 39 57 174 234 229 90 25 79 63 42 8 223 14 49 48 98 117 62 10 18 59 12 72 104 55 119 85 56 124 54 141 27 7 157 54 46 136 0 110 63 94 58 4 55 222 187 44 127 32 117 29 56 147 31 220 21 88 127 47 85 9 99 0 48 216 27 16 102 15 46 118 79 50 102 84 84 40 6 6 45 85 174 165 83 128 49 117 62 104 141 138 27 73 20 144 20 106 6 35 89 97 60 208 104 101 48 52 51 108 26 44 90 74 15 263 127 26 124 25 21 94 0 33 7 153 72 0 0 0 187 54 148 66 32 96 81 4 19 0 6 69 42 24 246 88 54 0 44 107 72 160 66 42 2 151 218 10 93 59 41 81 32 53 79 33 4 102 66 92 17 0 52 43 131 88 25 36 76 16 9 81 72 84 28 30 154 60 49 83 88 29 34 48 160 72 63 108 183 134 20 88 67 37 89 12 96 128 6 30 57 13 32 105 33 44 128 4 66 
15 47 109 57 72 0 197 194 74 107 72 72 2 32 98 42 25 0 153 53 217 58 52 12 75 27 103 12 157 144 0 115 20 45 20 81 35 98 251 78 82 68 60 104 31 59 70 123 33 67 17 0 23 39 63 89 15 96 74 108 15 168 5 7 81 57 29 45 103 55 28 24 0 7 103 10 0 0 67 5 20 172 72 83 99 21 33 175 77 55 88 212 18 199 143 66 12 27 42 70 0 24 137 33 96 107 105 64 75 67 136 57 12 51 2 28 18 123 8 0 82 41 9 91 108 0 21 1 6 129 41 54 117 44 17 21 1 39 123 9 121 135 74 80 33 1 80 58 170 42 155 0 65 17 14 92 24 53 20 5 0 0 201 21 15 28 18 106 88 136 3 0 175 53 91 142 108 72 8 78 35 44 39 0 0 61 138 79 0 72 72 103 41 75 12 88 59 75 42 115 20 5 0 28 52 4 21 22 128 0 94 67 62 26 2 150 98 159 101 49 4 21 68 35 106 42 0 175 80 78 144 87 0 153 0 36 11 74 52 84 18 0 64 159 108 33 0 0 0 99 15 25 69 66 64 6 
25 72 99 44 128 31 48 94 60 0 72 102 121 14 63 21 62 64 118 30 87 29 68 54 108 0 49 72 121 126 0 33 56 82 122 78 60 128 144 70 86 189 17 69 11 0 48 126 72 30 6 140 63 50 67 30 30 14 78 57 82 108 7 40 6 38 66 78 84 0 66 0 20 24 54 8 107 0 24 17 11 18 75 119 94 56 43 91 70 72 64 63 54 39 68 81 61 28 0 30 84 82 93 104 117 177 37 54 18 29 49 52 99 20 33 30 56 109 30 102 248 35 127 64 46 0 86 175 143 0 58 30 31 14 12 109 22 51 3 145 135 57 15 10 76 0 123 138 56 73 57 11 66 81 38 116 81 0 109 0 77 0 9 59 40 2 101 98 112 72 58 25 45 0 53 82 75 56 0 63 6 74 66 14 16 40 65 0 0 48 16 6 14 92 0 88 15 65 106 93 100 87 18 12 85 52 42 45 16 32 122 104 68 91 24 82 71 63 222 116 71 47 151 0 51 10 168 104 42 0 29 62 37 72 67 84 8 26 49 72 0 27 0 17 56 64 24 52 18 0 196 19 57 33 0 8 
59 90 182 48 160 127 139 45 72 12 49 40 6 44 45 6 45 7 98 18 72 28 84 54 93 171 49 0 42 27 72 12 98 32 14 81 80 81 56 67 32 20 6 0 99 0 18 20 0 117 39 0 13 51 16 23 50 0 56 127 25 19 6 8 29 56 24 92 98 31 101 36 0 23 112 0 14 20 11 17 61 0 154 63 0 69 27 63 46 59 4 5 53 0 63 17 36 61 26 36 40 50 15 50 42 2 85 32 2 0 48 27 66 153 87 18 16 54 26 33 25 0 75 136 66 60 98 32 10 51 95 73 21 56 9 116 15 54 25 27 191 15 188 65 41 14 0 90 8 17 2 24 46 7 66 55 71 0 31 0 138 20 76 16 9 58 25 0 56 180 63 5 142 89 8 77 98 105 10 89 5 120 40 73 30 81 64 64 38 6 70 4 117 34 3 9 7 9 155 94 0 45 122 81 167 72 29 25 43 0 101 47 15 20 63 63 14 220 61 125 15 63 10 59 56 83 14 80 48 21 66 40 0 0 97 28 15 10 16 99 29 48 124 46 18 35 33 23 10 147 0 0 134 94 12 0 
44 85 248 42 67 73 35 66 80 48 79 58 34 82 24 45 44 82 119 9 36 33 9 123 21 22 27 8 103 38 153 25 71 35 23 6 76 14 192 54 66 54 2 176 50 66 149 6 48 72 30 156 33 104 96 91 75 88 119 9 81 68 18 4 91 142 101 59 101 114 98 74 85 109 104 9 90 50 62 20 11 73 142 80 77 48 49 119 72 27 41 86 180 56 69 0 89 90 41 10 20 46 165 85 60 36 36 141 104 63 55 75 96 162 196 120 0 39 51 20 40 20 165 96 56 157 128 149 118 45 21 37 82 64 15 42 68 45 32 32 62 102 89 34 34 83 48 60 117 64 44 48 71 131 88 9 51 15 10 14 67 72 37 58 50 81 169 73 120 73 49 28 112 81 42 56 13 67 71 50 28 12 131 70 133 18 163 86 12 44 15 10 27 119 34 33 113 0 49 65 37 32 35 41 70 42 31 12 74 36 66 28 38 20 139 37 30 122 75 42 138 93 56 71 115 18 48 66 141 15 89 192 0 24 53 99 95 0 39 51 6 36 30 181 69 2 15 38 57 72 78 73 25 100 0 48 
80 51 34 0 8 0 31 38 32 8 57 42 19 35 0 55 48 46 0 72 28 4 30 32 0 2 10 12 9 24 21 36 30 54 42 36 22 34 59 36 18 7 44 55 67 21 5 38 24 28 0 46 75 105 17 0 24 75 119 50 64 53 40 79 0 36 164 38 112 64 85 24 0 108 30 55 0 0 0 114 0 48 61 44 54 63 4 118 162 66 36 6 62 26 77 83 3 14 36 18 4 120 109 41 41 81 0 18 96 34 0 34 85 79 64 48 47 72 27 22 72 12 100 18 32 27 119 99 62 6 0 18 24 24 46 114 26 16 0 56 30 0 8 18 24 35 54 80 88 79 12 18 42 86 46 8 42 28 54 8 0 0 5 23 0 63 152 64 63 10 36 0 66 70 16 72 72 38 40 0 12 75 38 0 8 28 32 15 0 24 57 6 20 65 12 85 0 0 0 141 17 42 41 90 24 66 34 0 63 9 36 12 42 38 47 239 39 25 72 72 76 36 189 42 32 0 44 91 64 5 118 0 30 166 62 11 30 48 32 105 12 28 2 14 86 44 24 90 52 30 75 10 54 67 0 23 
53 72 12 63 0 36 40 76 4 42 39 14 18 16 4 68 0 4 26 9 32 0 2 61 92 26 16 68 0 127 31 9 2 48 24 95 80 74 81 66 44 26 73 107 56 72 28 101 47 107 102 34 0 24 84 56 0 20 49 16 4 16 0 36 16 87 81 89 103 64 66 144 36 12 0 0 0 92 151 20 36 87 70 20 21 56 75 51 6 5 38 132 96 0 45 30 48 46 158 0 8 50 38 78 22 32 8 26 20 140 10 4 68 0 21 20 101 30 21 4 57 45 79 76 39 64 42 64 82 47 0 96 0 122 20 144 13 78 33 13 28 62 104 49 70 19 0 52 42 20 55 6 149 111 0 36 16 27 84 20 28 0 0 26 20 24 0 43 72 48 0 0 21 58 24 51 20 0 54 64 27 77 35 54 8 0 56 135 115 16 25 18 20 47 48 11 84 4 2 261 68 54 39 0 10 0 106 34 49 0 79 24 66 102 26 83 118 32 28 107 49 12 8 62 21 100 0 0 56 35 15 66 88 0 0 35 0 36 120 32 93 0 12 14 41 0 9 28 24 18 110 41 15 98 65 85 
68 49 40 52 51 32 88 30 18 45 8 37 37 58 0 18 52 0 16 18 0 70 45 0 53 18 0 32 54 30 34 56 129 38 35 60 12 0 116 20 62 111 0 27 0 8 111 71 32 0 12 128 79 24 65 113 24 72 112 32 76 34 41 0 56 53 108 26 47 25 22 0 15 52 5 96 0 54 46 113 0 44 74 64 0 61 63 37 40 118 117 0 35 6 4 67 84 0 10 0 99 12 23 20 36 153 29 48 20 33 80 152 62 51 13 0 46 24 0 0 96 36 67 36 20 76 60 28 16 0 4 20 113 1 20 5 21 75 55 72 53 2 43 2 138 0 10 72 64 62 51 12 84 35 53 24 48 70 102 48 0 0 48 10 40 70 0 0 81 92 11 16 0 36 54 0 54 9 0 70 8 17 76 76 28 10 0 40 70 54 24 20 0 88 46 5 25 30 0 96 0 0 76 2 38 40 70 8 0 0 6 30 107 63 34 84 5 0 57 85 50 57 76 96 0 112 48 88 0 0 24 92 6 0 36 0 73 18 12 42 30 27 0 76 0 0 12 14 68 18 52 90 57 50 0 0 
68 55 130 43 63 115 96 65 81 122 203 92 65 85 0 91 65 78 16 48 0 0 65 29 12 80 21 65 123 102 61 105 49 126 74 83 104 49 283 149 96 65 38 197 120 77 119 89 86 46 17 100 56 126 51 65 48 143 213 73 91 150 55 64 18 124 195 59 249 61 122 72 138 96 109 0 75 133 16 186 22 0 32 14 91 10 9 186 88 128 57 146 101 100 149 113 136 97 62 123 14 22 225 127 77 35 90 7 154 114 8 106 66 77 46 5 73 114 131 6 8 104 244 118 26 185 236 257 10 40 91 12 6 64 81 158 72 24 128 142 40 176 61 74 123 42 15 75 235 58 92 146 98 152 28 40 200 167 177 15 105 81 68 344 101 35 58 99 123 93 98 7 28 74 14 0 20 20 33 161 50 126 160 35 28 111 55 158 84 133 233 209 82 74 90 179 191 103 7 341 68 47 136 2 143 16 42 28 90 96 126 45 74 12 68 219 76 108 243 86 81 181 92 64 193 0 126 130 209 28 235 137 119 164 114 80 142 59 126 239 244 73 76 103 147 77 57 64 113 117 182 36 155 78 72 42 
21 4 38 7 23 32 92 8 42 0 39 4 16 105 56 64 0 81 29 49 67 5 0 54 66 45 68 16 12 0 0 29 112 0 99 63 0 46 15 0 0 49 0 12 0 61 8 86 0 42 0 54 14 76 68 48 63 0 73 6 10 59 76 40 9 26 26 43 22 0 65 24 77 60 10 8 0 38 28 32 0 63 0 0 53 121 29 52 7 14 10 0 48 23 24 98 57 54 43 40 0 0 28 0 0 49 42 0 35 77 0 91 37 81 0 21 12 0 64 0 56 55 12 50 80 78 34 12 131 8 38 2 14 42 3 16 28 21 49 0 4 50 122 0 20 0 21 16 54 46 20 12 0 16 68 52 7 49 42 1 29 9 12 14 119 51 0 8 4 20 56 18 7 0 18 25 0 7 76 108 0 7 16 77 4 0 14 16 55 0 104 0 49 43 10 8 42 207 6 32 21 68 1 21 42 75 0 0 14 79 80 59 27 24 6 23 22 49 0 63 16 0 49 154 2 35 30 16 1 8 21 86 142 61 43 2 2 16 0 58 12 79 0 14 16 21 6 0 64 0 68 58 7 8 56 93 
1 122 81 35 8 90 88 67 54 0 52 12 29 64 68 97 48 11 110 71 5 26 108 52 28 33 4 9 184 67 64 49 37 80 24 60 57 28 104 36 55 0 64 32 0 21 127 48 68 28 108 70 35 25 49 72 15 25 25 0 56 1 94 20 66 32 140 57 167 112 60 50 28 70 18 14 33 21 44 52 45 62 69 41 16 33 4 36 96 72 5 58 45 0 106 77 126 0 149 24 8 38 0 6 26 52 34 136 16 64 46 97 67 108 224 98 54 5 56 87 40 0 18 12 36 48 62 150 49 117 136 35 15 103 6 63 21 29 0 56 104 35 50 0 94 54 56 81 10 69 6 46 151 89 42 18 9 0 30 107 87 24 59 15 11 38 50 56 19 69 126 35 311 18 24 79 15 0 33 55 9 101 60 27 83 9 74 137 15 63 62 0 0 97 8 15 89 18 33 66 10 33 13 53 26 117 60 0 0 40 45 38 93 0 30 153 44 82 36 134 104 103 44 188 62 81 110 88 202 12 42 138 0 18 16 35 44 16 64 12 31 36 84 188 42 21 50 36 91 33 56 60 127 0 4 7 
3 23 82 2 0 54 93 5 34 4 6 0 0 4 0 74 0 48 16 9 98 42 57 66 6 84 82 0 22 82 0 54 0 0 54 4 0 28 128 51 40 38 62 0 64 34 40 46 0 33 7 54 0 26 16 48 25 52 30 1 80 142 16 18 25 71 43 76 100 73 18 0 56 0 2 54 8 2 28 18 86 69 0 31 52 0 69 62 28 54 169 35 66 38 48 0 48 3 47 18 42 1 54 24 30 8 66 20 8 25 0 112 4 12 7 40 8 36 0 7 0 0 6 53 5 50 0 6 7 78 12 24 4 43 27 4 0 6 45 8 58 71 102 6 69 31 62 54 6 12 40 57 0 0 48 32 0 45 0 17 11 0 116 102 80 0 15 0 64 46 6 0 18 56 116 5 12 2 4 4 12 2 4 26 4 0 48 32 54 0 8 12 0 29 0 5 54 0 0 128 49 0 24 6 28 30 8 36 48 64 43 30 48 101 27 114 6 30 54 42 36 42 32 4 84 0 38 4 35 25 85 16 6 17 6 15 68 80 26 140 57 31 19 83 62 0 27 38 0 0 9 78 16 84 100 0 
0 6 38 3 0 0 16 12 102 38 24 5 15 81 61 63 0 0 21 0 7 0 22 0 86 12 54 36 17 12 30 17 114 0 45 35 75 39 24 9 0 45 0 72 2 128 12 0 0 27 0 0 3 15 72 6 5 48 66 30 16 9 64 18 0 0 6 27 6 6 1 0 78 33 0 0 0 69 28 6 0 30 48 46 41 87 64 10 70 18 27 0 34 75 0 48 0 0 36 0 0 3 9 9 3 35 0 102 79 103 28 107 65 0 18 12 105 5 0 9 117 72 5 0 44 72 28 30 45 43 0 56 32 31 0 1 0 20 63 0 28 27 48 9 32 0 4 0 16 49 8 0 51 56 0 2 9 0 0 0 25 3 9 68 0 77 84 7 0 27 2 0 24 44 0 18 0 7 1 78 30 50 40 6 90 0 108 66 75 51 24 4 112 29 40 18 52 30 8 67 27 12 12 0 60 54 0 0 0 69 0 104 44 0 21 17 16 9 16 155 72 3 34 77 64 24 12 25 59 0 83 27 9 61 9 83 0 27 10 70 56 8 3 15 32 0 27 36 16 12 63 30 0 56 0 40 
14 80 12 70 7 0 93 42 44 0 108 30 8 144 0 241 35 5 18 0 81 68 26 221 94 161 20 45 15 0 48 56 97 86 55 170 92 114 51 18 62 64 36 56 0 66 20 78 65 42 80 9 4 18 66 15 94 20 100 46 86 72 103 65 78 93 13 193 52 35 146 73 14 75 0 19 6 112 26 171 0 0 45 103 12 215 71 28 84 37 70 64 37 18 12 36 34 136 88 20 15 129 20 99 92 81 48 6 21 52 9 54 74 0 0 18 20 184 44 16 168 76 53 80 29 16 62 32 92 40 25 0 24 86 0 26 6 43 42 93 18 15 150 10 28 55 40 126 4 93 56 24 73 89 9 14 14 94 0 26 79 14 78 21 74 57 87 0 77 54 78 61 40 40 88 29 107 36 36 36 5 75 86 46 13 3 117 56 115 45 195 79 152 70 51 28 64 70 52 178 62 46 12 0 30 17 61 4 71 10 51 48 153 63 108 149 109 64 84 341 89 39 99 108 0 98 8 116 6 67 98 23 42 84 9 15 20 48 3 217 179 9 24 31 79 0 37 55 55 76 72 54 101 133 20 0 
23 89 137 40 42 27 93 112 39 148 42 103 17 16 51 41 46 107 53 10 68 10 24 0 27 55 64 32 93 43 45 46 76 54 101 80 36 7 133 120 18 89 15 73 91 129 112 93 76 60 0 56 42 177 0 0 37 90 157 45 50 93 84 53 60 48 99 0 41 84 11 120 30 21 98 0 9 11 141 34 86 6 101 124 16 141 18 134 70 94 14 118 21 3 108 99 73 55 30 30 24 30 133 35 9 94 75 81 51 43 4 52 3 0 7 3 0 101 3 26 8 102 40 58 102 33 62 40 107 70 0 30 64 70 31 88 93 60 74 27 48 13 81 80 67 56 37 36 54 39 18 90 128 104 51 40 82 35 79 31 15 36 92 48 49 87 26 52 42 15 45 57 0 36 56 0 15 10 0 0 90 84 78 0 0 0 42 35 5 42 0 97 0 60 0 90 0 65 8 147 3 25 28 2 60 8 17 60 90 49 60 64 24 15 28 108 48 34 108 51 15 47 15 167 0 36 107 48 68 25 143 57 123 35 67 40 8 58 48 75 30 49 28 5 161 57 24 0 30 48 17 97 5 120 0 112 
43 85 88 43 81 64 80 95 18 27 122 0 91 0 150 34 72 148 125 15 135 106 77 0 54 27 50 135 211 161 16 114 26 79 63 0 81 107 87 244 190 40 15 6 12 80 30 147 129 75 135 274 81 9 40 137 96 5 84 57 99 38 84 107 54 233 50 12 93 121 81 36 124 46 15 66 92 6 51 69 0 20 40 110 31 76 60 54 97 172 117 39 28 39 138 116 169 10 94 68 29 32 27 24 138 89 28 54 74 127 35 59 10 129 203 0 45 21 73 8 42 0 74 52 93 120 160 100 124 15 16 48 70 66 6 24 0 0 18 81 21 0 107 90 128 62 68 150 54 60 8 72 219 96 0 50 96 12 30 76 45 0 35 0 15 67 152 54 153 32 151 10 168 72 15 56 0 108 121 67 9 0 8 4 57 53 75 72 56 126 144 40 12 7 52 117 36 213 14 51 33 49 0 57 204 21 36 21 93 124 53 84 51 129 134 225 119 172 107 46 57 178 16 64 0 63 96 104 75 34 86 110 137 68 45 106 90 0 111 135 52 0 85 67 15 57 42 56 0 176 143 94 43 70 0 94 
41 42 96 19 86 15 85 67 42 117 28 142 36 73 64 34 56 63 16 18 131 61 0 86 59 92 57 0 72 94 154 80 82 80 21 20 87 71 68 80 42 68 0 49 36 45 96 32 67 96 0 0 12 25 24 165 0 0 47 154 54 15 2 0 27 81 84 74 24 52 96 135 82 2 54 0 40 25 75 89 64 32 30 60 163 101 0 30 68 159 30 57 71 43 117 72 99 218 135 63 24 64 60 133 30 20 52 134 35 78 16 131 89 48 107 27 49 32 36 24 145 0 16 0 57 18 47 181 64 32 144 64 10 68 36 160 24 5 74 0 71 36 98 31 47 81 33 225 16 2 126 157 110 113 32 4 47 36 0 75 75 0 0 0 30 24 36 24 41 27 162 88 64 65 52 20 63 59 24 0 0 60 8 74 92 76 88 81 25 45 32 0 35 10 43 14 14 24 27 57 78 0 21 44 0 60 86 12 0 90 73 70 98 36 45 0 0 132 102 88 32 80 60 136 32 6 0 130 164 49 95 155 5 52 63 0 0 81 188 107 113 27 40 0 30 0 0 36 56 117 49 8 65 103 24 34 
18 77 129 0 24 6 64 48 91 63 40 15 6 10 9 18 12 17 0 2 0 73 72 72 24 35 0 16 70 45 36 35 0 42 15 117 28 6 57 33 18 0 12 21 8 0 23 91 68 10 79 38 6 30 20 129 51 18 99 81 139 0 0 8 20 56 105 77 0 48 6 0 111 96 14 0 92 32 40 159 15 16 45 85 19 87 105 69 35 101 78 26 69 10 69 45 70 26 14 38 6 20 21 7 26 0 0 18 30 24 18 84 57 28 86 30 36 63 34 12 19 12 54 21 21 17 27 12 45 73 70 76 12 0 8 88 14 82 0 99 24 34 56 26 30 109 61 0 136 86 59 51 54 15 0 6 24 91 49 37 40 27 55 38 35 69 24 2 29 6 26 21 87 32 9 0 0 0 33 69 0 18 8 93 0 45 24 24 16 8 35 16 0 74 19 22 30 6 24 116 8 0 39 45 8 5 42 21 17 14 156 24 24 27 44 131 59 6 101 143 10 53 91 106 0 54 15 95 57 0 54 93 58 18 8 0 0 15 111 52 47 0 2 31 1 6 87 12 63 9 43 9 10 14 16 30 
42 0 5 0 9 51 0 12 8 35 56 6 21 146 33 81 0 0 19 72 47 36 25 51 33 0 14 0 16 84 36 32 95 8 4 31 0 81 20 27 7 5 0 0 0 42 62 87 2 39 0 6 2 0 64 7 6 120 55 32 3 9 24 1 62 14 72 10 40 48 58 0 10 9 11 63 0 63 1 58 0 9 49 10 35 0 3 0 71 13 31 18 24 73 0 35 18 6 54 54 0 24 27 12 79 0 0 73 0 6 28 14 55 22 42 20 63 42 0 6 57 57 72 40 8 64 1 0 4 61 3 10 65 12 24 49 0 9 6 4 3 14 7 0 18 0 0 9 25 25 27 0 40 18 10 46 77 36 21 10 0 56 0 0 36 18 0 0 54 4 10 0 47 44 79 16 81 23 0 18 12 137 24 29 0 6 18 69 0 16 46 16 0 76 18 29 0 12 37 62 2 15 72 25 63 12 35 0 53 0 4 0 163 0 6 51 81 0 0 54 12 9 21 0 10 0 88 11 7 0 56 54 0 0 4 0 50 32 76 42 0 0 0 32 0 0 0 0 25 0 9 30 42 8 6 8 
18 17 32 20 10 95 21 58 35 104 64 50 98 12 12 6 0 30 153 19 22 26 5 19 10 15 18 32 102 83 38 0 54 40 16 32 52 11 81 156 130 42 18 0 56 14 69 44 87 94 84 8 0 56 32 0 20 0 34 0 129 62 110 7 46 105 13 30 0 0 55 0 4 20 60 69 0 54 116 90 63 24 70 60 10 56 0 0 24 32 105 71 0 82 2 15 0 1 0 17 30 61 35 27 24 1 32 0 30 36 106 56 39 47 55 0 68 6 21 0 32 74 53 45 86 107 46 22 5 40 35 23 111 48 55 44 35 23 66 0 39 58 32 17 87 117 41 89 54 0 2 34 4 10 0 90 25 41 23 0 94 0 0 0 16 22 49 4 80 54 0 57 67 3 30 28 49 22 15 70 70 30 12 80 0 48 128 9 48 64 24 0 32 66 28 48 36 49 73 15 30 9 15 22 98 56 0 18 0 41 18 79 0 66 36 23 39 38 0 20 0 50 72 11 9 0 25 25 8 0 27 23 118 40 8 0 76 32 35 72 22 84 28 13 35 14 60 51 0 36 52 25 48 88 116 69 
68 35 97 12 122 87 102 104 63 54 99 8 117 92 64 28 20 42 0 20 16 32 41 21 39 14 0 94 0 28 88 54 58 5 140 88 36 94 142 158 40 84 44 36 71 36 29 0 61 83 35 116 86 69 159 40 12 16 37 0 44 94 139 21 124 62 71 21 2 0 26 0 152 96 18 0 49 32 2 28 45 6 14 9 32 28 96 91 4 76 9 33 93 63 0 108 205 0 0 63 0 40 72 16 36 195 50 93 12 64 34 168 8 70 92 21 111 54 0 32 56 0 5 48 57 12 90 93 72 45 25 4 75 39 16 32 77 103 78 64 0 106 18 63 161 102 38 159 24 123 30 41 30 56 4 102 95 68 58 68 86 16 45 2 2 66 76 64 20 35 17 102 108 9 10 16 81 64 24 20 102 0 36 19 0 0 53 0 20 118 7 12 56 83 62 99 12 59 47 95 72 57 18 0 135 57 34 8 48 201 0 106 49 24 14 24 13 86 0 51 136 0 145 116 0 50 84 128 27 72 32 59 97 93 98 72 0 54 12 104 22 0 20 90 0 24 25 29 23 44 8 81 0 67 38 0 
61 79 35 16 8 0 39 16 0 57 122 120 20 34 72 41 92 0 24 3 125 0 93 0 26 63 0 24 24 100 17 16 84 0 91 28 0 79 169 71 48 34 10 57 12 81 55 145 56 126 61 48 103 28 56 84 0 80 56 21 82 64 29 40 162 28 16 18 58 7 22 39 32 32 163 0 128 0 7 8 0 0 54 149 106 19 0 18 223 135 0 54 89 42 28 122 130 141 64 36 4 19 115 8 0 74 153 0 19 51 0 75 6 18 6 33 14 32 24 14 93 48 35 0 6 94 69 69 168 0 92 32 48 35 59 35 16 0 93 109 69 103 56 14 78 10 26 60 145 14 86 126 0 27 28 0 52 34 93 30 55 45 72 63 48 30 24 58 10 0 60 28 0 3 13 63 21 0 27 28 8 0 114 60 2 0 0 44 63 86 0 67 62 0 42 0 59 16 35 94 54 21 69 117 58 4 14 6 189 0 44 47 48 12 49 42 54 0 75 62 0 0 33 64 0 24 26 128 16 0 49 112 42 59 18 0 0 17 24 45 0 44 0 40 88 24 0 0 87 28 6 54 67 154 0 20 
35 8 4 38 42 56 119 147 42 16 49 8 18 0 40 79 16 31 0 0 0 9 152 0 26 37 28 79 59 0 56 36 0 32 0 0 101 4 121 102 90 81 18 48 0 89 40 8 0 46 0 14 112 24 48 0 6 0 0 52 20 11 40 0 0 42 18 8 28 12 77 47 0 40 0 16 36 0 2 30 3 24 16 32 49 18 9 36 27 16 113 142 35 69 64 0 2 34 94 16 0 70 83 64 18 87 0 80 133 56 4 32 35 24 45 63 101 38 6 18 120 47 85 16 28 81 0 18 8 72 6 42 32 16 37 0 6 45 12 36 174 54 0 20 16 6 0 60 22 32 27 30 145 32 56 6 18 20 81 30 112 0 100 36 35 59 75 28 45 98 8 0 14 51 0 37 0 16 0 0 7 87 28 70 50 0 63 82 23 16 10 0 112 45 16 28 91 58 8 59 96 16 18 0 38 96 5 0 12 21 0 28 0 83 0 38 32 92 29 139 63 21 28 89 129 49 46 14 44 49 60 0 0 44 4 82 18 152 3 112 67 173 34 0 119 25 22 55 0 0 125 20 95 49 28 35 
65 32 172 41 72 8 88 7 6 24 9 0 71 123 92 9 27 9 45 0 0 35 0 39 36 0 15 34 55 20 72 101 64 25 5 108 0 4 0 92 133 0 29 85 45 131 64 28 30 36 81 67 24 49 0 85 0 52 5 73 40 120 51 124 40 56 81 158 56 52 0 40 16 36 28 40 18 36 0 36 36 99 73 67 40 40 111 5 54 10 95 49 73 26 0 73 48 35 20 0 38 0 20 51 27 0 62 120 120 56 27 88 164 72 69 174 40 4 89 45 45 80 63 123 16 250 4 101 5 21 7 24 30 48 67 72 0 78 165 16 15 49 24 10 25 10 28 45 147 4 227 0 45 152 0 27 81 39 68 0 53 72 65 87 0 34 53 22 14 25 0 0 101 2 77 24 57 25 0 140 0 102 51 24 34 4 58 67 10 45 36 68 0 109 0 97 116 20 71 92 0 57 0 0 33 30 0 0 110 13 45 59 22 0 108 24 60 47 64 36 88 0 12 85 50 27 63 84 70 60 66 64 0 39 45 21 36 48 86 8 71 48 3 196 120 9 27 45 53 0 28 15 0 7 106 112 
15 18 14 2 48 49 122 138 66 202 56 16 30 87 48 78 27 4 25 36 68 36 80 46 0 25 81 29 10 92 35 166 31 47 42 128 24 45 49 28 16 115 56 18 63 194 127 57 43 129 54 106 43 87 33 174 32 73 141 30 28 90 115 54 54 182 188 108 96 0 47 52 154 101 36 36 36 144 6 104 7 134 74 42 77 0 12 41 21 74 38 6 87 0 89 119 45 48 48 9 0 0 42 21 80 72 79 88 21 113 10 125 2 81 139 12 64 28 89 39 10 27 225 16 38 189 56 95 43 41 3 112 24 110 43 7 4 54 18 18 117 135 62 90 139 55 45 34 118 33 63 75 257 65 16 45 12 131 24 48 44 0 113 35 0 51 141 135 28 0 0 35 126 55 0 57 16 11 44 0 56 98 47 56 61 72 67 108 151 0 0 72 65 237 11 48 133 109 170 140 47 45 37 6 159 45 44 0 0 190 29 99 42 24 111 126 47 28 16 116 97 121 72 117 132 0 13 84 110 21 50 184 4 28 105 43 0 146 31 131 189 79 76 91 111 10 15 84 8 0 75 72 0 92 104 91 
74 33 131 7 32 0 87 62 39 143 190 5 38 48 75 46 45 0 0 132 0 227 0 51 20 84 0 48 65 145 0 10 36 87 2 22 74 37 62 177 144 8 23 106 114 72 41 230 0 72 87 8 20 30 40 195 6 93 91 207 102 59 32 130 81 18 40 90 37 135 110 20 107 158 0 27 0 7 72 101 74 140 124 51 18 24 78 104 59 15 26 84 32 112 58 134 81 61 21 76 109 0 6 132 83 75 88 51 69 20 40 32 135 81 137 53 15 55 35 63 126 31 33 156 77 32 54 28 18 62 60 2 82 18 30 85 84 42 51 66 87 12 48 36 80 39 39 60 162 60 96 105 78 96 32 58 45 59 0 53 86 7 48 87 42 37 90 35 31 61 64 16 23 127 81 70 27 2 24 96 15 44 0 42 51 42 112 48 8 39 68 56 45 56 52 44 171 50 99 108 96 4 29 0 50 0 30 73 95 28 67 124 120 25 49 42 117 150 79 0 0 57 64 184 71 15 58 90 88 0 70 112 6 21 117 0 77 95 34 151 18 0 26 164 101 0 42 2 20 16 151 21 101 50 72 31 
111 63 98 84 94 68 116 130 106 81 104 163 142 24 69 83 26 126 23 16 39 80 91 54 62 83 26 55 15 32 157 39 33 126 145 113 24 84 19 153 120 154 45 65 12 21 157 150 83 96 112 55 10 91 101 68 0 57 46 33 0 131 5 72 146 44 6 141 62 60 99 42 28 33 77 0 86 54 85 2 97 80 52 4 61 62 21 180 156 18 43 171 60 39 0 137 27 135 53 33 56 68 20 87 24 0 76 104 31 51 21 95 36 15 42 108 79 163 0 34 39 24 51 110 107 24 10 2 59 57 89 0 11 0 77 37 68 144 57 69 41 64 108 16 24 56 24 76 78 59 48 74 153 118 126 76 22 102 78 0 68 7 111 4 114 28 0 26 105 147 35 185 7 56 73 87 10 34 6 19 98 127 126 50 12 32 27 90 27 140 59 30 57 109 45 191 64 154 21 119 102 51 49 51 111 44 119 60 152 4 115 41 135 18 38 26 12 138 0 175 35 53 72 105 119 0 56 52 66 44 182 104 109 84 6 120 64 70 74 81 24 88 99 153 0 19 40 48 70 86 72 16 67 84 28 133 
153 11 95 1 106 62 38 10 77 79 64 4 24 0 29 31 73 2 7 99 28 51 98 36 124 100 59 62 9 141 0 44 36 44 42 0 51 63 137 56 28 48 0 24 56 15 30 173 88 93 123 99 70 110 45 167 14 82 0 85 104 88 75 76 149 42 75 86 66 6 115 72 104 118 103 36 73 3 42 39 40 54 106 26 11 70 72 133 39 35 7 44 150 56 54 58 35 75 121 93 49 6 78 79 26 81 148 0 24 27 54 154 121 0 129 67 49 40 1 5 75 35 2 162 79 48 57 101 125 32 26 109 132 50 37 87 106 99 85 30 93 42 160 44 75 80 15 174 36 30 58 21 67 49 86 2 18 15 5 85 91 1 0 70 0 80 96 26 12 156 51 24 62 103 28 0 120 81 15 44 47 70 10 59 30 55 32 118 48 61 0 33 36 42 54 47 21 25 193 134 81 9 0 24 148 38 53 97 85 57 94 69 73 96 49 6 94 135 0 65 12 79 50 72 0 145 27 164 20 0 49 93 79 42 0 127 16 54 69 24 54 59 86 55 103 0 21 20 0 80 94 47 91 158 2 25 
69 16 79 154 45 0 31 20 40 9 82 54 0 54 13 98 32 132 10 2 45 0 25 18 0 18 0 12 36 0 121 15 59 44 94 81 4 14 39 63 32 144 28 64 49 48 36 198 54 71 93 18 0 24 49 44 0 0 63 3 86 108 62 88 96 30 45 125 52 3 4 0 0 40 8 86 30 24 24 54 9 0 49 140 18 74 121 22 92 42 78 157 112 56 104 72 27 106 40 60 0 57 81 16 51 54 0 28 108 68 13 0 79 21 63 18 29 141 0 39 48 8 70 169 150 6 0 142 162 32 28 80 80 56 16 78 157 99 129 121 27 61 93 6 48 6 76 53 74 36 102 40 117 145 72 12 18 3 72 48 63 3 43 79 9 24 60 18 113 62 9 126 123 54 16 36 63 56 0 22 132 0 18 45 3 19 0 61 49 252 42 81 90 51 106 162 88 30 18 267 109 45 8 66 5 36 58 12 90 0 142 0 43 75 81 26 56 54 24 88 37 0 95 92 79 143 30 96 50 26 21 9 112 81 12 76 36 0 0 126 10 12 68 59 98 36 46 36 72 62 123 106 94 47 0 62 
0 50 88 0 66 15 69 32 30 0 55 125 16 18 81 2 0 28 177 58 12 131 8 54 0 31 40 40 205 149 62 18 35 65 36 45 76 31 239 122 28 85 27 0 20 40 48 35 26 75 22 78 15 61 0 55 62 30 31 40 127 34 38 20 20 56 64 0 42 26 51 44 54 40 33 45 15 32 72 93 21 90 30 56 28 0 30 27 41 127 0 35 46 111 75 126 123 44 106 48 46 18 0 86 0 50 52 12 0 70 72 112 48 60 69 34 7 0 0 24 52 11 34 91 0 66 35 6 65 84 51 0 0 151 1 53 5 27 0 81 54 115 37 18 60 48 0 120 39 59 18 49 110 97 0 95 17 45 2 0 80 0 54 38 6 28 15 0 117 147 28 43 206 20 91 0 66 0 52 57 1 85 63 0 136 0 90 74 15 20 60 0 0 132 32 24 91 60 42 91 6 28 9 0 33 61 92 0 12 72 72 108 43 18 31 75 10 95 153 21 0 70 114 113 0 7 13 33 156 25 28 149 41 86 69 9 18 0 40 70 48 5 81 94 49 20 21 0 36 24 122 116 141 10 96 0 
31 75 40 32 30 0 68 74 53 27 0 32 56 105 0 20 48 15 45 12 8 75 44 39 43 10 96 0 51 107 74 93 162 40 0 48 46 27 123 81 50 69 0 58 111 106 81 93 0 62 41 38 57 156 5 31 51 174 103 5 15 57 4 48 30 15 64 107 0 107 56 108 17 27 84 0 0 36 37 108 78 72 24 53 8 47 0 179 44 43 75 41 83 36 48 79 45 19 45 27 36 25 41 16 0 18 48 96 66 62 0 60 105 46 63 46 123 41 46 55 10 29 195 2 12 0 84 98 39 77 35 18 3 12 83 47 50 27 0 18 75 88 89 45 50 128 113 22 166 13 81 27 110 68 18 24 5 55 133 47 37 0 48 45 80 99 62 12 45 12 42 64 90 90 4 22 0 10 10 25 81 36 0 98 18 16 40 64 88 63 45 54 54 9 69 18 20 48 0 168 15 0 30 63 9 53 4 71 63 45 38 24 6 45 0 48 21 50 35 0 101 81 117 98 11 12 47 28 98 2 158 0 45 72 0 0 36 86 30 96 45 6 147 0 57 51 27 69 0 45 15 0 54 48 54 19 
56 92 6 9 65 0 0 9 12 14 101 80 86 38 122 36 83 41 55 60 0 6 0 0 14 0 0 20 9 119 0 114 39 5 12 0 0 12 7 83 0 40 20 44 14 8 9 124 0 20 9 10 41 68 79 65 3 90 99 33 206 3 108 15 105 25 52 32 15 93 24 23 2 45 18 90 0 9 1 0 48 0 99 10 45 49 16 0 50 50 74 72 54 61 63 0 33 25 42 78 35 52 18 3 25 34 0 82 67 27 10 0 23 94 56 0 56 31 3 7 38 27 50 80 127 55 8 39 106 22 67 0 86 57 15 20 41 0 18 0 2 0 39 7 45 138 27 105 189 113 35 6 45 72 92 21 0 30 24 4 28 0 1 21 4 8 91 63 90 31 30 44 67 84 22 81 24 20 48 47 16 3 45 0 13 92 88 58 28 30 5 1 9 30 96 36 64 63 55 82 45 17 63 63 7 18 49 0 50 26 30 52 101 45 32 9 66 67 57 96 31 27 53 11 0 65 8 66 58 0 2 32 8 24 30 0 15 9 0 186 81 18 32 137 20 36 9 26 36 0 30 86 50 27 27 18 
24 96 16 2 12 32 28 173 112 37 56 144 36 82 76 39 73 0 0 76 24 120 1 4 60 71 30 16 119 39 40 37 25 62 24 105 66 6 110 103 52 68 0 71 7 226 196 56 42 70 86 95 35 0 19 4 0 24 0 36 0 33 51 68 76 16 30 123 46 86 91 106 0 76 99 11 0 100 81 100 18 106 20 48 44 111 23 84 29 38 54 10 4 57 20 83 48 30 112 0 30 16 8 17 45 109 0 148 119 93 23 54 32 0 172 26 14 0 58 91 131 18 70 78 39 24 0 75 27 85 140 31 31 50 57 92 41 8 159 1 42 97 51 18 53 52 0 129 124 49 0 117 120 190 8 12 8 34 18 60 92 2 25 0 0 95 53 43 54 17 105 28 0 0 9 91 0 0 0 52 0 51 72 8 98 0 4 88 63 10 50 5 58 41 18 10 143 94 0 44 76 15 18 31 54 25 18 49 102 10 53 43 15 63 63 115 36 40 8 99 99 0 30 105 18 24 33 104 82 0 208 68 39 2 66 0 12 46 0 82 50 35 130 33 60 28 41 89 61 12 84 30 15 5 84 141 
62 104 109 69 211 16 101 1 0 48 49 49 63 25 0 50 54 37 86 12 16 48 30 0 15 11 0 64 53 0 45 21 39 8 0 123 35 9 181 169 80 146 36 96 47 32 0 27 40 54 18 40 89 0 201 0 0 37 15 18 53 113 66 84 63 30 90 32 61 7 71 24 48 32 0 45 52 62 16 38 19 9 64 108 0 0 75 333 57 77 88 73 130 24 0 24 140 92 86 29 0 13 109 61 18 95 42 96 235 29 0 34 3 81 22 4 164 53 10 103 6 74 47 118 96 81 27 142 66 33 0 14 148 20 8 14 137 104 35 133 33 60 92 47 112 25 4 144 94 116 44 3 48 119 60 18 0 28 31 22 78 46 86 52 0 61 99 100 0 8 21 41 42 54 36 0 58 72 27 41 0 25 16 48 68 16 65 28 6 158 0 56 74 96 21 42 6 69 18 60 61 0 15 6 127 138 0 20 104 13 37 56 20 46 125 10 76 108 0 4 97 10 140 143 16 8 126 129 117 77 118 77 20 136 122 50 0 63 2 24 20 42 57 26 84 58 34 91 30 8 43 75 0 47 0 8 
93 87 101 81 147 74 129 4 75 96 42 100 39 230 80 134 135 0 110 28 224 174 72 35 77 28 9 24 64 85 37 72 250 165 54 183 0 123 30 87 223 138 21 113 138 35 51 228 55 74 109 9 34 77 131 90 54 68 165 101 153 111 31 88 27 189 115 45 154 0 97 0 92 72 81 6 64 226 110 218 101 36 279 227 101 44 100 309 77 165 171 222 72 43 85 52 58 51 103 39 113 0 94 84 135 118 175 236 63 160 95 139 173 188 9 28 43 194 28 80 40 220 51 117 68 34 75 72 118 139 63 61 87 163 0 226 123 92 77 206 153 113 116 107 135 70 6 35 36 130 35 131 156 95 176 140 36 183 148 46 113 6 194 21 103 128 4 39 0 89 72 68 151 40 43 18 39 127 0 163 26 37 127 118 108 108 86 137 70 100 50 0 67 160 200 71 0 102 60 178 51 30 0 22 235 89 137 221 135 0 96 105 126 176 45 140 74 130 126 157 44 92 102 150 107 85 2 303 185 41 91 94 106 238 63 0 71 212 0 94 56 36 35 72 113 30 67 26 63 26 100 114 52 34 54 121 
84 16 166 83 12 45 64 69 80 16 0 168 0 57 16 90 40 13 76 69 0 4 38 13 14 0 24 0 42 45 69 4 63 87 8 8 26 5 53 1 48 40 35 59 44 84 107 63 57 14 63 4 27 40 3 45 3 0 3 73 82 73 97 7 8 45 0 140 132 36 130 48 36 20 47 20 70 76 68 0 63 45 62 55 0 56 0 132 40 48 93 36 6 71 60 56 37 120 56 16 1 6 50 101 14 36 5 60 62 27 0 9 2 21 70 0 140 108 0 4 12 12 28 8 44 26 0 109 91 42 56 9 7 59 36 62 48 15 0 98 24 52 143 62 75 42 56 96 36 28 0 0 139 56 72 100 86 28 39 156 17 25 65 16 0 32 0 82 120 40 72 0 265 88 37 0 59 121 8 66 1 26 93 76 109 0 80 40 0 63 126 68 16 38 71 8 88 36 53 5 0 2 8 5 65 0 24 10 12 4 88 50 0 102 28 0 127 17 99 24 24 0 14 119 36 63 14 19 102 68 96 6 5 115 54 9 54 140 4 16 66 14 0 28 91 28 68 28 6 0 19 89 74 0 40 1 
33 107 59 130 161 26 61 4 64 43 9 18 6 21 14 96 35 188 36 67 63 4 46 66 43 44 81 0 49 18 64 32 99 100 32 134 33 34 90 64 51 42 54 52 21 66 14 68 106 126 135 132 92 118 160 115 53 24 152 30 44 180 56 96 8 16 0 159 95 2 81 119 67 16 102 183 74 61 58 36 0 49 98 107 77 149 6 104 67 52 0 24 85 75 84 14 67 108 85 16 33 85 116 35 0 142 93 65 35 67 0 14 41 216 57 0 5 66 49 12 61 36 21 18 101 106 117 36 46 0 96 0 27 58 90 38 79 6 48 118 92 101 164 94 23 12 99 57 106 52 12 12 145 29 133 52 49 28 26 138 39 91 114 94 72 80 0 57 81 74 83 0 178 65 126 10 52 53 54 56 13 27 98 45 112 30 137 97 36 137 47 49 105 71 32 47 65 122 98 77 22 50 28 67 56 38 56 50 30 32 89 56 87 16 34 32 120 37 60 44 66 82 19 212 10 99 110 146 166 4 8 350 86 138 108 95 75 40 24 12 4 123 28 72 50 0 18 13 64 14 46 21 67 132 43 85 
90 51 9 79 114 87 154 82 104 124 131 19 36 132 50 52 75 7 69 31 114 117 66 27 0 30 46 71 14 101 101 97 70 82 71 78 36 135 59 185 165 77 70 95 70 211 89 93 72 65 223 127 18 144 101 18 50 10 278 89 87 215 72 128 49 131 65 99 106 103 0 122 89 66 100 45 134 0 93 43 67 30 61 116 84 118 115 197 87 175 233 52 132 52 39 145 199 102 94 125 64 148 113 169 126 173 106 72 187 5 45 93 45 8 184 24 79 152 45 62 76 91 106 22 55 2 92 27 90 122 112 93 108 97 100 71 4 88 33 151 101 41 46 175 70 85 32 158 195 84 48 61 101 174 36 12 82 54 213 68 111 0 180 123 64 60 145 93 232 63 35 60 192 125 20 31 142 141 33 42 57 85 27 102 27 81 53 132 24 200 41 139 63 126 48 64 91 40 32 276 105 0 21 18 184 37 145 94 141 108 164 76 42 64 68 277 211 44 24 141 72 152 129 251 54 48 70 385 59 81 139 112 127 257 145 111 101 50 179 139 116 16 40 123 126 142 135 60 12 69 40 84 37 78 58 133 
11 0 44 33 12 82 79 161 152 48 30 80 42 27 15 98 3 46 61 6 0 97 63 0 0 11 0 1 105 15 0 32 0 96 35 0 42 27 6 42 0 91 10 86 32 60 237 115 7 0 59 18 0 72 0 31 74 84 73 81 104 118 28 44 128 125 109 88 118 0 125 86 14 3 101 18 36 0 65 140 0 72 20 141 17 9 39 108 83 67 39 42 74 33 35 83 123 86 0 9 20 7 60 55 148 0 53 87 64 42 6 0 79 130 92 0 7 101 0 112 45 0 161 89 48 81 32 146 122 36 3 9 74 51 38 16 64 0 0 0 4 0 63 58 31 52 144 8 82 16 44 24 0 93 24 84 16 9 53 94 0 0 42 79 49 12 63 28 140 0 4 75 40 24 73 28 9 0 30 91 0 45 93 3 0 69 56 75 0 24 56 81 9 29 17 28 123 15 50 58 33 21 5 70 108 88 30 18 56 0 110 18 36 44 64 18 0 32 35 119 0 133 108 143 28 0 11 97 24 1 160 164 23 6 123 49 52 0 62 4 81 5 16 63 96 24 0 48 5 36 88 131 35 19 24 60 
101 6 0 28 20 0 31 3 20 40 69 14 0 0 16 0 79 25 87 89 8 23 0 0 49 7 0 0 36 32 51 39 74 127 79 64 184 46 102 193 90 8 12 171 4 221 32 43 48 137 56 35 0 35 0 0 2 42 81 19 64 48 44 52 9 16 36 68 49 6 67 0 159 4 45 42 0 18 32 55 12 36 4 44 64 0 8 59 90 26 56 72 37 56 0 142 3 18 18 6 48 18 81 36 49 97 85 100 37 74 0 4 78 54 73 0 59 41 24 20 81 95 108 80 192 80 32 41 26 44 58 0 0 68 96 64 16 4 15 99 74 156 8 39 88 3 35 30 60 17 63 16 25 0 4 24 47 16 16 15 54 58 6 175 0 30 56 28 0 33 44 5 103 94 96 16 84 0 18 6 68 75 30 96 2 0 63 28 121 6 0 104 143 21 14 15 60 25 86 70 27 45 24 29 31 0 36 12 44 18 34 127 89 0 6 54 9 5 84 0 33 0 18 20 14 0 68 0 34 49 89 94 0 71 24 62 0 101 88 109 21 0 42 16 76 0 24 56 30 6 46 12 105 61 81 72 
61 12 22 66 129 49 67 8 38 114 51 75 0 78 0 75 68 40 35 63 125 0 111 105 0 37 0 0 84 54 58 47 41 28 0 9 52 51 79 118 37 51 6 9 27 53 0 39 18 95 53 20 21 49 14 34 0 72 98 37 0 0 38 24 0 188 114 69 86 74 79 63 16 149 110 0 143 69 88 80 7 14 22 7 57 36 18 76 9 134 38 66 24 20 72 78 21 32 16 32 35 19 0 15 64 0 0 80 39 77 56 72 48 84 48 73 0 49 0 9 0 26 78 14 17 137 9 14 73 48 0 18 54 12 0 209 81 18 63 37 105 49 119 70 48 0 49 18 59 38 0 21 89 127 57 60 113 70 36 49 140 56 0 40 8 60 9 0 56 8 8 42 94 6 69 12 69 40 0 0 8 258 16 98 0 0 24 56 35 80 12 16 0 73 8 28 0 121 57 32 41 18 0 70 109 83 8 0 24 37 65 94 32 36 24 18 35 9 20 90 43 0 36 87 128 0 56 18 132 0 92 58 161 47 175 56 0 72 210 48 0 175 60 9 12 0 0 14 48 44 78 45 58 27 68 49 
48 74 115 22 72 60 86 63 17 54 88 67 38 116 6 54 70 0 0 88 128 3 13 96 0 55 147 34 0 90 40 18 98 0 57 107 63 36 62 50 18 64 7 56 64 207 34 34 75 131 36 24 103 53 89 144 24 54 0 62 12 88 57 0 8 105 237 136 65 185 42 0 73 130 102 66 44 66 12 54 62 43 66 48 134 87 64 49 184 98 78 0 92 0 76 33 50 191 64 9 33 8 153 70 81 50 70 48 114 82 95 35 30 24 117 124 116 60 50 25 26 153 0 116 124 24 69 171 67 42 15 74 66 59 16 119 95 54 12 1 87 68 92 0 32 48 124 90 0 60 133 77 96 162 54 0 94 30 27 41 8 0 25 49 85 6 19 93 44 113 82 32 16 48 106 91 89 60 30 15 0 51 138 73 15 38 87 4 99 66 71 99 94 77 0 13 46 75 28 36 12 0 74 12 28 77 59 8 42 12 57 8 50 123 107 217 120 21 91 4 78 42 43 46 0 54 32 132 55 40 198 109 38 116 48 54 36 74 78 89 72 78 52 27 55 74 75 18 27 0 15 63 14 102 8 27 
30 93 84 66 156 23 146 89 76 28 59 104 108 130 138 222 124 135 119 9 199 32 63 48 97 82 21 121 99 87 32 12 240 103 125 20 90 125 115 115 139 98 98 18 42 48 36 129 112 26 68 123 56 109 49 71 65 119 222 75 49 236 100 112 14 91 0 106 138 34 58 10 132 11 104 6 18 81 31 161 18 9 144 189 57 0 67 81 66 61 93 110 100 18 100 115 69 55 18 58 22 16 144 70 75 154 117 141 79 150 15 152 71 114 31 17 140 41 117 24 0 201 180 35 85 52 72 57 174 53 95 27 41 91 87 30 49 27 126 28 29 80 31 91 50 53 33 99 150 84 66 103 0 175 6 117 56 37 34 39 98 0 180 83 83 115 25 132 89 75 56 44 7 20 110 18 0 89 88 195 21 13 55 0 63 56 30 80 153 113 210 136 61 52 90 208 110 93 18 134 74 105 2 27 119 36 18 81 34 189 111 73 69 133 45 81 39 54 215 39 77 114 91 4 56 0 45 187 50 44 139 53 105 196 10 21 27 95 39 257 176 46 82 82 35 142 61 21 107 0 165 148 24 41 40 27 
54 119 193 8 0 32 143 127 52 48 32 35 32 4 56 29 51 80 38 51 50 20 96 12 57 72 12 16 58 57 16 39 26 20 47 57 132 4 167 84 74 30 15 128 81 210 67 137 20 35 119 74 21 61 65 97 81 52 133 124 119 42 24 48 42 6 35 76 35 132 81 25 94 0 18 76 6 88 17 54 93 60 80 102 100 73 139 164 37 14 117 91 116 62 91 6 13 119 110 54 26 0 87 73 42 18 20 80 163 76 12 92 22 62 28 52 72 15 20 100 94 105 30 113 28 74 48 73 40 81 12 80 4 32 12 52 98 63 47 4 68 128 62 29 76 86 70 101 18 29 18 174 117 153 66 2 31 64 19 57 58 20 41 69 20 62 68 40 86 63 107 39 0 54 31 56 69 38 93 94 10 18 121 81 105 35 114 47 9 56 24 87 114 37 4 24 63 43 60 192 104 12 0 14 75 88 73 20 0 50 88 76 97 51 92 44 87 83 62 62 54 70 42 92 73 5 16 39 79 35 98 20 40 24 85 51 8 105 88 91 57 2 97 28 165 20 98 18 12 28 137 67 27 42 64 96 
38 57 42 13 0 96 107 14 24 24 88 14 0 18 48 48 28 64 0 21 24 21 6 98 0 64 81 0 37 51 18 127 18 46 108 35 23 98 61 45 56 0 64 47 96 132 69 108 32 15 51 8 8 18 23 41 17 36 110 0 0 177 51 132 62 86 25 57 96 33 4 0 36 100 184 13 9 85 0 24 96 99 88 0 49 60 57 49 0 18 54 129 76 0 133 10 41 8 50 74 42 88 0 23 78 81 87 24 39 105 68 75 47 105 163 24 0 51 47 32 73 21 44 51 33 72 68 49 101 63 42 109 12 102 26 21 38 84 99 3 108 77 18 16 42 30 27 47 99 37 81 65 92 140 0 0 0 5 0 15 21 0 56 106 17 60 91 69 122 7 10 0 112 50 45 0 92 16 71 27 0 12 65 7 60 84 18 45 9 0 27 80 0 43 56 40 164 49 52 111 54 70 74 0 114 46 26 67 65 64 97 124 12 63 84 75 106 86 31 74 0 33 151 101 36 24 51 105 121 42 122 72 35 68 103 18 12 48 12 144 135 0 14 166 123 53 38 93 15 0 114 78 51 3 24 38 
56 37 111 25 51 98 35 116 92 141 127 104 29 69 24 25 63 3 11 42 10 129 64 56 76 98 25 46 93 95 12 15 13 60 115 148 65 35 104 18 51 0 27 46 9 80 71 210 18 47 32 36 160 39 64 191 0 124 59 206 3 44 86 95 62 41 124 95 140 36 143 56 77 82 81 2 53 27 108 13 29 79 75 60 65 49 15 63 107 85 49 25 42 159 52 87 81 84 20 181 50 0 72 89 87 53 78 48 185 88 130 40 54 42 83 52 0 33 32 113 174 62 84 26 74 4 145 155 16 11 0 0 121 20 80 168 123 81 92 0 15 56 90 0 56 24 11 63 0 20 213 120 30 74 2 21 66 36 54 26 14 1 35 159 23 8 93 61 126 57 56 24 0 51 84 75 107 4 9 95 22 88 143 17 24 58 63 51 120 12 43 170 12 46 64 0 75 41 38 93 0 95 64 1 173 20 103 72 88 12 75 53 71 108 18 80 134 54 192 53 27 58 95 142 108 141 132 185 41 24 85 54 72 74 97 36 78 31 184 168 82 38 46 126 105 15 20 49 18 63 98 90 14 131 64 6 
98 18 98 0 153 0 142 77 21 56 22 24 114 35 66 0 0 49 28 0 120 6 146 8 4 15 72 75 40 48 63 41 132 27 10 25 80 35 0 110 62 53 55 47 61 24 43 16 0 74 24 0 27 0 67 23 0 0 86 63 103 54 18 12 66 53 138 99 35 9 18 126 5 18 67 0 0 30 33 32 0 0 133 117 73 63 80 101 91 85 156 63 88 9 0 64 18 59 0 49 0 21 126 33 23 93 73 85 0 49 9 170 102 30 41 119 129 189 16 51 63 56 96 0 15 96 39 0 16 0 132 26 42 0 27 71 12 45 18 27 85 0 136 25 0 0 28 81 17 79 0 10 194 32 18 32 54 21 18 0 28 42 287 12 25 18 86 0 18 93 53 48 70 92 17 5 45 72 11 108 46 138 90 18 0 9 77 9 0 127 68 24 65 103 47 68 27 6 25 121 0 40 16 0 106 10 112 49 53 44 53 63 53 18 18 90 28 70 88 70 18 33 58 63 23 12 98 110 51 33 104 54 0 153 0 5 21 0 83 9 0 29 80 27 0 70 6 13 0 51 0 86 0 14 0 18 
117 10 150 9 50 53 122 114 62 18 74 161 64 72 0 33 9 76 8 89 24 30 18 55 0 0 64 34 40 12 70 30 4 87 87 36 30 44 84 70 64 0 32 51 28 0 179 108 72 100 131 20 4 21 70 0 36 0 22 146 115 69 36 12 26 50 69 87 45 63 121 79 0 63 60 43 0 0 33 56 170 0 125 43 15 12 97 30 109 39 48 46 48 27 148 27 45 42 1 42 96 110 35 64 32 64 0 72 74 79 36 44 24 92 67 63 109 0 112 6 54 0 28 0 49 0 0 1 76 30 167 8 22 62 39 50 26 12 41 46 63 81 15 9 12 96 33 157 20 7 0 54 108 51 0 75 9 10 0 0 10 0 25 4 112 21 6 12 82 45 17 94 87 8 53 32 21 172 62 7 64 0 135 18 105 35 26 14 0 30 40 9 33 77 6 0 18 62 63 30 0 8 81 9 0 0 38 8 0 61 21 0 45 30 0 66 7 51 178 14 0 6 80 97 0 19 24 6 0 79 70 72 53 72 84 0 3 49 98 103 104 0 44 50 64 28 43 47 78 45 44 67 24 152 24 11 
54 96 6 28 18 27 56 88 67 56 103 6 2 50 0 124 76 48 30 78 58 9 18 6 90 57 24 108 50 20 28 72 48 72 27 37 91 71 51 15 24 20 54 111 0 37 42 79 64 11 24 18 6 0 8 0 7 12 35 45 64 17 63 103 59 18 42 160 154 72 57 46 17 0 46 56 82 0 24 19 24 0 12 32 25 0 25 87 140 76 21 75 105 74 97 20 58 82 36 115 21 24 42 0 46 0 51 14 102 5 60 32 2 61 56 45 8 38 15 21 0 45 46 30 79 11 42 70 36 114 18 0 16 4 142 30 40 5 9 45 162 34 11 54 51 35 8 6 148 11 52 63 0 87 12 26 42 47 45 38 5 0 14 128 11 44 66 42 65 40 9 8 32 56 64 33 25 22 9 41 5 70 51 25 17 54 32 36 104 30 163 141 150 15 1 50 136 153 4 59 51 7 44 35 48 78 15 22 119 36 158 48 84 26 14 49 36 0 284 72 40 9 8 60 104 55 10 87 67 20 0 50 9 90 5 70 195 18 30 27 38 55 37 127 149 6 40 0 0 113 170 75 16 59 36 60 
82 173 12 53 120 0 28 108 0 9 24 29 0 16 150 122 80 106 42 175 42 96 44 0 68 129 3 20 82 46 64 152 64 6 135 15 52 195 109 42 0 75 11 111 0 189 44 78 46 111 0 76 120 7 16 4 28 48 164 57 53 84 24 0 54 62 133 13 136 44 20 84 108 14 0 100 83 16 21 20 30 44 57 28 8 79 45 64 60 22 14 91 55 24 48 83 28 102 96 56 40 72 4 4 42 193 45 208 112 96 101 25 86 99 203 40 43 196 72 56 160 44 130 80 133 72 76 40 153 135 62 18 11 20 116 53 24 24 11 40 104 29 41 0 32 40 0 120 0 106 9 79 103 102 64 55 119 166 48 49 9 59 49 85 52 117 152 28 99 58 87 30 32 120 45 56 72 4 30 36 54 121 65 59 66 74 72 0 40 64 66 97 18 112 0 82 56 163 28 241 10 45 0 45 151 0 30 27 83 90 44 40 167 21 67 44 85 40 104 128 35 28 54 38 0 0 207 208 203 7 29 112 5 120 54 48 66 70 40 226 65 66 56 168 73 66 16 115 41 92 154 48 15 69 136 50 
204 69 20 90 153 63 60 17 139 8 143 69 46 52 0 8 48 73 22 28 53 45 77 12 0 24 148 0 34 56 74 67 37 131 55 126 93 79 202 6 0 49 0 80 56 84 40 92 40 20 9 72 43 89 84 0 92 54 188 0 165 74 0 7 89 89 48 33 19 7 108 104 72 119 50 148 7 61 18 160 31 9 0 14 10 28 28 96 37 121 81 91 40 79 104 36 127 84 0 122 59 32 72 77 84 138 0 84 39 105 45 73 86 115 40 81 58 67 30 42 86 0 91 24 30 52 97 60 115 52 57 32 21 74 40 205 106 0 59 88 45 35 192 69 90 50 0 148 84 56 60 148 36 45 57 0 29 92 106 74 55 0 147 144 89 10 36 0 83 11 17 6 28 100 135 28 55 110 24 36 79 27 129 75 24 36 45 41 70 194 35 39 0 90 121 0 48 40 30 129 4 20 66 25 103 0 152 0 28 44 120 74 180 28 94 60 20 65 58 62 64 101 99 93 0 0 102 155 121 0 222 215 165 159 56 0 38 12 186 214 48 2 71 22 80 0 46 71 79 119 39 30 145 90 0 45 
95 38 37 84 102 24 33 40 32 30 0 52 12 47 0 0 86 4 31 0 59 114 44 64 32 20 55 0 104 30 28 36 70 48 5 41 78 28 107 92 108 96 42 12 0 199 0 10 72 84 41 32 54 25 28 80 0 12 78 23 4 33 96 97 16 74 93 29 55 80 24 30 40 45 111 0 54 6 24 36 0 47 57 104 25 0 6 103 57 21 114 87 55 48 0 0 35 93 108 71 23 15 59 20 6 36 24 12 57 0 103 9 66 0 36 20 49 5 32 48 85 57 124 15 36 72 47 79 63 36 48 12 83 18 25 0 41 130 0 36 32 19 0 0 23 48 0 94 63 11 26 30 145 76 18 31 157 50 65 36 28 63 20 89 9 6 0 6 25 32 0 26 18 53 22 30 54 46 32 0 12 111 84 102 0 0 20 36 27 63 0 98 0 96 28 49 32 54 34 78 0 63 42 0 145 20 89 0 53 7 120 74 73 0 93 25 20 0 0 20 0 36 117 92 42 24 107 46 48 25 128 24 0 42 14 0 0 40 137 78 0 12 64 70 90 0 3 73 36 12 0 110 0 18 0 40 
28 16 80 0 35 8 37 40 142 62 172 43 24 62 42 21 12 63 16 82 0 6 135 59 24 24 20 0 74 42 159 98 12 24 8 21 45 95 28 75 0 19 48 44 24 237 86 38 12 117 31 7 45 3 77 24 80 109 74 70 90 39 21 32 91 65 0 32 15 62 125 64 114 4 64 4 0 12 18 36 0 24 24 24 0 104 0 154 66 118 0 45 44 0 56 111 76 127 57 111 0 140 0 21 12 130 36 98 3 66 32 74 101 0 78 3 91 36 84 52 167 27 24 80 91 36 24 70 33 95 169 68 0 127 12 89 0 9 23 33 54 35 109 50 12 81 0 207 7 0 9 58 1 24 20 0 0 27 53 196 28 0 87 46 36 36 54 34 53 79 85 0 124 42 56 3 32 0 18 127 0 5 39 18 80 24 18 66 12 77 0 70 0 87 9 0 32 88 12 102 0 0 0 32 47 13 48 0 36 128 35 79 126 8 58 24 58 72 93 167 21 0 52 176 0 48 42 109 0 2 43 245 28 100 67 0 0 72 9 36 28 0 99 1 30 17 0 111 0 142 32 35 94 40 86 119 
63 50 59 4 48 18 54 96 34 131 14 62 0 28 13 110 110 85 102 52 28 126 28 49 76 46 104 0 194 87 35 32 8 42 0 115 56 7 78 156 88 100 109 66 191 186 53 78 110 54 12 36 8 166 36 16 0 188 56 77 16 138 38 189 16 10 74 109 38 20 120 48 153 15 24 49 0 0 64 64 19 88 68 150 116 59 36 132 73 52 88 8 41 164 25 31 32 73 134 8 24 51 114 114 0 39 52 68 220 42 0 48 70 78 14 0 10 84 2 154 16 173 104 90 56 24 117 76 27 14 100 27 136 16 101 122 88 40 74 71 32 64 132 61 44 68 66 91 114 48 18 176 125 0 22 72 31 18 106 54 18 0 115 172 57 66 40 6 0 35 51 16 78 80 122 103 24 27 0 53 0 91 22 28 44 0 85 64 6 36 36 113 151 134 35 47 50 25 12 217 0 0 153 121 50 66 16 32 36 8 96 4 104 18 56 63 16 0 107 16 92 24 66 160 175 18 35 66 142 0 139 56 107 248 151 56 96 8 15 97 14 104 157 0 277 88 5 148 0 45 54 116 70 35 48 76 
42 28 66 100 42 70 6 14 43 0 82 24 20 78 35 32 44 47 0 84 76 10 32 91 78 127 0 48 24 97 58 9 25 48 62 42 36 76 110 93 36 98 0 153 25 84 77 7 22 59 135 28 16 51 40 0 36 10 103 16 36 105 0 58 54 78 65 41 78 85 56 50 69 6 25 43 0 8 39 99 18 165 87 0 21 4 47 34 1 39 47 44 33 32 36 66 112 86 99 40 21 51 36 40 20 68 4 103 60 0 1 90 0 66 49 7 87 67 25 1 218 6 27 165 104 0 27 57 78 113 2 50 53 76 33 35 70 24 58 74 20 74 122 18 30 4 2 69 58 45 25 41 130 48 42 72 51 21 101 20 42 0 0 103 0 1 26 24 70 34 22 52 7 157 80 35 27 72 16 0 45 108 6 27 127 0 36 0 91 68 39 0 44 28 59 66 167 59 26 82 36 82 8 0 63 16 67 32 111 2 94 32 0 56 89 18 16 151 58 81 55 45 11 105 0 0 54 42 38 0 88 101 65 8 0 48 4 38 0 100 102 8 50 2 6 0 44 0 21 72 84 49 15 146 105 41 
56 80 109 73 75 40 104 80 160 33 25 153 56 24 50 39 22 8 169 25 74 58 60 115 77 2 90 78 25 54 108 9 132 105 10 109 77 105 90 94 112 43 94 78 72 35 156 34 52 89 20 155 58 99 56 102 36 20 8 0 18 67 116 155 176 20 54 107 102 16 109 87 63 84 287 76 42 72 92 19 1 44 187 64 87 145 0 80 71 162 108 23 31 50 113 130 99 68 0 32 15 0 72 79 64 117 58 104 98 58 95 125 80 126 22 91 45 96 59 209 29 128 1 73 30 134 98 52 62 102 216 57 107 59 88 63 48 113 117 130 99 63 134 4 94 37 84 246 157 15 30 16 21 148 0 22 13 58 46 87 24 13 49 86 56 132 69 44 40 78 8 0 191 21 66 74 230 14 16 96 15 55 31 84 0 25 119 46 2 16 53 0 15 182 43 18 74 116 78 56 8 141 61 54 74 54 28 63 73 21 93 86 0 91 0 105 29 89 175 45 39 49 63 125 9 90 168 79 113 21 170 194 36 82 143 0 13 73 143 10 46 111 58 151 139 76 51 55 30 53 31 149 104 0 96 69 
68 35 44 48 64 0 101 31 21 68 0 0 56 71 21 65 25 15 26 54 102 0 64 8 18 0 9 0 32 123 0 18 12 0 69 16 31 35 64 36 72 20 0 35 6 0 48 135 49 79 33 0 40 10 54 97 43 123 32 77 24 84 15 18 110 42 36 119 69 88 0 0 35 0 54 0 6 36 13 75 27 88 28 103 135 35 77 78 77 40 36 79 12 83 0 44 23 107 56 78 0 77 36 27 49 12 112 37 0 35 18 125 60 16 65 96 167 92 0 56 33 12 12 35 16 32 20 30 48 65 16 33 51 14 1 129 51 33 99 64 40 67 0 50 12 66 44 51 0 51 139 79 103 80 0 35 36 0 54 67 10 31 61 0 37 45 51 48 21 18 40 75 82 74 59 10 45 76 12 24 9 90 50 83 18 0 28 67 20 35 37 28 65 20 0 49 65 0 80 67 24 90 0 66 14 51 1 0 101 24 21 6 110 0 56 54 113 166 44 0 54 54 97 81 74 0 104 20 66 35 42 12 0 0 48 39 0 81 62 0 9 0 81 83 26 12 27 10 54 0 42 51 57 42 24 10 
110 12 123 18 44 99 92 130 58 113 63 52 48 130 24 47 42 55 28 75 107 52 56 61 14 8 15 28 46 115 40 95 28 39 57 68 31 135 103 48 183 86 35 0 152 7 6 73 158 168 172 158 67 137 28 60 96 74 7 85 82 125 10 52 97 90 3 35 16 27 70 127 121 84 247 53 6 163 23 126 166 44 106 20 0 49 12 75 125 170 33 28 130 43 0 94 0 21 139 26 56 114 14 36 20 82 59 25 31 86 0 118 27 141 68 86 63 111 85 51 89 31 71 108 4 0 133 18 120 115 173 31 41 74 151 19 88 109 71 100 62 22 94 0 51 94 79 135 86 36 95 50 16 0 16 72 15 165 166 90 64 42 60 164 81 145 35 39 188 30 23 48 131 226 116 5 91 12 70 148 15 0 45 77 40 6 114 63 0 81 45 15 45 132 44 49 74 92 68 167 53 0 23 41 112 60 146 80 154 0 149 35 100 24 41 42 53 77 155 21 70 0 102 6 104 28 103 115 160 20 170 138 95 123 15 57 76 137 71 39 87 10 73 186 64 88 127 0 17 45 109 98 61 96 94 15 
72 79 0 72 122 16 28 0 92 0 44 29 10 0 7 0 0 36 15 24 32 57 0 27 31 6 62 30 151 0 49 0 168 0 0 101 83 28 83 130 40 0 0 74 57 75 14 67 16 12 117 27 0 0 0 42 44 0 30 28 39 5 76 41 124 0 0 117 0 0 12 64 0 12 0 72 0 110 45 143 72 70 0 8 45 56 9 65 56 10 99 36 56 100 36 14 24 0 0 43 0 6 0 7 32 2 26 39 97 58 6 54 102 42 37 9 0 0 9 0 19 9 0 0 24 168 0 33 36 69 56 98 36 8 12 0 72 36 72 90 36 88 161 6 116 0 0 18 62 0 72 95 36 33 12 46 0 6 50 0 83 35 77 36 0 80 132 36 0 9 105 0 42 24 7 0 3 51 84 87 0 60 27 29 8 24 96 35 7 0 33 0 110 50 113 57 20 56 52 9 24 80 0 36 128 15 6 61 42 18 33 45 0 48 7 21 0 0 0 41 82 0 90 6 61 16 18 12 25 5 47 0 135 39 0 6 0 66 9 93 14 18 42 45 108 0 49 0 63 0 66 27 6 98 45 56 
43 37 72 6 103 123 51 16 87 50 12 17 15 15 18 82 121 21 0 59 72 36 0 68 100 61 34 21 6 26 6 34 38 123 36 142 75 27 31 60 12 46 36 149 46 109 108 79 61 45 90 79 15 227 59 0 64 68 72 90 126 134 2 81 15 88 37 52 15 45 20 70 215 21 88 98 27 97 21 84 12 85 170 70 21 0 15 91 42 16 45 68 65 0 46 112 42 2 41 58 94 8 0 25 30 89 25 72 80 102 11 112 106 139 62 0 14 31 126 36 42 81 76 40 59 57 127 44 134 42 30 65 45 48 104 8 0 18 123 109 69 88 48 28 161 18 0 36 114 97 96 21 58 3 63 78 0 83 125 26 37 0 63 182 5 46 18 55 22 19 6 12 0 69 77 40 99 0 20 199 15 58 34 9 18 60 152 91 111 108 111 30 136 70 27 81 110 33 52 186 42 0 15 54 81 43 144 24 0 66 99 61 72 68 58 111 25 58 130 95 79 103 39 0 60 52 74 129 70 0 41 106 94 111 90 93 83 91 82 116 249 16 6 151 24 0 97 7 77 55 98 12 75 100 65 81 
106 55 86 18 74 15 0 84 36 75 134 0 0 77 22 207 6 8 36 48 194 150 96 117 0 86 0 59 16 15 63 96 33 13 47 44 45 48 114 199 44 41 45 118 0 0 42 48 100 54 40 18 135 18 0 153 6 6 48 97 59 161 0 0 0 172 56 36 79 0 62 0 21 34 131 24 30 94 9 141 74 42 5 60 54 101 6 11 56 69 101 0 0 0 0 91 134 4 180 127 35 47 54 21 82 0 43 97 34 0 14 0 71 70 42 91 99 129 98 0 25 78 21 83 0 35 28 110 160 87 105 38 73 27 31 30 51 47 18 9 78 95 58 0 119 32 0 184 81 7 3 0 107 39 129 20 26 127 129 44 58 10 0 96 137 58 5 64 53 65 10 179 134 96 81 28 29 105 0 2 42 6 22 116 12 54 97 102 58 36 56 28 53 43 57 166 73 57 35 168 93 36 0 0 54 112 10 8 36 42 2 34 14 174 56 102 92 0 175 99 54 158 97 117 40 63 78 58 58 69 77 149 50 68 4 133 34 212 90 120 267 156 117 16 20 60 76 0 39 5 136 75 27 40 30 68 
33 0 102 0 39 20 38 49 26 0 150 84 6 93 0 75 8 35 83 28 18 20 15 137 10 0 63 11 42 69 159 14 0 0 54 0 53 102 69 14 20 14 15 95 56 77 54 0 28 27 43 62 12 63 100 78 93 132 21 0 66 22 113 40 100 67 130 98 135 0 124 32 47 100 5 18 57 45 43 72 1 175 139 42 14 68 19 91 145 35 60 10 20 33 48 42 52 35 63 35 0 18 46 27 0 18 0 21 117 56 0 118 20 0 91 41 0 0 60 21 93 30 0 14 71 54 42 12 84 15 105 47 45 29 19 91 34 75 34 2 32 56 80 36 103 18 78 103 56 111 0 6 102 18 3 1 18 0 15 95 49 0 24 30 53 18 69 72 24 0 8 8 36 4 6 96 0 64 0 30 21 2 52 32 96 18 15 2 0 37 32 9 105 56 33 14 80 50 89 47 0 12 4 66 111 30 62 14 21 43 24 8 122 81 58 56 39 68 46 125 18 55 145 174 16 68 6 12 46 0 78 36 0 20 0 17 14 182 29 56 0 0 0 90 71 51 18 102 40 30 84 108 91 54 0 18 
48 177 40 0 12 0 64 58 21 30 42 25 9 59 105 9 18 0 100 0 86 0 0 42 18 56 45 12 44 101 36 27 105 0 46 66 53 49 180 0 5 47 72 61 54 0 27 40 99 151 0 30 21 65 15 108 20 46 0 10 0 45 18 0 125 21 174 12 66 58 14 82 10 12 40 0 76 23 0 37 114 42 136 94 74 25 35 18 49 24 0 54 115 0 0 40 12 46 98 38 9 0 100 28 0 103 88 42 37 51 27 91 35 61 59 0 40 0 27 111 9 48 47 0 10 48 49 18 40 48 81 50 15 69 8 49 8 0 24 63 42 8 76 35 28 10 0 27 26 28 40 59 189 67 20 18 81 18 9 15 31 42 36 26 45 14 51 35 13 39 0 20 162 7 25 61 0 0 0 45 25 90 25 36 27 54 25 21 23 38 20 12 0 56 55 9 12 25 83 78 10 38 62 43 25 0 36 52 18 18 10 136 0 42 49 63 63 35 12 43 18 140 20 0 12 22 190 17 147 4 0 63 0 0 26 45 35 5 120 0 2 5 0 15 24 47 0 14 0 0 49 90 0 31 0 10 
16 114 111 17 30 122 36 82 12 96 31 113 0 85 129 36 133 27 129 52 48 39 76 24 66 62 45 0 76 104 49 134 72 24 20 113 56 64 49 5 41 4 96 8 67 81 157 39 24 143 162 14 56 120 47 107 42 68 62 106 42 57 4 91 100 168 3 72 62 92 78 76 76 105 96 31 18 75 24 37 0 158 191 50 47 9 27 47 64 164 32 21 96 7 7 73 36 47 9 65 103 0 22 76 60 119 30 117 7 172 76 2 143 153 176 18 119 52 150 123 69 12 218 0 116 0 149 53 42 95 153 72 0 0 17 148 0 84 79 81 150 51 96 34 79 20 165 92 165 25 39 4 109 30 37 43 44 132 10 0 88 72 21 16 0 38 35 12 140 16 3 28 164 8 32 205 63 24 6 176 71 84 6 108 71 18 43 30 95 37 73 12 28 122 70 8 72 163 122 144 34 26 110 95 52 0 118 15 108 54 47 70 91 28 90 43 86 136 102 56 87 142 41 148 26 21 119 147 97 18 32 130 88 9 126 21 21 53 79 8 28 30 65 148 6 49 21 95 4 93 12 57 16 35 0 138 
121 112 99 81 0 46 52 130 0 45 66 0 5 68 21 9 96 31 56 20 28 52 0 83 34 75 36 0 171 83 135 44 85 6 27 70 22 77 92 21 3 80 59 25 72 36 162 84 83 0 89 30 0 39 0 67 13 0 63 12 0 61 12 65 128 51 57 78 97 53 0 32 49 9 65 81 91 30 9 91 121 68 13 15 20 55 0 28 30 47 0 51 89 100 118 86 118 29 28 8 0 0 42 35 25 20 63 70 74 29 43 144 18 60 96 127 52 180 31 27 0 0 19 82 21 33 11 90 54 99 64 115 30 6 22 30 105 50 0 4 187 0 147 45 53 0 23 54 105 0 78 61 131 35 48 4 38 49 102 22 22 0 35 60 9 23 93 61 41 57 16 39 100 100 26 90 76 134 16 25 24 48 48 33 9 78 120 71 15 18 9 61 27 51 130 62 44 54 75 109 10 15 52 15 42 45 7 21 83 0 68 45 47 30 0 63 34 137 76 5 109 2 24 72 102 45 29 76 46 30 8 72 63 81 18 107 20 105 35 113 85 0 12 185 149 0 80 0 30 18 0 0 0 43 40 2 
107 138 20 41 72 40 37 83 10 14 191 21 96 58 110 94 16 64 45 42 86 0 110 48 46 107 12 0 45 64 142 156 30 42 40 27 26 9 144 149 3 0 52 32 42 107 67 74 91 86 101 16 79 98 168 84 28 56 80 31 72 94 15 54 24 108 22 131 52 168 15 67 12 75 42 14 64 8 24 37 0 54 60 30 23 154 27 121 46 44 110 52 36 26 56 12 142 36 18 0 64 88 16 85 68 16 65 90 3 72 0 20 63 72 158 12 136 7 165 38 36 136 31 32 99 44 1 35 148 52 65 63 0 66 24 56 46 80 14 123 65 145 165 38 0 45 27 170 37 34 16 36 135 110 30 17 67 0 66 149 121 7 28 14 90 76 100 80 4 107 7 84 92 67 85 27 40 143 56 18 16 29 28 68 41 0 37 46 117 6 63 44 134 95 54 20 84 138 40 114 64 12 29 42 35 48 28 36 28 59 42 25 73 150 18 34 134 191 12 54 221 45 56 32 0 62 64 124 2 29 98 76 46 94 271 63 18 114 32 133 110 42 66 56 71 136 97 101 86 0 72 0 37 131 0 109 
25 27 16 39 128 12 18 108 32 82 98 123 14 218 24 138 173 145 21 49 132 13 68 12 63 60 0 0 47 133 72 79 55 68 71 63 105 39 164 30 95 199 175 78 52 99 80 160 143 42 162 38 73 23 0 90 49 56 52 149 20 139 144 125 81 136 67 37 77 99 168 45 168 63 174 42 27 87 36 136 22 8 146 50 54 125 115 40 38 85 36 21 69 39 173 3 51 60 88 51 9 57 51 17 33 66 31 64 12 0 50 50 18 104 66 117 84 106 73 35 104 97 54 140 138 87 33 67 63 24 173 20 42 83 88 82 37 30 56 37 119 52 118 30 26 0 48 81 3 48 55 32 153 111 48 15 0 49 102 60 83 0 88 45 12 72 39 47 140 166 72 12 338 20 35 15 51 112 127 108 7 36 78 52 35 48 71 128 87 72 74 88 27 49 7 3 46 102 69 91 114 85 144 39 0 80 0 8 45 76 33 31 27 81 94 101 30 19 54 30 78 20 90 148 127 178 75 147 91 61 32 83 91 68 90 109 73 120 49 38 28 70 60 112 104 82 41 63 72 53 190 24 41 90 88 8 
54 91 74 35 0 40 117 126 20 58 108 13 34 49 30 103 1 31 63 130 34 15 64 4 38 85 84 48 101 31 44 45 9 15 7 104 74 4 249 117 32 54 65 81 48 27 58 57 36 34 28 3 19 87 4 0 15 27 118 93 36 75 55 0 24 62 7 44 72 99 8 55 18 63 7 0 0 18 0 0 36 6 35 33 48 54 13 71 50 104 78 102 31 56 79 67 36 103 36 70 21 68 113 67 165 18 9 27 48 154 0 71 67 0 90 109 60 57 0 42 38 136 37 107 15 0 78 8 77 69 64 44 31 34 0 155 25 24 0 63 59 58 18 63 28 49 41 104 21 45 3 108 82 75 21 32 19 29 0 48 42 6 133 18 15 50 44 12 24 21 30 120 78 16 12 63 9 67 9 0 24 81 12 36 36 0 69 24 12 41 90 72 66 11 4 86 3 28 9 63 0 27 8 59 37 38 28 61 54 81 65 54 78 18 27 93 73 95 37 28 14 129 64 40 6 0 76 12 24 66 0 51 69 66 91 18 65 9 101 85 21 0 70 4 145 58 88 0 45 126 58 2 10 66 75 103 
74 135 33 13 222 12 35 39 48 69 44 24 116 0 12 146 60 131 28 112 108 42 101 55 54 61 31 70 131 128 28 128 31 14 30 21 79 89 240 18 30 21 93 66 98 39 52 72 88 55 35 149 113 80 81 20 7 18 28 61 45 223 45 32 55 36 92 104 100 54 33 147 6 16 83 80 23 37 4 75 6 27 101 15 13 128 48 176 12 151 6 36 95 0 84 29 73 73 165 112 14 48 2 104 34 68 18 38 78 44 24 9 71 253 93 149 169 113 10 36 70 72 8 86 170 28 54 60 69 79 54 25 9 30 29 30 81 15 138 81 109 31 2 0 55 84 69 128 40 61 35 111 99 43 0 12 7 123 7 47 78 0 36 104 21 44 0 122 135 139 51 0 104 49 91 0 28 78 156 0 47 6 24 8 15 48 123 89 38 0 76 40 18 21 32 69 73 81 92 187 89 16 0 0 21 59 117 73 65 46 62 53 46 81 11 42 77 89 24 0 84 35 101 43 18 49 222 83 73 66 77 97 65 43 212 134 37 20 123 33 119 45 15 75 69 24 0 79 27 40 215 61 42 229 0 18 
55 106 138 94 12 100 220 95 16 24 129 0 0 18 27 143 88 60 81 12 94 42 72 153 56 84 204 54 8 12 79 64 164 79 24 126 27 42 71 32 102 36 32 36 112 77 54 59 15 90 105 74 48 182 56 150 88 82 220 106 48 188 62 77 67 167 153 160 65 0 93 38 25 54 101 57 9 81 36 62 0 97 151 89 107 166 113 92 62 69 130 106 130 0 44 114 121 118 56 20 108 48 90 143 114 12 102 58 8 82 48 133 30 180 99 30 40 88 98 26 36 20 162 16 55 115 253 42 39 20 106 69 42 91 51 74 12 74 20 4 54 32 77 18 90 23 94 57 129 44 20 106 99 91 93 123 117 0 40 63 27 111 42 34 86 98 129 0 119 10 19 0 27 40 53 87 117 16 12 92 7 124 0 88 33 36 132 57 30 8 97 34 48 36 108 60 121 42 135 245 62 0 12 35 139 16 45 90 43 24 84 0 110 57 96 84 154 184 62 112 30 178 74 110 24 48 99 100 25 35 114 86 97 19 93 0 48 144 173 85 200 104 42 65 140 48 39 12 52 103 0 0 53 111 24 69 
110 22 28 27 84 5 80 81 70 24 41 51 63 84 4 82 48 96 0 82 63 0 92 33 27 21 3 9 112 73 102 13 36 18 46 33 65 48 39 120 36 95 83 48 6 4 75 56 16 51 110 12 7 0 27 20 18 34 135 84 68 78 36 52 124 81 90 95 19 105 140 52 17 27 14 9 39 20 34 79 0 51 38 32 4 96 61 86 16 136 109 56 46 37 91 94 50 32 0 81 25 75 24 94 55 137 0 1 42 0 25 258 46 114 68 87 102 216 44 62 96 0 129 93 9 113 20 26 54 0 113 16 30 12 54 47 19 96 79 55 107 31 36 128 56 40 40 153 36 54 17 12 98 67 2 4 50 33 63 51 41 0 63 21 1 0 108 119 198 33 53 84 0 49 9 30 74 93 21 0 41 164 12 16 66 22 42 16 37 118 30 35 123 100 15 138 42 34 21 159 164 40 41 51 104 26 24 0 124 42 144 141 32 6 100 45 10 202 10 143 73 28 93 97 28 0 63 143 40 64 16 54 45 88 62 57 28 42 43 189 48 56 72 30 0 22 0 54 25 84 108 27 4 41 28 130 
57 51 45 9 98 35 26 24 0 119 15 4 20 36 27 71 125 14 22 63 63 9 56 75 20 45 106 8 148 62 45 83 0 21 22 72 18 11 58 64 11 75 35 0 96 45 108 80 57 27 45 16 42 36 130 0 0 104 56 0 16 76 5 52 10 20 0 73 20 7 120 0 9 0 33 28 0 15 79 143 79 92 36 73 63 5 20 16 44 43 0 0 0 16 0 6 35 87 22 18 37 39 12 69 0 0 82 0 49 27 94 63 64 54 46 18 14 115 5 59 90 10 61 117 35 54 121 117 83 81 45 62 185 39 84 93 72 0 115 0 18 18 148 12 38 0 84 162 25 63 32 0 47 2 90 32 36 9 27 31 48 0 0 44 72 16 21 187 20 26 63 0 4 72 96 43 3 109 0 63 2 162 21 117 30 0 79 61 48 72 0 12 36 25 63 66 35 13 51 69 28 35 16 71 63 54 10 27 5 0 40 55 54 39 0 56 66 72 25 36 35 37 42 64 35 14 24 83 20 0 128 171 93 155 67 33 81 86 0 45 54 173 21 27 14 33 6 44 0 40 36 40 31 101 20 0 
109 74 163 90 12 99 150 151 97 0 79 135 12 93 63 114 63 41 110 56 123 69 32 20 126 65 22 0 46 44 102 119 16 87 9 30 24 7 235 220 86 92 0 165 70 153 78 55 2 136 20 30 7 74 0 72 75 66 211 157 120 98 77 54 35 164 94 136 119 116 155 90 18 0 84 61 18 35 0 86 12 0 45 111 106 126 16 140 210 58 176 60 84 56 125 15 12 26 0 63 57 24 166 174 169 72 99 74 61 38 62 81 46 0 204 0 7 34 90 9 64 0 161 112 74 181 138 65 39 45 53 20 53 109 66 119 45 149 78 269 105 268 110 20 152 36 82 10 75 0 27 46 95 43 33 76 58 0 126 92 46 46 110 32 33 138 52 34 192 127 49 54 262 80 41 111 35 161 27 28 74 79 71 90 119 3 0 0 68 24 56 9 121 63 40 121 99 47 76 104 30 30 34 18 67 73 0 9 171 18 93 79 25 0 186 124 76 80 195 61 57 129 84 127 118 30 21 180 61 50 77 157 108 129 102 32 138 98 90 143 89 72 116 21 268 38 106 105 45 135 26 141 79 80 0 130 
63 32 40 72 24 0 0 42 37 30 0 0 80 0 0 18 48 0 7 50 0 14 0 84 0 31 35 42 64 0 20 53 7 13 0 0 105 8 48 0 12 49 0 16 0 0 20 0 11 0 6 153 0 2 14 58 24 0 0 0 14 0 12 14 0 119 63 64 52 32 84 0 100 105 12 0 120 0 53 42 34 54 0 174 14 32 0 7 0 18 0 2 42 0 40 0 59 72 56 63 0 74 0 79 22 0 0 72 42 0 16 12 54 12 80 30 0 71 54 0 0 54 36 0 20 0 30 144 128 0 86 58 4 0 0 42 50 64 0 28 10 0 53 40 63 0 63 91 36 14 11 0 108 0 95 87 12 0 0 8 0 0 8 0 66 11 21 24 12 38 167 0 0 102 0 0 14 36 0 0 21 0 79 66 42 83 88 63 32 0 137 0 121 77 36 0 36 56 150 0 0 117 12 0 8 35 49 2 0 2 82 14 36 0 0 35 0 42 62 70 0 0 86 24 0 30 0 48 72 0 49 48 21 36 31 121 0 32 65 63 24 0 0 63 0 18 0 42 54 28 30 21 82 133 0 8 
79 63 28 64 65 23 72 169 27 57 49 52 0 54 27 58 0 0 77 12 0 14 42 68 39 67 0 20 151 49 0 28 81 48 10 118 68 36 144 119 84 8 15 0 60 0 140 33 8 55 60 10 25 32 64 91 0 0 0 58 88 36 75 56 12 63 81 75 129 75 101 0 4 95 63 38 24 48 49 60 63 8 59 103 10 63 18 47 43 55 32 129 8 11 64 42 28 8 45 128 42 46 122 132 9 10 68 18 73 53 43 158 79 171 61 69 107 22 34 42 41 28 51 120 73 8 14 7 11 128 37 10 49 94 36 14 74 4 98 53 116 131 0 8 121 64 6 29 4 14 0 16 68 27 81 0 16 5 46 57 56 28 40 48 50 9 20 14 97 44 32 139 49 7 44 39 0 37 28 32 52 88 24 108 67 77 113 42 83 120 0 0 15 56 35 77 0 12 109 65 100 50 53 16 53 105 0 36 0 20 28 135 25 22 0 79 32 88 93 62 40 74 59 117 63 0 56 36 24 80 110 50 4 4 65 5 45 39 43 156 121 0 142 29 135 6 42 62 83 12 149 63 5 104 28 58 
0 45 9 2 59 10 21 67 0 20 17 87 48 43 27 64 50 0 20 32 18 102 89 76 88 158 0 0 125 30 66 4 29 0 27 49 29 135 35 41 26 53 74 31 0 0 46 71 94 108 65 4 36 28 65 0 11 89 32 26 15 28 45 0 0 81 160 0 97 5 14 26 160 125 42 18 1 35 38 16 18 42 66 5 0 57 30 24 173 88 16 0 44 0 76 160 7 98 84 20 0 21 20 5 7 95 25 84 40 24 8 80 30 48 54 106 20 57 32 47 72 6 10 20 87 27 40 58 78 24 127 24 20 49 125 35 27 18 0 0 54 55 39 0 87 5 0 20 30 34 7 45 126 38 0 32 0 142 30 42 36 0 18 20 66 39 45 117 0 71 63 12 117 78 2 118 8 24 20 92 24 137 1 10 61 0 33 46 107 27 0 0 0 49 8 0 77 19 42 76 50 24 57 21 95 51 44 0 44 43 8 45 56 4 6 135 0 64 0 0 0 0 0 10 20 42 67 58 138 18 74 51 83 33 30 0 64 106 59 114 79 6 51 102 40 30 27 10 16 34 63 18 7 94 84 30 
80 92 67 0 159 36 37 68 10 42 72 63 9 15 0 54 84 120 0 42 0 20 20 39 0 15 0 24 0 41 66 155 151 32 50 101 93 76 88 7 57 35 5 0 24 76 52 38 36 89 2 116 68 46 36 83 16 82 25 24 86 50 0 68 11 127 69 89 71 107 53 68 40 152 7 92 36 110 127 0 2 60 38 89 22 72 24 42 9 63 28 0 30 15 56 0 168 52 50 31 7 6 24 132 104 124 20 6 125 49 8 73 131 91 24 10 24 123 17 68 0 44 65 8 97 86 103 0 18 5 20 0 88 52 4 56 0 85 4 86 1 3 39 39 56 30 0 90 71 87 7 0 64 26 75 0 84 6 4 82 118 87 18 57 4 57 0 57 34 2 4 4 110 12 61 12 26 0 0 43 43 78 11 84 62 79 144 72 0 28 12 6 0 124 34 25 12 143 60 44 0 10 36 0 31 37 7 12 7 21 49 32 50 48 54 64 55 99 17 14 0 0 48 161 36 0 92 178 189 0 52 152 137 94 66 58 0 92 36 15 9 28 24 8 88 0 3 20 31 0 29 62 12 111 16 91 
71 32 42 9 52 25 88 53 32 44 72 30 24 47 22 60 64 0 41 36 36 24 17 101 24 40 13 116 114 56 18 40 9 74 80 14 3 32 142 12 61 72 16 9 46 112 92 68 67 24 32 0 0 111 42 40 4 58 12 93 72 128 25 110 2 70 164 126 69 16 84 47 57 150 129 10 44 22 32 8 16 21 27 17 53 115 78 37 93 44 34 51 23 70 92 77 98 20 74 54 60 16 99 64 10 39 0 64 51 49 40 104 19 76 44 82 36 40 62 5 15 20 34 50 34 0 55 69 49 74 81 34 65 60 30 35 83 60 41 57 8 36 12 34 129 51 18 100 90 34 11 167 62 64 0 96 73 48 39 178 39 0 61 90 66 0 68 66 124 132 63 32 116 40 56 45 66 60 28 33 24 9 193 16 35 32 32 16 32 0 73 100 56 148 65 28 80 59 36 179 46 0 36 16 14 35 42 92 49 5 104 13 19 56 27 76 108 64 80 24 45 114 27 8 0 30 34 112 76 87 107 139 0 78 24 43 81 10 86 80 76 7 54 96 127 19 37 45 58 42 108 4 36 92 36 12 
35 64 102 50 17 0 2 5 0 68 107 0 31 86 64 125 88 45 71 58 57 45 0 18 87 25 40 0 42 62 41 2 88 16 33 132 70 30 198 57 58 22 81 52 0 16 88 43 18 54 39 40 4 10 6 98 0 84 27 34 62 67 0 76 81 36 84 90 0 119 81 45 38 89 3 47 5 28 19 80 38 30 64 39 0 32 18 93 65 55 36 33 126 0 23 0 39 23 91 0 10 0 14 20 55 41 0 40 107 72 47 21 99 107 47 103 49 6 27 132 42 8 137 32 84 1 27 44 71 72 105 0 27 90 64 24 4 54 61 137 0 21 6 5 18 102 0 65 115 0 0 45 24 93 0 22 20 70 9 25 91 32 35 5 42 54 56 0 60 43 15 40 127 46 29 25 0 43 70 39 15 31 15 102 44 61 37 92 64 98 5 10 35 15 18 83 53 0 66 87 117 0 21 18 35 38 83 0 73 14 5 29 37 7 14 86 40 10 67 40 12 58 40 0 106 20 131 37 98 0 6 25 30 0 28 12 115 74 160 109 61 8 50 98 65 45 29 56 60 16 158 34 16 28 40 55 
33 42 128 47 51 0 98 128 124 19 159 55 104 46 59 94 64 0 117 0 114 48 87 161 0 56 24 0 19 75 0 196 50 42 88 0 46 7 71 0 36 85 30 12 60 28 48 77 66 72 152 49 119 54 35 121 9 73 48 21 56 21 134 12 49 76 3 114 122 160 93 0 57 35 63 72 77 111 15 0 61 42 108 132 22 107 33 7 65 157 66 81 10 60 114 63 151 33 45 0 66 60 125 35 0 63 88 24 199 36 7 69 58 81 93 64 25 35 118 31 22 167 16 45 35 116 20 134 105 4 25 57 65 23 87 138 0 18 54 14 57 76 140 47 117 43 135 95 210 69 63 0 259 35 14 21 73 194 42 64 133 47 123 81 38 8 12 58 51 37 33 80 109 25 9 21 0 15 0 129 3 51 48 35 10 46 79 36 49 112 201 0 0 111 15 81 56 139 120 106 40 0 31 15 44 35 42 0 28 60 207 66 0 63 23 125 71 107 222 67 143 6 63 96 60 81 0 119 8 0 94 24 15 79 6 0 42 65 6 42 180 82 53 108 79 30 72 10 34 27 9 145 5 46 173 20 
62 89 143 0 84 60 196 96 44 107 15 97 17 94 39 46 162 76 70 155 178 12 34 130 62 4 30 54 39 189 30 32 126 92 33 21 25 94 134 50 178 233 0 12 161 135 35 120 128 36 0 4 32 211 16 54 9 130 60 115 54 305 57 191 40 101 106 186 56 86 88 164 28 48 307 21 0 168 57 136 21 125 69 80 145 198 46 79 87 133 72 100 54 57 80 83 60 22 129 104 7 24 172 86 48 87 69 127 47 72 70 153 12 84 61 115 137 225 104 37 102 95 85 76 79 24 140 39 52 0 121 57 56 111 58 32 40 69 78 135 69 116 49 80 61 6 115 14 109 19 113 135 84 95 21 75 41 16 120 123 51 0 138 230 29 153 50 23 47 58 62 58 170 108 48 2 210 18 14 90 14 6 92 57 83 0 61 79 42 0 126 120 80 168 134 132 60 77 14 232 27 72 78 56 24 55 32 181 117 7 180 128 25 114 12 122 123 138 245 96 22 218 144 75 228 34 230 148 156 32 152 0 0 0 65 119 164 127 62 12 185 80 65 250 149 145 41 220 7 28 130 222 42 99 82 53 
38 143 109 0 68 59 207 8 58 56 3 147 2 80 52 0 48 0 23 141 117 0 12 42 98 82 28 39 35 86 129 11 135 36 118 50 44 73 11 35 70 27 27 7 36 161 98 29 0 63 0 27 54 79 122 134 32 51 119 229 0 107 120 5 40 12 104 76 104 76 69 0 42 110 0 83 40 88 54 57 35 139 98 24 39 0 50 0 105 39 63 56 55 0 3 16 52 71 89 53 24 9 51 115 127 91 128 150 164 119 30 25 65 21 82 32 160 34 2 63 89 75 99 96 94 38 42 37 55 0 0 4 48 53 26 8 80 43 109 82 117 59 109 8 59 0 32 113 24 66 64 151 35 30 0 35 22 1 0 8 97 0 99 77 9 81 86 16 138 87 7 28 132 40 155 61 113 118 9 9 0 56 140 83 178 12 0 5 42 32 38 104 52 66 37 35 84 20 92 32 0 7 67 43 133 83 24 12 64 61 89 85 29 49 48 72 55 60 93 20 28 21 92 60 51 63 92 69 108 83 143 46 12 119 89 24 0 27 94 194 41 0 109 97 72 51 24 32 0 0 146 137 33 82 81 4 
106 64 159 10 162 0 35 78 46 1 40 0 44 8 87 18 0 0 56 36 68 0 88 63 12 123 30 0 0 53 50 95 45 112 72 0 103 48 151 63 18 0 0 32 70 24 88 96 3 22 91 28 92 40 84 10 18 0 32 154 75 29 0 54 0 0 9 121 28 43 61 0 22 9 0 81 6 24 40 15 65 118 0 48 36 6 114 0 76 1 36 80 113 33 36 24 0 6 76 0 56 18 60 19 23 0 5 0 94 36 85 0 76 0 110 133 83 69 14 59 45 49 24 32 91 0 117 60 27 74 35 31 96 88 48 42 1 24 46 8 179 0 40 120 36 3 0 61 0 63 0 66 24 165 105 8 18 0 0 27 85 9 15 0 83 72 21 134 24 107 0 0 94 65 24 17 90 79 2 72 41 81 62 0 90 82 79 84 0 45 0 0 15 78 45 66 49 16 72 181 133 0 30 25 64 0 67 0 0 72 54 53 0 125 63 108 72 116 13 36 0 45 62 49 0 95 0 68 23 6 4 136 53 75 0 113 0 63 118 45 23 66 41 80 30 15 6 43 64 1 159 0 27 82 24 40 
117 129 12 25 78 2 25 31 45 28 63 92 47 10 87 0 98 30 25 104 94 42 30 133 2 46 0 48 56 204 56 124 30 117 81 83 40 46 145 97 0 33 0 12 40 80 132 116 18 30 36 79 19 132 111 99 88 109 68 4 178 72 6 44 16 103 166 117 30 110 65 66 60 117 14 45 77 51 0 153 36 106 27 52 50 88 0 113 134 63 63 42 16 27 35 27 89 26 49 38 81 27 27 70 25 85 0 95 13 18 24 40 3 78 176 77 18 21 0 45 106 18 52 27 183 20 28 66 54 33 49 0 30 2 21 93 72 32 48 99 57 0 63 36 72 25 84 57 131 96 29 60 146 121 62 0 24 151 0 50 52 0 24 40 105 14 161 7 45 21 63 43 77 117 58 36 65 18 30 0 51 50 117 71 0 15 96 18 25 8 0 42 16 177 30 18 54 156 37 136 57 19 34 91 47 64 54 0 15 39 197 87 16 56 81 76 4 87 101 109 16 42 231 108 0 0 80 119 163 0 54 116 0 0 98 10 32 19 132 2 53 16 26 137 3 27 27 195 109 0 57 19 0 119 0 20 
73 71 184 5 0 45 29 122 18 60 36 84 29 158 69 166 87 81 52 64 7 32 47 63 8 21 0 21 56 20 6 81 129 33 30 43 81 81 58 59 72 36 61 30 95 5 68 3 36 6 0 117 17 32 46 123 0 57 55 93 14 74 61 0 30 107 171 133 141 173 170 0 73 202 0 18 129 36 30 65 0 42 157 69 77 26 73 82 150 72 33 35 66 40 79 28 140 134 14 106 19 3 9 145 48 90 0 4 77 21 60 24 102 76 106 84 57 23 24 15 32 0 137 89 36 40 79 34 2 104 63 18 6 117 0 117 59 107 52 103 54 7 48 89 78 77 21 25 58 74 51 98 129 177 106 38 105 29 81 34 133 72 66 62 12 21 34 87 177 171 56 13 226 28 56 81 25 52 21 4 33 5 99 126 140 60 86 68 55 32 38 46 25 47 56 39 50 27 37 163 85 29 28 2 0 122 24 17 37 87 0 12 52 42 12 84 98 30 156 14 0 49 131 80 71 27 80 125 110 34 66 85 90 38 142 42 28 95 13 92 18 39 49 49 72 140 85 12 117 6 120 56 28 74 32 12 
61 112 54 51 36 18 12 1 49 51 104 52 14 25 0 114 60 0 47 12 40 0 10 81 32 17 0 4 163 0 47 41 3 15 68 32 49 12 39 39 45 93 119 41 27 24 23 50 39 36 67 109 80 12 14 0 6 63 87 12 14 5 74 1 32 0 133 81 45 0 35 40 10 39 3 27 0 87 90 83 0 0 69 30 12 48 76 93 59 60 0 74 147 15 86 8 0 103 72 30 34 0 42 72 30 12 44 45 30 48 21 44 0 39 3 82 0 96 0 9 40 77 86 0 16 72 86 73 35 0 93 16 63 48 0 86 77 10 54 0 18 32 16 39 17 67 3 140 111 28 4 35 53 0 28 60 149 49 17 6 72 63 9 22 0 69 40 7 7 60 36 20 0 12 74 40 27 34 99 21 12 120 61 27 27 0 45 90 0 24 53 32 0 64 32 55 133 0 15 183 12 0 51 0 40 18 84 27 45 24 64 0 104 33 0 72 151 0 64 14 60 16 0 22 74 48 117 41 103 66 1 40 36 16 30 0 27 36 186 171 48 42 0 20 63 5 25 0 62 26 14 78 48 84 0 0 
68 62 86 18 85 111 76 147 63 56 104 149 77 111 72 100 60 60 114 32 134 6 59 48 74 21 163 72 62 27 51 95 0 74 90 229 76 82 59 21 34 160 31 96 8 68 32 78 64 100 16 58 79 17 110 97 5 10 75 12 0 102 57 69 63 35 114 175 174 53 128 0 168 73 79 56 67 66 67 0 5 87 33 68 147 83 90 76 119 143 0 102 146 46 66 109 157 41 0 74 15 9 173 121 100 0 95 34 154 46 155 93 42 48 6 52 15 151 39 0 58 3 21 91 96 72 180 206 102 0 15 0 154 71 27 283 28 45 9 25 29 132 126 45 137 0 138 62 106 108 114 36 148 122 24 116 128 64 113 0 58 28 61 124 109 20 16 112 29 66 46 60 38 72 41 94 56 8 6 30 58 103 51 47 10 3 88 132 35 78 52 40 45 48 28 106 38 86 124 73 52 69 169 68 28 16 82 8 84 34 91 60 64 57 70 227 100 144 184 50 53 121 0 124 71 102 31 60 117 10 50 123 104 56 117 111 40 34 22 80 37 194 68 42 42 40 8 40 86 42 60 145 7 10 0 3 
72 90 190 0 186 24 101 79 25 82 174 135 84 55 8 87 165 30 55 225 74 10 60 15 0 61 7 20 72 155 57 69 93 13 63 56 94 18 151 73 74 69 0 99 113 87 63 64 23 85 60 113 121 78 70 89 0 103 196 138 55 63 28 40 87 90 178 28 126 174 138 76 81 85 52 75 212 4 72 30 26 139 35 132 22 132 43 75 117 148 18 80 144 12 64 194 69 46 14 31 39 0 106 176 14 45 24 81 75 168 64 76 72 48 211 64 7 121 45 9 104 110 159 96 94 50 101 155 68 21 25 91 81 94 16 220 139 69 178 121 116 0 25 72 91 95 147 95 277 60 55 37 79 126 55 119 63 124 48 122 0 0 37 77 18 40 77 20 124 61 111 74 92 35 138 19 5 35 36 0 24 181 171 70 99 60 136 107 42 0 39 67 19 47 26 13 92 98 90 101 18 58 63 45 168 115 25 0 115 0 236 25 63 36 45 185 21 41 153 0 49 68 53 96 45 45 77 208 143 45 38 331 90 40 185 190 77 0 97 36 21 81 5 128 20 74 75 34 63 15 41 130 37 157 112 110 
168 28 42 0 55 7 108 61 0 62 56 12 68 81 0 119 36 33 0 28 21 89 80 20 7 12 165 60 103 36 86 15 105 21 40 44 80 7 66 85 60 33 76 104 0 34 57 7 56 173 42 35 1 24 6 49 7 42 3 0 0 111 64 69 120 14 85 87 51 21 144 92 18 12 68 49 0 49 60 57 8 117 26 75 24 91 15 3 117 28 44 67 20 104 55 47 107 12 90 21 8 59 16 0 63 12 58 69 9 61 54 167 15 72 75 144 48 54 20 42 12 0 45 52 13 96 37 137 13 0 27 47 31 16 63 135 0 57 73 90 135 60 146 36 72 36 67 117 82 12 72 24 181 12 18 16 16 26 32 0 55 20 138 65 41 48 136 32 0 35 127 54 55 42 98 75 27 0 20 36 0 93 73 76 56 0 70 126 38 12 68 21 144 116 0 5 39 90 56 43 34 2 121 28 90 58 55 28 79 29 145 20 73 24 4 67 25 110 52 83 148 12 58 0 51 10 30 23 78 57 54 149 25 63 9 49 28 87 70 23 110 38 88 106 117 24 0 40 55 32 49 57 54 63 44 28 
79 48 174 13 70 96 35 48 84 114 109 88 36 72 35 115 100 0 131 29 0 134 0 67 11 33 21 32 148 20 12 96 139 45 106 81 46 41 100 71 42 6 0 13 45 88 36 78 14 46 67 107 111 128 57 113 45 110 112 39 0 8 25 40 89 217 18 69 20 116 28 99 67 152 109 9 0 30 56 113 0 48 69 80 60 116 50 107 110 125 42 0 15 8 128 69 94 49 69 32 80 0 162 88 118 83 16 72 9 41 58 87 121 51 58 45 63 55 103 38 43 15 145 64 0 0 131 99 63 0 137 60 77 46 26 160 76 54 84 24 68 60 136 19 17 28 89 148 92 5 9 5 159 101 4 55 137 28 24 42 48 0 64 0 49 4 4 30 103 176 176 103 112 0 49 72 35 66 3 48 0 90 100 50 7 36 48 0 56 4 56 0 88 45 19 17 45 87 106 100 0 40 52 74 32 16 0 11 28 47 15 0 12 118 81 110 0 144 187 121 78 105 48 80 6 92 62 76 97 59 68 61 49 0 78 0 0 10 40 16 63 49 0 22 10 18 23 40 0 149 7 35 48 56 16 37 
66 137 9 16 104 9 100 79 103 16 52 93 0 143 33 182 119 0 55 28 0 0 96 61 8 25 36 6 104 59 18 124 31 102 151 21 235 28 71 18 92 100 45 83 99 68 255 95 67 45 134 143 63 48 71 63 26 98 78 39 26 54 36 69 21 18 98 136 121 73 107 94 75 53 61 108 8 132 62 55 0 85 61 22 100 37 87 112 142 215 0 82 146 78 35 116 96 101 14 0 81 46 27 84 95 132 91 167 89 67 4 32 83 126 45 31 101 70 64 36 83 108 63 76 51 30 180 69 46 70 88 6 70 28 47 147 82 0 65 12 83 158 54 121 40 136 49 127 134 47 20 42 68 33 101 35 3 104 109 69 77 51 20 32 63 88 142 5 47 33 48 12 0 79 79 81 191 57 74 51 48 21 85 35 122 0 15 4 7 42 116 58 0 124 20 4 146 126 88 161 28 8 27 3 41 47 91 84 146 88 65 25 75 8 26 65 107 65 35 19 48 93 12 125 6 32 66 116 153 53 106 122 53 48 117 7 36 165 86 11 39 21 106 121 71 31 40 103 61 71 0 163 55 82 64 89 
54 105 33 40 9 5 14 126 30 39 0 24 21 78 49 74 142 24 13 0 49 22 48 0 75 0 0 3 0 86 16 56 0 32 2 0 0 32 0 64 32 14 0 0 0 72 77 8 8 0 0 139 54 0 120 144 0 30 129 0 73 140 12 9 32 175 5 105 122 135 99 51 130 16 6 0 184 0 0 49 3 81 18 5 41 98 64 80 45 33 28 107 42 68 100 90 58 40 0 122 102 0 36 52 58 54 86 0 45 9 15 32 40 7 109 6 15 38 0 0 63 0 135 73 103 30 25 9 14 77 55 42 49 38 36 0 98 0 13 59 51 45 68 97 121 0 0 54 14 98 5 41 54 96 10 1 159 66 27 70 48 0 15 24 0 0 3 68 0 36 64 22 159 30 59 6 9 1 0 4 0 103 68 119 35 56 0 2 157 42 7 135 0 9 42 2 68 150 40 54 0 25 12 0 116 121 50 0 24 94 82 170 35 81 61 57 38 61 77 92 75 86 63 83 116 30 8 62 96 57 50 0 63 27 49 76 81 32 7 80 90 22 52 40 84 0 54 18 0 24 30 43 48 53 44 0 
24 12 13 76 13 36 0 54 45 50 143 6 120 0 0 48 13 60 7 43 0 30 0 0 0 18 56 7 0 0 18 43 58 15 33 126 104 33 56 105 92 103 69 77 0 97 36 4 138 93 63 27 8 0 0 10 14 41 74 0 0 59 0 69 30 0 25 51 42 21 22 54 134 68 67 28 53 42 48 0 81 8 61 143 14 90 0 63 28 69 21 0 49 16 57 42 66 93 0 0 0 213 0 63 70 81 6 45 28 49 16 0 36 54 54 70 72 99 0 0 45 0 0 0 31 1 44 124 126 3 45 45 29 35 61 95 18 35 2 10 24 0 60 105 162 90 77 51 104 19 19 18 81 0 0 128 0 45 19 25 59 30 107 63 0 70 45 49 0 29 54 144 36 80 32 0 21 21 68 0 0 36 56 49 6 0 36 74 12 0 24 75 117 5 0 0 10 63 64 74 39 57 34 16 3 0 9 2 21 18 56 1 64 7 2 30 19 0 66 42 74 0 84 101 0 48 0 33 35 0 65 24 120 44 63 81 0 5 66 0 45 12 86 30 95 0 54 16 72 45 42 0 29 48 36 35 
37 82 42 40 78 111 141 216 70 51 84 63 117 42 86 104 112 75 37 9 132 82 284 0 153 95 67 108 95 241 72 91 32 82 48 32 96 45 73 62 25 87 121 21 3 174 129 94 84 192 75 118 149 60 152 137 70 32 88 0 64 48 58 54 32 44 96 132 108 76 47 61 92 48 6 0 81 15 125 11 0 76 142 38 48 58 27 280 86 127 15 120 173 21 73 178 126 127 114 30 55 64 122 40 60 16 41 97 74 36 6 16 117 90 79 40 172 5 27 18 125 36 104 53 80 0 127 47 155 68 20 28 27 0 167 46 68 0 36 78 89 113 60 0 160 84 78 154 24 76 42 27 148 149 18 111 35 118 118 140 68 0 64 54 15 51 100 108 64 168 4 59 112 0 42 54 7 24 86 75 31 145 65 164 27 27 67 181 161 24 100 49 72 76 25 84 177 94 109 137 12 34 21 24 66 46 194 41 66 92 88 35 72 54 57 24 44 45 54 21 108 15 79 110 105 0 30 5 127 0 0 109 96 58 40 77 55 150 111 82 45 21 88 20 97 41 40 38 0 32 204 118 0 155 12 45 
1 92 266 0 70 89 114 63 45 42 18 98 8 145 12 99 0 50 176 86 31 27 0 38 10 41 0 0 165 121 78 118 49 50 88 30 41 69 79 36 83 40 66 112 42 12 186 0 14 18 93 80 0 0 40 24 69 39 106 120 69 189 60 130 132 88 81 27 99 35 31 39 85 72 4 42 81 57 102 12 51 84 238 40 56 2 52 43 21 7 71 64 52 55 48 36 26 4 67 0 22 6 23 111 132 36 71 159 142 104 37 122 62 174 207 52 47 108 47 61 20 188 100 71 102 42 71 84 171 0 0 61 152 35 18 56 21 37 89 48 40 170 132 173 82 21 19 114 62 147 32 72 92 24 52 62 51 44 63 18 72 30 140 67 40 46 114 85 112 67 26 0 109 48 125 42 99 153 69 47 0 96 61 0 185 81 181 108 21 32 49 66 0 185 49 11 129 18 97 0 39 32 84 81 150 58 76 63 32 0 22 0 71 4 18 88 62 217 29 71 56 89 18 173 48 0 34 162 149 27 53 71 0 189 126 89 2 125 62 59 145 0 21 155 40 90 6 24 6 8 117 141 42 30 60 44 
27 58 183 24 212 72 35 193 37 106 226 147 44 83 20 18 27 116 142 49 99 20 11 42 88 72 40 46 26 90 162 28 6 64 53 63 46 49 138 186 60 101 3 113 59 55 153 46 114 40 18 0 25 63 44 9 37 24 43 94 35 96 118 14 96 120 162 84 42 52 54 82 12 172 126 14 0 161 74 40 6 118 39 36 79 34 56 57 172 166 136 160 35 28 164 91 133 33 59 59 6 78 98 78 81 51 6 102 141 91 72 56 85 93 96 143 38 199 27 104 6 15 74 116 85 48 61 19 91 68 43 39 83 106 66 73 77 106 45 5 48 58 18 179 119 0 4 25 127 42 0 143 82 138 0 18 40 3 118 54 46 0 52 64 45 77 6 90 130 156 22 52 116 25 8 182 28 46 8 65 44 57 48 35 133 0 68 120 38 92 34 76 51 20 70 129 175 35 29 261 35 56 24 43 164 87 160 46 82 9 69 44 9 148 69 122 98 106 91 33 27 87 21 39 132 141 51 91 78 13 178 87 94 62 48 104 68 87 55 152 65 23 141 103 159 93 59 53 0 129 149 163 40 36 126 129 
129 42 22 136 12 95 56 26 40 17 97 0 28 24 57 32 2 59 40 0 20 104 120 62 0 38 0 16 22 0 113 5 33 50 65 56 118 61 33 157 92 51 12 14 37 77 60 76 88 12 110 26 8 42 48 27 58 12 34 58 45 27 30 13 55 25 110 59 66 8 77 28 32 107 24 111 0 60 33 125 4 12 20 32 21 27 31 14 66 78 26 4 24 102 30 32 134 80 30 44 42 24 63 35 20 15 30 32 110 43 24 2 33 18 50 38 12 90 44 53 48 0 38 4 15 12 48 81 31 32 102 39 6 20 75 78 81 0 26 43 92 35 186 13 23 4 48 122 22 6 0 93 189 18 14 16 93 36 56 82 124 42 111 48 78 7 72 0 42 82 51 40 94 46 53 0 27 134 11 22 96 84 44 63 42 4 63 281 30 87 21 32 127 93 101 16 12 33 111 168 45 0 124 0 68 18 36 55 53 73 49 36 75 6 14 58 140 10 69 81 32 31 8 113 178 54 41 90 152 36 69 245 79 41 42 67 78 119 77 32 32 52 56 86 39 93 73 68 89 64 99 18 36 53 0 34 
48 8 78 24 48 45 15 30 62 83 47 20 41 10 65 20 24 0 46 59 59 37 31 30 41 7 5 59 95 8 12 12 57 0 67 0 21 47 108 63 0 7 76 35 30 28 30 52 25 15 54 105 0 30 3 40 16 15 89 63 48 19 94 72 61 0 15 16 33 0 18 14 82 66 54 40 3 0 54 0 24 40 95 9 94 60 41 32 49 10 93 6 34 134 46 15 0 7 0 25 2 21 107 0 23 146 0 24 62 64 21 101 43 17 22 48 0 29 13 5 36 45 0 32 0 66 35 22 126 0 0 52 82 49 25 12 0 0 148 0 59 21 49 63 35 10 9 121 53 42 94 0 0 36 5 31 2 41 5 61 25 0 0 24 0 61 15 12 0 65 0 18 100 36 25 25 17 73 0 24 0 4 43 16 27 44 75 24 0 41 7 27 38 52 4 111 21 12 46 32 5 33 0 16 63 14 5 8 0 117 69 16 34 8 0 65 25 56 0 94 84 27 49 21 76 56 29 116 8 0 18 0 58 51 12 13 67 10 52 77 15 42 0 58 16 0 0 0 54 44 33 58 7 50 82 88 
136 94 120 27 150 32 58 0 90 126 55 144 24 34 79 34 77 24 53 59 190 44 21 77 50 27 45 120 104 241 48 18 2 97 2 128 24 97 229 88 74 36 119 43 105 191 64 115 86 89 69 154 0 35 45 210 63 0 91 70 201 285 71 0 8 48 100 99 141 36 31 21 160 95 100 94 112 112 0 134 75 63 60 71 134 133 16 97 96 125 20 40 0 105 84 78 121 65 74 49 57 18 42 62 38 56 163 118 164 32 21 163 114 30 153 58 35 61 29 6 175 93 82 100 178 81 133 61 33 32 130 160 19 76 43 86 158 42 157 141 45 53 112 32 126 6 8 36 62 110 164 183 12 36 48 18 67 116 41 72 115 49 136 109 88 34 40 139 117 67 63 18 157 26 52 45 9 48 0 36 35 35 106 104 56 0 112 145 12 81 52 133 92 62 68 96 113 46 89 64 45 35 0 0 52 102 116 72 6 103 192 155 12 18 184 89 124 109 119 120 105 67 202 0 72 0 83 229 122 30 96 44 79 191 27 102 35 60 25 106 82 67 25 115 99 44 42 72 100 27 91 18 5 184 115 45 
103 14 63 18 148 63 54 62 3 15 5 6 88 105 53 125 66 90 6 86 38 10 35 18 12 10 15 68 8 138 36 45 57 56 0 70 116 72 189 178 111 97 109 45 91 42 7 27 0 10 42 58 34 28 137 30 0 27 0 15 140 166 26 6 68 30 69 36 47 45 0 24 56 58 91 21 0 27 45 42 18 4 54 3 25 21 15 175 41 85 35 48 0 21 14 56 134 21 24 141 0 0 52 32 28 104 80 125 26 18 0 117 27 40 35 0 118 50 18 46 57 33 65 18 89 0 35 67 42 18 141 0 55 24 75 40 87 56 50 79 0 0 106 0 75 24 0 119 5 27 9 21 53 81 42 24 63 2 34 37 195 14 152 22 65 42 40 151 72 39 30 7 83 40 15 16 39 102 18 52 42 79 53 25 0 69 72 130 88 136 21 0 232 50 33 72 60 50 9 76 121 0 63 0 47 54 15 33 15 66 21 128 44 16 0 6 27 99 12 35 90 0 152 0 87 26 85 122 89 76 34 97 3 107 74 47 0 80 70 150 59 61 18 31 30 80 0 42 54 7 126 3 3 1 74 57 
108 100 93 78 164 57 42 58 28 47 226 32 32 176 43 168 40 0 79 48 88 40 69 122 26 61 59 8 46 45 112 64 96 124 97 155 210 80 207 174 102 40 32 175 0 150 159 83 170 98 36 146 120 49 56 54 27 0 42 200 83 72 43 0 14 80 129 59 53 18 222 48 101 114 135 7 5 197 135 205 6 24 118 45 79 155 47 13 52 57 0 24 15 55 50 131 224 73 103 24 31 12 60 106 116 46 56 154 45 41 93 90 58 165 240 128 107 110 69 36 6 113 0 42 16 32 101 246 93 0 74 0 53 60 11 64 0 38 64 34 123 169 91 10 93 43 52 152 0 33 29 6 50 23 16 27 91 32 53 131 45 0 0 30 41 97 199 8 52 24 107 12 218 36 28 19 72 42 12 74 42 38 141 77 93 12 32 96 0 56 94 204 65 113 30 18 24 69 48 244 129 68 38 48 102 40 28 2 0 32 23 35 149 72 71 208 130 27 105 161 91 22 22 202 76 124 74 91 149 58 60 221 13 4 122 72 0 196 99 17 159 40 0 104 70 48 24 100 134 90 207 26 192 118 68 78 
76 173 24 36 51 9 114 142 20 8 110 123 9 32 8 132 24 74 0 64 27 100 113 58 13 75 9 38 78 73 24 65 88 6 8 30 63 97 102 36 4 40 134 88 96 59 63 36 79 35 43 86 60 97 71 11 17 47 31 36 0 178 6 21 0 50 242 55 50 15 87 79 80 0 76 0 9 183 19 73 79 16 144 47 31 124 33 43 26 45 4 36 17 0 185 62 140 184 35 24 16 63 47 114 56 153 16 26 72 33 16 61 43 154 96 0 40 42 32 8 72 12 20 8 7 26 103 71 57 42 14 6 47 15 131 22 23 8 24 36 52 47 8 69 86 17 27 64 76 16 24 46 144 82 40 26 12 96 118 40 46 0 72 83 24 0 112 84 70 16 12 8 101 130 27 55 52 54 100 29 5 37 101 32 28 20 22 58 88 36 34 0 35 41 20 18 172 32 36 211 96 79 24 12 18 44 28 10 35 0 36 0 37 36 10 80 86 27 75 81 45 8 71 60 32 24 68 109 156 67 70 128 93 144 126 0 44 31 84 36 136 6 29 93 223 36 0 16 22 77 110 35 126 98 71 18 
45 95 121 40 51 92 84 5 58 129 63 77 66 130 76 92 53 60 20 9 53 91 175 54 48 68 108 8 64 21 28 66 71 64 30 15 100 26 7 98 74 119 56 47 40 103 43 50 102 112 121 2 28 60 54 62 48 12 85 48 86 24 73 91 29 78 105 87 60 125 30 34 8 54 36 63 56 96 37 76 52 9 133 108 14 6 58 44 56 183 92 5 50 32 59 100 37 0 116 38 17 61 4 37 16 29 0 108 51 8 0 111 82 75 9 30 77 34 26 42 25 18 99 83 66 50 18 82 80 113 83 56 22 38 106 55 4 28 35 8 191 104 156 35 59 54 118 16 82 69 40 145 227 46 70 36 24 40 132 52 185 0 157 98 42 85 58 75 82 147 23 12 198 50 77 0 21 20 7 81 36 152 21 113 28 28 70 172 57 72 84 60 222 126 59 24 8 37 74 125 40 8 52 32 72 66 3 110 15 26 24 68 114 37 0 76 60 61 80 155 89 29 32 82 123 72 29 21 130 18 195 38 66 107 24 93 4 144 42 93 78 130 37 72 35 66 16 12 70 0 36 0 48 136 56 32 
91 130 73 6 90 40 129 8 8 3 148 25 21 18 37 112 94 24 107 0 133 99 81 50 27 2 0 0 84 20 86 57 92 0 29 78 22 60 108 63 9 26 34 85 70 4 13 1 29 83 88 64 0 68 33 20 0 11 61 130 64 81 10 20 74 42 101 9 39 63 42 59 38 28 10 0 0 62 50 23 0 6 89 46 76 84 59 148 42 1 100 1 165 15 9 23 108 28 120 24 102 15 44 12 32 0 21 1 20 15 16 56 45 144 29 55 28 7 58 20 1 15 21 71 43 5 26 37 77 44 56 52 32 88 18 87 7 13 0 24 37 56 8 9 38 0 38 96 14 50 6 63 102 79 20 78 8 79 14 6 124 0 0 32 42 12 25 29 42 60 75 72 93 57 38 64 42 55 89 52 9 3 12 53 26 8 64 78 14 10 48 26 0 55 30 27 84 0 60 154 28 0 35 65 30 60 78 19 34 42 13 28 63 6 7 146 101 48 42 130 55 16 58 23 18 21 43 49 24 16 7 78 8 7 194 50 47 55 180 75 129 0 6 55 18 50 32 7 22 0 0 48 0 59 8 19 
101 87 18 0 13 12 18 128 26 0 25 23 24 0 3 89 18 2 54 56 102 3 7 48 36 99 23 36 16 32 30 17 90 0 0 44 108 10 56 90 48 21 40 66 32 102 33 0 42 27 51 72 18 20 23 84 6 36 0 0 114 58 8 17 72 121 36 44 30 16 46 112 63 36 62 63 15 5 0 16 81 18 10 44 0 106 0 56 1 3 50 16 52 0 10 33 55 24 98 83 21 40 0 41 2 0 11 93 66 36 0 50 63 73 12 30 88 0 12 48 0 54 0 24 0 15 8 0 52 48 29 9 3 64 0 2 3 0 0 4 16 91 136 0 31 93 0 131 0 8 0 78 30 21 60 18 21 30 53 6 66 0 108 68 32 19 0 0 27 38 101 87 0 0 114 50 8 0 102 0 33 62 47 61 36 99 219 88 69 0 21 0 123 66 2 0 63 39 6 0 0 36 0 0 0 26 69 0 28 32 12 14 30 83 24 15 30 51 92 0 74 62 47 62 0 16 0 44 52 0 9 31 27 0 6 36 0 24 78 184 180 8 117 21 80 0 39 0 4 0 54 88 3 60 102 27 
99 57 7 3 94 0 99 15 0 11 37 32 162 108 44 64 101 0 78 78 60 149 88 117 61 27 36 16 72 16 35 84 133 0 15 80 43 109 16 56 53 84 108 53 50 113 21 96 22 153 62 0 40 86 64 22 4 24 130 70 64 23 88 8 57 42 147 81 137 36 79 52 45 109 86 78 18 72 5 0 48 31 66 59 43 72 50 100 119 21 211 8 156 32 45 132 117 69 99 28 45 0 36 36 21 84 5 139 81 114 96 35 30 0 11 124 74 30 137 99 27 72 51 0 142 102 9 96 111 47 122 11 21 0 122 107 21 20 51 88 114 0 51 0 60 64 143 120 156 74 6 29 195 8 60 158 0 216 40 7 48 0 97 37 52 0 15 105 9 69 82 62 115 205 2 105 26 88 0 32 24 87 0 45 10 4 116 15 0 4 75 2 37 120 113 0 12 57 140 93 22 18 59 39 93 75 72 80 50 71 88 93 80 46 0 97 49 8 79 23 4 35 86 0 33 0 109 98 90 151 91 18 63 21 0 58 92 80 40 93 144 102 56 140 9 29 21 0 0 15 37 24 59 80 179 28 
0 26 44 9 75 0 77 83 32 18 95 2 66 63 45 81 5 0 130 0 168 52 18 147 12 41 81 29 0 66 123 3 47 77 78 40 60 61 72 32 40 30 48 0 51 124 66 46 0 114 46 146 7 155 126 48 66 72 45 0 16 57 0 0 51 127 153 112 103 6 126 18 61 63 80 0 99 0 4 74 10 50 91 100 80 120 41 52 21 92 54 27 38 0 90 48 82 9 131 0 0 0 67 12 88 69 91 73 85 24 41 16 24 123 49 75 51 69 45 153 0 24 0 8 12 90 49 75 14 57 160 38 35 57 12 0 12 33 108 108 155 28 108 63 150 24 87 72 64 93 74 107 49 90 27 76 67 9 72 101 101 0 22 62 114 0 5 120 69 54 51 63 105 0 3 34 39 124 2 81 9 68 30 42 62 26 32 21 35 63 57 4 69 12 50 9 18 73 77 83 24 64 0 84 86 36 51 114 43 40 9 156 0 0 68 29 10 42 117 62 54 42 42 18 0 0 160 18 48 6 121 182 36 42 165 58 14 81 95 59 10 99 100 38 18 83 0 0 0 51 69 24 66 80 16 32 
56 108 113 35 76 60 295 207 108 107 146 34 12 97 9 93 5 0 120 93 117 105 61 118 3 80 71 8 48 125 58 44 30 56 0 36 34 125 270 9 90 113 15 69 116 132 85 269 0 112 39 23 18 124 136 144 33 88 98 12 91 269 34 75 24 59 90 112 98 24 154 22 64 40 133 34 32 0 12 42 32 152 72 118 10 161 0 109 129 146 67 3 20 63 54 121 18 18 96 54 0 80 44 41 55 189 15 54 62 4 72 40 35 75 237 27 8 168 9 108 128 42 68 12 97 12 92 41 60 74 147 99 60 158 10 80 0 30 70 24 94 0 174 57 57 18 45 140 106 27 89 0 0 147 38 36 14 9 16 50 33 0 104 37 4 36 133 94 78 72 8 0 101 4 117 107 157 0 16 120 0 23 107 24 62 54 158 95 45 64 104 85 0 127 6 66 100 53 0 105 5 0 94 28 97 10 32 121 88 0 218 172 78 121 71 48 103 44 55 128 54 146 102 107 104 8 135 241 35 0 115 226 0 170 22 51 122 0 19 124 94 9 116 169 153 140 15 155 15 27 73 97 68 20 0 4 
72 51 106 80 0 51 90 56 15 141 40 58 54 74 52 58 30 30 56 18 27 40 132 5 18 9 0 4 111 66 24 99 0 61 12 57 23 7 18 117 20 0 54 71 52 81 62 15 38 72 54 1 0 25 14 60 0 7 69 108 13 43 9 24 45 48 153 36 28 25 81 91 5 0 94 0 88 41 45 20 0 21 21 23 41 106 10 165 33 116 57 105 2 0 56 119 53 44 16 43 27 60 0 18 81 72 6 59 0 63 20 28 6 51 70 0 12 45 18 60 5 24 121 80 11 95 60 10 28 84 45 80 23 39 30 70 24 5 0 81 102 87 0 71 0 52 24 18 47 7 44 116 117 133 29 0 1 57 6 38 21 9 194 10 65 120 66 0 36 0 34 34 54 65 22 0 63 0 34 0 26 89 0 111 2 25 96 35 92 4 0 84 0 85 10 50 0 108 6 118 24 4 44 24 45 71 20 46 119 5 92 2 54 0 10 84 10 79 88 37 97 65 46 82 57 10 66 86 30 52 51 231 0 91 24 48 32 21 85 63 35 4 70 111 112 41 61 4 6 8 70 20 35 28 0 82 
54 8 32 0 16 0 36 22 25 25 5 0 25 24 63 0 81 0 36 0 59 75 0 78 0 10 35 0 116 40 36 95 41 0 0 69 49 43 75 70 45 27 0 0 0 124 0 60 0 89 101 137 35 54 0 20 0 0 107 94 79 14 39 42 36 18 21 32 45 45 23 73 8 4 51 29 20 30 0 28 4 6 82 35 54 63 31 81 64 28 43 6 82 30 33 42 109 10 184 0 90 84 15 0 79 81 0 56 58 4 69 0 47 125 77 89 30 77 70 0 130 35 48 8 60 40 48 37 130 0 29 35 20 8 6 52 0 34 0 8 0 68 0 14 52 30 0 209 11 34 40 0 115 110 0 57 20 49 44 2 113 7 80 18 8 5 129 47 85 0 2 22 35 58 36 0 134 10 107 68 2 15 41 0 14 0 45 81 0 14 0 22 0 167 38 24 114 30 12 85 0 54 42 10 16 0 81 0 29 30 72 58 27 25 33 98 160 39 36 100 31 0 227 84 0 39 72 98 30 0 64 57 13 80 169 5 55 42 89 93 28 35 51 88 24 0 109 159 6 10 74 106 42 18 0 75 
55 81 59 87 4 54 72 99 112 60 4 9 65 21 32 56 90 16 81 0 117 85 122 60 0 57 42 20 0 74 69 45 0 54 6 3 47 103 48 110 48 81 18 161 50 136 80 91 36 12 142 81 71 34 82 117 0 63 195 55 105 78 48 15 48 44 9 0 89 168 47 86 113 48 45 0 0 0 27 4 46 8 33 99 60 1 21 204 108 30 89 62 72 6 0 36 18 23 151 121 24 53 54 50 26 14 59 86 48 49 20 78 146 54 88 80 56 57 53 18 23 63 85 75 64 48 18 55 60 129 21 42 63 66 64 113 22 72 0 20 158 14 90 69 41 117 99 116 106 88 15 10 140 18 9 43 28 108 102 92 96 7 47 116 63 24 44 125 36 27 20 4 161 188 42 24 20 42 86 59 48 29 28 54 0 51 159 165 10 106 30 70 56 55 19 54 63 60 38 109 0 27 72 0 59 56 195 62 14 44 214 88 103 63 24 54 173 63 65 63 13 141 65 184 0 81 192 47 22 8 80 9 10 16 63 42 64 60 114 45 4 0 93 221 59 50 18 21 0 43 30 112 12 0 0 85 
40 23 0 5 84 18 112 52 16 45 64 30 12 71 41 101 71 108 0 9 6 19 44 64 12 0 25 78 87 16 83 50 87 30 18 21 76 120 48 57 37 0 52 6 88 105 38 45 28 20 54 68 7 2 56 36 47 58 57 0 117 8 0 44 105 77 12 18 15 0 76 66 12 45 83 0 11 0 128 16 45 12 78 8 8 21 28 15 24 63 35 40 96 0 9 18 16 80 65 67 21 32 12 25 0 72 9 12 7 99 0 112 38 72 23 6 0 70 19 106 101 7 38 2 0 66 56 0 38 44 195 27 84 48 0 101 103 52 86 35 30 50 0 12 0 20 0 129 14 18 8 30 22 26 3 40 4 6 8 42 51 0 46 3 30 41 35 16 35 0 7 0 93 44 51 18 72 0 14 12 0 129 32 43 64 72 84 0 2 45 5 30 3 29 15 12 12 49 0 25 0 0 10 0 20 37 56 54 56 90 63 49 154 12 62 5 24 104 110 78 2 47 12 151 4 24 63 56 35 6 16 69 91 17 35 0 2 3 49 54 86 51 49 35 13 58 45 0 20 54 24 87 56 0 40 36 
155 36 82 65 81 9 56 64 1 106 27 52 44 54 31 75 45 109 39 0 14 81 0 126 82 111 0 16 113 55 122 30 111 27 78 159 93 72 33 145 50 0 117 157 21 49 112 162 63 89 63 32 65 48 124 53 6 0 101 33 120 41 60 129 139 51 36 223 141 40 95 64 122 124 74 25 18 0 45 176 5 24 153 112 36 84 21 53 145 24 37 110 72 9 120 136 49 30 9 0 51 39 0 15 115 93 88 83 68 96 144 166 111 168 72 103 68 225 18 70 24 33 45 40 138 99 53 103 43 45 56 21 138 57 10 75 0 132 30 154 113 44 182 57 72 76 38 87 90 72 78 18 91 59 8 0 18 43 10 12 89 0 49 52 76 97 120 91 0 54 98 134 140 50 44 21 132 84 67 67 12 249 58 126 95 9 181 204 77 108 48 138 101 72 79 52 32 129 131 39 93 64 71 39 78 48 99 0 82 42 47 214 26 88 0 69 18 108 97 114 15 48 75 42 35 103 120 33 29 56 211 113 29 8 93 36 108 34 144 68 114 7 60 154 161 0 15 88 36 76 248 80 153 78 24 27 
8 106 30 5 24 45 102 186 152 0 40 14 27 86 14 247 88 11 181 0 15 48 75 0 141 12 35 60 21 63 63 72 158 46 66 44 23 79 127 24 49 57 18 0 32 97 25 99 40 58 15 131 47 51 0 29 15 106 118 1 97 142 0 45 77 2 79 72 98 84 85 74 153 40 88 0 41 76 33 72 0 126 27 102 35 93 18 176 60 42 79 140 87 66 148 0 0 69 87 72 27 50 32 0 39 4 44 87 73 30 81 109 10 45 117 81 140 0 57 41 70 20 157 54 51 54 34 51 70 121 0 0 16 116 46 7 6 2 198 55 63 148 73 90 30 36 24 52 6 69 137 38 85 117 51 9 24 15 21 51 32 0 55 111 31 6 27 115 3 93 0 33 150 54 62 74 25 0 40 9 112 18 30 132 91 26 131 114 229 0 5 197 38 54 0 38 141 24 9 202 93 57 0 71 9 44 83 8 55 97 66 75 12 72 56 12 108 86 78 144 0 184 24 98 189 60 99 45 87 36 36 79 13 18 0 91 85 12 39 88 74 53 159 134 7 6 34 56 42 42 92 45 68 0 68 4 
36 124 147 49 42 0 116 178 30 16 8 0 0 91 35 81 0 0 82 63 40 31 12 33 14 46 38 0 28 45 25 34 24 15 16 20 53 68 118 15 62 135 106 131 86 20 68 111 5 25 0 0 8 9 35 125 0 0 51 10 30 119 58 0 73 14 40 0 7 0 29 0 8 7 92 15 36 5 30 1 38 14 44 32 24 95 74 40 0 52 45 52 52 40 0 8 39 42 0 112 35 0 34 24 53 78 0 33 0 88 10 64 63 60 40 51 39 113 53 69 96 28 21 40 45 4 55 40 100 33 94 88 9 80 0 205 6 65 60 127 78 123 129 142 38 34 0 35 1 10 21 16 158 29 55 14 15 20 85 10 48 12 81 0 56 35 45 46 35 88 5 114 63 40 16 12 45 58 10 9 29 46 34 99 18 0 65 36 0 44 87 16 12 4 70 37 0 0 65 34 20 66 27 10 65 8 75 120 70 58 150 112 30 97 0 17 116 0 141 16 48 219 12 69 0 40 178 92 11 2 9 43 40 90 0 24 48 94 65 35 110 21 122 55 35 91 56 64 54 28 0 104 8 12 4 58 
35 87 76 14 115 114 74 75 19 82 56 29 80 56 2 87 8 34 50 69 42 139 156 188 51 47 138 50 121 60 0 35 18 100 8 19 135 127 168 190 57 12 97 48 21 147 55 47 4 116 117 75 55 37 289 29 45 22 108 14 106 75 141 63 1 77 104 140 61 34 135 34 38 0 113 0 0 3 100 35 45 33 101 109 56 40 74 108 79 45 76 87 64 111 24 18 87 60 188 70 32 30 99 37 22 12 40 68 123 2 123 64 46 36 18 26 135 35 59 124 23 36 63 51 74 48 118 46 48 63 0 34 65 69 69 116 76 85 4 76 116 18 83 105 31 110 83 133 27 111 16 120 186 98 62 38 85 44 14 5 127 1 0 16 92 27 12 137 70 47 14 47 19 86 18 35 82 78 2 27 59 14 35 48 69 58 53 140 125 35 85 46 50 25 65 9 12 53 16 149 44 89 111 18 86 172 78 37 43 100 92 60 110 79 9 18 63 93 52 218 105 8 135 40 112 40 102 1 109 0 62 115 27 30 120 52 95 56 175 177 40 124 131 243 71 18 51 146 0 0 121 143 112 36 65 173 
96 36 45 0 12 0 78 62 65 32 72 180 18 0 42 138 120 21 63 54 6 141 44 21 81 8 57 18 0 90 69 8 4 75 63 34 55 54 37 3 0 50 58 74 81 54 87 33 48 63 82 3 70 39 21 55 28 57 8 22 75 59 23 54 70 83 36 12 63 119 90 141 83 66 111 29 0 24 144 42 45 48 54 12 12 51 15 144 126 102 14 67 48 21 80 20 0 67 1 21 8 0 84 132 24 48 18 80 146 75 0 166 60 18 86 45 3 15 0 39 27 50 20 14 42 0 105 73 6 62 58 41 9 79 164 195 60 108 14 3 43 58 83 12 13 0 23 113 0 45 0 21 118 131 27 48 63 95 48 66 0 0 54 0 54 18 88 17 164 63 89 32 45 72 0 30 27 24 4 34 34 101 87 63 0 0 0 114 63 15 33 66 93 90 21 0 0 36 55 151 24 0 45 0 142 35 86 94 67 49 95 0 91 27 70 68 101 27 165 70 24 93 26 30 105 62 94 90 50 14 104 4 21 70 41 124 175 137 77 63 0 46 15 133 36 34 58 52 0 46 14 10 15 14 0 71 
0 46 20 68 63 12 10 28 20 53 7 46 26 0 62 18 59 0 37 33 84 81 0 36 3 44 41 21 55 24 30 146 66 63 36 14 59 32 93 58 5 72 24 114 16 209 0 2 0 98 10 20 0 30 20 78 5 12 32 62 0 0 12 78 0 36 15 19 52 22 0 10 110 44 69 0 58 36 27 0 6 16 72 164 6 10 14 72 70 50 4 90 51 42 0 48 62 106 66 12 12 84 112 93 21 54 78 40 32 16 15 4 2 9 70 41 3 100 0 15 69 102 20 0 28 81 15 63 18 0 3 45 27 120 25 112 28 15 0 22 16 0 0 117 76 45 0 80 90 37 0 0 63 24 0 0 0 69 0 18 12 0 52 24 8 46 54 81 0 27 0 104 79 0 20 0 40 0 12 0 0 2 77 24 45 0 0 56 0 16 60 188 0 31 0 16 24 36 6 72 39 0 4 0 32 34 27 6 0 36 100 47 0 0 111 15 16 18 36 32 36 6 72 154 16 10 0 36 120 0 99 119 0 34 40 45 35 6 0 12 13 5 116 33 40 18 0 6 45 75 16 84 6 19 0 0 
56 8 46 20 6 15 85 72 40 20 52 15 89 74 70 81 6 6 97 0 44 12 0 33 54 9 52 12 134 71 101 27 114 24 15 86 37 27 48 32 24 14 59 16 32 45 94 33 40 45 113 20 16 9 20 18 0 127 62 12 35 98 41 62 76 81 24 181 65 112 59 72 109 36 0 14 35 24 98 74 59 112 31 8 16 49 49 67 51 113 39 78 32 112 18 40 163 32 0 101 18 21 24 56 56 85 30 145 119 82 28 128 60 82 163 123 81 99 12 39 46 0 88 101 12 0 18 140 39 32 140 2 58 71 34 32 112 104 120 77 0 80 96 74 166 15 35 100 59 77 74 18 98 30 16 0 100 77 3 85 143 35 42 153 45 8 33 28 225 30 175 57 184 22 42 62 17 27 0 47 45 62 51 72 131 52 44 177 82 20 35 91 70 0 86 15 84 51 10 124 4 0 8 15 31 96 32 28 98 50 58 38 74 3 73 10 34 104 42 65 95 50 59 86 45 15 127 100 93 95 42 77 85 40 55 40 24 31 83 85 26 6 44 38 36 19 78 93 48 58 69 21 50 23 32 129 
81 66 135 14 85 194 79 114 15 60 89 19 53 212 39 102 7 0 144 69 53 91 56 0 57 21 30 0 42 84 165 4 69 63 83 30 75 4 173 120 44 183 41 96 172 83 325 71 40 132 0 30 75 53 201 59 81 97 156 10 74 101 26 83 23 154 110 119 104 52 21 69 154 10 108 69 6 131 18 26 45 51 157 106 12 129 72 179 150 117 12 51 89 90 9 60 126 90 169 0 63 43 109 56 163 65 74 132 114 3 21 133 35 126 70 114 182 143 63 28 31 88 132 95 129 48 142 148 193 49 160 3 72 16 4 35 97 33 123 86 51 42 117 34 119 153 27 114 81 174 132 108 217 113 120 45 86 5 127 163 75 15 163 0 127 35 75 189 126 5 51 60 103 58 105 64 183 58 51 81 36 33 99 38 48 36 141 115 0 86 113 41 136 252 20 9 75 28 18 0 20 0 72 0 44 66 32 108 99 81 113 56 54 45 211 30 26 149 75 105 105 132 55 66 16 29 50 72 154 7 35 112 64 1 40 60 20 97 54 30 81 90 215 191 22 139 0 112 162 84 81 63 8 102 60 2 
104 35 46 66 81 0 16 60 31 14 75 36 0 86 8 114 16 67 47 60 55 36 32 51 0 15 80 38 0 9 38 0 58 3 74 63 63 72 87 48 76 56 16 57 26 64 3 141 72 0 118 67 66 73 0 37 54 16 15 0 69 34 0 0 35 8 82 3 9 0 56 25 53 50 50 0 42 20 21 0 53 33 73 85 38 15 45 68 64 45 9 0 35 0 14 14 41 12 77 86 10 0 0 15 24 42 14 53 3 21 71 53 0 6 76 52 0 0 0 48 0 0 23 20 1 0 7 124 113 11 50 32 68 0 44 118 41 45 81 90 79 41 83 25 129 24 0 50 63 12 0 48 70 30 18 32 83 61 5 61 87 0 27 22 62 15 39 46 58 26 0 36 22 34 30 36 24 61 57 12 9 33 6 51 0 23 29 75 19 101 40 90 145 24 28 48 48 12 55 159 68 32 72 91 114 25 77 32 36 12 73 72 89 0 63 57 47 48 33 19 0 57 16 24 0 12 2 65 36 24 102 17 15 0 27 29 42 0 93 0 29 42 86 24 15 32 45 26 108 34 15 81 72 39 0 51 
56 166 8 15 23 113 192 80 71 6 45 86 6 7 41 72 0 28 48 0 0 53 80 129 0 49 20 33 54 40 126 36 126 108 2 54 127 79 42 70 67 0 98 55 50 0 15 56 84 40 30 74 7 87 0 27 52 32 45 6 142 72 32 0 39 92 124 156 128 0 51 48 19 93 52 0 0 112 84 86 4 80 25 17 59 67 49 54 0 89 72 24 40 0 58 101 80 140 6 73 18 0 21 43 0 0 0 42 30 51 0 8 76 75 76 16 25 128 68 0 36 37 33 21 18 89 62 26 10 40 101 15 0 32 16 127 6 5 8 54 154 10 93 5 88 15 0 36 20 49 26 2 106 75 69 24 81 42 54 68 114 0 68 40 5 0 52 2 48 12 9 76 34 0 14 74 55 0 10 98 55 45 12 0 12 32 40 114 72 36 121 0 4 24 56 6 101 28 68 47 63 9 131 50 80 10 81 59 91 60 113 84 68 81 32 64 163 0 53 52 0 6 82 89 149 7 45 45 92 35 54 163 0 44 54 49 64 106 175 60 10 7 76 106 91 35 0 23 26 24 117 42 63 72 5 84 
156 64 29 0 44 50 143 76 54 45 10 7 0 45 7 52 16 45 44 56 46 12 36 86 0 55 27 0 37 84 58 42 78 24 20 15 81 8 33 118 48 25 73 59 75 25 8 50 91 132 0 78 77 96 12 24 0 102 149 52 45 9 18 0 5 121 198 70 145 12 24 90 56 72 101 36 0 60 150 180 89 130 77 6 14 61 8 25 0 83 12 0 50 6 40 87 18 30 111 0 22 0 0 0 44 104 12 105 92 0 0 22 84 116 70 0 109 92 116 0 0 98 122 12 47 140 49 26 144 53 103 27 24 36 0 112 68 24 44 16 117 71 139 32 0 0 0 0 8 0 18 22 173 84 72 34 54 4 72 24 90 47 28 42 72 56 50 64 54 0 7 36 59 2 28 28 77 28 14 27 33 119 0 99 18 8 76 90 118 0 92 80 56 82 15 36 97 105 56 38 0 46 0 0 44 68 0 71 112 117 88 52 15 45 18 16 117 56 49 48 9 32 63 57 134 40 132 15 137 0 64 52 59 75 68 54 0 168 168 72 18 143 137 35 4 73 0 12 72 0 85 38 55 7 30 118 
0 56 12 52 46 36 28 60 60 90 76 21 4 92 70 82 48 50 95 25 40 60 19 0 24 24 15 18 68 15 20 0 12 55 10 30 69 33 35 45 34 43 18 81 36 117 31 84 54 49 72 97 20 0 4 12 111 0 10 52 47 37 28 8 49 84 56 44 28 18 44 26 119 46 63 14 63 102 56 73 72 12 72 55 12 0 15 152 0 84 31 15 0 27 112 50 47 29 55 28 0 25 27 13 50 14 10 101 169 6 45 38 2 54 100 0 24 92 10 60 25 15 23 61 32 20 13 13 20 61 55 52 33 54 66 39 69 72 6 9 12 8 98 114 85 32 14 27 54 69 3 22 134 2 10 12 14 7 110 67 14 0 0 0 31 93 72 67 56 84 82 1 117 63 30 35 38 2 10 44 6 59 3 106 6 36 38 109 18 28 74 89 66 20 0 2 86 25 41 164 4 12 9 3 72 62 23 28 0 14 49 0 16 57 68 57 62 48 18 35 28 36 5 54 136 10 18 54 148 0 103 78 20 4 29 104 58 91 31 27 63 16 0 36 66 40 92 75 3 12 57 39 8 88 70 5 
28 110 68 0 12 128 97 148 6 12 2 0 18 30 33 48 18 0 138 0 23 28 0 90 36 85 20 0 54 38 36 39 30 0 18 6 48 24 105 24 0 69 8 16 62 9 85 16 57 27 0 42 54 105 69 72 35 25 79 19 0 4 0 60 22 119 101 28 24 73 10 49 87 54 0 0 42 35 0 0 97 24 83 25 7 45 80 46 45 20 14 59 52 46 72 18 42 40 55 60 41 0 114 54 52 40 22 34 60 36 6 41 26 15 134 0 1 0 20 24 0 0 70 67 32 10 80 48 97 64 0 11 32 0 12 3 28 0 36 0 94 14 173 54 52 10 0 28 2 88 24 21 256 52 24 0 127 0 45 8 44 0 72 38 6 0 1 32 88 36 4 34 75 38 6 57 4 18 3 2 0 30 0 6 0 36 12 45 93 72 6 0 24 57 36 4 21 78 50 0 14 0 18 0 0 38 0 12 0 73 0 78 42 93 146 0 43 86 0 21 57 72 3 34 0 0 0 77 74 45 30 24 102 8 78 15 0 16 36 84 4 24 58 0 86 0 0 44 0 63 46 34 0 6 28 33 
7 83 80 42 86 32 109 206 80 75 35 124 89 30 0 155 36 47 28 25 69 24 71 0 84 0 28 108 57 25 76 0 14 30 48 55 9 46 128 52 40 27 18 98 13 48 162 103 80 89 80 96 0 23 63 63 4 46 125 4 107 75 15 6 33 45 32 42 48 45 28 90 76 21 101 18 19 44 51 62 45 0 0 180 33 35 92 163 66 4 116 83 87 0 118 36 145 0 0 56 0 96 41 20 26 32 0 130 70 17 0 100 0 54 28 42 109 48 10 49 18 0 69 0 81 60 0 94 64 12 25 79 36 42 77 3 39 31 156 100 27 110 6 78 69 39 26 81 94 29 14 0 113 72 0 50 0 36 63 20 115 0 109 26 49 40 60 195 30 0 4 103 42 0 6 82 18 60 19 18 84 0 54 103 19 6 63 85 93 0 18 144 151 21 6 48 24 35 0 96 56 58 0 72 6 67 0 10 19 74 36 14 32 30 0 106 66 105 145 94 134 110 112 163 87 25 42 16 35 10 97 18 39 6 56 51 45 15 0 96 100 46 123 82 46 14 137 8 80 20 57 54 64 0 46 0 
112 8 151 57 42 18 149 88 64 16 28 10 27 0 67 161 46 32 104 54 64 51 84 42 6 38 59 44 115 0 10 56 28 48 0 74 46 0 188 32 10 16 20 131 46 90 2 62 4 0 27 90 65 24 17 38 30 0 54 21 64 16 56 48 69 36 52 110 194 16 104 41 80 38 0 5 0 5 31 104 38 27 165 71 0 18 10 114 47 104 24 89 0 24 124 78 140 17 93 72 0 0 151 34 30 125 80 170 112 0 0 72 26 0 252 63 74 6 64 18 15 125 58 16 36 32 2 67 46 8 66 15 32 0 50 60 28 68 55 50 55 152 120 1 60 12 17 123 26 48 18 28 118 24 0 24 0 31 0 79 63 15 95 10 0 0 58 56 7 39 99 70 80 8 7 8 12 96 0 32 26 44 9 46 118 0 8 54 14 61 90 28 100 92 20 112 64 17 40 95 136 0 26 0 33 6 31 7 0 24 51 82 62 63 56 0 49 69 14 39 24 11 92 154 74 78 36 105 54 58 81 104 0 60 97 63 70 29 42 0 38 75 18 70 85 20 20 154 14 40 155 88 150 21 0 85 
102 51 163 87 63 45 165 101 69 30 101 168 19 85 0 74 8 145 20 72 6 30 83 0 72 125 93 87 0 0 125 46 57 64 36 69 145 30 70 109 84 0 95 69 75 55 2 63 96 73 30 116 118 117 72 46 66 83 183 142 80 83 48 132 89 48 24 145 73 47 151 36 8 20 24 4 21 0 0 33 6 45 89 50 30 146 59 128 48 21 66 52 42 15 58 72 124 163 15 120 33 66 43 63 63 0 85 76 105 78 35 37 16 45 83 0 61 23 84 83 36 110 76 107 87 36 70 71 34 40 66 42 42 121 0 137 21 89 18 144 46 92 263 36 65 30 51 59 12 66 27 120 126 40 94 27 139 15 54 124 94 15 151 30 27 97 0 35 45 118 30 2 162 0 79 40 54 81 41 4 39 36 100 105 106 56 61 30 67 81 194 149 64 36 64 101 0 69 63 110 8 8 72 35 145 0 75 7 55 50 93 0 129 75 49 130 82 80 135 0 36 74 31 219 18 0 7 69 22 27 184 122 106 150 102 1 16 71 60 127 80 7 96 98 105 115 92 24 28 67 42 72 65 44 28 81 
139 183 5 12 116 16 175 115 70 66 8 51 0 36 54 105 44 40 0 0 52 38 36 58 9 0 63 9 75 36 47 52 4 49 0 0 24 42 61 30 0 18 16 0 15 0 60 148 79 0 84 11 5 78 8 45 72 80 42 73 99 12 32 27 36 36 96 107 64 8 174 48 42 119 33 0 0 37 40 8 144 0 109 40 45 33 38 50 15 42 0 37 70 12 92 54 54 48 20 4 30 0 35 118 2 32 44 0 27 90 0 39 81 0 56 18 11 62 24 48 0 16 56 0 36 6 8 61 50 38 0 1 57 9 0 163 151 72 37 2 75 4 72 4 42 44 0 7 69 16 0 16 130 26 92 47 3 48 3 68 42 0 25 20 16 29 0 14 84 0 0 54 32 74 44 135 0 19 0 32 12 36 44 27 12 13 40 11 8 18 153 61 0 78 63 0 70 54 11 60 18 13 144 93 0 90 36 40 0 24 161 45 48 0 12 16 55 93 24 72 0 31 0 5 39 0 0 3 63 53 31 15 30 10 46 6 66 17 0 117 41 37 61 24 132 0 72 9 0 0 0 57 5 108 60 18 
36 99 27 126 115 42 235 145 35 62 94 55 72 0 0 141 96 88 47 83 135 130 0 123 22 87 61 22 187 28 150 22 65 70 35 89 246 135 190 185 239 120 71 94 38 99 118 128 217 153 173 63 38 66 128 95 29 135 99 20 72 166 65 48 96 141 148 167 92 109 35 16 120 112 112 18 45 98 117 16 0 103 66 167 98 111 165 80 90 115 50 155 127 65 150 32 167 345 261 82 6 55 137 105 113 150 102 170 52 120 30 153 88 105 159 114 97 148 39 52 124 72 64 142 148 33 0 192 54 14 158 99 139 84 110 20 126 79 97 108 128 20 27 84 160 148 66 216 115 123 186 141 245 129 61 61 25 93 48 52 93 63 79 26 0 0 81 175 122 101 142 88 126 124 95 22 30 127 81 52 26 130 100 103 56 4 55 50 115 123 92 114 193 12 64 90 111 9 79 125 118 56 67 70 91 84 22 40 101 36 62 101 175 35 150 155 117 138 82 0 154 4 115 97 58 54 94 195 294 112 69 54 58 33 104 97 28 24 165 130 90 36 154 227 69 45 35 86 96 121 24 63 48 104 32 152 
151 70 93 54 49 10 76 136 19 43 16 38 63 92 12 174 99 67 98 108 6 18 17 69 36 91 56 19 67 39 6 33 81 3 51 33 52 17 91 24 9 63 32 82 31 8 18 148 8 97 4 17 58 21 23 54 21 0 84 59 136 103 128 51 28 62 110 39 113 108 50 14 29 90 39 112 27 20 53 12 51 0 91 95 25 88 5 135 161 30 42 19 15 36 72 40 30 29 96 119 27 3 9 46 93 0 48 70 46 6 38 9 47 52 38 69 70 39 19 22 10 109 29 80 65 57 30 44 84 27 98 48 16 35 79 136 61 64 120 137 59 70 61 24 43 43 33 90 91 26 8 10 52 72 24 6 13 83 21 11 69 0 56 13 27 73 22 150 70 77 66 0 39 12 15 83 70 63 13 1 27 83 41 20 28 55 71 23 27 0 48 90 119 35 16 136 22 12 96 113 43 48 28 103 54 79 7 95 59 19 7 146 35 68 3 141 88 50 28 10 29 54 130 26 0 0 116 89 66 13 125 87 35 108 42 28 0 133 48 102 44 119 30 49 82 128 74 28 98 40 0 78 76 68 63 35 
120 24 122 31 74 6 123 94 0 103 82 41 22 74 31 288 97 8 0 9 42 51 0 64 30 6 86 72 95 48 66 8 1 0 108 69 75 30 21 134 32 0 72 105 36 30 192 142 119 0 12 79 30 0 71 78 21 138 103 7 98 146 58 6 36 64 24 131 127 71 135 40 89 30 8 0 28 54 136 28 40 32 109 66 30 29 59 48 83 87 57 70 82 26 78 128 136 0 0 36 69 64 21 72 64 185 134 34 32 25 0 57 180 112 142 93 0 85 28 50 5 0 68 56 72 80 19 68 100 17 37 12 54 69 6 127 121 0 126 56 21 113 51 36 35 45 18 0 0 33 0 0 87 9 0 40 57 31 24 9 117 82 4 0 94 0 29 0 0 25 19 18 139 58 101 48 17 78 2 24 3 130 85 135 97 48 89 55 0 21 6 35 35 0 24 12 84 0 21 51 0 3 21 95 65 8 58 45 9 36 10 144 58 0 7 70 4 144 32 56 96 84 0 90 0 18 64 59 38 56 63 93 90 44 79 0 8 38 47 47 152 117 7 79 49 7 21 18 140 12 24 45 133 0 48 44 
101 56 106 0 46 32 68 30 82 8 134 84 57 50 51 72 73 0 123 20 0 16 202 6 31 63 83 6 18 61 12 53 75 62 155 70 47 88 138 6 6 58 0 46 30 66 30 85 16 30 8 86 136 84 56 25 45 95 142 45 66 15 65 60 76 28 63 95 68 64 169 0 103 16 64 0 25 93 18 55 63 24 0 45 59 30 94 149 47 113 110 5 120 15 72 74 0 71 71 49 27 0 103 32 25 52 0 6 65 100 49 156 32 12 50 63 69 0 29 45 75 53 79 82 0 30 99 106 41 41 84 24 27 71 80 163 0 18 10 10 141 36 178 50 57 55 69 28 0 110 10 43 75 107 10 42 56 20 36 44 47 0 0 33 46 28 12 154 58 66 99 0 71 12 12 36 0 0 60 68 7 28 130 83 27 38 18 95 103 24 90 65 18 23 68 22 85 93 30 106 112 153 97 0 56 30 36 56 30 86 122 12 0 81 41 98 66 6 134 42 66 115 45 57 54 49 58 55 10 9 73 111 87 58 0 79 14 14 45 93 4 45 110 31 12 4 18 56 0 28 91 65 77 63 6 44 
137 128 86 90 76 6 7 48 0 7 68 20 35 29 0 86 36 92 69 78 80 14 118 7 0 6 22 25 34 69 18 32 108 0 0 48 59 74 127 120 1 14 41 31 30 20 6 22 72 9 8 42 61 27 18 0 0 47 107 82 54 80 0 0 14 54 36 63 57 8 61 36 54 51 36 42 81 50 14 4 80 15 0 0 152 0 17 218 56 57 110 131 0 53 50 0 30 92 26 123 16 24 188 45 44 36 36 104 76 18 45 93 23 91 20 82 121 111 52 8 0 5 53 14 6 0 1 48 34 78 59 0 48 24 55 21 58 56 10 16 54 77 56 0 76 52 21 37 88 57 30 24 96 150 50 16 44 45 0 20 58 12 33 112 17 6 32 69 24 8 18 42 92 32 6 0 18 88 36 42 1 72 0 67 0 54 0 26 0 35 36 25 105 32 30 164 68 94 7 69 91 0 41 0 73 12 0 0 27 7 24 56 63 11 96 88 70 90 108 0 30 9 70 59 104 7 87 96 72 72 63 0 21 6 16 15 48 27 64 132 90 46 18 54 82 4 12 97 24 7 12 32 41 17 16 10 
45 42 111 8 12 52 27 87 55 52 56 38 0 137 70 76 31 27 99 54 45 17 0 0 25 4 5 14 57 0 58 16 105 62 6 51 29 30 48 14 58 60 34 18 6 7 87 13 24 98 51 76 52 0 57 65 15 18 41 0 30 90 13 24 50 155 36 13 65 35 36 67 7 39 102 70 0 60 21 0 0 34 78 57 28 35 9 103 45 71 8 56 49 33 112 22 14 3 151 33 37 9 12 57 84 0 66 92 6 18 30 28 0 54 18 89 49 28 0 3 0 42 66 67 3 0 82 0 28 34 59 42 0 97 37 25 12 14 76 18 25 7 49 27 0 0 12 107 63 8 80 91 69 42 57 28 82 35 84 0 105 0 51 28 18 19 0 62 102 105 0 0 155 0 157 21 63 24 59 99 12 14 7 0 0 72 74 90 53 36 70 9 84 112 0 3 107 42 36 102 15 8 68 36 43 77 117 55 36 18 36 35 45 63 27 74 41 131 18 97 57 87 16 0 30 36 7 30 88 42 43 21 0 27 24 30 35 0 77 9 36 44 6 46 10 67 0 0 18 81 0 43 1 52 3 33 
73 110 4 63 88 0 97 42 0 0 30 16 14 4 61 38 82 63 12 9 48 114 21 0 43 12 23 15 179 36 0 32 69 23 26 21 31 49 16 54 0 74 42 7 2 142 0 34 42 6 26 149 0 8 111 61 16 25 52 0 72 174 3 45 79 12 14 38 0 24 44 12 68 40 25 63 54 0 15 127 0 49 6 24 31 110 7 111 34 25 27 72 0 78 0 61 75 75 0 18 32 17 0 11 76 75 16 5 102 0 14 52 4 98 29 0 16 24 21 32 68 0 39 0 12 91 0 13 8 0 60 80 56 15 31 8 125 6 73 49 33 14 86 20 71 16 0 43 27 12 0 35 6 99 41 5 28 0 67 95 12 1 129 7 28 4 141 16 0 54 72 62 62 7 0 36 6 66 27 36 0 30 89 84 20 0 86 45 0 72 15 103 45 125 74 20 4 30 22 55 81 0 7 18 124 36 1 20 16 2 85 97 3 18 78 6 96 14 12 32 54 45 127 49 91 0 54 89 57 0 58 118 56 81 52 94 44 44 6 42 0 0 5 77 9 4 35 0 12 3 116 12 50 42 9 33 
18 78 216 50 187 192 47 106 83 95 81 96 16 15 31 83 71 58 84 50 50 41 97 21 144 59 64 98 83 139 44 44 28 76 119 38 79 150 137 67 0 52 4 67 59 103 172 129 53 95 132 101 64 74 34 117 65 28 99 0 42 16 0 96 14 46 84 33 89 92 66 4 183 74 87 54 147 38 27 18 46 144 237 28 19 38 46 93 49 78 12 15 29 72 100 50 119 100 74 24 6 12 45 53 32 53 52 129 139 45 34 114 33 66 87 9 115 12 29 65 73 5 0 72 50 81 64 75 84 48 15 114 15 86 15 98 18 0 122 34 123 45 230 79 157 75 21 84 12 127 85 119 98 77 65 67 33 45 100 33 106 27 61 199 16 29 0 44 48 69 6 0 122 54 37 100 12 27 8 10 13 151 21 87 128 27 82 165 21 49 50 68 0 43 48 69 72 88 35 14 6 45 29 35 133 89 27 4 21 54 24 77 36 144 122 100 169 91 129 135 21 55 44 107 85 55 57 123 177 0 40 98 133 15 48 120 5 117 62 194 132 104 58 56 58 8 109 67 48 24 236 66 82 95 154 5 
0 56 0 0 147 20 93 22 78 117 8 22 20 74 0 50 64 114 16 47 0 50 56 3 31 6 0 59 70 0 80 19 36 30 30 93 0 124 48 87 120 95 0 10 75 0 52 12 62 66 101 71 54 67 48 0 79 111 127 16 210 164 63 155 118 42 49 12 40 8 102 96 62 94 89 56 0 34 124 99 14 102 112 65 46 20 57 28 8 58 72 32 16 32 55 149 145 60 0 16 46 0 69 23 40 108 56 8 175 107 0 46 8 78 113 15 0 140 118 118 32 98 28 79 79 32 32 78 88 67 113 63 88 75 3 72 94 91 80 81 64 38 142 14 39 62 24 42 61 53 15 30 103 24 12 29 12 79 115 126 104 48 80 92 108 64 25 32 95 18 41 30 0 0 138 35 0 8 4 56 86 49 70 42 52 0 117 46 8 108 68 81 42 210 4 93 80 209 7 145 47 30 16 38 61 32 44 8 93 35 42 14 4 32 52 113 88 92 28 16 36 53 49 200 36 30 134 50 145 10 82 200 45 74 62 58 54 0 0 8 7 58 24 102 132 34 81 62 69 52 53 94 30 125 56 28 
99 155 178 0 58 94 80 54 114 190 47 34 24 26 64 72 71 45 144 22 40 81 75 24 19 23 0 87 28 52 93 28 152 90 110 6 27 58 68 6 48 108 18 42 32 64 227 162 77 46 45 88 0 36 115 141 40 4 174 29 48 113 6 72 38 140 86 78 77 72 76 31 50 16 88 99 13 0 84 90 1 86 91 130 55 20 60 203 205 95 114 8 62 139 141 48 104 81 21 60 101 30 24 81 159 92 46 37 69 85 78 143 33 47 118 8 18 0 29 0 138 2 159 104 28 29 79 153 9 0 36 90 54 6 72 34 58 85 18 115 77 2 120 9 64 0 12 147 31 68 60 59 119 96 67 4 39 44 119 0 15 2 8 156 83 78 45 10 211 214 112 36 96 8 124 125 17 24 0 78 36 43 173 120 36 63 39 85 0 58 0 149 105 142 36 6 123 113 0 138 45 0 71 107 70 70 12 0 0 8 155 85 99 40 211 36 55 145 124 224 45 124 77 14 60 54 61 131 64 10 22 108 48 81 48 48 54 44 62 70 54 59 2 29 72 10 0 125 102 168 16 133 48 126 24 79 
54 0 31 0 16 0 57 20 73 82 222 0 21 103 61 244 50 90 81 130 147 64 0 52 58 117 60 70 107 0 18 3 66 0 112 34 149 56 89 87 48 36 116 119 79 190 72 102 117 306 66 52 66 14 1 134 6 63 78 21 65 99 40 0 85 71 0 168 102 108 27 14 90 93 22 52 0 73 32 19 8 46 67 116 99 48 14 79 64 86 53 79 50 169 85 16 78 120 269 99 8 0 46 0 64 102 67 99 208 100 18 96 69 42 7 42 51 23 18 55 107 48 0 81 69 119 35 9 86 55 63 90 4 21 15 8 18 47 151 169 75 7 96 63 0 81 15 101 198 54 144 163 193 39 21 28 68 18 72 16 133 81 0 94 0 76 36 60 45 119 40 20 88 99 63 0 25 115 15 63 10 49 28 164 51 78 35 16 70 33 84 25 100 15 18 58 98 0 77 64 6 20 0 45 116 14 65 49 52 112 63 107 0 84 108 73 51 18 0 54 115 40 114 17 72 0 94 127 154 18 0 56 42 51 45 79 91 56 128 218 51 92 82 64 74 90 21 60 75 30 0 48 126 166 125 131 
166 78 106 50 151 26 30 66 72 102 129 0 56 108 9 81 120 81 60 56 0 0 52 78 81 4 203 77 21 127 16 85 81 52 0 151 5 36 200 96 37 187 110 69 217 172 0 50 32 75 30 79 33 153 44 50 23 6 15 18 66 58 102 168 32 146 166 51 130 28 95 66 97 120 26 58 0 178 27 0 13 61 112 47 91 91 45 59 21 64 48 0 16 53 117 19 176 24 90 0 12 26 0 164 76 95 0 107 53 56 8 198 6 75 75 121 39 98 19 81 99 34 73 46 110 135 141 51 86 59 21 43 102 104 42 109 6 65 83 85 62 42 147 70 59 53 13 93 76 55 9 90 132 69 89 72 9 20 55 45 84 0 292 9 16 9 62 102 81 89 0 46 84 24 36 86 78 87 45 67 65 79 79 37 94 21 195 146 51 80 63 24 144 124 63 83 84 89 63 205 83 12 105 42 116 56 114 98 21 112 80 177 44 56 86 22 134 32 0 178 27 41 117 157 104 0 50 146 87 0 127 147 62 122 106 60 4 45 117 42 70 102 79 18 90 119 25 17 27 0 105 6 22 151 130 61 
30 124 45 0 9 57 53 0 18 12 9 48 0 63 108 0 135 0 0 52 35 81 54 9 82 66 45 54 30 107 72 102 21 133 45 87 135 20 108 0 24 18 0 93 26 206 79 45 25 58 0 98 0 100 25 45 80 72 89 0 72 31 18 125 30 38 126 60 0 20 63 63 114 28 0 0 36 0 27 132 63 38 36 0 26 70 20 126 25 129 0 0 128 35 0 81 5 18 5 150 15 0 8 66 0 35 0 15 192 69 5 14 5 0 16 21 44 78 28 35 72 72 114 36 69 120 94 145 166 0 0 51 15 88 64 30 35 0 33 91 10 0 107 16 86 45 27 155 93 91 39 33 75 135 78 18 85 110 95 72 0 42 5 21 0 107 162 54 0 81 0 82 160 109 0 20 33 81 0 9 0 123 62 120 44 72 72 88 18 28 126 55 90 0 79 28 28 62 74 77 4 0 27 0 55 51 93 36 106 45 59 49 43 16 142 102 66 24 8 0 46 43 63 64 63 0 51 56 117 0 61 82 92 122 108 86 34 135 156 111 70 0 7 63 20 18 45 0 24 10 42 49 24 71 59 8 
74 96 91 184 90 9 106 236 210 75 53 20 30 25 0 175 16 0 20 72 123 47 32 107 48 128 45 51 146 45 62 12 65 48 40 178 38 20 165 25 6 76 80 18 0 183 2 279 121 0 36 62 150 42 92 106 9 45 63 4 64 124 99 72 0 176 15 341 296 86 91 10 150 0 0 0 0 52 48 107 39 55 6 34 91 99 0 30 18 39 67 10 36 80 139 91 21 78 10 88 30 21 0 20 21 25 78 108 123 12 37 77 50 111 140 161 112 211 39 27 48 18 81 66 30 158 32 97 14 36 58 70 36 113 44 88 73 25 92 81 18 51 148 59 114 1 33 123 49 85 49 56 75 66 10 38 64 66 28 69 32 0 3 84 69 49 32 140 121 171 13 138 104 36 106 50 0 20 0 93 1 110 154 20 0 9 35 74 222 114 131 88 32 27 33 123 151 24 12 123 90 111 45 87 83 62 45 78 0 109 72 61 104 167 75 147 78 72 27 18 210 64 42 31 281 126 189 97 17 32 120 49 28 73 33 12 48 15 105 286 128 72 83 27 116 28 87 0 141 39 163 32 24 150 0 56 
129 25 104 71 33 16 20 36 42 114 79 28 20 105 93 61 15 41 21 62 75 20 7 62 102 76 24 128 83 86 16 68 164 52 50 48 24 72 132 46 36 95 24 36 3 74 46 72 59 48 60 78 18 57 20 40 0 50 8 63 88 111 24 100 50 110 64 102 150 80 82 0 112 54 15 132 46 54 50 16 24 87 50 131 39 32 53 9 35 122 128 66 0 69 76 26 75 110 52 18 0 121 56 185 24 18 30 85 28 4 31 99 4 107 24 20 174 16 0 35 132 61 16 28 12 58 106 160 2 74 10 57 72 136 40 72 10 30 28 0 37 11 48 81 97 35 0 52 45 17 15 68 54 66 60 43 49 72 82 12 20 19 0 114 13 26 57 4 116 62 18 72 64 34 164 0 54 37 48 54 20 56 0 0 10 78 132 78 68 55 16 40 36 98 16 6 99 105 35 86 28 60 56 20 75 92 44 19 25 42 90 101 91 62 128 52 59 48 178 90 84 75 30 56 0 0 19 46 51 65 51 30 87 55 13 84 22 9 3 164 84 71 58 14 46 0 24 14 123 27 101 59 2 179 3 53 
45 92 120 1 45 155 119 73 102 12 66 111 17 173 34 102 80 0 152 4 49 148 27 45 29 17 80 0 205 48 94 39 46 52 45 61 113 92 256 145 60 62 28 158 0 125 183 213 35 218 209 172 8 76 41 56 45 42 215 102 56 43 45 75 13 121 14 94 303 65 77 78 114 56 132 67 30 87 0 72 0 206 105 109 128 44 37 39 215 193 54 18 10 40 42 151 132 28 135 83 75 71 126 140 192 149 64 56 60 4 134 109 111 220 289 110 7 86 49 26 102 21 89 33 42 157 78 118 42 56 89 94 36 171 0 168 56 59 202 27 38 76 5 49 132 78 45 156 80 39 63 83 41 256 21 97 95 8 98 28 171 15 3 82 92 0 68 108 208 72 31 71 269 40 29 136 92 43 51 190 0 65 132 4 145 0 76 104 23 12 139 66 30 38 27 85 283 66 18 133 12 0 16 3 35 26 20 77 163 21 82 133 144 16 132 229 121 180 55 131 64 130 133 159 34 18 99 108 186 66 180 131 64 36 186 0 60 56 119 85 42 59 68 101 63 60 69 24 55 81 115 139 96 31 12 183 
5 62 94 142 42 24 38 69 61 92 111 56 7 114 100 116 131 54 49 16 104 33 161 0 150 126 0 15 95 40 24 72 115 9 35 51 36 123 73 116 85 80 60 63 14 103 88 0 28 99 115 95 190 6 80 135 0 79 102 1 94 146 89 5 77 100 21 36 123 120 85 51 172 27 110 0 95 0 6 0 0 56 138 138 32 28 49 109 122 159 45 84 48 21 99 182 84 85 77 50 61 27 100 67 57 32 215 70 132 32 73 24 84 54 103 97 65 84 0 14 86 91 118 201 120 0 57 44 5 87 176 168 71 109 193 73 49 43 0 0 117 46 49 45 184 0 62 73 129 108 43 0 110 124 0 26 16 62 35 28 159 10 147 6 48 117 41 156 54 115 3 12 171 16 27 2 61 30 2 119 13 75 63 21 3 114 0 99 159 117 0 80 35 16 0 0 184 65 33 207 128 24 0 28 96 109 9 0 98 8 61 77 10 71 12 122 96 135 152 210 63 32 62 194 63 200 30 45 33 45 45 54 81 37 93 165 91 28 25 12 72 97 42 135 109 99 119 5 54 121 70 103 30 135 0 40 
80 139 68 90 55 78 0 110 4 84 105 57 0 77 58 27 61 8 83 26 8 90 12 48 75 15 0 8 146 89 16 144 88 63 0 134 28 28 187 0 93 153 34 35 62 145 97 109 30 124 32 36 31 130 10 78 18 66 3 41 35 34 18 93 66 140 209 40 25 18 63 32 34 6 86 72 10 0 48 99 0 73 33 14 133 10 49 25 75 6 54 0 74 229 34 31 148 28 120 30 42 6 0 0 20 129 2 137 53 88 125 19 32 110 20 44 0 0 20 13 82 0 54 9 20 89 21 170 32 10 56 32 71 138 0 88 93 68 24 63 61 57 140 30 90 14 49 4 18 26 158 102 103 53 111 120 34 76 99 12 4 0 5 68 3 0 30 0 165 143 45 36 183 0 51 136 109 48 8 0 16 55 172 0 78 0 66 58 74 55 26 121 64 36 174 10 26 73 59 66 52 5 63 68 32 20 18 64 55 10 42 76 127 24 117 90 108 0 28 72 28 0 9 72 94 15 46 234 84 0 37 78 123 36 93 25 20 27 5 18 46 69 0 22 26 0 40 0 36 0 75 0 50 42 80 19 
226 178 27 127 0 131 51 233 97 56 110 164 29 145 80 209 98 125 185 8 118 9 160 12 0 120 83 54 233 92 54 147 105 98 83 123 178 45 162 129 97 56 137 39 34 56 170 164 92 244 169 146 92 90 156 107 15 60 155 120 70 122 91 92 228 169 0 240 302 57 167 34 56 0 100 193 206 180 77 182 4 52 155 139 102 70 64 30 116 64 183 129 125 236 76 37 131 104 86 209 102 67 221 58 79 42 125 86 116 64 12 0 38 283 158 97 84 52 52 106 118 138 147 103 88 163 96 57 80 69 95 109 54 85 149 0 115 55 158 72 63 304 204 233 172 31 90 35 55 152 64 143 24 93 34 136 130 86 139 47 142 63 40 81 77 18 93 322 151 127 18 84 180 16 94 54 51 132 27 194 131 37 236 49 99 122 215 101 198 32 161 77 212 80 166 34 168 53 144 135 157 115 44 55 199 0 133 146 25 144 35 98 237 85 0 76 78 96 148 49 198 172 18 135 100 36 92 298 60 8 131 230 189 143 86 158 117 165 192 209 84 73 119 147 80 74 81 73 173 50 146 146 58 163 64 39 
8 51 50 88 58 93 97 77 99 25 69 29 42 36 7 41 78 38 21 156 45 50 94 68 24 6 0 68 185 96 10 43 66 70 27 44 107 109 54 233 185 60 28 102 0 67 67 149 220 71 134 142 8 49 62 96 5 31 49 12 126 139 138 77 6 57 146 96 257 12 44 86 67 94 45 82 18 31 0 27 96 90 76 67 12 69 18 53 144 94 16 4 56 0 51 141 48 28 124 66 48 40 0 68 51 52 64 139 81 18 8 14 104 48 186 66 93 5 28 24 142 0 6 159 134 81 12 75 13 6 53 51 81 0 15 36 86 16 90 86 81 30 18 8 234 63 67 130 103 10 2 21 83 14 62 71 12 135 58 120 157 6 50 193 18 16 74 79 100 4 0 80 92 109 40 118 67 0 69 43 0 32 0 34 39 0 51 136 23 156 66 0 15 33 38 94 187 80 36 86 140 3 0 0 21 231 0 50 53 16 118 96 63 43 3 141 82 48 74 88 28 42 76 102 119 72 124 55 127 24 91 44 36 16 41 78 62 103 12 15 97 42 21 139 129 24 199 80 0 0 189 82 62 103 112 63 
49 59 137 20 36 18 91 65 106 75 83 54 45 5 52 103 0 77 31 95 16 11 0 95 0 80 0 103 24 74 48 146 96 40 62 67 38 17 99 140 26 36 30 74 114 35 20 96 6 80 109 67 20 115 13 61 16 0 72 114 174 18 137 0 7 50 77 3 12 142 74 0 70 5 56 74 30 14 86 41 27 4 8 61 57 96 18 32 66 46 65 87 84 35 56 15 61 119 8 47 0 89 64 178 31 46 15 86 15 40 36 116 10 80 120 60 8 70 0 32 40 62 56 0 141 48 76 37 94 64 56 15 9 98 0 103 53 114 52 79 66 88 35 107 86 68 28 39 49 25 0 65 101 48 102 53 93 20 9 15 75 57 28 41 42 66 99 24 144 32 49 91 127 94 19 0 116 31 0 0 76 94 74 39 75 74 71 10 0 4 41 101 83 45 13 56 83 106 50 246 71 16 25 45 29 24 32 35 0 135 181 39 45 0 30 28 25 64 212 61 69 77 64 72 36 0 69 116 16 88 10 22 99 21 32 3 24 53 112 47 28 24 93 54 89 42 0 36 100 70 85 86 51 56 13 161 
7 0 15 35 19 0 0 17 48 90 24 0 64 50 0 0 11 45 0 63 7 0 64 0 0 0 0 48 1 38 0 32 42 0 30 92 2 45 85 9 0 103 61 97 73 175 0 0 0 108 0 0 56 90 0 0 0 108 85 0 0 0 0 37 6 18 61 88 54 27 13 24 36 59 0 0 26 54 0 64 0 92 0 37 32 6 40 92 74 11 28 0 68 6 9 42 0 66 24 0 9 0 69 12 93 12 18 84 77 70 21 81 28 37 0 42 6 43 12 60 63 0 97 72 99 49 18 99 30 0 0 6 40 25 12 65 35 7 7 35 59 0 24 76 36 0 99 42 79 20 69 66 117 76 30 0 28 71 42 18 0 0 124 106 16 22 17 35 17 75 30 20 45 123 0 0 50 5 16 8 1 37 9 21 13 8 0 160 0 37 0 80 56 77 49 21 52 60 40 64 0 0 12 61 32 20 23 0 42 3 20 9 28 66 62 0 57 0 58 49 43 68 64 81 20 75 36 62 94 18 48 50 85 4 29 134 28 16 72 120 30 98 24 0 57 28 0 48 36 5 0 41 7 7 63 5 
79 158 107 6 60 190 85 16 108 50 80 5 0 155 47 0 0 43 79 70 128 130 78 64 76 50 8 0 125 103 81 68 0 33 0 94 36 49 186 132 145 139 72 50 36 56 238 127 25 77 116 138 79 4 16 109 28 40 112 68 77 208 0 137 26 111 138 110 85 9 0 52 26 114 106 120 21 79 74 112 18 139 113 105 9 178 17 0 30 152 63 49 12 24 73 12 104 48 125 34 72 27 6 33 86 56 86 80 155 60 47 133 16 182 134 91 54 114 39 132 62 149 46 118 75 74 159 64 107 78 233 59 54 9 0 108 73 99 77 84 81 24 8 30 126 0 3 7 126 18 20 120 45 13 103 0 158 30 62 120 226 0 32 41 44 170 52 6 47 0 76 10 260 62 31 149 48 25 8 12 36 24 99 61 151 6 88 118 50 2 59 44 21 226 27 76 114 68 17 170 10 0 88 7 85 72 15 38 93 7 165 106 102 45 45 135 137 132 135 184 124 114 126 256 214 69 137 137 243 0 84 75 62 96 0 86 28 164 46 179 103 111 98 164 150 61 36 79 127 72 183 102 99 6 96 45 
96 212 161 81 0 126 165 238 183 54 85 61 107 47 54 122 163 32 94 104 40 72 194 32 6 97 42 46 64 136 6 116 42 216 20 106 161 48 92 30 112 91 36 22 18 93 134 132 16 94 164 147 112 48 96 349 42 34 185 48 100 64 20 76 92 56 104 48 267 41 92 34 82 71 204 263 167 35 72 90 18 108 64 130 61 92 71 143 75 76 105 125 239 155 32 105 150 131 109 262 34 0 79 11 54 32 89 36 66 104 0 76 25 72 91 51 124 56 143 9 165 65 124 59 30 83 172 125 90 39 121 146 9 74 135 71 131 10 65 36 152 81 150 36 130 59 146 222 220 69 123 130 26 184 188 112 29 131 98 0 34 56 49 116 21 54 9 124 131 29 8 145 5 63 49 111 89 39 35 50 60 53 112 214 0 82 142 61 108 18 153 206 71 27 166 161 117 75 236 196 99 81 88 63 65 48 176 45 28 82 223 233 89 77 68 150 217 62 203 168 28 330 100 122 48 36 139 139 80 6 68 116 120 12 51 80 30 113 141 120 124 70 116 76 16 50 118 35 42 52 28 177 2 112 69 68 
82 4 20 30 121 0 93 113 0 62 149 27 84 28 81 39 6 36 84 72 116 14 128 6 72 19 63 91 213 30 0 20 52 41 0 129 20 0 251 132 64 20 54 91 0 63 45 35 17 172 74 17 46 39 43 6 0 0 106 18 18 30 46 0 48 4 103 114 40 0 12 42 32 0 0 0 8 0 0 20 0 32 32 18 36 22 0 62 74 46 54 171 15 45 72 0 0 25 52 0 12 6 63 45 112 55 14 40 7 36 84 94 0 96 0 113 81 94 18 58 144 36 65 32 61 192 17 44 8 54 30 0 47 48 11 28 0 25 27 202 119 133 10 6 56 0 34 12 128 37 0 0 176 25 12 15 45 32 44 24 4 70 216 92 0 24 62 6 0 74 20 52 66 119 0 72 0 67 39 20 4 99 50 24 0 7 111 20 9 58 20 10 28 78 0 20 65 36 52 57 57 3 18 20 112 0 45 14 112 0 27 35 0 46 40 117 31 48 20 4 0 6 5 36 30 46 67 93 6 93 52 107 30 121 43 60 53 0 40 135 0 48 43 8 100 18 30 0 59 25 86 0 20 43 72 46 
34 36 78 16 64 4 0 188 40 121 98 17 0 47 94 80 44 109 44 53 0 47 72 56 52 28 0 0 120 85 0 119 63 46 61 83 26 96 118 86 58 54 109 55 26 41 4 102 24 157 99 12 143 6 30 162 98 64 100 52 18 52 64 80 13 54 18 6 13 54 71 9 40 28 103 0 0 24 106 38 81 70 144 0 29 42 61 6 0 21 39 22 20 55 91 18 16 18 105 0 42 54 0 41 40 110 6 6 29 41 84 56 28 234 72 9 45 8 11 54 54 0 94 11 8 4 58 4 45 17 73 5 84 86 37 93 144 150 71 38 61 3 98 24 35 40 81 119 79 53 106 46 191 7 52 54 47 92 78 41 14 0 29 9 38 82 64 9 143 68 0 0 120 78 102 30 63 0 69 26 0 64 0 0 0 42 43 39 42 16 14 20 31 6 32 73 18 90 156 130 43 114 48 1 39 81 87 9 0 53 10 69 22 67 14 92 18 64 11 49 50 93 78 44 64 0 10 62 61 6 61 102 48 25 175 5 14 83 8 42 9 109 28 76 57 44 92 68 7 0 87 183 16 42 4 8 
101 90 85 21 51 0 146 132 18 102 24 88 35 24 175 0 43 0 103 87 56 69 2 77 7 31 32 3 144 72 22 37 18 46 96 25 156 64 190 30 117 173 115 20 59 100 57 154 16 62 32 90 68 45 14 111 28 0 16 66 63 166 110 143 53 67 29 54 93 70 66 0 145 99 87 50 0 54 12 21 76 82 67 104 56 30 115 80 112 62 45 25 56 109 28 45 19 28 0 48 2 20 60 95 89 28 92 41 36 92 165 29 99 46 124 54 48 72 71 74 108 0 101 17 70 18 184 39 48 90 128 68 26 140 73 154 92 114 72 37 111 56 28 91 24 32 30 138 8 28 22 26 110 165 6 0 7 0 32 2 32 8 123 0 12 70 146 61 30 138 60 20 133 33 4 86 156 24 102 57 63 54 29 36 91 28 69 195 0 63 48 10 205 45 64 56 147 12 41 89 12 81 83 0 56 38 40 175 21 115 136 153 36 48 73 87 141 113 48 141 24 138 99 18 28 16 163 26 65 31 122 74 22 25 18 69 71 116 48 103 60 114 35 151 0 133 67 69 10 10 27 94 1 72 9 89 
32 66 141 81 54 61 48 120 75 83 84 0 72 42 4 28 0 0 186 12 16 71 51 0 88 37 18 60 57 36 45 9 123 12 6 92 15 9 162 64 20 15 24 0 45 40 28 100 0 135 27 69 43 75 0 119 45 83 93 33 9 16 44 57 57 0 69 119 110 138 39 40 191 40 40 114 0 15 111 58 0 156 27 54 4 153 3 0 45 164 90 24 28 100 150 99 54 147 0 6 0 90 42 72 100 63 67 81 40 0 91 0 14 39 72 0 69 75 18 45 0 81 69 17 37 122 88 27 22 75 90 1 10 138 105 24 83 99 68 131 0 32 100 73 150 18 0 81 119 10 100 0 69 108 0 36 58 63 30 20 112 37 83 0 0 104 43 56 27 108 41 6 78 102 66 45 79 42 10 77 39 8 72 8 81 7 238 150 168 0 45 59 145 108 12 27 45 54 146 78 0 107 105 36 58 48 0 31 71 63 45 42 9 36 0 59 18 9 165 83 0 49 0 87 271 70 3 127 48 102 33 180 3 39 63 24 64 12 0 123 52 84 89 78 78 83 46 0 38 55 85 149 82 10 81 6 
38 0 88 0 6 51 40 20 4 177 0 48 0 5 114 90 0 52 0 24 8 193 0 42 24 8 89 24 28 76 0 97 40 32 81 131 6 118 88 102 72 16 71 81 99 95 40 45 22 91 36 6 8 67 61 62 33 43 120 56 55 100 89 112 64 67 55 107 29 0 20 71 110 30 36 4 10 0 0 53 15 95 164 92 40 111 87 13 63 46 65 66 113 40 36 64 60 40 44 0 34 104 58 15 44 139 0 29 73 241 4 116 91 45 30 69 17 32 60 104 40 56 71 72 51 42 6 18 191 75 63 104 82 80 60 135 34 118 49 98 36 0 35 66 54 90 0 66 38 83 17 86 221 97 18 55 100 144 12 59 37 41 18 46 96 111 93 0 49 10 71 52 129 84 0 0 88 0 32 11 75 76 4 16 25 0 36 119 36 28 58 94 0 130 42 32 0 40 58 183 28 8 18 0 234 49 111 0 18 157 105 35 80 109 41 86 34 20 94 32 57 28 73 83 18 56 199 40 88 0 69 48 101 133 97 34 72 118 193 144 54 0 64 84 194 0 39 24 9 0 79 80 28 48 8 121 
54 62 96 16 59 58 87 141 113 39 23 25 117 25 30 72 27 32 15 66 0 27 78 8 0 26 34 43 48 48 42 92 0 149 9 36 74 64 56 101 73 0 104 44 48 117 57 22 17 133 104 56 20 12 62 0 9 73 135 0 54 67 30 99 10 36 69 108 78 0 20 39 142 72 144 0 35 6 101 48 65 0 52 2 0 54 40 125 52 61 36 61 52 29 93 115 71 0 4 153 4 38 59 5 12 34 24 10 52 20 41 48 53 41 96 35 82 104 76 63 0 36 192 117 48 171 110 64 80 0 69 147 15 158 99 27 18 65 12 18 113 0 127 87 72 37 18 127 16 131 24 30 94 81 112 6 69 6 24 24 10 0 129 0 12 42 22 203 8 159 0 16 207 175 19 0 0 72 0 118 0 104 64 27 49 33 125 69 116 20 79 115 99 75 116 99 28 54 40 159 45 30 58 36 24 50 59 22 32 137 18 121 60 25 91 43 78 111 52 110 12 47 65 178 81 118 1 84 76 35 85 112 51 122 64 18 12 99 49 135 124 52 65 54 0 10 10 51 32 96 8 42 8 3 70 87 
32 49 92 149 24 8 9 32 64 12 78 49 52 112 31 101 7 56 60 31 38 58 32 57 0 11 81 14 18 28 72 52 12 0 81 50 73 57 6 51 48 48 23 17 69 84 3 72 0 100 97 9 83 56 3 72 39 24 109 12 72 0 59 32 91 72 101 56 87 0 18 56 25 8 64 46 5 6 18 0 16 81 73 120 56 118 45 122 107 80 42 34 38 21 92 25 88 158 136 88 24 111 83 0 90 92 32 88 20 77 42 102 80 38 81 75 20 56 21 20 120 79 30 128 24 31 35 129 84 24 72 101 68 13 71 168 27 70 146 134 12 75 6 45 84 20 36 232 121 0 92 104 99 45 48 150 83 141 68 15 60 3 88 18 24 48 162 70 62 85 78 27 73 104 3 1 96 14 13 124 12 0 118 8 0 29 48 17 36 72 106 36 191 116 64 92 0 30 180 316 57 87 14 84 160 0 77 128 76 56 28 41 81 7 18 78 19 77 175 116 16 2 90 106 28 48 32 75 18 6 0 60 0 120 24 0 46 132 8 134 48 52 0 88 138 66 41 60 33 136 56 51 87 8 60 30 
12 36 132 0 128 49 155 77 217 120 28 50 162 37 18 78 72 63 48 60 69 63 32 18 91 14 35 39 119 75 125 79 129 123 47 51 208 137 190 206 207 194 0 21 34 171 30 56 106 74 51 124 28 47 92 10 0 165 125 162 262 198 26 81 99 81 24 72 185 54 97 66 151 99 239 13 27 80 82 24 31 72 51 112 69 75 27 119 127 49 27 122 118 84 126 132 38 142 63 103 10 173 110 100 90 110 125 128 63 149 36 63 165 24 87 42 94 79 58 52 228 28 156 150 108 63 20 169 106 0 217 132 53 42 66 181 29 0 82 86 118 24 56 90 137 49 130 367 14 29 71 82 142 80 0 108 36 32 0 101 98 44 127 47 123 90 52 78 98 105 27 98 146 44 77 15 30 85 56 140 26 37 92 4 36 91 16 253 133 108 40 153 56 185 81 35 137 138 64 103 67 61 36 81 16 114 36 6 64 93 102 28 135 28 24 69 125 185 244 179 215 126 122 82 214 128 255 118 216 40 68 96 57 68 76 201 132 24 116 218 50 82 132 160 128 35 98 60 57 177 99 47 40 98 2 185 
7 38 50 0 54 10 58 110 0 60 103 260 85 14 20 43 48 9 60 17 75 33 18 31 93 73 0 32 95 148 6 8 59 0 53 31 41 2 112 40 65 155 168 8 38 0 85 134 0 71 64 6 16 29 7 18 0 0 57 67 58 48 49 30 43 25 95 48 56 23 5 51 0 0 44 0 70 71 132 34 35 52 58 136 37 46 64 69 83 177 18 66 169 49 76 105 112 76 0 23 0 3 178 60 12 26 36 32 37 36 47 106 0 5 36 39 36 29 20 29 0 104 0 54 183 6 3 74 183 30 0 23 83 0 0 41 58 16 96 100 100 55 19 46 15 0 10 48 98 28 42 56 98 142 42 42 7 39 36 0 0 1 121 36 8 0 0 25 40 112 8 24 70 53 30 38 111 73 8 12 6 85 23 37 4 38 21 14 15 60 20 111 43 31 1 9 34 10 12 110 0 0 15 63 56 47 70 0 54 0 12 25 39 57 42 76 7 56 8 23 0 0 0 79 16 10 3 138 64 51 12 53 42 121 90 9 90 0 64 40 35 1 34 37 50 64 0 1 44 24 0 83 97 30 76 71 
6 56 198 63 36 6 6 164 87 158 108 31 87 46 10 230 44 0 28 101 94 166 84 60 88 45 9 57 24 37 36 111 135 38 25 179 11 64 121 97 0 14 33 89 46 204 40 212 0 76 0 60 96 34 90 194 25 76 149 99 0 40 62 10 14 143 59 236 176 0 79 16 93 65 86 0 134 159 63 90 94 72 112 25 145 30 26 178 114 81 160 122 148 56 108 62 79 92 24 123 8 18 64 96 80 96 21 89 38 128 56 0 111 87 161 94 147 40 38 0 24 24 70 64 18 52 16 108 106 133 16 28 137 69 76 136 25 49 12 16 95 188 181 30 152 63 32 81 154 34 125 110 14 205 18 114 0 257 120 56 33 24 69 126 56 46 150 96 131 161 0 54 128 72 87 40 25 91 28 33 56 45 174 197 101 33 56 76 94 24 56 112 8 7 121 62 112 72 105 124 65 54 0 3 82 116 111 77 118 54 42 26 38 162 23 120 86 30 116 5 35 72 131 204 115 92 78 179 65 0 146 64 32 44 9 16 68 119 70 259 98 26 181 115 132 6 185 38 8 0 18 51 30 112 0 50 
7 130 180 35 4 80 70 117 45 174 53 56 98 70 40 172 63 8 117 47 20 2 67 82 9 1 21 23 12 59 49 81 55 70 12 24 107 80 78 144 86 14 61 92 28 150 58 16 183 145 92 36 22 32 12 147 26 71 8 66 44 71 17 32 42 71 153 46 171 90 60 150 77 166 186 35 25 26 23 28 138 7 91 47 12 107 0 143 27 75 30 79 36 21 70 81 39 7 139 95 0 112 61 44 34 161 49 52 111 15 0 45 142 36 112 65 101 59 42 52 9 43 119 19 64 30 28 18 100 39 66 67 5 59 35 12 29 89 65 44 131 151 74 108 50 62 11 62 158 43 56 141 137 109 21 61 28 16 105 66 44 0 57 82 65 88 0 118 48 41 29 121 42 69 46 39 58 64 6 63 44 51 55 105 62 15 7 51 45 5 47 200 35 149 17 4 8 113 73 18 0 44 48 0 0 36 41 62 48 29 49 61 21 5 81 59 80 45 148 12 0 137 97 174 10 0 117 32 147 24 60 30 42 42 0 39 18 44 52 52 65 35 155 21 102 58 34 84 12 9 0 65 12 81 10 137 
92 77 45 0 6 48 54 178 25 0 36 64 24 0 7 150 4 90 20 36 6 52 33 48 18 14 64 138 36 20 108 56 90 75 120 48 138 35 84 66 71 96 10 72 48 120 120 114 0 60 15 185 22 74 37 99 0 9 28 36 105 89 0 27 135 69 183 47 36 10 31 104 48 36 137 0 55 36 99 60 0 16 59 129 75 47 40 55 128 46 30 78 59 9 54 77 148 125 64 154 49 48 18 0 60 89 2 160 60 42 50 81 27 25 46 0 70 72 15 26 149 0 0 54 34 5 9 94 122 15 70 0 101 0 21 96 43 24 139 52 33 63 68 57 81 79 33 219 3 0 8 107 42 76 67 74 22 30 97 61 42 15 37 56 88 0 33 30 42 26 54 96 0 46 9 66 75 6 52 4 57 18 88 145 60 108 54 94 29 78 81 40 112 39 65 54 92 24 8 178 31 50 0 72 9 27 82 87 88 36 32 15 69 89 0 16 101 78 121 87 30 78 16 111 35 36 76 137 0 0 61 136 54 8 0 48 0 25 124 72 103 36 45 56 32 0 65 45 72 96 24 47 130 15 108 20 
70 63 12 0 118 40 6 40 48 12 27 20 51 24 21 0 36 77 12 6 0 0 56 0 0 34 14 0 56 68 0 51 0 48 0 44 126 41 83 57 30 74 40 66 36 123 63 17 6 82 74 72 45 135 4 0 0 123 32 32 27 18 0 36 0 96 84 100 108 27 70 160 42 0 0 65 26 0 96 72 6 78 31 54 88 62 32 36 63 0 37 48 84 96 30 19 84 32 42 0 0 16 141 56 42 81 0 102 131 120 12 45 51 97 27 24 18 133 18 27 16 151 54 42 131 108 36 150 102 54 50 56 38 32 30 124 40 4 0 0 28 53 14 27 4 0 159 64 67 16 50 8 65 189 24 54 0 6 8 84 0 0 12 117 0 16 110 0 134 18 58 80 21 64 57 8 36 0 0 0 0 59 86 6 24 0 154 10 66 24 10 92 56 38 5 22 16 90 51 159 0 18 40 63 8 16 8 32 80 30 74 32 59 27 34 26 72 53 44 16 86 60 84 63 106 12 80 107 154 0 6 70 18 48 122 124 56 12 106 96 40 0 34 18 84 43 40 143 10 0 12 46 0 165 52 94 
5 48 54 0 24 96 87 77 54 14 138 57 81 83 101 44 6 0 57 18 45 64 0 0 70 0 35 0 25 14 54 0 97 20 46 85 67 14 0 54 97 80 0 18 0 84 51 25 59 78 51 0 42 18 34 36 24 48 13 3 0 75 42 11 50 0 76 25 18 0 12 26 42 48 20 66 24 56 24 18 54 59 50 12 20 72 79 16 65 105 18 80 109 63 24 58 66 64 6 12 3 48 180 0 76 7 32 74 100 49 49 68 6 0 2 20 84 24 3 0 71 63 0 97 87 18 75 141 48 0 30 0 107 6 63 35 62 0 102 0 8 89 26 2 36 48 20 63 70 32 96 0 0 67 48 90 46 18 64 0 12 0 56 12 0 18 48 15 36 75 58 104 51 48 83 60 54 2 6 8 0 92 63 90 7 0 79 84 36 64 53 0 90 111 0 15 37 70 46 45 17 0 60 0 24 44 18 32 59 24 15 32 26 0 56 54 19 38 54 36 50 0 66 77 86 10 0 51 72 25 30 48 40 0 0 105 39 56 13 0 27 21 60 57 0 0 30 0 0 0 27 68 6 8 39 5 
108 74 94 69 70 24 6 96 72 22 0 70 18 96 143 81 25 15 57 39 40 0 0 63 36 12 0 21 32 75 0 103 55 59 18 53 25 39 117 15 0 31 97 25 16 40 43 23 0 47 7 35 0 0 19 113 2 0 60 0 12 45 0 57 56 127 99 46 64 5 62 36 26 80 54 15 38 45 68 7 19 64 5 59 48 98 13 57 27 80 14 53 44 21 101 6 35 0 34 48 15 45 0 79 68 39 0 84 68 90 18 103 25 27 44 56 3 72 24 104 112 41 42 96 120 0 57 0 26 162 84 23 72 106 8 142 17 21 58 156 6 111 0 36 56 9 0 30 9 116 0 63 24 67 82 9 21 0 33 6 0 0 28 20 26 48 0 63 48 51 52 89 159 0 46 0 13 19 0 0 36 80 27 42 27 18 56 14 20 56 12 9 0 79 6 76 6 0 0 66 79 36 0 8 74 93 105 65 70 34 76 76 0 9 6 82 42 132 83 99 0 149 75 89 49 8 110 80 148 30 141 71 26 111 30 51 20 43 124 40 38 0 93 51 33 0 16 45 0 0 56 54 1 56 0 5 
135 88 8 44 5 147 91 179 143 28 50 0 80 52 36 97 70 36 75 51 24 74 59 92 81 32 58 7 8 30 6 94 112 134 12 41 19 56 128 18 43 140 15 73 40 111 32 88 0 30 0 101 0 12 0 26 72 48 262 1 40 70 147 150 35 72 192 40 80 81 13 47 188 32 95 31 8 135 95 59 40 16 43 51 32 104 3 174 33 87 0 93 17 42 187 69 51 78 16 181 51 48 109 60 94 18 39 129 152 28 56 6 41 35 38 12 72 45 154 24 27 24 132 178 46 95 248 35 56 0 21 48 62 74 135 197 14 81 85 59 12 81 35 90 208 12 0 8 18 40 37 66 214 121 38 45 117 83 24 70 191 28 141 128 20 78 53 173 88 27 99 87 38 158 3 74 81 0 106 138 78 122 5 30 0 10 0 271 81 0 215 8 162 60 95 144 108 75 16 190 62 126 147 12 0 154 64 18 42 63 90 164 101 48 70 117 95 66 187 221 101 163 63 64 259 95 141 38 142 16 217 108 84 157 32 115 123 59 90 84 162 126 30 57 129 12 134 77 63 102 114 129 25 35 77 49 
50 109 70 51 46 229 102 96 55 99 40 73 27 177 31 67 0 53 114 0 96 5 63 0 69 18 20 0 68 18 40 64 139 18 50 78 45 121 47 45 63 0 9 78 10 91 90 158 98 84 108 54 2 74 27 188 18 20 153 90 43 18 46 70 100 0 114 28 89 49 117 99 132 109 65 6 28 93 34 143 0 52 103 132 86 196 142 92 55 58 147 63 55 3 63 51 96 108 72 113 18 48 80 27 80 64 78 49 32 18 104 148 57 44 136 75 60 105 76 10 48 40 138 73 40 60 86 85 87 46 72 68 54 32 69 141 32 0 86 89 36 262 149 61 177 16 10 158 0 25 164 112 90 111 48 45 81 45 36 12 153 5 147 81 75 44 77 64 94 75 110 119 66 0 23 5 60 78 11 96 153 74 20 245 56 14 98 140 153 100 0 80 81 72 2 48 8 35 108 228 8 92 162 21 89 61 28 22 49 56 92 30 66 99 73 46 62 50 127 112 93 152 100 146 154 43 32 92 81 70 0 157 67 154 14 43 94 18 18 144 51 18 137 84 66 10 49 74 40 55 178 164 28 145 8 49 
79 6 73 0 58 18 91 86 21 20 133 38 4 135 79 114 98 191 30 4 102 33 36 33 120 3 50 106 136 61 36 18 45 23 14 122 27 104 130 71 92 67 113 113 0 32 86 126 58 10 56 146 39 34 7 133 37 37 28 39 33 110 1 36 20 11 10 134 165 60 20 30 80 90 84 92 31 51 0 0 16 50 238 18 39 36 17 61 30 123 5 104 0 25 198 141 91 6 12 27 6 41 110 46 88 2 135 29 36 90 60 138 104 72 81 53 48 65 35 2 37 3 0 38 24 55 8 23 60 70 147 33 17 4 36 52 35 3 20 63 47 124 25 0 60 9 12 0 135 0 0 0 106 99 12 16 41 42 37 56 67 63 30 0 36 0 9 37 156 36 16 30 66 12 0 84 10 162 50 0 16 0 65 0 79 67 134 133 72 62 21 0 17 0 36 25 84 51 78 71 35 12 4 0 57 70 21 50 50 20 57 25 31 24 0 148 60 111 143 36 4 35 74 58 54 30 36 177 74 51 5 41 51 0 63 84 101 76 51 85 0 24 51 21 149 101 33 0 135 45 124 54 17 41 48 97 
23 100 0 18 72 27 0 64 54 6 111 3 10 0 0 18 0 84 30 24 35 9 131 0 0 10 27 0 5 51 36 138 144 0 0 36 83 75 132 111 21 0 53 86 0 35 0 4 72 79 0 89 123 0 26 48 14 0 93 10 18 63 14 63 35 45 9 4 0 16 71 88 55 48 0 28 0 0 0 6 8 3 12 7 103 49 2 36 0 35 52 27 0 62 51 2 72 73 84 10 18 18 144 97 0 28 7 45 57 9 0 0 34 175 18 54 63 80 45 0 0 40 13 0 16 81 16 0 2 0 58 34 0 0 13 63 0 0 45 20 66 56 63 35 60 36 72 63 94 27 0 52 13 31 90 4 5 63 20 16 72 0 108 64 0 10 50 21 70 18 68 0 12 10 20 0 0 25 18 18 11 74 0 0 0 36 93 5 6 35 28 52 63 3 13 48 32 96 56 260 87 14 59 49 40 18 49 0 0 24 1 45 69 69 15 48 135 36 46 0 85 68 0 30 167 56 81 59 37 2 81 114 56 26 46 54 60 37 63 54 36 30 60 26 92 118 22 52 0 41 50 54 56 63 0 25 
96 54 77 2 16 59 6 81 39 82 46 6 52 129 77 82 110 77 76 22 30 32 0 44 12 2 0 93 52 77 105 34 110 84 15 86 5 40 136 59 3 20 99 38 4 72 155 2 13 84 28 156 61 68 122 154 8 25 78 56 36 34 0 24 142 35 56 125 72 49 77 36 21 36 72 42 42 38 24 56 63 54 99 29 16 52 18 10 58 4 0 16 48 28 0 76 183 0 18 18 53 12 61 16 48 130 9 63 20 85 12 139 3 36 48 81 98 177 62 107 79 36 31 30 0 0 24 283 109 49 205 21 45 32 0 56 42 12 47 56 84 0 146 17 38 36 97 287 4 68 28 19 135 133 78 0 56 76 96 81 62 2 27 114 10 27 32 96 162 85 87 88 100 72 48 0 80 116 0 20 10 64 146 54 58 28 108 112 49 30 56 141 9 55 79 20 46 160 73 62 0 74 48 7 39 24 68 9 40 36 69 69 12 87 82 50 14 66 185 41 42 60 123 7 8 59 218 54 47 0 0 130 48 90 71 80 16 91 72 57 95 56 27 55 61 66 0 38 111 44 9 12 104 38 28 16 
26 63 0 33 144 54 118 3 0 45 0 17 14 9 6 67 0 72 6 0 58 69 0 12 0 18 21 56 54 4 65 0 54 8 40 61 0 79 10 9 0 32 72 24 0 8 16 77 0 24 61 1 21 4 144 9 23 6 66 74 18 156 62 40 0 54 0 69 107 0 26 9 23 55 117 36 0 41 42 80 4 9 95 90 7 41 0 61 3 0 14 3 25 9 129 9 59 27 32 50 12 83 42 34 127 65 77 12 43 0 2 16 66 116 54 0 56 61 3 15 37 3 45 0 39 0 0 31 37 8 21 63 0 8 0 6 69 0 61 75 117 30 19 29 56 50 9 38 0 27 9 0 81 69 3 13 21 0 28 27 46 49 75 40 71 48 44 27 101 12 62 56 78 39 24 0 8 0 90 77 7 25 57 0 87 12 71 100 34 96 27 68 27 89 44 1 18 57 73 60 0 56 14 25 77 54 20 42 32 0 4 59 6 81 9 10 110 9 42 90 17 8 69 11 0 0 46 130 73 22 93 82 18 86 100 0 0 0 21 73 54 2 0 30 118 7 33 42 42 4 112 54 50 48 0 3 
149 198 122 113 121 170 77 72 2 59 43 187 0 26 118 42 125 70 91 123 148 39 95 24 138 8 115 63 102 226 2 91 102 100 92 152 52 256 72 103 106 32 99 138 16 144 121 168 101 72 153 103 92 4 180 234 5 24 188 105 80 100 32 108 137 50 90 208 48 86 137 126 171 129 185 42 121 122 41 0 46 200 115 77 105 124 36 99 158 162 125 54 125 60 16 194 143 24 65 36 104 15 0 92 54 42 202 137 64 157 88 53 126 87 213 48 61 129 136 99 209 43 47 10 154 103 32 20 54 91 154 140 55 51 4 42 147 43 8 177 282 71 192 12 126 72 93 28 133 38 24 65 147 149 39 67 68 29 126 98 104 58 45 82 161 48 0 60 80 24 35 38 194 56 63 67 93 20 37 110 40 146 121 95 50 79 187 65 54 165 22 146 94 158 17 72 65 127 20 68 108 25 18 44 114 69 46 73 16 34 151 78 72 182 67 47 140 171 99 118 84 117 82 145 69 54 177 115 217 45 3 354 0 63 69 52 4 32 281 65 42 82 26 214 6 32 10 56 79 14 93 40 50 139 84 61 
34 81 51 80 57 15 78 51 42 83 45 17 18 76 55 79 42 0 32 30 64 68 91 34 45 0 0 42 70 80 30 96 149 6 40 17 71 136 54 113 57 0 41 95 37 85 75 20 44 57 45 40 62 0 40 8 6 168 195 0 54 122 0 11 45 54 47 32 112 68 40 24 66 0 0 5 12 36 89 12 72 99 108 108 52 56 56 111 40 56 27 119 29 42 4 9 124 64 40 0 81 70 72 27 87 145 111 129 63 54 0 51 66 100 50 24 60 95 56 0 100 100 68 182 6 63 30 138 128 53 0 80 102 20 23 128 63 0 103 72 24 71 115 0 126 56 90 97 50 51 48 0 143 54 127 58 23 222 67 61 69 36 176 121 0 68 150 71 127 18 34 24 0 70 99 0 40 54 34 0 0 128 20 37 20 0 133 66 0 0 32 6 59 50 55 46 60 78 74 197 82 25 0 16 35 54 35 13 104 41 38 48 42 25 49 15 59 57 84 96 72 0 30 7 124 6 40 101 101 30 81 106 78 194 40 90 0 73 24 155 114 91 0 130 108 26 74 50 46 0 20 114 0 94 12 35 
40 0 6 0 26 81 14 0 12 34 0 20 12 87 63 0 0 0 4 40 40 48 0 21 0 0 0 0 0 27 0 177 54 5 81 87 42 36 0 33 38 45 64 0 0 41 3 32 2 32 0 0 10 0 0 48 5 20 64 29 0 0 24 39 86 40 97 103 12 0 0 85 30 8 45 8 16 55 5 72 72 16 8 29 43 110 0 6 30 49 63 5 124 0 9 18 27 0 87 27 78 64 0 3 88 112 6 37 26 46 15 4 58 20 61 45 0 99 80 72 64 15 66 0 8 64 5 44 105 73 77 0 20 7 15 42 0 5 0 56 0 20 72 0 90 50 18 91 71 0 37 61 67 94 25 42 75 70 30 63 44 56 53 71 0 45 127 0 128 0 42 18 125 36 4 6 110 0 20 0 0 140 0 25 5 18 56 0 0 0 24 41 54 96 0 24 0 14 12 130 101 6 0 0 0 68 36 54 30 39 53 32 8 66 24 32 16 5 41 64 36 85 48 0 40 27 128 86 67 3 0 18 6 64 62 14 26 40 152 72 58 0 12 30 20 0 0 94 0 0 77 0 0 2 64 47 
96 59 66 0 114 84 108 44 136 50 143 68 56 36 12 10 155 27 167 76 45 104 9 78 22 40 113 89 192 206 98 54 90 67 64 102 100 47 237 82 16 173 55 106 24 139 26 186 100 13 126 121 39 59 61 126 17 238 78 5 7 86 208 76 221 120 220 183 122 121 88 116 203 176 24 101 0 41 102 61 16 106 58 45 38 87 21 89 185 159 26 24 113 169 88 110 134 29 217 78 37 48 56 49 71 186 21 214 67 78 47 163 97 18 142 131 35 36 15 38 44 77 53 162 88 81 69 89 111 129 233 20 187 86 89 44 86 163 54 60 19 170 179 44 248 17 0 131 114 59 60 109 122 126 27 158 51 105 89 141 119 10 69 141 24 76 119 89 148 237 171 24 191 34 99 87 134 12 90 169 34 65 71 22 80 12 137 251 25 40 64 57 203 199 97 15 71 23 79 185 147 37 52 44 106 57 169 76 92 48 56 83 176 61 34 124 159 18 57 22 163 61 38 50 0 134 70 212 205 71 115 75 34 204 15 69 0 67 173 76 59 0 6 153 52 39 27 22 28 22 82 132 93 40 76 76 
18 15 43 26 33 0 37 32 60 25 4 79 3 99 16 140 0 145 60 60 66 8 8 9 18 34 8 34 0 17 18 52 59 6 82 71 27 31 113 42 12 57 15 24 29 83 51 159 0 90 1 67 13 72 4 115 2 0 85 15 39 60 54 8 60 85 5 8 80 0 23 58 58 13 56 15 10 67 54 24 16 36 12 69 107 95 24 136 101 23 71 36 28 64 7 16 37 62 153 9 0 27 78 46 3 35 20 46 48 28 10 30 25 50 8 91 7 107 51 19 34 86 11 71 120 64 0 72 118 0 88 0 12 46 4 35 52 55 146 57 28 126 127 36 32 9 14 98 126 72 68 78 47 62 137 37 43 5 151 12 42 29 28 93 48 41 15 107 13 57 9 34 38 6 1 62 8 15 12 95 60 24 120 55 31 48 41 36 38 30 68 15 125 24 6 106 68 94 2 122 29 22 24 27 20 20 2 94 68 30 70 51 57 9 49 58 4 72 35 35 62 70 43 93 85 27 0 80 19 3 46 71 74 18 5 45 52 51 4 48 38 19 48 3 96 54 15 77 119 22 127 43 32 18 30 99 
45 0 15 63 0 32 29 2 0 161 0 56 21 18 0 44 36 40 27 42 0 0 0 0 18 19 0 28 58 108 42 108 21 69 74 36 19 40 94 68 69 0 75 111 49 176 98 132 32 92 0 7 0 91 10 14 25 81 68 15 52 51 144 87 57 134 121 15 16 4 36 14 0 67 53 24 101 72 34 91 0 32 95 106 0 68 0 81 81 15 102 2 80 117 0 81 0 0 16 70 8 0 86 20 106 0 42 45 92 83 35 107 0 14 5 0 15 72 24 17 18 27 57 6 67 251 145 21 32 35 0 0 72 163 43 0 16 25 91 70 74 36 0 155 185 57 0 37 126 45 37 39 45 18 0 27 126 18 24 26 4 93 6 37 6 56 0 98 23 3 12 0 145 30 0 20 27 5 18 68 56 86 43 45 45 51 59 116 4 58 27 128 66 15 12 65 60 36 73 138 21 0 15 54 153 67 8 8 81 71 132 41 72 72 87 24 81 21 28 101 0 36 10 157 0 44 85 39 93 8 96 135 40 0 4 119 142 14 104 24 104 25 0 18 45 0 0 0 74 15 67 9 32 113 33 42 
56 124 88 71 75 141 75 128 102 35 63 78 99 187 0 143 8 0 35 0 24 35 54 45 90 74 48 24 63 3 18 117 170 0 44 92 99 116 84 148 112 21 44 76 72 150 54 7 164 75 120 36 72 81 36 27 0 91 107 14 42 40 20 9 30 57 75 96 6 36 18 18 56 49 112 0 63 69 65 8 105 18 48 43 36 99 131 0 4 192 85 0 30 78 4 3 87 105 41 128 63 72 36 128 45 28 70 140 0 81 75 83 16 111 145 0 171 101 0 21 32 206 28 0 75 0 59 100 14 31 90 90 33 14 18 97 131 64 42 0 28 67 6 164 127 114 50 81 0 98 0 26 68 90 75 83 151 99 27 88 122 16 40 61 26 27 49 0 33 28 5 122 209 12 31 0 75 71 10 4 12 26 88 5 103 78 111 18 92 130 34 86 120 29 55 0 35 63 28 27 33 16 32 0 81 15 0 106 35 63 57 32 248 18 42 47 144 7 25 79 0 62 121 108 26 36 11 195 92 159 42 24 244 16 94 48 12 75 0 51 77 14 71 56 35 54 83 8 26 8 23 34 0 70 70 25 
54 66 198 8 54 129 48 66 44 111 0 0 0 30 17 53 49 0 23 18 16 0 0 16 54 2 81 92 8 27 93 144 93 84 73 18 97 11 108 120 40 27 6 52 35 63 114 43 22 60 119 233 18 101 9 94 33 30 42 87 38 54 86 87 117 45 0 99 84 5 55 0 195 40 0 0 102 0 96 78 40 123 149 12 32 23 0 6 0 4 35 66 50 18 117 63 36 48 38 33 62 54 74 0 129 126 21 39 49 0 15 210 38 85 105 56 90 43 24 8 27 32 94 14 111 66 16 45 93 68 3 111 101 38 49 86 16 54 105 111 0 60 100 87 213 102 0 92 0 72 6 99 60 18 0 30 5 16 35 55 21 18 30 35 45 126 139 103 40 12 43 6 42 20 22 8 36 32 0 21 40 42 56 66 36 6 25 0 127 32 30 114 0 99 0 29 12 96 93 5 35 30 0 0 102 30 21 66 0 79 0 40 19 126 10 112 63 83 81 9 70 45 60 28 42 45 114 36 0 0 0 18 64 34 51 64 9 173 64 124 0 12 84 50 198 21 63 56 54 4 51 81 20 101 10 148 
0 135 64 7 12 1 71 172 4 8 28 16 6 5 52 68 40 48 84 6 24 0 0 18 1 10 63 0 28 0 87 0 26 5 42 60 7 7 64 28 2 136 76 4 4 0 14 151 60 18 111 5 4 24 0 159 45 16 0 14 6 107 41 6 159 8 0 27 10 28 38 0 50 0 98 9 28 52 1 0 36 77 74 66 0 95 23 0 17 16 0 43 43 0 43 46 22 42 14 120 4 0 18 16 2 4 19 23 28 30 16 95 6 9 37 11 16 84 41 97 5 24 0 68 6 6 11 12 8 33 86 83 0 13 23 32 32 102 9 53 11 93 64 4 36 36 14 21 32 20 28 8 82 36 9 4 8 6 40 4 32 7 22 36 26 18 83 20 28 18 18 101 118 27 3 0 9 0 0 74 47 50 18 79 2 0 0 42 0 29 56 5 5 32 0 72 0 4 62 78 40 56 30 32 64 20 43 72 52 22 24 112 24 38 7 72 100 44 120 0 48 182 42 72 0 36 127 56 18 14 4 3 10 0 0 32 0 73 92 10 67 12 81 43 81 60 66 0 15 24 4 79 8 23 16 0 
13 15 23 54 94 66 65 76 58 65 142 132 117 48 54 36 24 27 48 32 63 16 56 63 36 0 68 64 51 99 69 15 177 44 0 99 0 45 186 129 116 12 57 30 42 10 39 26 157 176 115 59 0 42 0 140 12 85 87 90 71 58 120 16 12 75 166 37 21 36 24 49 48 101 53 12 64 84 87 35 75 42 77 122 37 23 8 0 21 62 118 27 8 15 118 68 56 9 73 0 18 59 9 9 145 50 34 10 58 2 56 0 102 81 163 41 41 0 36 46 21 28 97 70 84 93 0 50 16 39 63 66 59 76 0 67 15 28 48 77 137 52 18 45 162 103 103 15 24 7 20 18 102 131 6 18 2 15 60 57 47 0 85 6 68 62 45 45 27 24 1 28 106 56 12 107 40 35 25 78 90 62 15 5 0 55 60 93 12 87 0 93 42 151 54 31 67 56 57 150 8 9 20 6 82 16 0 0 0 37 147 36 0 120 7 113 139 0 35 70 36 66 149 135 22 72 16 35 59 15 65 62 32 69 42 16 0 52 71 70 63 2 25 47 108 89 54 0 27 0 18 75 19 105 46 41 
98 31 18 20 35 54 111 77 102 36 88 63 45 43 7 109 0 0 126 0 24 0 24 16 35 0 27 0 36 97 0 21 0 119 0 8 20 84 14 24 5 49 45 14 28 0 51 122 0 77 147 77 0 42 9 35 6 0 70 71 72 3 81 21 14 0 87 172 87 8 23 12 66 88 135 0 126 5 49 0 0 47 19 21 19 21 30 125 105 129 0 50 40 21 110 113 42 10 0 20 21 23 101 0 36 45 27 12 105 9 14 64 3 0 180 56 76 72 3 24 0 4 10 47 53 16 0 33 129 0 64 145 35 0 5 43 12 0 15 36 93 98 126 22 48 56 79 32 80 48 14 0 148 96 12 27 0 22 42 64 122 0 76 34 0 24 0 0 5 40 0 48 36 0 2 33 0 16 21 36 0 80 32 7 39 35 0 41 48 0 87 72 0 1 10 20 123 75 6 13 0 48 21 8 0 0 70 4 61 7 93 0 20 0 49 51 111 89 54 0 19 35 36 103 39 40 88 35 88 0 56 139 6 90 9 54 54 2 79 81 54 32 12 37 91 9 70 61 0 0 56 98 73 31 0 40 
10 149 62 96 197 32 63 48 8 32 24 52 96 56 49 129 123 0 32 91 56 3 41 0 42 35 32 4 16 24 76 119 78 35 49 20 120 78 178 24 0 9 6 119 39 101 2 27 40 16 16 40 142 15 112 92 12 31 0 148 4 41 15 0 4 76 44 16 69 76 113 18 62 19 45 0 0 1 36 57 16 104 0 0 101 40 25 131 0 114 0 65 75 34 94 30 86 68 24 4 74 0 6 172 51 0 50 0 46 18 33 51 114 63 28 48 92 14 106 92 72 118 113 4 81 0 106 118 117 33 61 0 0 57 34 56 62 27 0 64 128 61 72 0 10 32 12 140 97 36 24 106 64 51 25 0 80 25 101 20 42 0 27 89 98 83 98 64 49 110 28 0 64 21 44 22 63 80 0 84 12 68 86 63 14 24 5 0 56 35 128 81 63 0 2 5 111 139 94 93 71 0 33 35 99 110 76 8 108 7 0 2 39 144 49 42 21 154 0 0 120 42 65 20 12 73 63 151 87 33 106 45 0 0 64 60 0 91 64 88 0 20 0 22 72 43 0 14 101 58 77 0 24 160 0 0 
120 0 75 9 154 135 73 0 39 101 0 42 102 96 8 18 4 27 43 8 16 80 62 42 56 58 69 92 5 89 0 222 0 45 41 54 72 87 149 32 81 100 59 45 82 33 133 185 81 108 77 59 52 97 5 139 0 86 74 90 50 80 55 228 24 30 117 79 245 21 124 68 123 79 35 132 60 9 0 8 80 74 190 221 18 6 86 24 93 116 107 18 75 64 0 69 42 40 143 36 64 42 82 49 46 16 20 9 186 12 98 109 28 71 44 94 85 128 85 133 8 89 20 119 60 131 30 126 184 35 102 0 191 0 103 198 27 67 93 5 126 38 195 0 149 77 98 97 83 102 46 72 24 8 115 91 0 114 138 14 45 15 107 177 24 6 4 64 32 179 0 15 0 51 72 36 0 72 0 81 0 154 121 58 76 54 51 69 63 32 80 27 81 129 8 49 24 77 129 72 30 70 200 36 45 44 95 32 38 40 125 65 308 107 24 117 118 201 152 8 49 54 73 81 8 40 64 96 9 66 167 36 120 212 8 111 6 91 63 76 65 70 85 79 102 2 53 11 39 9 95 102 52 120 112 0 
96 183 80 62 44 73 83 47 106 33 46 54 20 37 93 160 92 8 22 49 10 62 28 90 9 9 16 11 120 30 0 68 111 112 44 50 96 56 34 93 40 42 88 92 65 114 4 116 68 77 44 50 34 18 57 60 27 85 75 116 145 124 82 61 54 20 81 218 70 34 111 22 56 62 56 16 6 73 111 58 3 20 55 61 24 58 138 101 50 57 27 88 74 14 71 59 62 159 57 36 79 30 82 155 30 0 2 27 47 75 12 15 59 64 51 30 73 54 54 83 113 72 156 78 56 52 28 32 73 40 81 65 39 70 76 160 80 36 78 116 37 83 48 13 68 24 0 29 8 24 39 32 48 96 49 127 54 14 86 55 6 47 48 42 4 34 54 14 34 97 41 44 159 0 79 8 14 12 4 155 0 198 90 60 32 9 12 92 56 25 124 73 101 85 30 47 56 40 0 188 86 0 9 55 68 8 109 29 52 30 118 48 68 104 57 48 182 27 39 32 60 55 69 39 95 62 146 120 66 73 15 45 75 39 39 40 60 79 171 75 20 80 20 29 150 12 12 43 53 33 2 91 48 68 16 79 
14 77 74 18 0 30 60 52 40 0 38 68 51 0 36 40 72 5 9 9 45 27 0 24 14 36 0 9 60 0 0 8 20 30 19 48 24 28 77 18 28 0 18 16 38 65 26 40 32 54 18 0 14 95 0 12 6 48 45 36 34 66 10 27 24 21 21 29 27 4 64 8 73 24 145 0 0 143 49 64 6 0 2 14 86 52 0 76 38 84 22 36 36 0 40 48 58 18 6 51 4 32 42 20 6 12 15 23 58 48 37 96 0 24 40 0 0 36 89 0 16 42 18 0 25 0 38 146 14 64 66 1 2 98 32 10 9 18 10 0 30 72 28 12 0 2 0 100 78 0 65 15 43 72 33 15 26 7 4 31 5 0 56 119 6 0 44 56 0 6 96 24 6 53 33 54 41 8 8 117 15 0 125 11 52 17 20 78 31 12 82 39 28 35 47 84 32 52 8 8 30 16 46 42 28 10 56 28 57 0 139 48 9 21 9 76 34 0 128 115 12 72 25 22 1 0 45 76 21 24 50 94 5 16 0 11 18 30 16 48 110 3 43 132 51 38 57 32 8 47 24 0 58 21 32 40 
178 24 132 10 102 159 85 113 64 102 112 28 128 15 6 50 158 41 144 17 40 28 94 4 18 18 44 101 0 78 144 59 55 88 0 5 75 99 95 199 60 44 0 0 0 50 74 31 56 56 64 74 98 35 32 12 17 36 135 86 111 53 40 40 107 83 73 40 42 24 162 81 64 144 192 89 72 8 24 25 28 56 39 85 7 107 0 106 0 15 67 61 137 28 0 145 112 33 174 92 16 94 0 83 18 101 59 60 77 28 65 0 21 48 115 165 91 136 96 21 46 115 5 18 54 50 14 71 90 49 101 76 4 83 43 20 16 40 52 0 180 29 32 47 9 20 8 224 150 70 0 63 33 133 158 0 35 103 56 74 145 0 0 73 85 55 18 40 7 157 22 0 52 104 32 20 8 36 68 0 58 14 81 30 101 21 271 193 0 65 32 164 25 127 32 64 104 35 76 104 107 14 16 0 27 116 254 16 8 29 68 54 28 85 19 32 192 47 63 120 0 97 94 154 45 35 175 34 86 42 126 108 10 138 1 53 0 183 76 9 137 187 58 81 32 53 13 26 0 48 118 85 135 69 83 51 
126 18 8 53 84 165 92 154 108 0 169 100 72 111 9 41 2 2 8 18 37 27 12 87 14 0 17 50 18 90 128 82 133 68 27 116 39 9 109 122 129 0 51 60 0 100 114 59 142 240 132 45 48 54 48 178 6 0 0 90 9 13 63 25 3 141 198 78 109 0 33 136 105 75 177 42 160 36 156 61 146 18 35 29 38 76 3 48 85 89 35 16 152 0 32 124 147 0 54 25 25 115 128 8 85 0 6 178 24 12 74 4 2 6 52 99 105 42 0 15 0 54 21 55 13 74 95 32 44 60 45 0 45 40 35 171 45 12 21 113 33 102 13 0 130 150 30 63 69 7 111 78 35 195 31 159 107 88 54 70 36 49 42 99 44 56 18 69 210 0 0 138 24 12 48 16 84 43 35 42 6 85 93 39 10 51 21 64 0 44 39 64 15 204 6 16 10 73 0 28 39 8 66 12 89 91 24 93 177 32 153 19 28 26 33 114 63 16 85 83 16 67 195 125 24 54 49 147 0 18 109 232 54 18 3 138 135 0 236 0 20 36 54 40 112 30 87 4 22 18 32 41 41 14 32 54 
118 42 43 72 114 72 41 34 44 43 112 36 0 0 17 122 91 81 51 21 40 72 17 98 69 27 20 20 148 72 25 31 131 27 72 83 2 68 212 98 18 72 0 40 21 12 71 82 14 93 7 116 12 120 0 116 0 116 99 81 8 30 99 131 81 0 105 0 1 69 72 0 102 7 54 81 101 12 88 72 7 0 48 32 27 143 22 56 156 67 17 10 7 64 35 72 0 54 29 32 30 26 6 0 40 5 20 7 27 12 72 10 5 63 72 75 23 7 25 26 24 14 34 103 74 64 78 4 69 31 66 54 52 101 60 113 135 25 115 131 6 84 206 0 193 81 29 0 24 38 28 58 0 46 54 60 0 99 13 55 20 49 8 6 70 40 0 32 16 8 17 36 57 79 49 3 35 48 53 8 36 57 31 40 0 45 0 42 5 32 27 2 24 84 96 21 0 84 58 64 75 61 30 0 72 0 16 0 109 9 212 55 67 20 8 96 25 18 82 56 63 89 108 127 14 0 93 93 21 0 68 102 225 26 82 29 82 48 85 80 42 49 45 117 40 0 40 62 40 0 65 152 10 53 0 99 
80 4 28 14 44 12 92 62 181 15 84 144 96 25 23 15 82 56 16 72 6 17 117 39 68 33 50 100 82 58 60 3 6 16 57 12 106 47 55 68 62 120 172 54 47 16 38 54 41 77 152 78 5 56 0 44 44 32 41 42 134 74 70 59 120 23 12 48 25 128 98 72 12 2 110 63 2 3 80 14 107 72 76 10 6 63 18 121 0 42 0 16 72 0 112 88 10 94 41 109 47 54 54 120 10 65 16 136 78 16 28 115 48 126 74 0 90 43 7 58 0 134 10 211 90 40 27 15 102 28 123 49 9 98 17 66 7 81 75 0 32 10 135 28 23 93 27 104 33 49 42 51 112 128 0 26 0 0 40 97 59 0 66 16 0 37 51 56 112 153 93 96 86 0 78 25 33 8 100 82 0 125 39 0 37 156 15 78 33 0 88 54 9 0 0 36 35 54 12 114 64 45 0 28 12 0 101 15 110 26 80 35 40 12 27 27 34 106 71 58 58 27 32 58 0 42 15 90 18 18 61 63 27 78 117 0 20 4 86 190 81 8 53 107 68 87 72 14 0 56 87 36 21 43 26 115 
12 99 122 29 24 25 56 97 166 57 0 0 0 63 7 36 12 28 34 70 0 49 18 106 0 34 0 19 77 0 78 82 30 32 76 42 88 40 0 97 20 138 64 23 21 47 80 7 0 40 52 15 85 126 30 42 3 0 68 20 28 80 101 49 41 70 126 83 40 38 41 30 62 54 155 0 0 77 21 56 0 48 37 16 0 34 80 91 0 8 18 59 78 85 54 46 79 119 45 28 30 63 132 63 36 0 27 45 153 35 90 67 96 81 13 30 12 66 47 0 28 16 74 241 134 0 82 164 77 78 59 87 126 12 48 105 67 84 35 36 118 77 124 98 59 21 4 96 132 78 135 138 104 50 75 23 58 0 95 0 54 0 29 121 0 66 0 91 54 141 19 126 56 77 15 0 49 0 0 168 44 81 53 6 0 21 20 54 119 96 93 49 48 7 56 142 0 54 79 105 0 91 42 36 62 123 4 60 60 108 134 137 0 103 59 48 44 137 58 88 97 0 63 39 0 105 42 150 20 2 107 44 14 60 166 32 56 27 106 144 112 10 109 111 28 32 37 77 70 101 7 159 5 55 56 154 
20 14 89 12 99 37 113 142 67 123 65 8 0 69 11 38 63 0 6 65 63 136 24 0 0 63 45 27 109 3 12 4 112 62 69 96 74 41 107 103 175 42 0 47 0 145 242 106 53 143 81 60 92 63 36 93 0 24 77 83 88 232 3 120 1 58 52 45 129 0 46 37 24 3 59 75 0 32 32 72 0 72 176 195 35 37 6 0 35 107 77 0 0 104 1 100 51 73 158 40 70 6 39 14 60 5 128 75 150 83 89 58 72 179 16 33 81 12 42 72 72 96 94 99 59 44 48 68 0 18 69 29 126 36 3 0 60 47 127 119 44 8 46 91 95 54 0 88 52 21 50 154 84 40 7 46 59 0 13 53 36 5 1 129 58 9 5 14 108 51 50 18 46 42 30 0 31 47 3 108 11 51 59 120 25 85 1 54 10 105 71 83 11 121 52 50 73 20 12 60 39 0 24 0 238 120 9 27 36 0 18 40 53 76 40 149 76 36 62 49 36 94 58 132 0 105 105 160 129 35 89 85 26 63 189 63 140 7 54 79 132 23 75 44 89 19 21 10 29 15 69 108 15 109 74 108 
4 96 158 4 24 8 80 40 50 89 16 144 33 8 142 27 54 16 53 134 115 0 132 38 50 28 0 0 4 40 16 71 130 83 25 29 91 64 72 155 23 45 113 76 20 155 8 24 92 69 50 92 28 84 36 104 0 76 237 264 86 113 77 18 78 2 33 32 55 2 42 132 107 66 84 4 0 54 106 4 0 32 109 82 184 164 108 95 128 62 153 71 182 0 106 62 58 4 182 20 34 95 135 19 119 77 74 59 74 132 61 145 114 30 179 47 21 32 88 37 86 182 121 8 93 36 36 25 121 47 63 101 101 56 3 13 0 20 81 12 107 12 162 28 29 0 23 150 113 16 6 143 92 121 95 26 12 32 78 32 106 54 228 136 36 84 108 0 64 63 98 32 168 92 60 103 98 99 51 95 3 94 47 40 9 65 128 162 33 16 0 142 150 137 111 156 60 54 34 204 45 4 56 87 42 75 76 24 46 0 56 40 42 35 81 159 75 44 28 179 64 128 87 127 0 39 73 83 182 21 59 100 11 104 40 143 18 40 91 75 80 45 72 78 32 53 54 24 0 8 102 56 33 112 0 108 
63 102 0 8 0 42 30 36 122 75 27 70 10 0 78 117 0 49 56 41 116 72 0 48 18 0 90 32 17 124 73 58 25 4 10 16 35 84 53 7 0 0 45 27 12 121 55 114 0 53 18 72 4 52 138 64 0 135 42 8 48 52 50 0 111 126 0 82 167 16 90 64 82 42 75 4 36 0 81 93 0 32 74 115 116 0 0 0 86 39 30 54 84 117 30 7 12 55 96 103 0 0 54 16 12 12 120 64 89 88 71 35 49 48 115 40 84 0 0 12 81 48 94 0 12 165 0 10 0 105 119 132 72 96 48 124 0 6 43 12 63 56 46 32 28 0 28 135 106 5 45 4 0 126 88 32 0 90 0 0 0 0 36 10 112 18 59 54 54 44 0 32 42 82 14 84 0 13 0 28 56 37 2 95 92 54 24 73 62 123 2 102 14 0 55 81 16 0 35 118 24 33 68 85 67 94 44 36 124 123 24 76 164 0 0 7 192 0 61 64 97 88 28 79 114 0 64 18 60 0 56 136 0 42 44 77 125 56 83 102 12 84 76 84 36 18 24 32 5 42 12 48 0 111 0 62 
81 136 32 4 8 61 92 126 18 92 81 10 120 30 44 10 49 25 35 12 63 20 110 21 29 0 29 52 0 168 81 58 77 65 40 72 48 27 201 68 0 63 48 25 132 92 97 167 64 48 20 61 0 141 58 77 36 220 201 111 36 155 85 54 38 101 196 211 72 32 63 194 37 38 2 30 0 65 0 60 122 40 44 80 45 128 41 26 79 14 102 10 37 84 0 28 136 0 60 87 60 15 125 19 91 164 56 17 62 100 14 103 73 24 26 16 8 0 67 53 62 0 132 24 71 109 63 77 67 56 101 42 76 76 45 73 60 0 41 74 113 38 59 30 64 73 0 30 3 6 16 83 139 140 27 28 71 13 114 173 88 46 76 30 68 0 14 14 87 8 81 26 192 156 12 8 4 69 0 81 94 77 106 61 92 28 93 164 4 72 34 110 0 156 93 92 24 20 69 69 0 6 34 0 74 74 23 95 20 60 63 135 67 21 121 45 171 20 26 40 101 81 110 49 34 8 82 102 186 38 144 96 70 128 35 35 54 81 99 48 51 18 31 11 66 49 0 28 68 45 26 8 120 146 20 0 
62 131 28 0 91 16 4 28 56 139 0 167 67 0 61 1 9 4 45 35 28 28 0 0 49 0 18 75 18 99 10 25 30 0 13 2 35 29 100 0 0 88 63 0 4 12 67 97 0 75 18 15 4 56 6 65 0 0 40 9 0 27 0 8 47 0 21 0 103 15 35 0 49 46 77 14 25 53 75 29 28 60 114 33 45 66 0 147 28 30 0 0 92 0 63 90 49 14 0 28 0 40 37 102 31 57 47 16 9 36 95 84 102 30 63 0 14 75 0 12 67 0 66 56 58 0 27 81 81 37 0 63 32 28 0 79 56 0 32 18 8 30 16 0 8 0 0 124 18 0 1 0 102 123 36 0 2 72 63 5 4 0 18 114 0 20 53 0 35 182 0 36 76 0 23 81 60 3 2 72 10 94 0 29 60 24 50 98 6 42 8 0 16 55 70 15 52 88 0 113 22 4 63 91 10 18 49 57 0 0 38 45 54 8 51 21 8 207 53 169 16 6 30 21 0 46 28 78 79 0 0 24 54 40 47 78 39 9 0 156 60 79 0 61 17 0 0 57 66 56 33 18 4 26 24 18 
99 124 18 27 183 4 101 204 54 42 147 24 121 124 132 253 73 34 32 63 52 143 184 112 22 135 24 67 67 50 33 146 61 0 50 86 129 49 126 43 62 99 43 134 77 289 27 28 24 102 80 36 217 126 134 63 24 166 77 80 0 124 72 38 14 139 193 130 76 45 116 62 123 69 10 0 32 56 50 76 0 83 0 0 168 134 108 84 158 234 80 48 83 102 0 106 192 81 118 95 67 102 21 58 53 79 48 168 211 13 65 6 145 63 103 177 79 10 193 55 121 66 181 0 62 113 69 61 106 0 132 60 120 56 224 146 39 65 0 28 190 81 71 21 104 0 65 123 110 21 72 56 195 66 4 64 45 47 148 0 50 4 92 0 109 58 187 111 67 267 24 48 86 62 0 42 143 64 0 70 11 108 12 161 25 35 54 112 150 0 112 55 234 64 98 70 123 114 115 250 93 27 73 64 26 56 64 103 76 76 10 116 14 197 0 44 36 76 84 96 213 73 63 110 138 163 16 49 58 98 23 125 74 44 35 132 28 114 64 69 210 151 0 106 64 96 22 85 27 45 87 72 35 263 40 72 
111 174 55 32 86 70 57 118 91 100 66 109 114 36 52 101 172 117 40 124 112 75 94 169 16 183 78 56 110 43 64 63 116 8 80 69 168 131 323 100 128 141 36 130 0 110 98 93 215 112 90 92 8 206 16 161 21 63 53 137 117 185 46 0 37 163 152 42 164 40 136 154 28 87 91 75 94 29 48 69 237 0 160 155 42 193 13 110 35 66 107 40 122 31 45 137 50 98 174 80 82 96 19 111 107 159 17 197 129 59 6 184 79 170 39 85 158 84 19 46 146 122 145 17 97 17 64 159 129 28 112 18 27 83 61 122 11 88 75 68 118 149 130 27 69 179 111 153 84 16 66 9 208 134 44 141 28 106 223 82 8 7 0 160 32 57 138 30 62 206 108 250 96 58 96 63 36 20 63 136 96 154 42 164 36 78 18 95 69 21 131 63 129 116 61 26 46 200 54 91 0 77 66 27 87 11 82 44 92 31 263 20 87 81 79 33 18 97 194 68 119 112 168 134 57 12 46 107 313 0 34 33 233 55 120 251 51 71 122 249 285 84 138 14 6 18 123 13 130 76 0 59 39 182 65 110 
78 118 196 28 104 58 108 0 66 65 48 35 34 44 14 58 5 27 5 0 82 155 30 72 104 38 15 61 46 0 62 54 33 47 65 146 33 102 40 104 72 56 62 28 0 56 48 23 72 20 8 0 117 67 13 13 6 28 45 64 0 40 5 136 0 0 12 39 24 0 11 0 22 24 49 90 10 95 6 27 0 2 88 105 0 28 9 4 115 157 60 10 47 72 20 23 117 55 40 0 45 27 82 15 0 0 73 128 178 15 4 93 53 0 0 54 20 32 115 120 32 56 0 58 60 2 27 66 63 18 48 22 56 5 139 118 90 146 53 0 79 30 71 0 83 24 0 49 75 28 52 164 88 4 35 29 39 54 24 0 212 24 10 154 24 5 12 7 0 144 30 61 43 56 72 66 27 36 1 67 12 32 62 34 48 0 8 54 25 0 167 27 162 136 48 88 8 5 22 73 12 0 55 76 136 45 44 16 8 53 86 40 136 58 8 30 50 20 223 76 73 0 12 114 74 54 71 86 19 87 117 8 25 178 6 30 32 54 77 195 174 30 80 94 128 0 54 10 7 10 79 0 65 108 92 0 
39 172 158 94 102 53 128 24 66 74 36 111 48 218 91 222 120 95 37 161 69 87 96 30 92 98 0 30 9 65 66 194 244 86 86 146 113 127 54 153 63 76 111 51 76 0 124 0 24 90 63 12 109 0 74 45 50 75 239 98 36 83 14 110 79 64 169 112 74 27 90 107 170 0 30 96 60 107 13 7 57 81 138 86 24 105 32 52 38 95 40 36 140 30 18 101 136 105 57 27 47 105 14 149 129 188 142 195 70 193 49 55 83 54 94 72 119 93 79 69 53 120 150 72 100 70 126 107 97 27 90 56 116 89 48 121 138 107 28 108 255 86 126 134 242 63 24 60 150 195 0 42 150 133 131 60 18 136 54 45 230 18 152 24 5 172 81 126 152 141 77 56 102 121 81 0 185 138 36 0 12 181 210 28 154 114 92 35 165 0 122 24 244 127 40 98 74 11 113 213 159 56 96 40 153 0 42 59 41 134 7 81 99 84 9 170 0 175 117 92 106 90 84 137 33 56 8 149 145 108 56 133 4 148 57 61 14 72 36 137 127 45 131 208 90 109 20 18 116 30 62 104 88 42 0 0 
37 94 111 78 108 106 156 190 157 79 20 90 199 192 33 99 103 54 183 78 127 30 87 88 203 51 7 6 97 298 54 78 65 20 140 46 76 139 317 58 64 288 117 172 60 91 150 76 0 71 183 75 47 87 83 97 46 84 184 139 11 97 43 136 118 176 176 80 81 201 100 80 183 37 123 57 121 81 170 188 14 187 130 28 186 83 123 144 40 92 87 75 173 109 119 134 236 167 198 110 50 47 130 109 132 79 44 93 63 78 14 191 40 51 65 30 148 117 22 58 57 145 154 54 109 115 105 135 201 53 93 72 122 78 111 209 57 84 137 64 79 160 172 90 132 28 5 210 228 79 20 122 238 167 79 168 109 87 135 66 149 6 70 42 54 81 79 174 166 152 72 38 279 52 57 85 164 91 30 22 41 176 58 78 81 86 110 143 171 74 144 137 110 153 91 157 105 90 111 146 69 94 87 10 6 128 100 126 111 63 60 144 44 78 73 84 106 129 72 100 147 211 142 176 241 30 92 152 197 32 32 237 70 112 49 78 74 171 62 102 35 98 131 97 20 85 48 19 6 80 240 141 105 79 173 111 
82 54 114 46 64 70 59 128 135 100 8 40 36 102 69 131 41 5 98 146 14 166 0 15 152 44 60 96 124 120 72 123 48 111 51 52 88 155 106 179 0 123 24 88 39 150 132 151 22 88 138 86 35 71 14 107 20 12 133 167 30 25 36 38 73 164 126 70 167 184 153 122 40 145 134 9 89 52 57 48 20 114 20 206 19 100 59 17 109 103 39 64 99 48 68 212 108 34 157 16 0 226 40 119 69 153 28 51 0 36 38 38 120 41 150 89 63 122 132 64 231 49 139 153 66 155 46 123 162 156 216 49 0 63 96 172 44 21 40 57 104 95 114 85 77 104 135 205 72 76 78 125 180 77 81 106 27 77 133 36 46 20 67 29 152 107 93 10 146 100 52 40 124 32 9 48 72 58 50 84 39 133 18 86 25 62 101 87 108 14 90 83 181 115 38 30 139 141 78 181 0 200 54 55 143 81 20 27 36 12 140 69 99 47 110 112 53 121 184 271 51 132 63 70 80 120 210 135 83 36 179 236 66 98 13 101 108 69 117 263 81 82 111 125 54 21 40 54 182 93 141 23 64 158 45 87 
9 49 0 119 97 33 66 13 64 71 8 65 88 11 44 25 20 37 25 57 0 0 65 13 49 0 29 24 48 32 14 67 88 36 0 24 54 45 101 40 12 63 100 116 62 159 8 7 23 52 27 65 78 82 0 66 48 125 104 90 42 30 70 53 64 8 63 52 65 0 41 102 35 53 3 51 27 27 78 128 52 84 48 126 30 0 5 129 45 20 43 30 64 21 0 61 6 48 0 0 17 16 95 51 98 115 5 132 121 21 30 28 60 68 143 6 1 167 66 81 0 36 45 0 90 46 43 63 84 32 0 0 36 77 46 75 12 2 78 1 42 86 65 135 51 14 162 0 173 0 33 56 6 44 6 85 0 0 9 84 45 0 53 12 28 92 54 76 0 1 0 0 0 7 98 17 29 32 0 26 0 33 4 12 4 30 87 108 0 9 0 135 9 65 24 36 42 56 54 92 0 42 2 66 41 25 0 0 0 42 111 0 85 54 0 20 32 44 0 31 40 58 76 157 2 0 81 47 37 3 193 117 43 106 77 63 21 2 49 24 55 13 0 36 45 50 3 133 0 0 0 5 36 97 34 101 
234 104 42 0 50 82 50 110 104 75 0 48 0 123 66 70 16 55 97 26 94 79 36 18 36 10 60 32 191 30 12 99 77 75 12 132 133 23 67 61 155 25 41 25 0 69 38 22 78 51 45 145 14 44 26 54 0 12 22 31 14 24 35 140 66 130 156 174 126 24 67 18 0 113 134 63 30 45 32 132 0 4 171 153 48 20 0 49 174 56 78 54 53 80 42 18 39 58 0 56 0 27 48 94 120 72 0 37 66 6 84 126 0 50 37 36 64 25 0 48 145 57 37 76 9 74 24 4 62 90 106 77 82 12 84 100 0 36 40 0 71 136 30 18 16 14 0 173 91 14 42 85 59 88 105 31 81 6 53 60 86 69 25 110 8 104 12 0 42 107 0 42 93 0 79 48 45 34 63 45 33 133 30 85 30 47 165 48 36 6 10 75 87 133 6 0 67 6 14 102 16 30 36 60 57 93 0 41 78 20 18 43 126 14 0 0 62 141 122 100 85 32 19 104 70 86 141 106 43 30 63 26 14 123 12 68 38 50 108 57 74 36 50 35 106 18 63 12 58 48 53 28 48 100 56 19 
12 160 119 0 143 45 58 131 60 4 8 60 12 83 57 139 102 112 53 29 91 68 36 16 135 66 41 45 49 25 56 77 110 72 3 86 96 125 69 18 0 28 0 121 0 168 156 61 41 56 60 39 42 68 64 88 57 12 42 240 63 29 79 6 0 0 132 31 51 48 90 66 0 30 69 0 58 89 92 27 25 0 169 8 149 69 24 108 143 104 54 33 49 93 56 14 106 159 50 32 80 21 93 50 28 0 23 100 140 63 70 63 48 72 50 0 96 72 27 54 74 72 9 37 133 9 8 212 38 54 26 0 98 22 63 81 32 0 49 27 84 167 73 0 66 99 30 18 28 99 12 81 0 141 34 86 13 72 101 4 48 27 63 162 20 0 87 116 114 63 0 36 42 24 0 62 0 28 0 56 12 114 236 163 83 9 44 103 100 0 138 173 63 0 12 39 72 72 8 125 21 16 36 40 0 0 67 38 10 20 27 73 101 123 16 131 75 10 206 72 33 41 30 131 130 80 0 41 80 15 104 7 7 0 135 87 83 131 17 88 66 0 103 145 158 0 132 61 9 72 192 132 16 140 92 29 
48 55 33 45 73 94 151 97 178 54 65 35 43 62 9 64 72 30 50 0 141 53 71 42 42 72 43 24 71 90 63 28 0 58 30 62 65 66 34 9 40 88 21 43 0 52 9 125 64 101 62 58 8 14 39 95 80 176 145 5 60 94 96 10 172 64 151 207 78 5 67 12 127 65 90 0 109 0 33 118 0 63 49 75 95 20 118 45 123 49 35 66 155 88 35 53 96 259 72 183 0 61 80 3 43 0 84 52 104 101 28 30 23 22 77 62 30 0 45 50 88 45 78 97 103 120 21 78 119 70 51 97 141 101 8 64 74 19 73 18 42 42 103 99 24 14 26 81 64 99 220 85 71 114 50 30 99 7 0 48 70 35 94 112 0 15 50 70 15 14 28 46 54 154 158 35 35 6 0 0 27 53 50 54 7 16 74 47 118 79 29 139 138 59 57 28 105 9 93 60 1 75 17 15 23 32 135 0 127 109 138 0 159 59 122 0 121 34 100 75 28 109 115 104 100 77 116 89 95 25 138 129 36 32 16 45 42 66 60 214 52 41 77 152 64 5 21 7 13 45 80 119 86 82 16 0 
63 32 110 17 48 36 149 2 21 33 8 8 48 120 35 0 12 0 35 61 0 8 23 89 64 53 35 0 57 0 78 19 313 140 33 173 98 91 50 35 127 118 2 65 16 53 139 171 34 40 12 169 12 64 50 70 69 69 131 35 179 140 0 100 45 20 81 132 95 16 56 56 142 126 59 133 81 126 93 150 53 75 79 37 3 98 98 100 38 127 56 14 88 9 40 198 67 66 43 24 23 68 59 0 77 71 96 126 90 156 31 23 84 5 117 43 104 94 52 28 81 99 67 140 48 42 58 148 97 28 97 54 82 70 0 45 35 18 27 89 96 37 247 3 112 0 8 128 53 83 67 104 61 150 65 48 16 106 32 8 94 5 72 60 71 9 87 14 103 6 135 41 48 30 95 55 146 49 0 104 12 98 36 78 103 72 87 63 35 156 124 10 103 146 84 59 12 74 90 73 47 0 117 0 28 63 115 48 32 28 99 89 68 0 150 203 27 79 42 84 21 77 155 35 24 14 19 124 42 10 132 132 52 56 76 108 41 0 73 77 28 14 157 18 32 7 0 90 59 28 89 98 39 112 72 45 
73 0 92 35 16 52 68 105 37 179 7 31 8 51 54 0 71 38 64 83 0 0 98 6 0 118 81 4 126 176 20 116 72 30 20 117 26 52 193 82 48 54 67 39 38 103 105 40 131 60 133 24 67 24 70 49 0 2 112 97 12 8 35 64 28 191 40 52 155 0 37 42 35 14 20 104 0 84 176 62 57 84 100 82 42 78 74 5 58 75 27 48 12 103 99 117 105 123 35 18 0 102 119 102 8 61 38 124 108 59 29 93 111 0 56 0 70 60 3 45 96 0 40 56 40 24 162 38 6 86 30 69 135 28 153 133 5 59 25 7 19 82 72 110 168 7 56 95 8 86 30 64 300 48 0 70 36 55 72 40 121 42 172 100 70 109 77 108 196 109 27 28 121 42 74 14 48 27 0 140 75 90 25 27 0 0 48 132 72 117 68 96 72 48 71 15 71 52 73 70 0 72 89 35 79 72 17 42 58 18 30 14 99 35 0 167 202 72 143 106 66 51 9 203 36 105 98 135 85 40 42 52 65 186 0 63 27 24 78 52 35 39 81 38 145 25 152 15 74 71 28 48 66 124 76 72 
148 91 3 53 73 54 185 66 8 64 16 36 31 10 45 33 73 11 45 81 183 30 7 24 16 52 108 9 77 83 64 100 160 75 18 32 78 164 41 30 36 8 66 120 16 153 18 31 123 96 45 14 0 32 24 90 53 10 10 186 16 46 69 90 24 223 154 29 116 4 114 152 4 180 156 25 40 47 126 54 30 0 142 204 46 67 41 108 64 114 38 88 116 14 105 217 156 86 106 71 0 7 71 80 39 28 109 140 40 32 35 8 132 50 155 0 87 72 32 0 0 88 8 17 80 48 66 33 86 47 34 103 36 95 22 72 8 0 0 0 103 2 116 131 36 40 15 18 82 34 46 116 103 148 100 30 24 59 53 25 81 0 131 112 0 48 85 53 102 24 120 16 30 72 16 0 63 30 78 150 75 33 72 35 17 52 88 49 0 56 180 235 45 79 136 35 0 56 29 86 12 83 28 74 102 65 8 61 158 36 86 30 23 6 51 46 151 24 32 0 18 63 123 131 2 8 32 152 181 7 96 133 109 40 20 77 21 8 129 118 78 0 42 59 115 37 4 0 6 94 43 60 50 227 8 10 
7 97 170 67 42 196 48 76 180 103 133 125 0 257 38 139 157 40 120 80 85 38 56 116 107 29 0 12 68 39 90 101 86 6 148 24 68 211 218 63 39 120 27 236 4 186 68 46 50 150 66 104 58 25 12 80 40 108 101 89 42 89 118 111 123 173 64 111 197 151 240 66 139 131 111 25 64 52 38 83 78 54 62 113 46 111 40 150 56 34 108 9 160 80 39 94 0 27 232 77 128 39 0 142 169 39 44 93 139 95 97 275 45 7 135 117 74 61 60 68 202 63 292 105 130 111 154 40 42 108 83 89 34 76 21 66 16 222 213 68 131 63 138 170 107 93 18 6 271 36 121 160 61 23 33 52 117 1 117 34 107 18 0 125 111 169 85 208 221 64 54 45 92 112 35 122 131 48 6 186 85 117 48 105 14 28 25 85 96 32 95 145 173 36 66 0 86 130 111 65 201 163 78 9 126 45 62 127 178 84 73 210 11 155 99 51 50 104 110 97 126 184 123 168 98 69 50 167 175 21 174 39 49 46 36 192 21 25 101 106 54 65 122 123 92 84 0 79 36 81 76 152 52 136 34 161 
73 77 6 50 0 54 123 105 74 5 42 79 44 102 77 139 44 81 51 83 30 77 16 0 106 40 41 9 39 76 12 86 84 73 20 58 24 151 141 58 36 94 33 27 28 121 42 55 0 73 66 63 15 88 22 0 36 98 0 15 78 87 100 86 53 42 0 64 84 117 46 5 12 103 63 101 0 100 70 64 0 99 9 48 0 128 0 72 79 38 79 36 40 35 26 62 69 18 29 127 14 0 63 0 132 14 62 24 107 87 45 162 10 37 128 81 51 44 46 74 90 18 39 73 123 8 127 0 49 50 67 75 18 134 131 19 24 25 193 6 73 4 63 41 12 0 73 3 35 24 0 36 35 180 45 24 40 53 32 50 52 35 0 18 39 45 84 126 96 136 56 24 148 96 24 30 82 18 18 23 55 77 61 44 45 0 88 128 82 0 90 56 160 26 46 159 34 67 79 179 138 20 38 49 49 11 48 56 35 54 5 172 83 27 49 50 124 78 26 87 115 91 136 94 37 5 84 70 123 23 97 65 84 14 27 90 60 58 66 37 44 47 12 101 10 42 5 42 102 28 60 1 18 21 0 28 
227 18 45 72 0 4 5 90 20 12 40 9 0 0 0 48 15 78 0 88 0 0 32 20 37 6 66 8 72 0 0 70 42 50 0 40 0 0 17 0 0 0 17 63 10 40 8 101 0 2 99 20 0 24 19 0 79 2 25 13 14 21 5 30 0 83 63 45 96 0 125 0 10 88 0 99 0 56 16 54 94 0 88 73 14 0 0 79 0 0 43 60 80 56 80 3 0 18 14 155 4 0 18 76 0 0 0 4 92 40 0 5 0 42 35 0 0 12 2 60 9 9 34 16 9 45 71 0 28 11 43 24 24 40 46 72 160 54 57 0 70 49 139 30 52 24 0 0 45 20 3 76 12 0 118 30 0 5 24 8 22 0 13 65 30 55 2 72 109 0 0 0 70 36 2 42 45 76 0 24 21 30 6 39 78 21 56 0 12 0 40 11 72 35 93 64 48 23 25 142 60 14 80 0 7 75 58 54 0 40 64 85 28 4 45 4 12 61 10 0 0 25 75 75 23 0 54 24 25 32 32 40 42 12 12 0 12 0 37 45 12 40 93 20 40 5 84 20 0 0 90 8 25 55 16 5 
45 0 59 37 74 0 101 68 42 149 100 6 136 113 20 159 141 36 141 66 26 12 32 38 84 27 0 12 126 10 4 147 132 95 80 96 48 91 64 15 66 184 29 27 20 13 116 48 144 118 35 8 6 54 19 23 0 10 24 43 1 165 71 182 15 70 144 110 45 0 17 99 52 32 53 135 10 121 18 87 6 36 86 97 46 193 73 47 116 214 88 1 125 131 81 134 9 64 147 24 2 42 89 78 74 12 40 81 186 67 88 128 163 198 43 24 51 25 66 42 61 81 140 135 141 78 76 101 64 5 115 18 223 112 117 50 77 2 127 83 95 41 8 40 22 34 6 91 188 73 38 42 156 104 58 0 22 100 1 28 14 1 108 127 6 0 53 55 63 148 127 62 74 151 76 53 97 34 30 72 0 74 13 82 10 62 91 135 37 165 63 45 148 116 64 113 77 37 211 40 82 0 44 36 44 187 30 27 71 1 68 64 113 24 70 198 33 96 68 166 51 74 29 91 64 24 3 152 173 25 56 58 7 105 109 103 107 50 43 0 170 118 50 64 5 15 0 10 9 9 48 172 2 243 153 76 
60 114 42 108 86 64 112 30 48 14 8 40 6 67 20 30 83 36 138 36 0 0 0 72 2 40 0 0 72 31 72 66 67 84 51 45 120 10 159 64 0 14 32 112 0 48 3 75 116 60 108 0 102 86 0 24 48 33 40 72 96 6 48 104 22 14 112 93 51 12 62 0 50 112 0 24 0 0 54 71 45 139 37 0 68 0 0 78 18 28 18 0 64 35 30 75 0 14 54 6 0 8 0 7 77 0 35 40 66 0 129 18 72 41 248 0 42 0 32 69 5 18 72 6 39 40 52 139 12 46 0 83 33 42 0 64 32 36 0 81 72 86 76 3 41 56 0 0 64 18 9 8 64 70 18 18 72 14 48 70 48 0 0 32 17 90 167 0 28 54 28 77 54 24 0 46 103 0 0 24 0 47 14 0 70 0 118 95 64 135 48 75 0 1 1 114 149 24 59 38 97 0 24 0 72 36 12 0 77 34 24 48 151 30 73 24 45 103 0 18 68 0 48 48 87 0 42 64 96 0 103 77 0 0 48 62 36 168 48 6 8 42 37 145 46 0 36 0 49 3 92 36 0 70 4 72 
54 0 46 10 35 24 2 72 74 45 117 30 24 76 9 13 71 18 22 67 5 37 98 24 3 8 10 15 0 42 54 24 83 63 8 129 18 68 35 99 0 3 62 76 28 21 51 61 120 24 9 116 0 16 45 40 108 5 10 0 130 10 0 18 78 135 98 8 0 0 123 21 89 100 5 42 81 36 0 99 45 114 62 54 18 27 0 49 9 18 16 0 7 35 5 117 52 87 36 18 2 10 0 109 36 33 0 129 12 0 0 68 81 35 82 5 42 30 59 113 0 36 20 99 10 69 79 0 4 36 0 81 54 39 0 0 0 0 0 81 36 54 125 0 126 0 0 56 0 75 72 0 24 0 66 6 1 152 55 79 7 2 36 55 0 12 9 0 99 0 0 0 8 28 140 75 72 0 8 26 18 123 19 0 28 34 129 123 0 0 38 29 2 125 7 0 75 20 18 45 0 12 61 3 0 129 91 0 0 5 10 0 40 0 48 86 51 49 0 27 0 19 27 14 48 6 0 101 36 12 96 104 24 0 27 92 6 72 57 70 76 0 0 21 36 40 73 0 41 0 9 23 23 123 28 99 
70 47 8 60 92 24 34 92 46 2 85 40 56 85 62 71 68 52 0 82 184 14 72 72 53 133 61 78 26 97 24 24 82 18 14 40 0 48 269 112 56 76 20 60 48 108 115 177 14 0 68 120 56 37 104 84 0 8 82 14 37 169 24 0 0 79 79 73 95 15 69 18 104 44 79 96 47 77 61 30 67 32 74 0 6 112 14 232 70 100 70 40 56 18 22 0 34 56 0 43 37 48 0 63 95 16 62 36 38 104 45 16 12 24 243 0 64 0 64 66 114 0 48 112 84 112 0 68 62 75 28 68 27 21 45 174 32 0 84 262 183 97 133 18 148 0 0 152 83 29 0 5 0 190 31 38 12 30 20 16 63 88 87 0 5 104 54 72 102 54 40 48 46 27 63 28 3 133 24 83 0 29 12 71 6 83 21 0 50 0 35 32 31 64 35 47 62 62 2 70 32 0 86 56 80 48 34 43 158 20 116 65 32 61 81 151 32 99 80 54 126 56 149 30 5 12 152 131 108 21 70 67 23 63 76 24 83 15 0 183 82 49 116 88 79 100 61 85 106 55 60 72 0 74 0 70 
24 107 160 0 5 44 8 35 70 62 99 61 12 107 56 0 86 72 88 82 49 51 60 43 0 25 72 7 63 30 78 20 156 63 86 73 63 209 36 28 138 36 76 24 0 51 77 125 77 73 76 194 42 145 43 129 57 40 77 11 49 136 0 39 93 62 76 0 72 197 40 32 146 101 153 63 66 68 0 16 36 43 45 12 46 124 0 108 104 72 0 0 96 0 103 101 23 109 33 23 25 8 77 37 106 86 56 72 34 55 0 31 81 30 55 0 63 75 36 113 91 54 150 0 40 16 56 119 56 33 205 4 28 27 21 30 35 81 9 105 133 61 141 16 68 27 76 113 193 12 0 0 0 40 85 0 46 71 27 57 86 8 41 37 75 37 110 16 62 3 42 22 106 28 96 34 102 0 77 32 0 68 71 84 4 0 2 25 0 78 36 35 0 80 35 0 54 83 36 28 120 56 166 60 49 20 55 8 56 14 98 68 42 0 50 150 56 15 122 24 0 58 35 56 36 30 194 57 75 0 132 101 62 40 39 26 0 66 99 73 53 55 0 42 0 40 39 14 8 9 0 10 62 90 4 100 
0 93 72 0 104 109 115 66 74 98 136 80 69 99 16 52 33 57 12 18 99 81 0 21 0 5 15 56 136 32 0 63 23 6 74 9 58 30 45 99 64 94 15 79 36 21 39 14 10 6 37 9 72 0 21 89 6 6 14 52 33 9 50 0 45 109 66 105 83 25 52 12 121 93 167 0 6 90 8 145 0 17 27 0 4 36 13 3 73 169 60 37 35 12 83 63 162 54 0 88 15 77 111 72 6 2 31 12 79 50 0 24 10 182 67 60 8 140 24 4 36 24 0 14 10 103 109 136 94 90 129 86 30 8 0 148 64 40 90 54 28 156 2 67 210 0 4 0 52 73 32 63 48 109 0 63 61 13 76 36 61 25 45 66 30 126 73 0 161 84 73 145 79 8 16 7 36 40 45 12 14 29 150 61 0 12 92 0 31 35 60 67 15 91 5 1 28 6 0 92 20 18 26 47 120 0 78 95 68 63 69 58 8 18 48 74 52 12 140 0 54 24 87 89 70 0 64 19 107 37 121 0 40 64 50 3 0 64 2 78 80 0 169 48 15 60 18 0 146 52 190 21 8 36 60 14 
10 104 74 130 79 18 14 135 90 148 167 101 0 178 6 184 75 64 0 24 46 63 0 90 174 42 100 69 10 35 92 90 125 18 0 80 109 72 177 32 0 63 47 0 0 105 68 227 106 50 32 117 62 4 36 155 0 110 136 59 111 150 53 82 54 127 27 142 139 9 136 57 46 183 41 21 17 171 52 53 2 140 45 14 26 245 78 0 22 101 52 40 56 130 74 33 91 104 27 114 12 62 0 139 208 142 67 16 126 136 60 120 93 43 43 131 40 167 41 42 210 36 117 45 98 104 12 91 98 8 104 6 120 73 36 88 10 5 156 29 8 12 119 24 50 18 12 224 101 68 106 0 7 141 8 16 43 56 68 104 18 0 48 89 36 56 90 111 66 85 54 25 20 0 97 45 97 69 8 40 0 66 55 36 0 48 81 75 123 84 38 140 4 114 18 26 134 60 50 133 45 47 52 12 74 12 38 0 25 102 28 72 197 22 134 123 140 108 76 190 48 115 74 176 128 0 7 135 97 66 109 47 87 98 109 38 42 18 80 229 87 78 69 102 48 0 6 42 85 62 81 0 37 111 0 76 
43 80 6 21 66 36 9 97 96 87 205 7 113 164 36 227 56 63 38 10 6 0 15 46 84 8 4 103 86 97 16 82 59 0 54 94 72 78 36 110 68 48 28 5 43 2 89 134 162 130 182 42 87 39 107 95 69 87 25 102 66 52 73 10 0 77 9 150 87 137 82 41 13 111 4 46 6 163 83 6 134 4 70 31 28 107 125 6 33 115 50 64 39 60 79 0 131 44 110 42 30 72 42 90 14 88 27 12 26 14 42 94 108 84 38 72 155 39 72 39 64 34 14 36 64 36 28 20 51 6 116 0 48 0 47 52 110 70 77 8 62 80 73 17 19 137 0 117 94 16 22 16 146 19 0 104 52 2 92 10 69 109 6 32 18 47 83 15 152 156 14 64 56 131 21 13 34 72 18 56 4 18 8 69 99 21 70 40 97 52 48 10 0 26 34 36 83 148 140 127 24 26 92 1 15 95 0 13 16 25 30 69 52 136 0 52 96 73 57 72 64 3 150 51 18 6 46 80 46 84 97 33 112 69 24 6 38 50 0 78 15 63 39 44 94 3 124 66 33 29 66 41 96 130 52 0 
25 8 147 35 145 36 36 30 84 78 60 108 66 170 25 152 6 46 72 68 136 48 38 57 162 42 16 93 34 119 99 90 130 24 96 48 15 20 85 42 93 127 0 3 20 32 124 39 60 99 126 6 99 3 2 72 26 0 11 72 38 124 47 49 91 87 92 24 15 72 69 88 58 17 169 48 60 165 63 108 0 80 90 53 3 139 8 100 39 233 92 91 37 45 169 63 93 72 53 48 61 32 57 33 72 71 0 18 64 34 86 84 29 54 79 55 128 138 67 0 112 69 0 118 156 51 31 109 119 27 2 60 19 6 66 261 3 39 143 117 57 44 102 14 102 93 102 67 48 93 18 0 200 24 9 18 60 101 156 76 65 27 80 0 20 168 0 0 18 132 36 84 236 0 0 51 0 0 9 72 36 0 60 144 57 45 116 0 127 99 156 0 0 127 0 54 55 83 51 99 46 32 12 30 90 45 57 9 111 63 63 57 0 180 61 92 130 162 236 152 18 27 30 170 144 160 61 92 54 0 28 33 73 40 0 99 96 117 27 12 141 79 43 76 72 0 135 107 12 116 125 134 33 36 97 50 
247 36 22 69 35 78 5 9 92 55 16 84 34 40 22 94 71 15 189 86 63 7 115 1 96 0 121 9 40 76 48 109 48 97 14 0 122 88 168 62 91 101 0 45 44 149 89 107 67 63 35 36 99 66 0 132 48 60 108 97 106 161 58 75 113 143 30 72 107 18 227 30 168 76 100 67 18 28 83 0 7 84 38 47 20 48 0 97 71 98 92 82 18 98 98 120 54 104 128 43 16 71 134 143 121 63 70 39 98 28 116 86 24 134 162 7 89 49 25 75 63 47 109 59 107 42 69 89 99 125 140 21 71 114 129 202 28 0 51 40 35 83 177 92 107 20 29 144 150 55 72 102 76 114 49 36 82 25 45 121 130 0 27 130 30 70 63 82 110 107 45 67 138 28 112 28 0 45 28 14 93 88 105 82 157 84 76 139 87 108 35 129 45 39 18 107 159 21 41 74 32 9 128 65 120 30 63 0 91 23 68 139 160 30 90 14 181 94 48 49 79 111 51 62 45 0 83 93 82 49 191 239 45 90 24 43 32 71 98 145 143 58 158 108 72 13 20 105 49 66 119 29 97 63 37 45 
70 20 12 0 106 0 28 0 39 59 8 40 30 50 51 27 54 15 28 33 97 28 113 26 0 11 0 12 44 93 0 81 24 80 0 0 0 24 63 3 9 12 24 0 42 107 130 56 0 121 126 26 35 24 32 143 16 0 68 63 12 72 4 36 8 99 87 0 30 62 53 28 65 76 72 80 35 0 0 0 52 20 89 115 15 52 6 102 100 113 48 139 76 0 47 71 17 6 20 15 18 35 54 83 61 34 154 9 12 33 86 49 134 0 34 12 56 35 8 30 35 80 73 0 24 78 91 0 0 57 31 0 0 62 0 105 91 12 80 0 148 0 0 44 5 119 104 44 28 5 62 14 51 54 80 0 9 67 35 114 0 0 77 24 0 48 16 24 0 3 9 42 79 28 14 36 77 0 35 0 28 24 46 37 30 71 0 25 0 0 0 41 28 28 0 36 54 54 40 112 50 30 8 0 55 66 43 56 0 92 116 43 9 0 85 0 53 73 12 75 0 121 43 111 8 0 10 65 39 18 0 111 60 14 32 21 8 0 123 21 54 66 63 80 0 20 20 0 0 0 0 70 7 12 62 14 
20 46 156 4 63 112 27 69 91 96 63 0 56 129 73 55 55 0 63 52 73 26 136 52 55 69 84 49 104 93 30 147 87 36 106 124 36 97 69 69 32 110 64 56 0 159 56 27 22 114 20 42 86 0 128 96 41 73 155 119 0 59 55 51 39 76 0 176 177 74 88 0 117 78 24 15 32 42 90 59 48 77 30 72 88 44 65 42 141 84 60 60 132 9 80 72 47 84 42 71 66 98 18 42 251 102 113 26 73 96 89 113 59 72 96 129 89 69 0 0 148 0 148 23 39 66 107 42 136 88 76 16 68 44 52 98 80 42 89 77 60 8 39 124 95 93 105 32 18 88 91 100 48 77 2 56 28 31 38 74 25 21 75 60 121 131 68 119 159 27 33 16 18 36 37 77 71 43 23 37 3 22 80 76 7 8 30 33 140 32 18 234 1 78 29 38 79 100 132 100 51 149 24 12 90 65 48 60 88 131 153 104 30 60 108 61 50 93 68 27 0 130 116 120 116 21 82 36 18 31 78 84 102 66 26 51 35 21 60 150 6 50 153 73 122 8 0 44 18 85 27 179 16 102 12 100 
0 48 0 0 24 72 66 51 57 75 0 30 0 0 15 108 25 0 34 150 30 35 30 42 18 10 0 36 0 36 31 6 15 71 35 56 36 21 30 0 91 42 0 0 151 79 72 6 0 27 99 25 0 192 0 24 14 14 58 111 36 28 105 83 0 78 135 30 96 72 63 102 68 36 0 63 0 0 54 15 0 0 74 70 150 50 35 0 27 31 61 35 75 74 21 63 137 0 56 0 0 0 0 25 67 31 28 133 49 92 33 8 63 54 140 15 10 0 0 77 0 143 16 14 81 0 111 155 24 53 21 0 121 48 20 121 18 35 18 8 57 104 6 82 56 81 15 30 0 75 18 80 0 93 63 74 5 0 66 36 18 0 0 97 0 42 109 0 81 24 20 40 14 41 0 19 185 30 0 0 90 117 103 18 60 0 45 18 29 28 18 123 56 63 49 45 15 15 47 151 28 27 0 60 64 9 28 110 0 101 32 18 27 20 0 39 10 0 9 0 20 50 8 111 0 0 5 51 36 6 49 0 44 81 133 15 26 94 85 27 32 0 8 65 80 10 25 0 45 20 42 0 24 147 36 19 
167 72 12 34 50 70 81 117 27 7 40 21 10 148 19 111 114 58 0 61 135 18 73 131 18 142 96 24 114 15 28 145 158 56 18 18 73 100 67 51 44 21 33 82 15 57 37 18 60 123 102 72 20 41 154 15 18 20 35 40 46 274 49 37 7 205 180 145 133 0 195 90 59 100 49 49 0 90 27 32 36 31 92 127 114 76 11 93 20 24 64 29 42 48 145 182 14 107 188 49 18 12 62 96 67 62 54 171 51 37 12 14 36 104 0 63 101 80 55 12 0 82 26 44 58 86 48 20 0 49 151 26 5 124 0 33 56 32 73 56 82 65 45 88 23 38 82 85 107 63 84 100 123 65 199 40 120 85 56 94 101 28 37 95 76 21 33 137 74 70 153 0 128 95 128 77 115 9 16 109 24 96 3 36 44 57 98 57 48 45 184 104 24 115 47 46 88 53 0 162 49 31 80 39 41 139 66 71 62 0 65 109 14 129 24 50 141 70 48 96 56 24 0 76 120 63 73 99 155 42 82 106 0 6 27 40 44 8 80 97 160 145 12 96 56 42 52 48 2 88 18 27 111 133 139 0 
50 95 142 18 49 8 0 53 30 47 142 9 89 143 40 135 73 24 9 0 50 89 56 52 8 56 42 18 48 93 121 81 71 35 25 64 104 86 138 171 16 90 48 74 59 119 130 0 111 31 10 96 88 91 14 30 0 138 104 20 41 51 7 42 34 81 65 40 69 35 119 20 52 54 71 2 39 111 77 60 10 0 0 87 24 52 0 83 79 101 30 24 139 15 5 16 196 14 26 0 4 40 0 8 30 49 28 98 67 0 0 128 65 150 72 139 20 65 49 7 0 30 137 0 6 123 105 164 88 27 10 0 42 78 132 91 42 96 8 21 51 15 69 18 142 60 92 30 96 14 60 0 42 26 28 117 0 89 73 16 109 57 49 45 88 138 165 8 5 23 0 0 179 164 8 30 20 0 12 78 36 0 57 73 45 38 66 52 0 20 75 43 49 55 30 45 43 42 62 245 38 27 96 8 109 14 54 0 89 33 168 27 99 18 65 42 86 0 83 144 109 41 60 122 40 56 84 101 80 54 76 112 80 46 0 81 92 91 0 92 134 45 30 174 30 99 43 21 78 52 93 13 52 9 68 12 
109 47 67 48 93 80 86 143 0 33 9 38 32 0 17 40 44 35 32 7 21 80 90 76 12 26 6 40 124 109 35 102 61 16 0 89 25 40 126 102 71 90 91 100 21 118 60 110 72 83 0 32 54 27 63 148 0 0 40 31 12 54 27 74 25 130 54 100 118 0 78 103 39 54 48 7 16 99 69 69 84 74 30 5 90 98 9 123 46 4 124 16 0 3 63 81 137 6 96 102 51 9 57 33 84 152 23 74 73 50 18 128 144 90 97 42 66 162 135 32 66 27 35 63 43 125 22 212 126 52 61 34 18 50 12 160 56 30 82 80 58 159 185 0 106 25 66 127 0 7 32 17 253 160 56 6 93 66 197 38 103 0 136 24 28 12 31 96 126 107 182 208 57 68 5 36 18 100 0 134 84 36 119 56 48 0 137 190 22 136 72 0 45 36 49 115 102 60 86 159 72 53 54 5 104 21 65 60 35 60 15 85 14 63 14 90 44 83 127 55 15 64 73 82 110 10 91 106 193 26 77 182 30 195 14 67 0 182 90 23 155 25 76 24 34 17 29 34 0 32 184 74 51 48 0 116 
0 49 104 64 71 45 87 10 26 12 24 0 42 42 0 36 80 59 99 82 98 12 15 8 72 26 0 0 64 228 143 42 93 85 110 58 77 163 156 55 57 68 24 62 32 0 100 37 32 101 72 79 5 161 0 26 2 90 84 74 0 16 0 38 12 86 28 42 0 100 86 26 80 0 135 7 72 64 100 20 72 88 0 2 32 66 10 30 0 72 38 4 96 56 64 66 96 99 78 9 14 72 105 144 22 79 7 10 47 16 0 40 109 68 14 0 92 86 48 60 74 0 56 8 76 28 128 131 72 10 40 42 8 56 22 74 0 32 8 0 80 84 174 90 130 36 35 139 44 5 28 40 168 45 100 112 69 26 16 54 106 42 0 50 34 8 18 97 162 64 6 51 56 101 9 16 48 102 24 78 24 104 77 28 22 12 73 75 0 50 104 0 20 54 114 72 0 63 57 16 68 88 27 65 48 10 0 20 0 12 54 62 26 20 34 32 8 24 85 56 48 46 0 42 27 18 48 125 59 0 88 148 66 132 12 81 71 98 0 135 106 9 54 44 0 0 12 17 38 48 53 12 104 128 84 54 
101 132 56 56 100 20 164 95 90 68 12 37 0 155 30 73 51 32 0 34 108 40 8 0 0 3 12 31 0 48 81 127 15 167 96 77 36 85 62 63 116 53 27 24 0 93 98 147 54 16 127 38 10 8 63 0 14 101 93 193 32 133 43 182 57 137 149 152 101 12 112 69 54 60 49 67 0 69 5 122 88 45 73 87 35 34 83 36 84 45 113 95 191 31 93 66 9 0 30 0 63 95 29 8 46 108 46 69 109 21 35 30 62 20 28 60 49 105 64 97 60 98 135 135 121 143 85 42 83 45 87 10 119 72 24 0 3 52 51 66 74 22 5 123 59 20 12 95 36 21 24 95 83 58 81 28 47 40 69 51 36 28 53 66 111 133 74 76 63 49 19 63 151 35 50 51 107 96 6 16 51 63 66 45 63 17 47 30 40 86 32 94 0 226 12 112 110 51 97 149 104 40 102 44 85 63 31 1 84 101 45 37 6 34 111 62 0 84 20 82 9 72 38 144 174 4 54 84 134 63 90 177 0 129 4 43 30 48 152 135 54 10 50 117 136 15 35 75 72 26 126 20 0 159 66 33 
21 14 110 4 92 0 17 0 0 58 70 0 25 32 35 16 0 0 5 63 14 7 64 36 0 33 0 29 76 40 16 45 37 19 0 70 43 17 56 93 27 8 21 89 35 49 4 31 0 153 50 79 98 7 49 63 0 30 103 38 55 22 0 0 0 54 6 0 40 117 52 0 168 132 0 8 63 0 54 0 0 30 0 0 0 42 61 12 35 73 35 40 20 0 14 48 41 14 66 40 0 18 0 0 26 26 21 104 46 45 16 4 116 47 63 96 68 9 32 0 63 46 83 0 94 0 58 2 36 0 62 77 0 82 20 35 89 202 56 94 57 0 13 0 182 0 0 28 86 14 20 0 40 9 0 0 0 0 4 0 70 14 18 83 15 46 40 0 45 46 0 3 72 131 0 0 21 32 0 50 8 5 4 75 4 0 0 35 15 16 0 0 49 20 30 8 28 57 99 168 68 0 57 0 35 0 35 20 24 14 45 38 18 147 0 7 19 30 28 49 0 0 41 101 0 138 54 12 0 107 5 88 35 25 37 130 0 16 13 0 45 54 4 26 16 0 0 0 28 32 109 22 41 82 63 43 
68 100 64 34 0 8 122 100 1 48 78 12 3 126 42 166 77 105 43 61 48 18 14 102 48 130 36 87 48 49 62 10 77 77 42 83 29 169 32 0 57 68 17 84 52 109 48 91 56 151 5 64 7 126 60 64 0 10 64 90 58 167 28 70 16 34 42 47 160 32 100 73 0 70 128 79 79 84 63 0 49 12 8 56 52 146 13 81 65 68 47 92 92 25 74 80 62 86 166 57 6 87 111 27 67 0 111 90 76 0 67 26 12 10 111 30 17 40 0 81 14 12 18 28 85 0 54 0 6 61 114 31 41 54 49 0 14 16 35 7 92 27 75 45 5 0 9 16 71 9 45 121 44 6 69 22 39 9 47 21 50 51 10 35 119 18 71 137 59 43 54 9 41 8 73 73 32 0 0 48 6 9 94 90 46 63 142 86 0 84 34 118 60 34 30 8 0 109 56 56 49 0 60 20 10 66 29 83 1 7 77 107 132 12 18 45 102 132 70 86 27 93 14 152 7 18 40 150 99 24 37 162 73 45 4 95 75 5 48 5 105 35 49 83 109 68 9 0 36 0 71 37 42 62 96 81 
36 105 144 1 171 36 39 50 40 126 51 142 121 85 115 57 28 116 0 108 103 12 0 71 0 42 59 56 8 257 0 172 52 0 61 47 92 117 191 174 0 24 121 62 112 127 181 131 44 118 105 177 43 155 56 96 12 35 87 80 145 124 79 128 104 40 46 111 51 160 38 124 80 60 108 83 64 70 15 0 28 106 55 48 23 137 67 97 34 81 103 20 70 40 29 35 230 77 34 72 43 42 0 65 18 198 44 24 21 36 84 88 66 88 217 70 31 152 27 81 84 15 0 0 286 42 138 18 54 27 97 54 18 8 40 79 24 109 149 115 68 8 131 139 22 37 41 90 75 136 18 42 98 43 126 12 72 9 72 28 89 59 57 60 69 42 72 38 0 79 23 12 216 201 59 93 79 1 3 14 56 43 72 51 73 24 115 31 9 64 109 128 59 14 88 32 95 235 26 73 4 81 66 3 2 8 108 40 87 157 69 99 77 10 17 59 61 166 39 0 48 98 165 210 0 6 238 128 149 0 206 98 175 128 119 0 70 31 80 69 36 9 113 133 83 6 6 134 10 64 0 90 55 81 124 182 
89 0 81 0 18 0 45 4 24 31 0 18 0 0 32 91 70 32 35 6 0 82 0 42 29 6 0 39 61 48 0 12 84 50 40 34 40 97 133 125 66 27 74 96 63 25 34 56 6 27 9 71 7 48 9 56 33 72 49 0 24 60 48 28 60 36 9 0 236 0 63 104 105 0 69 9 2 0 24 0 0 36 108 12 7 56 40 33 104 0 14 33 24 0 103 102 44 12 62 0 9 40 25 16 2 139 44 43 0 52 0 56 31 36 63 56 6 3 0 20 14 0 15 92 85 112 12 48 81 24 57 6 25 0 48 80 27 5 57 64 72 99 201 10 63 0 51 15 18 37 51 7 46 0 45 52 0 98 80 3 24 30 150 9 60 34 0 0 5 63 86 16 32 100 49 0 15 72 50 72 24 75 9 0 81 0 84 49 16 0 0 0 98 12 7 4 28 33 5 136 4 72 0 0 92 0 65 8 84 96 56 81 48 0 10 0 8 69 50 0 32 5 32 66 24 16 106 12 56 83 87 49 24 29 51 18 64 50 14 102 29 31 10 104 24 0 0 0 46 6 103 39 120 24 48 9 
21 161 120 0 26 108 126 24 0 0 52 94 32 36 132 0 6 0 0 100 72 126 64 3 0 26 54 26 6 170 48 90 87 48 90 132 95 72 152 196 65 18 39 40 29 100 69 34 0 99 51 3 95 134 0 44 67 90 42 28 45 93 36 86 91 0 190 58 32 36 12 72 70 78 118 48 118 38 60 48 10 84 54 16 40 157 1 46 122 144 28 0 72 0 40 132 68 8 0 8 0 0 160 0 8 79 85 80 106 84 14 54 35 34 209 18 46 40 42 18 56 0 36 12 105 64 204 114 28 0 0 74 36 46 94 74 56 118 50 72 24 48 71 18 296 17 81 12 164 54 20 36 76 66 44 0 132 147 64 45 185 84 64 34 0 25 197 42 52 72 104 40 136 68 9 114 24 0 66 16 52 96 76 72 0 25 74 167 0 16 78 48 215 25 88 60 0 92 106 198 85 5 170 110 84 30 25 40 48 8 70 40 0 18 8 98 72 62 94 110 53 48 96 90 128 66 49 85 240 72 48 156 1 40 0 120 96 131 0 41 130 10 0 109 44 30 0 117 88 26 98 9 6 32 53 16 
